WARNING - 2024-12-19 05:42:47 --> [DEPRECATED] Creation of dynamic property App\Controllers\HomeController::$citiesModel is deprecated in APPPATH\Controllers\HomeController.php on line 19.
 1 SYSTEMPATH\CodeIgniter.php(913): App\Controllers\HomeController->__construct()
 2 SYSTEMPATH\CodeIgniter.php(493): CodeIgniter\CodeIgniter->createController()
 3 SYSTEMPATH\CodeIgniter.php(361): CodeIgniter\CodeIgniter->handleRequest(null, Object(Config\Cache), false)
 4 FCPATH\index.php(79): CodeIgniter\CodeIgniter->run()
WARNING - 2024-12-19 05:42:47 --> [DEPRECATED] Creation of dynamic property App\Controllers\HomeController::$uttarakhandModel is deprecated in APPPATH\Controllers\HomeController.php on line 20.
 1 SYSTEMPATH\CodeIgniter.php(913): App\Controllers\HomeController->__construct()
 2 SYSTEMPATH\CodeIgniter.php(493): CodeIgniter\CodeIgniter->createController()
 3 SYSTEMPATH\CodeIgniter.php(361): CodeIgniter\CodeIgniter->handleRequest(null, Object(Config\Cache), false)
 4 FCPATH\index.php(79): CodeIgniter\CodeIgniter->run()
WARNING - 2024-12-19 05:42:47 --> [DEPRECATED] Creation of dynamic property App\Controllers\HomeController::$imageModel is deprecated in APPPATH\Controllers\HomeController.php on line 21.
 1 SYSTEMPATH\CodeIgniter.php(913): App\Controllers\HomeController->__construct()
 2 SYSTEMPATH\CodeIgniter.php(493): CodeIgniter\CodeIgniter->createController()
 3 SYSTEMPATH\CodeIgniter.php(361): CodeIgniter\CodeIgniter->handleRequest(null, Object(Config\Cache), false)
 4 FCPATH\index.php(79): CodeIgniter\CodeIgniter->run()
WARNING - 2024-12-19 05:42:47 --> [DEPRECATED] Creation of dynamic property App\Controllers\HomeController::$areaModel is deprecated in APPPATH\Controllers\HomeController.php on line 22.
 1 SYSTEMPATH\CodeIgniter.php(913): App\Controllers\HomeController->__construct()
 2 SYSTEMPATH\CodeIgniter.php(493): CodeIgniter\CodeIgniter->createController()
 3 SYSTEMPATH\CodeIgniter.php(361): CodeIgniter\CodeIgniter->handleRequest(null, Object(Config\Cache), false)
 4 FCPATH\index.php(79): CodeIgniter\CodeIgniter->run()
WARNING - 2024-12-19 05:42:47 --> [DEPRECATED] Creation of dynamic property App\Controllers\HomeController::$foodModel is deprecated in APPPATH\Controllers\HomeController.php on line 23.
 1 SYSTEMPATH\CodeIgniter.php(913): App\Controllers\HomeController->__construct()
 2 SYSTEMPATH\CodeIgniter.php(493): CodeIgniter\CodeIgniter->createController()
 3 SYSTEMPATH\CodeIgniter.php(361): CodeIgniter\CodeIgniter->handleRequest(null, Object(Config\Cache), false)
 4 FCPATH\index.php(79): CodeIgniter\CodeIgniter->run()
WARNING - 2024-12-19 05:42:47 --> [DEPRECATED] Creation of dynamic property App\Controllers\HomeController::$blogModel is deprecated in APPPATH\Controllers\HomeController.php on line 24.
 1 SYSTEMPATH\CodeIgniter.php(913): App\Controllers\HomeController->__construct()
 2 SYSTEMPATH\CodeIgniter.php(493): CodeIgniter\CodeIgniter->createController()
 3 SYSTEMPATH\CodeIgniter.php(361): CodeIgniter\CodeIgniter->handleRequest(null, Object(Config\Cache), false)
 4 FCPATH\index.php(79): CodeIgniter\CodeIgniter->run()
WARNING - 2024-12-19 05:42:49 --> [DEPRECATED] Creation of dynamic property App\Controllers\HomeController::$citiesModel is deprecated in APPPATH\Controllers\HomeController.php on line 19.
 1 SYSTEMPATH\CodeIgniter.php(913): App\Controllers\HomeController->__construct()
 2 SYSTEMPATH\CodeIgniter.php(493): CodeIgniter\CodeIgniter->createController()
 3 SYSTEMPATH\CodeIgniter.php(361): CodeIgniter\CodeIgniter->handleRequest(null, Object(Config\Cache), false)
 4 FCPATH\index.php(79): CodeIgniter\CodeIgniter->run()
WARNING - 2024-12-19 05:42:49 --> [DEPRECATED] Creation of dynamic property App\Controllers\HomeController::$uttarakhandModel is deprecated in APPPATH\Controllers\HomeController.php on line 20.
 1 SYSTEMPATH\CodeIgniter.php(913): App\Controllers\HomeController->__construct()
 2 SYSTEMPATH\CodeIgniter.php(493): CodeIgniter\CodeIgniter->createController()
 3 SYSTEMPATH\CodeIgniter.php(361): CodeIgniter\CodeIgniter->handleRequest(null, Object(Config\Cache), false)
 4 FCPATH\index.php(79): CodeIgniter\CodeIgniter->run()
WARNING - 2024-12-19 05:42:49 --> [DEPRECATED] Creation of dynamic property App\Controllers\HomeController::$imageModel is deprecated in APPPATH\Controllers\HomeController.php on line 21.
 1 SYSTEMPATH\CodeIgniter.php(913): App\Controllers\HomeController->__construct()
 2 SYSTEMPATH\CodeIgniter.php(493): CodeIgniter\CodeIgniter->createController()
 3 SYSTEMPATH\CodeIgniter.php(361): CodeIgniter\CodeIgniter->handleRequest(null, Object(Config\Cache), false)
 4 FCPATH\index.php(79): CodeIgniter\CodeIgniter->run()
WARNING - 2024-12-19 05:42:49 --> [DEPRECATED] Creation of dynamic property App\Controllers\HomeController::$areaModel is deprecated in APPPATH\Controllers\HomeController.php on line 22.
 1 SYSTEMPATH\CodeIgniter.php(913): App\Controllers\HomeController->__construct()
 2 SYSTEMPATH\CodeIgniter.php(493): CodeIgniter\CodeIgniter->createController()
 3 SYSTEMPATH\CodeIgniter.php(361): CodeIgniter\CodeIgniter->handleRequest(null, Object(Config\Cache), false)
 4 FCPATH\index.php(79): CodeIgniter\CodeIgniter->run()
WARNING - 2024-12-19 05:42:49 --> [DEPRECATED] Creation of dynamic property App\Controllers\HomeController::$foodModel is deprecated in APPPATH\Controllers\HomeController.php on line 23.
 1 SYSTEMPATH\CodeIgniter.php(913): App\Controllers\HomeController->__construct()
 2 SYSTEMPATH\CodeIgniter.php(493): CodeIgniter\CodeIgniter->createController()
 3 SYSTEMPATH\CodeIgniter.php(361): CodeIgniter\CodeIgniter->handleRequest(null, Object(Config\Cache), false)
 4 FCPATH\index.php(79): CodeIgniter\CodeIgniter->run()
WARNING - 2024-12-19 05:42:49 --> [DEPRECATED] Creation of dynamic property App\Controllers\HomeController::$blogModel is deprecated in APPPATH\Controllers\HomeController.php on line 24.
 1 SYSTEMPATH\CodeIgniter.php(913): App\Controllers\HomeController->__construct()
 2 SYSTEMPATH\CodeIgniter.php(493): CodeIgniter\CodeIgniter->createController()
 3 SYSTEMPATH\CodeIgniter.php(361): CodeIgniter\CodeIgniter->handleRequest(null, Object(Config\Cache), false)
 4 FCPATH\index.php(79): CodeIgniter\CodeIgniter->run()
CRITICAL - 2024-12-19 05:42:49 --> ErrorException: Trying to access array offset on value of type null
in APPPATH\Controllers\HomeController.php on line 80.
 1 APPPATH\Controllers\HomeController.php(80): CodeIgniter\Debug\Exceptions->errorHandler(2, 'Trying to access array offset on value of type null', 'C:\\xampp\\htdocs\\uttrakhand\\app\\Controllers\\HomeController.php', 80)
 2 SYSTEMPATH\CodeIgniter.php(941): App\Controllers\HomeController->page('uploads', 'no_image.jpg')
 3 SYSTEMPATH\CodeIgniter.php(502): CodeIgniter\CodeIgniter->runController(Object(App\Controllers\HomeController))
 4 SYSTEMPATH\CodeIgniter.php(361): CodeIgniter\CodeIgniter->handleRequest(null, Object(Config\Cache), false)
 5 FCPATH\index.php(79): CodeIgniter\CodeIgniter->run()
WARNING - 2024-12-19 05:42:53 --> [DEPRECATED] Creation of dynamic property App\Controllers\ContactController::$citiesModel is deprecated in APPPATH\Controllers\ContactController.php on line 21.
 1 SYSTEMPATH\CodeIgniter.php(913): App\Controllers\ContactController->__construct()
 2 SYSTEMPATH\CodeIgniter.php(493): CodeIgniter\CodeIgniter->createController()
 3 SYSTEMPATH\CodeIgniter.php(361): CodeIgniter\CodeIgniter->handleRequest(null, Object(Config\Cache), false)
 4 FCPATH\index.php(79): CodeIgniter\CodeIgniter->run()
WARNING - 2024-12-19 05:42:53 --> [DEPRECATED] Creation of dynamic property App\Controllers\ContactController::$uttarakhandModel is deprecated in APPPATH\Controllers\ContactController.php on line 22.
 1 SYSTEMPATH\CodeIgniter.php(913): App\Controllers\ContactController->__construct()
 2 SYSTEMPATH\CodeIgniter.php(493): CodeIgniter\CodeIgniter->createController()
 3 SYSTEMPATH\CodeIgniter.php(361): CodeIgniter\CodeIgniter->handleRequest(null, Object(Config\Cache), false)
 4 FCPATH\index.php(79): CodeIgniter\CodeIgniter->run()
WARNING - 2024-12-19 05:42:53 --> [DEPRECATED] Creation of dynamic property App\Controllers\ContactController::$imageModel is deprecated in APPPATH\Controllers\ContactController.php on line 23.
 1 SYSTEMPATH\CodeIgniter.php(913): App\Controllers\ContactController->__construct()
 2 SYSTEMPATH\CodeIgniter.php(493): CodeIgniter\CodeIgniter->createController()
 3 SYSTEMPATH\CodeIgniter.php(361): CodeIgniter\CodeIgniter->handleRequest(null, Object(Config\Cache), false)
 4 FCPATH\index.php(79): CodeIgniter\CodeIgniter->run()
WARNING - 2024-12-19 05:42:53 --> [DEPRECATED] Creation of dynamic property App\Controllers\ContactController::$areaModel is deprecated in APPPATH\Controllers\ContactController.php on line 24.
 1 SYSTEMPATH\CodeIgniter.php(913): App\Controllers\ContactController->__construct()
 2 SYSTEMPATH\CodeIgniter.php(493): CodeIgniter\CodeIgniter->createController()
 3 SYSTEMPATH\CodeIgniter.php(361): CodeIgniter\CodeIgniter->handleRequest(null, Object(Config\Cache), false)
 4 FCPATH\index.php(79): CodeIgniter\CodeIgniter->run()
WARNING - 2024-12-19 05:42:53 --> [DEPRECATED] Creation of dynamic property App\Controllers\ContactController::$foodModel is deprecated in APPPATH\Controllers\ContactController.php on line 25.
 1 SYSTEMPATH\CodeIgniter.php(913): App\Controllers\ContactController->__construct()
 2 SYSTEMPATH\CodeIgniter.php(493): CodeIgniter\CodeIgniter->createController()
 3 SYSTEMPATH\CodeIgniter.php(361): CodeIgniter\CodeIgniter->handleRequest(null, Object(Config\Cache), false)
 4 FCPATH\index.php(79): CodeIgniter\CodeIgniter->run()
WARNING - 2024-12-19 05:42:53 --> [DEPRECATED] Creation of dynamic property App\Controllers\ContactController::$blogModel is deprecated in APPPATH\Controllers\ContactController.php on line 26.
 1 SYSTEMPATH\CodeIgniter.php(913): App\Controllers\ContactController->__construct()
 2 SYSTEMPATH\CodeIgniter.php(493): CodeIgniter\CodeIgniter->createController()
 3 SYSTEMPATH\CodeIgniter.php(361): CodeIgniter\CodeIgniter->handleRequest(null, Object(Config\Cache), false)
 4 FCPATH\index.php(79): CodeIgniter\CodeIgniter->run()
WARNING - 2024-12-19 05:42:53 --> [DEPRECATED] Creation of dynamic property App\Controllers\ContactController::$contactModel is deprecated in APPPATH\Controllers\ContactController.php on line 27.
 1 SYSTEMPATH\CodeIgniter.php(913): App\Controllers\ContactController->__construct()
 2 SYSTEMPATH\CodeIgniter.php(493): CodeIgniter\CodeIgniter->createController()
 3 SYSTEMPATH\CodeIgniter.php(361): CodeIgniter\CodeIgniter->handleRequest(null, Object(Config\Cache), false)
 4 FCPATH\index.php(79): CodeIgniter\CodeIgniter->run()
WARNING - 2024-12-19 05:42:53 --> [DEPRECATED] Creation of dynamic property App\Controllers\ContactController::$subscribersModel is deprecated in APPPATH\Controllers\ContactController.php on line 28.
 1 SYSTEMPATH\CodeIgniter.php(913): App\Controllers\ContactController->__construct()
 2 SYSTEMPATH\CodeIgniter.php(493): CodeIgniter\CodeIgniter->createController()
 3 SYSTEMPATH\CodeIgniter.php(361): CodeIgniter\CodeIgniter->handleRequest(null, Object(Config\Cache), false)
 4 FCPATH\index.php(79): CodeIgniter\CodeIgniter->run()
WARNING - 2024-12-19 05:42:53 --> [DEPRECATED] Creation of dynamic property App\Controllers\ContactController::$commentModel is deprecated in APPPATH\Controllers\ContactController.php on line 29.
 1 SYSTEMPATH\CodeIgniter.php(913): App\Controllers\ContactController->__construct()
 2 SYSTEMPATH\CodeIgniter.php(493): CodeIgniter\CodeIgniter->createController()
 3 SYSTEMPATH\CodeIgniter.php(361): CodeIgniter\CodeIgniter->handleRequest(null, Object(Config\Cache), false)
 4 FCPATH\index.php(79): CodeIgniter\CodeIgniter->run()
WARNING - 2024-12-19 05:42:53 --> [DEPRECATED] Creation of dynamic property App\Controllers\ContactController::$likesModel is deprecated in APPPATH\Controllers\ContactController.php on line 30.
 1 SYSTEMPATH\CodeIgniter.php(913): App\Controllers\ContactController->__construct()
 2 SYSTEMPATH\CodeIgniter.php(493): CodeIgniter\CodeIgniter->createController()
 3 SYSTEMPATH\CodeIgniter.php(361): CodeIgniter\CodeIgniter->handleRequest(null, Object(Config\Cache), false)
 4 FCPATH\index.php(79): CodeIgniter\CodeIgniter->run()
WARNING - 2024-12-19 08:51:03 --> [DEPRECATED] Creation of dynamic property App\Controllers\HomeController::$citiesModel is deprecated in APPPATH\Controllers\HomeController.php on line 19.
 1 SYSTEMPATH\CodeIgniter.php(913): App\Controllers\HomeController->__construct()
 2 SYSTEMPATH\CodeIgniter.php(493): CodeIgniter\CodeIgniter->createController()
 3 SYSTEMPATH\CodeIgniter.php(361): CodeIgniter\CodeIgniter->handleRequest(null, Object(Config\Cache), false)
 4 FCPATH\index.php(79): CodeIgniter\CodeIgniter->run()
WARNING - 2024-12-19 08:51:03 --> [DEPRECATED] Creation of dynamic property App\Controllers\HomeController::$uttarakhandModel is deprecated in APPPATH\Controllers\HomeController.php on line 20.
 1 SYSTEMPATH\CodeIgniter.php(913): App\Controllers\HomeController->__construct()
 2 SYSTEMPATH\CodeIgniter.php(493): CodeIgniter\CodeIgniter->createController()
 3 SYSTEMPATH\CodeIgniter.php(361): CodeIgniter\CodeIgniter->handleRequest(null, Object(Config\Cache), false)
 4 FCPATH\index.php(79): CodeIgniter\CodeIgniter->run()
WARNING - 2024-12-19 08:51:03 --> [DEPRECATED] Creation of dynamic property App\Controllers\HomeController::$imageModel is deprecated in APPPATH\Controllers\HomeController.php on line 21.
 1 SYSTEMPATH\CodeIgniter.php(913): App\Controllers\HomeController->__construct()
 2 SYSTEMPATH\CodeIgniter.php(493): CodeIgniter\CodeIgniter->createController()
 3 SYSTEMPATH\CodeIgniter.php(361): CodeIgniter\CodeIgniter->handleRequest(null, Object(Config\Cache), false)
 4 FCPATH\index.php(79): CodeIgniter\CodeIgniter->run()
WARNING - 2024-12-19 08:51:03 --> [DEPRECATED] Creation of dynamic property App\Controllers\HomeController::$areaModel is deprecated in APPPATH\Controllers\HomeController.php on line 22.
 1 SYSTEMPATH\CodeIgniter.php(913): App\Controllers\HomeController->__construct()
 2 SYSTEMPATH\CodeIgniter.php(493): CodeIgniter\CodeIgniter->createController()
 3 SYSTEMPATH\CodeIgniter.php(361): CodeIgniter\CodeIgniter->handleRequest(null, Object(Config\Cache), false)
 4 FCPATH\index.php(79): CodeIgniter\CodeIgniter->run()
WARNING - 2024-12-19 08:51:03 --> [DEPRECATED] Creation of dynamic property App\Controllers\HomeController::$foodModel is deprecated in APPPATH\Controllers\HomeController.php on line 23.
 1 SYSTEMPATH\CodeIgniter.php(913): App\Controllers\HomeController->__construct()
 2 SYSTEMPATH\CodeIgniter.php(493): CodeIgniter\CodeIgniter->createController()
 3 SYSTEMPATH\CodeIgniter.php(361): CodeIgniter\CodeIgniter->handleRequest(null, Object(Config\Cache), false)
 4 FCPATH\index.php(79): CodeIgniter\CodeIgniter->run()
WARNING - 2024-12-19 08:51:03 --> [DEPRECATED] Creation of dynamic property App\Controllers\HomeController::$blogModel is deprecated in APPPATH\Controllers\HomeController.php on line 24.
 1 SYSTEMPATH\CodeIgniter.php(913): App\Controllers\HomeController->__construct()
 2 SYSTEMPATH\CodeIgniter.php(493): CodeIgniter\CodeIgniter->createController()
 3 SYSTEMPATH\CodeIgniter.php(361): CodeIgniter\CodeIgniter->handleRequest(null, Object(Config\Cache), false)
 4 FCPATH\index.php(79): CodeIgniter\CodeIgniter->run()
WARNING - 2024-12-19 08:51:06 --> [DEPRECATED] Creation of dynamic property App\Controllers\ContactController::$citiesModel is deprecated in APPPATH\Controllers\ContactController.php on line 21.
 1 SYSTEMPATH\CodeIgniter.php(913): App\Controllers\ContactController->__construct()
 2 SYSTEMPATH\CodeIgniter.php(493): CodeIgniter\CodeIgniter->createController()
 3 SYSTEMPATH\CodeIgniter.php(361): CodeIgniter\CodeIgniter->handleRequest(null, Object(Config\Cache), false)
 4 FCPATH\index.php(79): CodeIgniter\CodeIgniter->run()
WARNING - 2024-12-19 08:51:06 --> [DEPRECATED] Creation of dynamic property App\Controllers\ContactController::$uttarakhandModel is deprecated in APPPATH\Controllers\ContactController.php on line 22.
 1 SYSTEMPATH\CodeIgniter.php(913): App\Controllers\ContactController->__construct()
 2 SYSTEMPATH\CodeIgniter.php(493): CodeIgniter\CodeIgniter->createController()
 3 SYSTEMPATH\CodeIgniter.php(361): CodeIgniter\CodeIgniter->handleRequest(null, Object(Config\Cache), false)
 4 FCPATH\index.php(79): CodeIgniter\CodeIgniter->run()
WARNING - 2024-12-19 08:51:06 --> [DEPRECATED] Creation of dynamic property App\Controllers\ContactController::$imageModel is deprecated in APPPATH\Controllers\ContactController.php on line 23.
 1 SYSTEMPATH\CodeIgniter.php(913): App\Controllers\ContactController->__construct()
 2 SYSTEMPATH\CodeIgniter.php(493): CodeIgniter\CodeIgniter->createController()
 3 SYSTEMPATH\CodeIgniter.php(361): CodeIgniter\CodeIgniter->handleRequest(null, Object(Config\Cache), false)
 4 FCPATH\index.php(79): CodeIgniter\CodeIgniter->run()
WARNING - 2024-12-19 08:51:06 --> [DEPRECATED] Creation of dynamic property App\Controllers\ContactController::$areaModel is deprecated in APPPATH\Controllers\ContactController.php on line 24.
 1 SYSTEMPATH\CodeIgniter.php(913): App\Controllers\ContactController->__construct()
 2 SYSTEMPATH\CodeIgniter.php(493): CodeIgniter\CodeIgniter->createController()
 3 SYSTEMPATH\CodeIgniter.php(361): CodeIgniter\CodeIgniter->handleRequest(null, Object(Config\Cache), false)
 4 FCPATH\index.php(79): CodeIgniter\CodeIgniter->run()
WARNING - 2024-12-19 08:51:06 --> [DEPRECATED] Creation of dynamic property App\Controllers\ContactController::$foodModel is deprecated in APPPATH\Controllers\ContactController.php on line 25.
 1 SYSTEMPATH\CodeIgniter.php(913): App\Controllers\ContactController->__construct()
 2 SYSTEMPATH\CodeIgniter.php(493): CodeIgniter\CodeIgniter->createController()
 3 SYSTEMPATH\CodeIgniter.php(361): CodeIgniter\CodeIgniter->handleRequest(null, Object(Config\Cache), false)
 4 FCPATH\index.php(79): CodeIgniter\CodeIgniter->run()
WARNING - 2024-12-19 08:51:06 --> [DEPRECATED] Creation of dynamic property App\Controllers\ContactController::$blogModel is deprecated in APPPATH\Controllers\ContactController.php on line 26.
 1 SYSTEMPATH\CodeIgniter.php(913): App\Controllers\ContactController->__construct()
 2 SYSTEMPATH\CodeIgniter.php(493): CodeIgniter\CodeIgniter->createController()
 3 SYSTEMPATH\CodeIgniter.php(361): CodeIgniter\CodeIgniter->handleRequest(null, Object(Config\Cache), false)
 4 FCPATH\index.php(79): CodeIgniter\CodeIgniter->run()
WARNING - 2024-12-19 08:51:06 --> [DEPRECATED] Creation of dynamic property App\Controllers\ContactController::$contactModel is deprecated in APPPATH\Controllers\ContactController.php on line 27.
 1 SYSTEMPATH\CodeIgniter.php(913): App\Controllers\ContactController->__construct()
 2 SYSTEMPATH\CodeIgniter.php(493): CodeIgniter\CodeIgniter->createController()
 3 SYSTEMPATH\CodeIgniter.php(361): CodeIgniter\CodeIgniter->handleRequest(null, Object(Config\Cache), false)
 4 FCPATH\index.php(79): CodeIgniter\CodeIgniter->run()
WARNING - 2024-12-19 08:51:06 --> [DEPRECATED] Creation of dynamic property App\Controllers\ContactController::$subscribersModel is deprecated in APPPATH\Controllers\ContactController.php on line 28.
 1 SYSTEMPATH\CodeIgniter.php(913): App\Controllers\ContactController->__construct()
 2 SYSTEMPATH\CodeIgniter.php(493): CodeIgniter\CodeIgniter->createController()
 3 SYSTEMPATH\CodeIgniter.php(361): CodeIgniter\CodeIgniter->handleRequest(null, Object(Config\Cache), false)
 4 FCPATH\index.php(79): CodeIgniter\CodeIgniter->run()
WARNING - 2024-12-19 08:51:06 --> [DEPRECATED] Creation of dynamic property App\Controllers\ContactController::$commentModel is deprecated in APPPATH\Controllers\ContactController.php on line 29.
 1 SYSTEMPATH\CodeIgniter.php(913): App\Controllers\ContactController->__construct()
 2 SYSTEMPATH\CodeIgniter.php(493): CodeIgniter\CodeIgniter->createController()
 3 SYSTEMPATH\CodeIgniter.php(361): CodeIgniter\CodeIgniter->handleRequest(null, Object(Config\Cache), false)
 4 FCPATH\index.php(79): CodeIgniter\CodeIgniter->run()
WARNING - 2024-12-19 08:51:06 --> [DEPRECATED] Creation of dynamic property App\Controllers\ContactController::$likesModel is deprecated in APPPATH\Controllers\ContactController.php on line 30.
 1 SYSTEMPATH\CodeIgniter.php(913): App\Controllers\ContactController->__construct()
 2 SYSTEMPATH\CodeIgniter.php(493): CodeIgniter\CodeIgniter->createController()
 3 SYSTEMPATH\CodeIgniter.php(361): CodeIgniter\CodeIgniter->handleRequest(null, Object(Config\Cache), false)
 4 FCPATH\index.php(79): CodeIgniter\CodeIgniter->run()
WARNING - 2024-12-19 08:56:29 --> [DEPRECATED] Creation of dynamic property App\Controllers\ContactController::$citiesModel is deprecated in APPPATH\Controllers\ContactController.php on line 21.
 1 SYSTEMPATH\CodeIgniter.php(913): App\Controllers\ContactController->__construct()
 2 SYSTEMPATH\CodeIgniter.php(493): CodeIgniter\CodeIgniter->createController()
 3 SYSTEMPATH\CodeIgniter.php(361): CodeIgniter\CodeIgniter->handleRequest(null, Object(Config\Cache), false)
 4 FCPATH\index.php(79): CodeIgniter\CodeIgniter->run()
WARNING - 2024-12-19 08:56:29 --> [DEPRECATED] Creation of dynamic property App\Controllers\ContactController::$uttarakhandModel is deprecated in APPPATH\Controllers\ContactController.php on line 22.
 1 SYSTEMPATH\CodeIgniter.php(913): App\Controllers\ContactController->__construct()
 2 SYSTEMPATH\CodeIgniter.php(493): CodeIgniter\CodeIgniter->createController()
 3 SYSTEMPATH\CodeIgniter.php(361): CodeIgniter\CodeIgniter->handleRequest(null, Object(Config\Cache), false)
 4 FCPATH\index.php(79): CodeIgniter\CodeIgniter->run()
WARNING - 2024-12-19 08:56:29 --> [DEPRECATED] Creation of dynamic property App\Controllers\ContactController::$imageModel is deprecated in APPPATH\Controllers\ContactController.php on line 23.
 1 SYSTEMPATH\CodeIgniter.php(913): App\Controllers\ContactController->__construct()
 2 SYSTEMPATH\CodeIgniter.php(493): CodeIgniter\CodeIgniter->createController()
 3 SYSTEMPATH\CodeIgniter.php(361): CodeIgniter\CodeIgniter->handleRequest(null, Object(Config\Cache), false)
 4 FCPATH\index.php(79): CodeIgniter\CodeIgniter->run()
WARNING - 2024-12-19 08:56:29 --> [DEPRECATED] Creation of dynamic property App\Controllers\ContactController::$areaModel is deprecated in APPPATH\Controllers\ContactController.php on line 24.
 1 SYSTEMPATH\CodeIgniter.php(913): App\Controllers\ContactController->__construct()
 2 SYSTEMPATH\CodeIgniter.php(493): CodeIgniter\CodeIgniter->createController()
 3 SYSTEMPATH\CodeIgniter.php(361): CodeIgniter\CodeIgniter->handleRequest(null, Object(Config\Cache), false)
 4 FCPATH\index.php(79): CodeIgniter\CodeIgniter->run()
WARNING - 2024-12-19 08:56:29 --> [DEPRECATED] Creation of dynamic property App\Controllers\ContactController::$foodModel is deprecated in APPPATH\Controllers\ContactController.php on line 25.
 1 SYSTEMPATH\CodeIgniter.php(913): App\Controllers\ContactController->__construct()
 2 SYSTEMPATH\CodeIgniter.php(493): CodeIgniter\CodeIgniter->createController()
 3 SYSTEMPATH\CodeIgniter.php(361): CodeIgniter\CodeIgniter->handleRequest(null, Object(Config\Cache), false)
 4 FCPATH\index.php(79): CodeIgniter\CodeIgniter->run()
WARNING - 2024-12-19 08:56:29 --> [DEPRECATED] Creation of dynamic property App\Controllers\ContactController::$blogModel is deprecated in APPPATH\Controllers\ContactController.php on line 26.
 1 SYSTEMPATH\CodeIgniter.php(913): App\Controllers\ContactController->__construct()
 2 SYSTEMPATH\CodeIgniter.php(493): CodeIgniter\CodeIgniter->createController()
 3 SYSTEMPATH\CodeIgniter.php(361): CodeIgniter\CodeIgniter->handleRequest(null, Object(Config\Cache), false)
 4 FCPATH\index.php(79): CodeIgniter\CodeIgniter->run()
WARNING - 2024-12-19 08:56:29 --> [DEPRECATED] Creation of dynamic property App\Controllers\ContactController::$contactModel is deprecated in APPPATH\Controllers\ContactController.php on line 27.
 1 SYSTEMPATH\CodeIgniter.php(913): App\Controllers\ContactController->__construct()
 2 SYSTEMPATH\CodeIgniter.php(493): CodeIgniter\CodeIgniter->createController()
 3 SYSTEMPATH\CodeIgniter.php(361): CodeIgniter\CodeIgniter->handleRequest(null, Object(Config\Cache), false)
 4 FCPATH\index.php(79): CodeIgniter\CodeIgniter->run()
WARNING - 2024-12-19 08:56:29 --> [DEPRECATED] Creation of dynamic property App\Controllers\ContactController::$subscribersModel is deprecated in APPPATH\Controllers\ContactController.php on line 28.
 1 SYSTEMPATH\CodeIgniter.php(913): App\Controllers\ContactController->__construct()
 2 SYSTEMPATH\CodeIgniter.php(493): CodeIgniter\CodeIgniter->createController()
 3 SYSTEMPATH\CodeIgniter.php(361): CodeIgniter\CodeIgniter->handleRequest(null, Object(Config\Cache), false)
 4 FCPATH\index.php(79): CodeIgniter\CodeIgniter->run()
WARNING - 2024-12-19 08:56:29 --> [DEPRECATED] Creation of dynamic property App\Controllers\ContactController::$commentModel is deprecated in APPPATH\Controllers\ContactController.php on line 29.
 1 SYSTEMPATH\CodeIgniter.php(913): App\Controllers\ContactController->__construct()
 2 SYSTEMPATH\CodeIgniter.php(493): CodeIgniter\CodeIgniter->createController()
 3 SYSTEMPATH\CodeIgniter.php(361): CodeIgniter\CodeIgniter->handleRequest(null, Object(Config\Cache), false)
 4 FCPATH\index.php(79): CodeIgniter\CodeIgniter->run()
WARNING - 2024-12-19 08:56:29 --> [DEPRECATED] Creation of dynamic property App\Controllers\ContactController::$likesModel is deprecated in APPPATH\Controllers\ContactController.php on line 30.
 1 SYSTEMPATH\CodeIgniter.php(913): App\Controllers\ContactController->__construct()
 2 SYSTEMPATH\CodeIgniter.php(493): CodeIgniter\CodeIgniter->createController()
 3 SYSTEMPATH\CodeIgniter.php(361): CodeIgniter\CodeIgniter->handleRequest(null, Object(Config\Cache), false)
 4 FCPATH\index.php(79): CodeIgniter\CodeIgniter->run()
WARNING - 2024-12-19 08:56:31 --> [DEPRECATED] Creation of dynamic property App\Controllers\ContactController::$citiesModel is deprecated in APPPATH\Controllers\ContactController.php on line 21.
 1 SYSTEMPATH\CodeIgniter.php(913): App\Controllers\ContactController->__construct()
 2 SYSTEMPATH\CodeIgniter.php(493): CodeIgniter\CodeIgniter->createController()
 3 SYSTEMPATH\CodeIgniter.php(361): CodeIgniter\CodeIgniter->handleRequest(null, Object(Config\Cache), false)
 4 FCPATH\index.php(79): CodeIgniter\CodeIgniter->run()
WARNING - 2024-12-19 08:56:31 --> [DEPRECATED] Creation of dynamic property App\Controllers\ContactController::$uttarakhandModel is deprecated in APPPATH\Controllers\ContactController.php on line 22.
 1 SYSTEMPATH\CodeIgniter.php(913): App\Controllers\ContactController->__construct()
 2 SYSTEMPATH\CodeIgniter.php(493): CodeIgniter\CodeIgniter->createController()
 3 SYSTEMPATH\CodeIgniter.php(361): CodeIgniter\CodeIgniter->handleRequest(null, Object(Config\Cache), false)
 4 FCPATH\index.php(79): CodeIgniter\CodeIgniter->run()
WARNING - 2024-12-19 08:56:31 --> [DEPRECATED] Creation of dynamic property App\Controllers\ContactController::$imageModel is deprecated in APPPATH\Controllers\ContactController.php on line 23.
 1 SYSTEMPATH\CodeIgniter.php(913): App\Controllers\ContactController->__construct()
 2 SYSTEMPATH\CodeIgniter.php(493): CodeIgniter\CodeIgniter->createController()
 3 SYSTEMPATH\CodeIgniter.php(361): CodeIgniter\CodeIgniter->handleRequest(null, Object(Config\Cache), false)
 4 FCPATH\index.php(79): CodeIgniter\CodeIgniter->run()
WARNING - 2024-12-19 08:56:31 --> [DEPRECATED] Creation of dynamic property App\Controllers\ContactController::$areaModel is deprecated in APPPATH\Controllers\ContactController.php on line 24.
 1 SYSTEMPATH\CodeIgniter.php(913): App\Controllers\ContactController->__construct()
 2 SYSTEMPATH\CodeIgniter.php(493): CodeIgniter\CodeIgniter->createController()
 3 SYSTEMPATH\CodeIgniter.php(361): CodeIgniter\CodeIgniter->handleRequest(null, Object(Config\Cache), false)
 4 FCPATH\index.php(79): CodeIgniter\CodeIgniter->run()
WARNING - 2024-12-19 08:56:31 --> [DEPRECATED] Creation of dynamic property App\Controllers\ContactController::$foodModel is deprecated in APPPATH\Controllers\ContactController.php on line 25.
 1 SYSTEMPATH\CodeIgniter.php(913): App\Controllers\ContactController->__construct()
 2 SYSTEMPATH\CodeIgniter.php(493): CodeIgniter\CodeIgniter->createController()
 3 SYSTEMPATH\CodeIgniter.php(361): CodeIgniter\CodeIgniter->handleRequest(null, Object(Config\Cache), false)
 4 FCPATH\index.php(79): CodeIgniter\CodeIgniter->run()
WARNING - 2024-12-19 08:56:31 --> [DEPRECATED] Creation of dynamic property App\Controllers\ContactController::$blogModel is deprecated in APPPATH\Controllers\ContactController.php on line 26.
 1 SYSTEMPATH\CodeIgniter.php(913): App\Controllers\ContactController->__construct()
 2 SYSTEMPATH\CodeIgniter.php(493): CodeIgniter\CodeIgniter->createController()
 3 SYSTEMPATH\CodeIgniter.php(361): CodeIgniter\CodeIgniter->handleRequest(null, Object(Config\Cache), false)
 4 FCPATH\index.php(79): CodeIgniter\CodeIgniter->run()
WARNING - 2024-12-19 08:56:31 --> [DEPRECATED] Creation of dynamic property App\Controllers\ContactController::$contactModel is deprecated in APPPATH\Controllers\ContactController.php on line 27.
 1 SYSTEMPATH\CodeIgniter.php(913): App\Controllers\ContactController->__construct()
 2 SYSTEMPATH\CodeIgniter.php(493): CodeIgniter\CodeIgniter->createController()
 3 SYSTEMPATH\CodeIgniter.php(361): CodeIgniter\CodeIgniter->handleRequest(null, Object(Config\Cache), false)
 4 FCPATH\index.php(79): CodeIgniter\CodeIgniter->run()
WARNING - 2024-12-19 08:56:31 --> [DEPRECATED] Creation of dynamic property App\Controllers\ContactController::$subscribersModel is deprecated in APPPATH\Controllers\ContactController.php on line 28.
 1 SYSTEMPATH\CodeIgniter.php(913): App\Controllers\ContactController->__construct()
 2 SYSTEMPATH\CodeIgniter.php(493): CodeIgniter\CodeIgniter->createController()
 3 SYSTEMPATH\CodeIgniter.php(361): CodeIgniter\CodeIgniter->handleRequest(null, Object(Config\Cache), false)
 4 FCPATH\index.php(79): CodeIgniter\CodeIgniter->run()
WARNING - 2024-12-19 08:56:31 --> [DEPRECATED] Creation of dynamic property App\Controllers\ContactController::$commentModel is deprecated in APPPATH\Controllers\ContactController.php on line 29.
 1 SYSTEMPATH\CodeIgniter.php(913): App\Controllers\ContactController->__construct()
 2 SYSTEMPATH\CodeIgniter.php(493): CodeIgniter\CodeIgniter->createController()
 3 SYSTEMPATH\CodeIgniter.php(361): CodeIgniter\CodeIgniter->handleRequest(null, Object(Config\Cache), false)
 4 FCPATH\index.php(79): CodeIgniter\CodeIgniter->run()
WARNING - 2024-12-19 08:56:31 --> [DEPRECATED] Creation of dynamic property App\Controllers\ContactController::$likesModel is deprecated in APPPATH\Controllers\ContactController.php on line 30.
 1 SYSTEMPATH\CodeIgniter.php(913): App\Controllers\ContactController->__construct()
 2 SYSTEMPATH\CodeIgniter.php(493): CodeIgniter\CodeIgniter->createController()
 3 SYSTEMPATH\CodeIgniter.php(361): CodeIgniter\CodeIgniter->handleRequest(null, Object(Config\Cache), false)
 4 FCPATH\index.php(79): CodeIgniter\CodeIgniter->run()
WARNING - 2024-12-19 08:56:32 --> [DEPRECATED] Creation of dynamic property App\Controllers\ContactController::$citiesModel is deprecated in APPPATH\Controllers\ContactController.php on line 21.
 1 SYSTEMPATH\CodeIgniter.php(913): App\Controllers\ContactController->__construct()
 2 SYSTEMPATH\CodeIgniter.php(493): CodeIgniter\CodeIgniter->createController()
 3 SYSTEMPATH\CodeIgniter.php(361): CodeIgniter\CodeIgniter->handleRequest(null, Object(Config\Cache), false)
 4 FCPATH\index.php(79): CodeIgniter\CodeIgniter->run()
WARNING - 2024-12-19 08:56:32 --> [DEPRECATED] Creation of dynamic property App\Controllers\ContactController::$uttarakhandModel is deprecated in APPPATH\Controllers\ContactController.php on line 22.
 1 SYSTEMPATH\CodeIgniter.php(913): App\Controllers\ContactController->__construct()
 2 SYSTEMPATH\CodeIgniter.php(493): CodeIgniter\CodeIgniter->createController()
 3 SYSTEMPATH\CodeIgniter.php(361): CodeIgniter\CodeIgniter->handleRequest(null, Object(Config\Cache), false)
 4 FCPATH\index.php(79): CodeIgniter\CodeIgniter->run()
WARNING - 2024-12-19 08:56:32 --> [DEPRECATED] Creation of dynamic property App\Controllers\ContactController::$imageModel is deprecated in APPPATH\Controllers\ContactController.php on line 23.
 1 SYSTEMPATH\CodeIgniter.php(913): App\Controllers\ContactController->__construct()
 2 SYSTEMPATH\CodeIgniter.php(493): CodeIgniter\CodeIgniter->createController()
 3 SYSTEMPATH\CodeIgniter.php(361): CodeIgniter\CodeIgniter->handleRequest(null, Object(Config\Cache), false)
 4 FCPATH\index.php(79): CodeIgniter\CodeIgniter->run()
WARNING - 2024-12-19 08:56:32 --> [DEPRECATED] Creation of dynamic property App\Controllers\ContactController::$areaModel is deprecated in APPPATH\Controllers\ContactController.php on line 24.
 1 SYSTEMPATH\CodeIgniter.php(913): App\Controllers\ContactController->__construct()
 2 SYSTEMPATH\CodeIgniter.php(493): CodeIgniter\CodeIgniter->createController()
 3 SYSTEMPATH\CodeIgniter.php(361): CodeIgniter\CodeIgniter->handleRequest(null, Object(Config\Cache), false)
 4 FCPATH\index.php(79): CodeIgniter\CodeIgniter->run()
WARNING - 2024-12-19 08:56:32 --> [DEPRECATED] Creation of dynamic property App\Controllers\ContactController::$foodModel is deprecated in APPPATH\Controllers\ContactController.php on line 25.
 1 SYSTEMPATH\CodeIgniter.php(913): App\Controllers\ContactController->__construct()
 2 SYSTEMPATH\CodeIgniter.php(493): CodeIgniter\CodeIgniter->createController()
 3 SYSTEMPATH\CodeIgniter.php(361): CodeIgniter\CodeIgniter->handleRequest(null, Object(Config\Cache), false)
 4 FCPATH\index.php(79): CodeIgniter\CodeIgniter->run()
WARNING - 2024-12-19 08:56:32 --> [DEPRECATED] Creation of dynamic property App\Controllers\ContactController::$blogModel is deprecated in APPPATH\Controllers\ContactController.php on line 26.
 1 SYSTEMPATH\CodeIgniter.php(913): App\Controllers\ContactController->__construct()
 2 SYSTEMPATH\CodeIgniter.php(493): CodeIgniter\CodeIgniter->createController()
 3 SYSTEMPATH\CodeIgniter.php(361): CodeIgniter\CodeIgniter->handleRequest(null, Object(Config\Cache), false)
 4 FCPATH\index.php(79): CodeIgniter\CodeIgniter->run()
WARNING - 2024-12-19 08:56:32 --> [DEPRECATED] Creation of dynamic property App\Controllers\ContactController::$contactModel is deprecated in APPPATH\Controllers\ContactController.php on line 27.
 1 SYSTEMPATH\CodeIgniter.php(913): App\Controllers\ContactController->__construct()
 2 SYSTEMPATH\CodeIgniter.php(493): CodeIgniter\CodeIgniter->createController()
 3 SYSTEMPATH\CodeIgniter.php(361): CodeIgniter\CodeIgniter->handleRequest(null, Object(Config\Cache), false)
 4 FCPATH\index.php(79): CodeIgniter\CodeIgniter->run()
WARNING - 2024-12-19 08:56:32 --> [DEPRECATED] Creation of dynamic property App\Controllers\ContactController::$subscribersModel is deprecated in APPPATH\Controllers\ContactController.php on line 28.
 1 SYSTEMPATH\CodeIgniter.php(913): App\Controllers\ContactController->__construct()
 2 SYSTEMPATH\CodeIgniter.php(493): CodeIgniter\CodeIgniter->createController()
 3 SYSTEMPATH\CodeIgniter.php(361): CodeIgniter\CodeIgniter->handleRequest(null, Object(Config\Cache), false)
 4 FCPATH\index.php(79): CodeIgniter\CodeIgniter->run()
WARNING - 2024-12-19 08:56:32 --> [DEPRECATED] Creation of dynamic property App\Controllers\ContactController::$commentModel is deprecated in APPPATH\Controllers\ContactController.php on line 29.
 1 SYSTEMPATH\CodeIgniter.php(913): App\Controllers\ContactController->__construct()
 2 SYSTEMPATH\CodeIgniter.php(493): CodeIgniter\CodeIgniter->createController()
 3 SYSTEMPATH\CodeIgniter.php(361): CodeIgniter\CodeIgniter->handleRequest(null, Object(Config\Cache), false)
 4 FCPATH\index.php(79): CodeIgniter\CodeIgniter->run()
WARNING - 2024-12-19 08:56:32 --> [DEPRECATED] Creation of dynamic property App\Controllers\ContactController::$likesModel is deprecated in APPPATH\Controllers\ContactController.php on line 30.
 1 SYSTEMPATH\CodeIgniter.php(913): App\Controllers\ContactController->__construct()
 2 SYSTEMPATH\CodeIgniter.php(493): CodeIgniter\CodeIgniter->createController()
 3 SYSTEMPATH\CodeIgniter.php(361): CodeIgniter\CodeIgniter->handleRequest(null, Object(Config\Cache), false)
 4 FCPATH\index.php(79): CodeIgniter\CodeIgniter->run()
WARNING - 2024-12-19 08:57:32 --> [DEPRECATED] Creation of dynamic property App\Controllers\ContactController::$citiesModel is deprecated in APPPATH\Controllers\ContactController.php on line 21.
 1 SYSTEMPATH\CodeIgniter.php(913): App\Controllers\ContactController->__construct()
 2 SYSTEMPATH\CodeIgniter.php(493): CodeIgniter\CodeIgniter->createController()
 3 SYSTEMPATH\CodeIgniter.php(361): CodeIgniter\CodeIgniter->handleRequest(null, Object(Config\Cache), false)
 4 FCPATH\index.php(79): CodeIgniter\CodeIgniter->run()
WARNING - 2024-12-19 08:57:32 --> [DEPRECATED] Creation of dynamic property App\Controllers\ContactController::$uttarakhandModel is deprecated in APPPATH\Controllers\ContactController.php on line 22.
 1 SYSTEMPATH\CodeIgniter.php(913): App\Controllers\ContactController->__construct()
 2 SYSTEMPATH\CodeIgniter.php(493): CodeIgniter\CodeIgniter->createController()
 3 SYSTEMPATH\CodeIgniter.php(361): CodeIgniter\CodeIgniter->handleRequest(null, Object(Config\Cache), false)
 4 FCPATH\index.php(79): CodeIgniter\CodeIgniter->run()
WARNING - 2024-12-19 08:57:32 --> [DEPRECATED] Creation of dynamic property App\Controllers\ContactController::$imageModel is deprecated in APPPATH\Controllers\ContactController.php on line 23.
 1 SYSTEMPATH\CodeIgniter.php(913): App\Controllers\ContactController->__construct()
 2 SYSTEMPATH\CodeIgniter.php(493): CodeIgniter\CodeIgniter->createController()
 3 SYSTEMPATH\CodeIgniter.php(361): CodeIgniter\CodeIgniter->handleRequest(null, Object(Config\Cache), false)
 4 FCPATH\index.php(79): CodeIgniter\CodeIgniter->run()
WARNING - 2024-12-19 08:57:32 --> [DEPRECATED] Creation of dynamic property App\Controllers\ContactController::$areaModel is deprecated in APPPATH\Controllers\ContactController.php on line 24.
 1 SYSTEMPATH\CodeIgniter.php(913): App\Controllers\ContactController->__construct()
 2 SYSTEMPATH\CodeIgniter.php(493): CodeIgniter\CodeIgniter->createController()
 3 SYSTEMPATH\CodeIgniter.php(361): CodeIgniter\CodeIgniter->handleRequest(null, Object(Config\Cache), false)
 4 FCPATH\index.php(79): CodeIgniter\CodeIgniter->run()
WARNING - 2024-12-19 08:57:32 --> [DEPRECATED] Creation of dynamic property App\Controllers\ContactController::$foodModel is deprecated in APPPATH\Controllers\ContactController.php on line 25.
 1 SYSTEMPATH\CodeIgniter.php(913): App\Controllers\ContactController->__construct()
 2 SYSTEMPATH\CodeIgniter.php(493): CodeIgniter\CodeIgniter->createController()
 3 SYSTEMPATH\CodeIgniter.php(361): CodeIgniter\CodeIgniter->handleRequest(null, Object(Config\Cache), false)
 4 FCPATH\index.php(79): CodeIgniter\CodeIgniter->run()
WARNING - 2024-12-19 08:57:32 --> [DEPRECATED] Creation of dynamic property App\Controllers\ContactController::$blogModel is deprecated in APPPATH\Controllers\ContactController.php on line 26.
 1 SYSTEMPATH\CodeIgniter.php(913): App\Controllers\ContactController->__construct()
 2 SYSTEMPATH\CodeIgniter.php(493): CodeIgniter\CodeIgniter->createController()
 3 SYSTEMPATH\CodeIgniter.php(361): CodeIgniter\CodeIgniter->handleRequest(null, Object(Config\Cache), false)
 4 FCPATH\index.php(79): CodeIgniter\CodeIgniter->run()
WARNING - 2024-12-19 08:57:32 --> [DEPRECATED] Creation of dynamic property App\Controllers\ContactController::$contactModel is deprecated in APPPATH\Controllers\ContactController.php on line 27.
 1 SYSTEMPATH\CodeIgniter.php(913): App\Controllers\ContactController->__construct()
 2 SYSTEMPATH\CodeIgniter.php(493): CodeIgniter\CodeIgniter->createController()
 3 SYSTEMPATH\CodeIgniter.php(361): CodeIgniter\CodeIgniter->handleRequest(null, Object(Config\Cache), false)
 4 FCPATH\index.php(79): CodeIgniter\CodeIgniter->run()
WARNING - 2024-12-19 08:57:32 --> [DEPRECATED] Creation of dynamic property App\Controllers\ContactController::$subscribersModel is deprecated in APPPATH\Controllers\ContactController.php on line 28.
 1 SYSTEMPATH\CodeIgniter.php(913): App\Controllers\ContactController->__construct()
 2 SYSTEMPATH\CodeIgniter.php(493): CodeIgniter\CodeIgniter->createController()
 3 SYSTEMPATH\CodeIgniter.php(361): CodeIgniter\CodeIgniter->handleRequest(null, Object(Config\Cache), false)
 4 FCPATH\index.php(79): CodeIgniter\CodeIgniter->run()
WARNING - 2024-12-19 08:57:32 --> [DEPRECATED] Creation of dynamic property App\Controllers\ContactController::$commentModel is deprecated in APPPATH\Controllers\ContactController.php on line 29.
 1 SYSTEMPATH\CodeIgniter.php(913): App\Controllers\ContactController->__construct()
 2 SYSTEMPATH\CodeIgniter.php(493): CodeIgniter\CodeIgniter->createController()
 3 SYSTEMPATH\CodeIgniter.php(361): CodeIgniter\CodeIgniter->handleRequest(null, Object(Config\Cache), false)
 4 FCPATH\index.php(79): CodeIgniter\CodeIgniter->run()
WARNING - 2024-12-19 08:57:32 --> [DEPRECATED] Creation of dynamic property App\Controllers\ContactController::$likesModel is deprecated in APPPATH\Controllers\ContactController.php on line 30.
 1 SYSTEMPATH\CodeIgniter.php(913): App\Controllers\ContactController->__construct()
 2 SYSTEMPATH\CodeIgniter.php(493): CodeIgniter\CodeIgniter->createController()
 3 SYSTEMPATH\CodeIgniter.php(361): CodeIgniter\CodeIgniter->handleRequest(null, Object(Config\Cache), false)
 4 FCPATH\index.php(79): CodeIgniter\CodeIgniter->run()
WARNING - 2024-12-19 08:57:34 --> [DEPRECATED] Creation of dynamic property App\Controllers\ContactController::$citiesModel is deprecated in APPPATH\Controllers\ContactController.php on line 21.
 1 SYSTEMPATH\CodeIgniter.php(913): App\Controllers\ContactController->__construct()
 2 SYSTEMPATH\CodeIgniter.php(493): CodeIgniter\CodeIgniter->createController()
 3 SYSTEMPATH\CodeIgniter.php(361): CodeIgniter\CodeIgniter->handleRequest(null, Object(Config\Cache), false)
 4 FCPATH\index.php(79): CodeIgniter\CodeIgniter->run()
WARNING - 2024-12-19 08:57:34 --> [DEPRECATED] Creation of dynamic property App\Controllers\ContactController::$uttarakhandModel is deprecated in APPPATH\Controllers\ContactController.php on line 22.
 1 SYSTEMPATH\CodeIgniter.php(913): App\Controllers\ContactController->__construct()
 2 SYSTEMPATH\CodeIgniter.php(493): CodeIgniter\CodeIgniter->createController()
 3 SYSTEMPATH\CodeIgniter.php(361): CodeIgniter\CodeIgniter->handleRequest(null, Object(Config\Cache), false)
 4 FCPATH\index.php(79): CodeIgniter\CodeIgniter->run()
WARNING - 2024-12-19 08:57:34 --> [DEPRECATED] Creation of dynamic property App\Controllers\ContactController::$imageModel is deprecated in APPPATH\Controllers\ContactController.php on line 23.
 1 SYSTEMPATH\CodeIgniter.php(913): App\Controllers\ContactController->__construct()
 2 SYSTEMPATH\CodeIgniter.php(493): CodeIgniter\CodeIgniter->createController()
 3 SYSTEMPATH\CodeIgniter.php(361): CodeIgniter\CodeIgniter->handleRequest(null, Object(Config\Cache), false)
 4 FCPATH\index.php(79): CodeIgniter\CodeIgniter->run()
WARNING - 2024-12-19 08:57:34 --> [DEPRECATED] Creation of dynamic property App\Controllers\ContactController::$areaModel is deprecated in APPPATH\Controllers\ContactController.php on line 24.
 1 SYSTEMPATH\CodeIgniter.php(913): App\Controllers\ContactController->__construct()
 2 SYSTEMPATH\CodeIgniter.php(493): CodeIgniter\CodeIgniter->createController()
 3 SYSTEMPATH\CodeIgniter.php(361): CodeIgniter\CodeIgniter->handleRequest(null, Object(Config\Cache), false)
 4 FCPATH\index.php(79): CodeIgniter\CodeIgniter->run()
WARNING - 2024-12-19 08:57:34 --> [DEPRECATED] Creation of dynamic property App\Controllers\ContactController::$foodModel is deprecated in APPPATH\Controllers\ContactController.php on line 25.
 1 SYSTEMPATH\CodeIgniter.php(913): App\Controllers\ContactController->__construct()
 2 SYSTEMPATH\CodeIgniter.php(493): CodeIgniter\CodeIgniter->createController()
 3 SYSTEMPATH\CodeIgniter.php(361): CodeIgniter\CodeIgniter->handleRequest(null, Object(Config\Cache), false)
 4 FCPATH\index.php(79): CodeIgniter\CodeIgniter->run()
WARNING - 2024-12-19 08:57:34 --> [DEPRECATED] Creation of dynamic property App\Controllers\ContactController::$blogModel is deprecated in APPPATH\Controllers\ContactController.php on line 26.
 1 SYSTEMPATH\CodeIgniter.php(913): App\Controllers\ContactController->__construct()
 2 SYSTEMPATH\CodeIgniter.php(493): CodeIgniter\CodeIgniter->createController()
 3 SYSTEMPATH\CodeIgniter.php(361): CodeIgniter\CodeIgniter->handleRequest(null, Object(Config\Cache), false)
 4 FCPATH\index.php(79): CodeIgniter\CodeIgniter->run()
WARNING - 2024-12-19 08:57:34 --> [DEPRECATED] Creation of dynamic property App\Controllers\ContactController::$contactModel is deprecated in APPPATH\Controllers\ContactController.php on line 27.
 1 SYSTEMPATH\CodeIgniter.php(913): App\Controllers\ContactController->__construct()
 2 SYSTEMPATH\CodeIgniter.php(493): CodeIgniter\CodeIgniter->createController()
 3 SYSTEMPATH\CodeIgniter.php(361): CodeIgniter\CodeIgniter->handleRequest(null, Object(Config\Cache), false)
 4 FCPATH\index.php(79): CodeIgniter\CodeIgniter->run()
WARNING - 2024-12-19 08:57:34 --> [DEPRECATED] Creation of dynamic property App\Controllers\ContactController::$subscribersModel is deprecated in APPPATH\Controllers\ContactController.php on line 28.
 1 SYSTEMPATH\CodeIgniter.php(913): App\Controllers\ContactController->__construct()
 2 SYSTEMPATH\CodeIgniter.php(493): CodeIgniter\CodeIgniter->createController()
 3 SYSTEMPATH\CodeIgniter.php(361): CodeIgniter\CodeIgniter->handleRequest(null, Object(Config\Cache), false)
 4 FCPATH\index.php(79): CodeIgniter\CodeIgniter->run()
WARNING - 2024-12-19 08:57:34 --> [DEPRECATED] Creation of dynamic property App\Controllers\ContactController::$commentModel is deprecated in APPPATH\Controllers\ContactController.php on line 29.
 1 SYSTEMPATH\CodeIgniter.php(913): App\Controllers\ContactController->__construct()
 2 SYSTEMPATH\CodeIgniter.php(493): CodeIgniter\CodeIgniter->createController()
 3 SYSTEMPATH\CodeIgniter.php(361): CodeIgniter\CodeIgniter->handleRequest(null, Object(Config\Cache), false)
 4 FCPATH\index.php(79): CodeIgniter\CodeIgniter->run()
WARNING - 2024-12-19 08:57:34 --> [DEPRECATED] Creation of dynamic property App\Controllers\ContactController::$likesModel is deprecated in APPPATH\Controllers\ContactController.php on line 30.
 1 SYSTEMPATH\CodeIgniter.php(913): App\Controllers\ContactController->__construct()
 2 SYSTEMPATH\CodeIgniter.php(493): CodeIgniter\CodeIgniter->createController()
 3 SYSTEMPATH\CodeIgniter.php(361): CodeIgniter\CodeIgniter->handleRequest(null, Object(Config\Cache), false)
 4 FCPATH\index.php(79): CodeIgniter\CodeIgniter->run()
WARNING - 2024-12-19 08:58:40 --> [DEPRECATED] Creation of dynamic property App\Controllers\ContactController::$citiesModel is deprecated in APPPATH\Controllers\ContactController.php on line 21.
 1 SYSTEMPATH\CodeIgniter.php(913): App\Controllers\ContactController->__construct()
 2 SYSTEMPATH\CodeIgniter.php(493): CodeIgniter\CodeIgniter->createController()
 3 SYSTEMPATH\CodeIgniter.php(361): CodeIgniter\CodeIgniter->handleRequest(null, Object(Config\Cache), false)
 4 FCPATH\index.php(79): CodeIgniter\CodeIgniter->run()
WARNING - 2024-12-19 08:58:40 --> [DEPRECATED] Creation of dynamic property App\Controllers\ContactController::$uttarakhandModel is deprecated in APPPATH\Controllers\ContactController.php on line 22.
 1 SYSTEMPATH\CodeIgniter.php(913): App\Controllers\ContactController->__construct()
 2 SYSTEMPATH\CodeIgniter.php(493): CodeIgniter\CodeIgniter->createController()
 3 SYSTEMPATH\CodeIgniter.php(361): CodeIgniter\CodeIgniter->handleRequest(null, Object(Config\Cache), false)
 4 FCPATH\index.php(79): CodeIgniter\CodeIgniter->run()
WARNING - 2024-12-19 08:58:40 --> [DEPRECATED] Creation of dynamic property App\Controllers\ContactController::$imageModel is deprecated in APPPATH\Controllers\ContactController.php on line 23.
 1 SYSTEMPATH\CodeIgniter.php(913): App\Controllers\ContactController->__construct()
 2 SYSTEMPATH\CodeIgniter.php(493): CodeIgniter\CodeIgniter->createController()
 3 SYSTEMPATH\CodeIgniter.php(361): CodeIgniter\CodeIgniter->handleRequest(null, Object(Config\Cache), false)
 4 FCPATH\index.php(79): CodeIgniter\CodeIgniter->run()
WARNING - 2024-12-19 08:58:40 --> [DEPRECATED] Creation of dynamic property App\Controllers\ContactController::$areaModel is deprecated in APPPATH\Controllers\ContactController.php on line 24.
 1 SYSTEMPATH\CodeIgniter.php(913): App\Controllers\ContactController->__construct()
 2 SYSTEMPATH\CodeIgniter.php(493): CodeIgniter\CodeIgniter->createController()
 3 SYSTEMPATH\CodeIgniter.php(361): CodeIgniter\CodeIgniter->handleRequest(null, Object(Config\Cache), false)
 4 FCPATH\index.php(79): CodeIgniter\CodeIgniter->run()
WARNING - 2024-12-19 08:58:40 --> [DEPRECATED] Creation of dynamic property App\Controllers\ContactController::$foodModel is deprecated in APPPATH\Controllers\ContactController.php on line 25.
 1 SYSTEMPATH\CodeIgniter.php(913): App\Controllers\ContactController->__construct()
 2 SYSTEMPATH\CodeIgniter.php(493): CodeIgniter\CodeIgniter->createController()
 3 SYSTEMPATH\CodeIgniter.php(361): CodeIgniter\CodeIgniter->handleRequest(null, Object(Config\Cache), false)
 4 FCPATH\index.php(79): CodeIgniter\CodeIgniter->run()
WARNING - 2024-12-19 08:58:40 --> [DEPRECATED] Creation of dynamic property App\Controllers\ContactController::$blogModel is deprecated in APPPATH\Controllers\ContactController.php on line 26.
 1 SYSTEMPATH\CodeIgniter.php(913): App\Controllers\ContactController->__construct()
 2 SYSTEMPATH\CodeIgniter.php(493): CodeIgniter\CodeIgniter->createController()
 3 SYSTEMPATH\CodeIgniter.php(361): CodeIgniter\CodeIgniter->handleRequest(null, Object(Config\Cache), false)
 4 FCPATH\index.php(79): CodeIgniter\CodeIgniter->run()
WARNING - 2024-12-19 08:58:40 --> [DEPRECATED] Creation of dynamic property App\Controllers\ContactController::$contactModel is deprecated in APPPATH\Controllers\ContactController.php on line 27.
 1 SYSTEMPATH\CodeIgniter.php(913): App\Controllers\ContactController->__construct()
 2 SYSTEMPATH\CodeIgniter.php(493): CodeIgniter\CodeIgniter->createController()
 3 SYSTEMPATH\CodeIgniter.php(361): CodeIgniter\CodeIgniter->handleRequest(null, Object(Config\Cache), false)
 4 FCPATH\index.php(79): CodeIgniter\CodeIgniter->run()
WARNING - 2024-12-19 08:58:40 --> [DEPRECATED] Creation of dynamic property App\Controllers\ContactController::$subscribersModel is deprecated in APPPATH\Controllers\ContactController.php on line 28.
 1 SYSTEMPATH\CodeIgniter.php(913): App\Controllers\ContactController->__construct()
 2 SYSTEMPATH\CodeIgniter.php(493): CodeIgniter\CodeIgniter->createController()
 3 SYSTEMPATH\CodeIgniter.php(361): CodeIgniter\CodeIgniter->handleRequest(null, Object(Config\Cache), false)
 4 FCPATH\index.php(79): CodeIgniter\CodeIgniter->run()
WARNING - 2024-12-19 08:58:40 --> [DEPRECATED] Creation of dynamic property App\Controllers\ContactController::$commentModel is deprecated in APPPATH\Controllers\ContactController.php on line 29.
 1 SYSTEMPATH\CodeIgniter.php(913): App\Controllers\ContactController->__construct()
 2 SYSTEMPATH\CodeIgniter.php(493): CodeIgniter\CodeIgniter->createController()
 3 SYSTEMPATH\CodeIgniter.php(361): CodeIgniter\CodeIgniter->handleRequest(null, Object(Config\Cache), false)
 4 FCPATH\index.php(79): CodeIgniter\CodeIgniter->run()
WARNING - 2024-12-19 08:58:40 --> [DEPRECATED] Creation of dynamic property App\Controllers\ContactController::$likesModel is deprecated in APPPATH\Controllers\ContactController.php on line 30.
 1 SYSTEMPATH\CodeIgniter.php(913): App\Controllers\ContactController->__construct()
 2 SYSTEMPATH\CodeIgniter.php(493): CodeIgniter\CodeIgniter->createController()
 3 SYSTEMPATH\CodeIgniter.php(361): CodeIgniter\CodeIgniter->handleRequest(null, Object(Config\Cache), false)
 4 FCPATH\index.php(79): CodeIgniter\CodeIgniter->run()
WARNING - 2024-12-19 08:59:12 --> [DEPRECATED] Creation of dynamic property App\Controllers\ContactController::$citiesModel is deprecated in APPPATH\Controllers\ContactController.php on line 21.
 1 SYSTEMPATH\CodeIgniter.php(913): App\Controllers\ContactController->__construct()
 2 SYSTEMPATH\CodeIgniter.php(493): CodeIgniter\CodeIgniter->createController()
 3 SYSTEMPATH\CodeIgniter.php(361): CodeIgniter\CodeIgniter->handleRequest(null, Object(Config\Cache), false)
 4 FCPATH\index.php(79): CodeIgniter\CodeIgniter->run()
WARNING - 2024-12-19 08:59:12 --> [DEPRECATED] Creation of dynamic property App\Controllers\ContactController::$uttarakhandModel is deprecated in APPPATH\Controllers\ContactController.php on line 22.
 1 SYSTEMPATH\CodeIgniter.php(913): App\Controllers\ContactController->__construct()
 2 SYSTEMPATH\CodeIgniter.php(493): CodeIgniter\CodeIgniter->createController()
 3 SYSTEMPATH\CodeIgniter.php(361): CodeIgniter\CodeIgniter->handleRequest(null, Object(Config\Cache), false)
 4 FCPATH\index.php(79): CodeIgniter\CodeIgniter->run()
WARNING - 2024-12-19 08:59:12 --> [DEPRECATED] Creation of dynamic property App\Controllers\ContactController::$imageModel is deprecated in APPPATH\Controllers\ContactController.php on line 23.
 1 SYSTEMPATH\CodeIgniter.php(913): App\Controllers\ContactController->__construct()
 2 SYSTEMPATH\CodeIgniter.php(493): CodeIgniter\CodeIgniter->createController()
 3 SYSTEMPATH\CodeIgniter.php(361): CodeIgniter\CodeIgniter->handleRequest(null, Object(Config\Cache), false)
 4 FCPATH\index.php(79): CodeIgniter\CodeIgniter->run()
WARNING - 2024-12-19 08:59:12 --> [DEPRECATED] Creation of dynamic property App\Controllers\ContactController::$areaModel is deprecated in APPPATH\Controllers\ContactController.php on line 24.
 1 SYSTEMPATH\CodeIgniter.php(913): App\Controllers\ContactController->__construct()
 2 SYSTEMPATH\CodeIgniter.php(493): CodeIgniter\CodeIgniter->createController()
 3 SYSTEMPATH\CodeIgniter.php(361): CodeIgniter\CodeIgniter->handleRequest(null, Object(Config\Cache), false)
 4 FCPATH\index.php(79): CodeIgniter\CodeIgniter->run()
WARNING - 2024-12-19 08:59:12 --> [DEPRECATED] Creation of dynamic property App\Controllers\ContactController::$foodModel is deprecated in APPPATH\Controllers\ContactController.php on line 25.
 1 SYSTEMPATH\CodeIgniter.php(913): App\Controllers\ContactController->__construct()
 2 SYSTEMPATH\CodeIgniter.php(493): CodeIgniter\CodeIgniter->createController()
 3 SYSTEMPATH\CodeIgniter.php(361): CodeIgniter\CodeIgniter->handleRequest(null, Object(Config\Cache), false)
 4 FCPATH\index.php(79): CodeIgniter\CodeIgniter->run()
WARNING - 2024-12-19 08:59:12 --> [DEPRECATED] Creation of dynamic property App\Controllers\ContactController::$blogModel is deprecated in APPPATH\Controllers\ContactController.php on line 26.
 1 SYSTEMPATH\CodeIgniter.php(913): App\Controllers\ContactController->__construct()
 2 SYSTEMPATH\CodeIgniter.php(493): CodeIgniter\CodeIgniter->createController()
 3 SYSTEMPATH\CodeIgniter.php(361): CodeIgniter\CodeIgniter->handleRequest(null, Object(Config\Cache), false)
 4 FCPATH\index.php(79): CodeIgniter\CodeIgniter->run()
WARNING - 2024-12-19 08:59:12 --> [DEPRECATED] Creation of dynamic property App\Controllers\ContactController::$contactModel is deprecated in APPPATH\Controllers\ContactController.php on line 27.
 1 SYSTEMPATH\CodeIgniter.php(913): App\Controllers\ContactController->__construct()
 2 SYSTEMPATH\CodeIgniter.php(493): CodeIgniter\CodeIgniter->createController()
 3 SYSTEMPATH\CodeIgniter.php(361): CodeIgniter\CodeIgniter->handleRequest(null, Object(Config\Cache), false)
 4 FCPATH\index.php(79): CodeIgniter\CodeIgniter->run()
WARNING - 2024-12-19 08:59:12 --> [DEPRECATED] Creation of dynamic property App\Controllers\ContactController::$subscribersModel is deprecated in APPPATH\Controllers\ContactController.php on line 28.
 1 SYSTEMPATH\CodeIgniter.php(913): App\Controllers\ContactController->__construct()
 2 SYSTEMPATH\CodeIgniter.php(493): CodeIgniter\CodeIgniter->createController()
 3 SYSTEMPATH\CodeIgniter.php(361): CodeIgniter\CodeIgniter->handleRequest(null, Object(Config\Cache), false)
 4 FCPATH\index.php(79): CodeIgniter\CodeIgniter->run()
WARNING - 2024-12-19 08:59:12 --> [DEPRECATED] Creation of dynamic property App\Controllers\ContactController::$commentModel is deprecated in APPPATH\Controllers\ContactController.php on line 29.
 1 SYSTEMPATH\CodeIgniter.php(913): App\Controllers\ContactController->__construct()
 2 SYSTEMPATH\CodeIgniter.php(493): CodeIgniter\CodeIgniter->createController()
 3 SYSTEMPATH\CodeIgniter.php(361): CodeIgniter\CodeIgniter->handleRequest(null, Object(Config\Cache), false)
 4 FCPATH\index.php(79): CodeIgniter\CodeIgniter->run()
WARNING - 2024-12-19 08:59:12 --> [DEPRECATED] Creation of dynamic property App\Controllers\ContactController::$likesModel is deprecated in APPPATH\Controllers\ContactController.php on line 30.
 1 SYSTEMPATH\CodeIgniter.php(913): App\Controllers\ContactController->__construct()
 2 SYSTEMPATH\CodeIgniter.php(493): CodeIgniter\CodeIgniter->createController()
 3 SYSTEMPATH\CodeIgniter.php(361): CodeIgniter\CodeIgniter->handleRequest(null, Object(Config\Cache), false)
 4 FCPATH\index.php(79): CodeIgniter\CodeIgniter->run()
WARNING - 2024-12-19 09:01:40 --> [DEPRECATED] Creation of dynamic property App\Controllers\ContactController::$citiesModel is deprecated in APPPATH\Controllers\ContactController.php on line 21.
 1 SYSTEMPATH\CodeIgniter.php(913): App\Controllers\ContactController->__construct()
 2 SYSTEMPATH\CodeIgniter.php(493): CodeIgniter\CodeIgniter->createController()
 3 SYSTEMPATH\CodeIgniter.php(361): CodeIgniter\CodeIgniter->handleRequest(null, Object(Config\Cache), false)
 4 FCPATH\index.php(79): CodeIgniter\CodeIgniter->run()
WARNING - 2024-12-19 09:01:40 --> [DEPRECATED] Creation of dynamic property App\Controllers\ContactController::$uttarakhandModel is deprecated in APPPATH\Controllers\ContactController.php on line 22.
 1 SYSTEMPATH\CodeIgniter.php(913): App\Controllers\ContactController->__construct()
 2 SYSTEMPATH\CodeIgniter.php(493): CodeIgniter\CodeIgniter->createController()
 3 SYSTEMPATH\CodeIgniter.php(361): CodeIgniter\CodeIgniter->handleRequest(null, Object(Config\Cache), false)
 4 FCPATH\index.php(79): CodeIgniter\CodeIgniter->run()
WARNING - 2024-12-19 09:01:40 --> [DEPRECATED] Creation of dynamic property App\Controllers\ContactController::$imageModel is deprecated in APPPATH\Controllers\ContactController.php on line 23.
 1 SYSTEMPATH\CodeIgniter.php(913): App\Controllers\ContactController->__construct()
 2 SYSTEMPATH\CodeIgniter.php(493): CodeIgniter\CodeIgniter->createController()
 3 SYSTEMPATH\CodeIgniter.php(361): CodeIgniter\CodeIgniter->handleRequest(null, Object(Config\Cache), false)
 4 FCPATH\index.php(79): CodeIgniter\CodeIgniter->run()
WARNING - 2024-12-19 09:01:40 --> [DEPRECATED] Creation of dynamic property App\Controllers\ContactController::$areaModel is deprecated in APPPATH\Controllers\ContactController.php on line 24.
 1 SYSTEMPATH\CodeIgniter.php(913): App\Controllers\ContactController->__construct()
 2 SYSTEMPATH\CodeIgniter.php(493): CodeIgniter\CodeIgniter->createController()
 3 SYSTEMPATH\CodeIgniter.php(361): CodeIgniter\CodeIgniter->handleRequest(null, Object(Config\Cache), false)
 4 FCPATH\index.php(79): CodeIgniter\CodeIgniter->run()
WARNING - 2024-12-19 09:01:40 --> [DEPRECATED] Creation of dynamic property App\Controllers\ContactController::$foodModel is deprecated in APPPATH\Controllers\ContactController.php on line 25.
 1 SYSTEMPATH\CodeIgniter.php(913): App\Controllers\ContactController->__construct()
 2 SYSTEMPATH\CodeIgniter.php(493): CodeIgniter\CodeIgniter->createController()
 3 SYSTEMPATH\CodeIgniter.php(361): CodeIgniter\CodeIgniter->handleRequest(null, Object(Config\Cache), false)
 4 FCPATH\index.php(79): CodeIgniter\CodeIgniter->run()
WARNING - 2024-12-19 09:01:40 --> [DEPRECATED] Creation of dynamic property App\Controllers\ContactController::$blogModel is deprecated in APPPATH\Controllers\ContactController.php on line 26.
 1 SYSTEMPATH\CodeIgniter.php(913): App\Controllers\ContactController->__construct()
 2 SYSTEMPATH\CodeIgniter.php(493): CodeIgniter\CodeIgniter->createController()
 3 SYSTEMPATH\CodeIgniter.php(361): CodeIgniter\CodeIgniter->handleRequest(null, Object(Config\Cache), false)
 4 FCPATH\index.php(79): CodeIgniter\CodeIgniter->run()
WARNING - 2024-12-19 09:01:40 --> [DEPRECATED] Creation of dynamic property App\Controllers\ContactController::$contactModel is deprecated in APPPATH\Controllers\ContactController.php on line 27.
 1 SYSTEMPATH\CodeIgniter.php(913): App\Controllers\ContactController->__construct()
 2 SYSTEMPATH\CodeIgniter.php(493): CodeIgniter\CodeIgniter->createController()
 3 SYSTEMPATH\CodeIgniter.php(361): CodeIgniter\CodeIgniter->handleRequest(null, Object(Config\Cache), false)
 4 FCPATH\index.php(79): CodeIgniter\CodeIgniter->run()
WARNING - 2024-12-19 09:01:40 --> [DEPRECATED] Creation of dynamic property App\Controllers\ContactController::$subscribersModel is deprecated in APPPATH\Controllers\ContactController.php on line 28.
 1 SYSTEMPATH\CodeIgniter.php(913): App\Controllers\ContactController->__construct()
 2 SYSTEMPATH\CodeIgniter.php(493): CodeIgniter\CodeIgniter->createController()
 3 SYSTEMPATH\CodeIgniter.php(361): CodeIgniter\CodeIgniter->handleRequest(null, Object(Config\Cache), false)
 4 FCPATH\index.php(79): CodeIgniter\CodeIgniter->run()
WARNING - 2024-12-19 09:01:40 --> [DEPRECATED] Creation of dynamic property App\Controllers\ContactController::$commentModel is deprecated in APPPATH\Controllers\ContactController.php on line 29.
 1 SYSTEMPATH\CodeIgniter.php(913): App\Controllers\ContactController->__construct()
 2 SYSTEMPATH\CodeIgniter.php(493): CodeIgniter\CodeIgniter->createController()
 3 SYSTEMPATH\CodeIgniter.php(361): CodeIgniter\CodeIgniter->handleRequest(null, Object(Config\Cache), false)
 4 FCPATH\index.php(79): CodeIgniter\CodeIgniter->run()
WARNING - 2024-12-19 09:01:40 --> [DEPRECATED] Creation of dynamic property App\Controllers\ContactController::$likesModel is deprecated in APPPATH\Controllers\ContactController.php on line 30.
 1 SYSTEMPATH\CodeIgniter.php(913): App\Controllers\ContactController->__construct()
 2 SYSTEMPATH\CodeIgniter.php(493): CodeIgniter\CodeIgniter->createController()
 3 SYSTEMPATH\CodeIgniter.php(361): CodeIgniter\CodeIgniter->handleRequest(null, Object(Config\Cache), false)
 4 FCPATH\index.php(79): CodeIgniter\CodeIgniter->run()
WARNING - 2024-12-19 09:03:22 --> [DEPRECATED] Creation of dynamic property App\Controllers\ContactController::$citiesModel is deprecated in APPPATH\Controllers\ContactController.php on line 21.
 1 SYSTEMPATH\CodeIgniter.php(913): App\Controllers\ContactController->__construct()
 2 SYSTEMPATH\CodeIgniter.php(493): CodeIgniter\CodeIgniter->createController()
 3 SYSTEMPATH\CodeIgniter.php(361): CodeIgniter\CodeIgniter->handleRequest(null, Object(Config\Cache), false)
 4 FCPATH\index.php(79): CodeIgniter\CodeIgniter->run()
WARNING - 2024-12-19 09:03:22 --> [DEPRECATED] Creation of dynamic property App\Controllers\ContactController::$uttarakhandModel is deprecated in APPPATH\Controllers\ContactController.php on line 22.
 1 SYSTEMPATH\CodeIgniter.php(913): App\Controllers\ContactController->__construct()
 2 SYSTEMPATH\CodeIgniter.php(493): CodeIgniter\CodeIgniter->createController()
 3 SYSTEMPATH\CodeIgniter.php(361): CodeIgniter\CodeIgniter->handleRequest(null, Object(Config\Cache), false)
 4 FCPATH\index.php(79): CodeIgniter\CodeIgniter->run()
WARNING - 2024-12-19 09:03:22 --> [DEPRECATED] Creation of dynamic property App\Controllers\ContactController::$imageModel is deprecated in APPPATH\Controllers\ContactController.php on line 23.
 1 SYSTEMPATH\CodeIgniter.php(913): App\Controllers\ContactController->__construct()
 2 SYSTEMPATH\CodeIgniter.php(493): CodeIgniter\CodeIgniter->createController()
 3 SYSTEMPATH\CodeIgniter.php(361): CodeIgniter\CodeIgniter->handleRequest(null, Object(Config\Cache), false)
 4 FCPATH\index.php(79): CodeIgniter\CodeIgniter->run()
WARNING - 2024-12-19 09:03:22 --> [DEPRECATED] Creation of dynamic property App\Controllers\ContactController::$areaModel is deprecated in APPPATH\Controllers\ContactController.php on line 24.
 1 SYSTEMPATH\CodeIgniter.php(913): App\Controllers\ContactController->__construct()
 2 SYSTEMPATH\CodeIgniter.php(493): CodeIgniter\CodeIgniter->createController()
 3 SYSTEMPATH\CodeIgniter.php(361): CodeIgniter\CodeIgniter->handleRequest(null, Object(Config\Cache), false)
 4 FCPATH\index.php(79): CodeIgniter\CodeIgniter->run()
WARNING - 2024-12-19 09:03:22 --> [DEPRECATED] Creation of dynamic property App\Controllers\ContactController::$foodModel is deprecated in APPPATH\Controllers\ContactController.php on line 25.
 1 SYSTEMPATH\CodeIgniter.php(913): App\Controllers\ContactController->__construct()
 2 SYSTEMPATH\CodeIgniter.php(493): CodeIgniter\CodeIgniter->createController()
 3 SYSTEMPATH\CodeIgniter.php(361): CodeIgniter\CodeIgniter->handleRequest(null, Object(Config\Cache), false)
 4 FCPATH\index.php(79): CodeIgniter\CodeIgniter->run()
WARNING - 2024-12-19 09:03:22 --> [DEPRECATED] Creation of dynamic property App\Controllers\ContactController::$blogModel is deprecated in APPPATH\Controllers\ContactController.php on line 26.
 1 SYSTEMPATH\CodeIgniter.php(913): App\Controllers\ContactController->__construct()
 2 SYSTEMPATH\CodeIgniter.php(493): CodeIgniter\CodeIgniter->createController()
 3 SYSTEMPATH\CodeIgniter.php(361): CodeIgniter\CodeIgniter->handleRequest(null, Object(Config\Cache), false)
 4 FCPATH\index.php(79): CodeIgniter\CodeIgniter->run()
WARNING - 2024-12-19 09:03:22 --> [DEPRECATED] Creation of dynamic property App\Controllers\ContactController::$contactModel is deprecated in APPPATH\Controllers\ContactController.php on line 27.
 1 SYSTEMPATH\CodeIgniter.php(913): App\Controllers\ContactController->__construct()
 2 SYSTEMPATH\CodeIgniter.php(493): CodeIgniter\CodeIgniter->createController()
 3 SYSTEMPATH\CodeIgniter.php(361): CodeIgniter\CodeIgniter->handleRequest(null, Object(Config\Cache), false)
 4 FCPATH\index.php(79): CodeIgniter\CodeIgniter->run()
WARNING - 2024-12-19 09:03:22 --> [DEPRECATED] Creation of dynamic property App\Controllers\ContactController::$subscribersModel is deprecated in APPPATH\Controllers\ContactController.php on line 28.
 1 SYSTEMPATH\CodeIgniter.php(913): App\Controllers\ContactController->__construct()
 2 SYSTEMPATH\CodeIgniter.php(493): CodeIgniter\CodeIgniter->createController()
 3 SYSTEMPATH\CodeIgniter.php(361): CodeIgniter\CodeIgniter->handleRequest(null, Object(Config\Cache), false)
 4 FCPATH\index.php(79): CodeIgniter\CodeIgniter->run()
WARNING - 2024-12-19 09:03:22 --> [DEPRECATED] Creation of dynamic property App\Controllers\ContactController::$commentModel is deprecated in APPPATH\Controllers\ContactController.php on line 29.
 1 SYSTEMPATH\CodeIgniter.php(913): App\Controllers\ContactController->__construct()
 2 SYSTEMPATH\CodeIgniter.php(493): CodeIgniter\CodeIgniter->createController()
 3 SYSTEMPATH\CodeIgniter.php(361): CodeIgniter\CodeIgniter->handleRequest(null, Object(Config\Cache), false)
 4 FCPATH\index.php(79): CodeIgniter\CodeIgniter->run()
WARNING - 2024-12-19 09:03:22 --> [DEPRECATED] Creation of dynamic property App\Controllers\ContactController::$likesModel is deprecated in APPPATH\Controllers\ContactController.php on line 30.
 1 SYSTEMPATH\CodeIgniter.php(913): App\Controllers\ContactController->__construct()
 2 SYSTEMPATH\CodeIgniter.php(493): CodeIgniter\CodeIgniter->createController()
 3 SYSTEMPATH\CodeIgniter.php(361): CodeIgniter\CodeIgniter->handleRequest(null, Object(Config\Cache), false)
 4 FCPATH\index.php(79): CodeIgniter\CodeIgniter->run()
WARNING - 2024-12-19 09:05:15 --> [DEPRECATED] Creation of dynamic property App\Controllers\ContactController::$citiesModel is deprecated in APPPATH\Controllers\ContactController.php on line 21.
 1 SYSTEMPATH\CodeIgniter.php(913): App\Controllers\ContactController->__construct()
 2 SYSTEMPATH\CodeIgniter.php(493): CodeIgniter\CodeIgniter->createController()
 3 SYSTEMPATH\CodeIgniter.php(361): CodeIgniter\CodeIgniter->handleRequest(null, Object(Config\Cache), false)
 4 FCPATH\index.php(79): CodeIgniter\CodeIgniter->run()
WARNING - 2024-12-19 09:05:15 --> [DEPRECATED] Creation of dynamic property App\Controllers\ContactController::$uttarakhandModel is deprecated in APPPATH\Controllers\ContactController.php on line 22.
 1 SYSTEMPATH\CodeIgniter.php(913): App\Controllers\ContactController->__construct()
 2 SYSTEMPATH\CodeIgniter.php(493): CodeIgniter\CodeIgniter->createController()
 3 SYSTEMPATH\CodeIgniter.php(361): CodeIgniter\CodeIgniter->handleRequest(null, Object(Config\Cache), false)
 4 FCPATH\index.php(79): CodeIgniter\CodeIgniter->run()
WARNING - 2024-12-19 09:05:15 --> [DEPRECATED] Creation of dynamic property App\Controllers\ContactController::$imageModel is deprecated in APPPATH\Controllers\ContactController.php on line 23.
 1 SYSTEMPATH\CodeIgniter.php(913): App\Controllers\ContactController->__construct()
 2 SYSTEMPATH\CodeIgniter.php(493): CodeIgniter\CodeIgniter->createController()
 3 SYSTEMPATH\CodeIgniter.php(361): CodeIgniter\CodeIgniter->handleRequest(null, Object(Config\Cache), false)
 4 FCPATH\index.php(79): CodeIgniter\CodeIgniter->run()
WARNING - 2024-12-19 09:05:15 --> [DEPRECATED] Creation of dynamic property App\Controllers\ContactController::$areaModel is deprecated in APPPATH\Controllers\ContactController.php on line 24.
 1 SYSTEMPATH\CodeIgniter.php(913): App\Controllers\ContactController->__construct()
 2 SYSTEMPATH\CodeIgniter.php(493): CodeIgniter\CodeIgniter->createController()
 3 SYSTEMPATH\CodeIgniter.php(361): CodeIgniter\CodeIgniter->handleRequest(null, Object(Config\Cache), false)
 4 FCPATH\index.php(79): CodeIgniter\CodeIgniter->run()
WARNING - 2024-12-19 09:05:15 --> [DEPRECATED] Creation of dynamic property App\Controllers\ContactController::$foodModel is deprecated in APPPATH\Controllers\ContactController.php on line 25.
 1 SYSTEMPATH\CodeIgniter.php(913): App\Controllers\ContactController->__construct()
 2 SYSTEMPATH\CodeIgniter.php(493): CodeIgniter\CodeIgniter->createController()
 3 SYSTEMPATH\CodeIgniter.php(361): CodeIgniter\CodeIgniter->handleRequest(null, Object(Config\Cache), false)
 4 FCPATH\index.php(79): CodeIgniter\CodeIgniter->run()
WARNING - 2024-12-19 09:05:15 --> [DEPRECATED] Creation of dynamic property App\Controllers\ContactController::$blogModel is deprecated in APPPATH\Controllers\ContactController.php on line 26.
 1 SYSTEMPATH\CodeIgniter.php(913): App\Controllers\ContactController->__construct()
 2 SYSTEMPATH\CodeIgniter.php(493): CodeIgniter\CodeIgniter->createController()
 3 SYSTEMPATH\CodeIgniter.php(361): CodeIgniter\CodeIgniter->handleRequest(null, Object(Config\Cache), false)
 4 FCPATH\index.php(79): CodeIgniter\CodeIgniter->run()
WARNING - 2024-12-19 09:05:15 --> [DEPRECATED] Creation of dynamic property App\Controllers\ContactController::$contactModel is deprecated in APPPATH\Controllers\ContactController.php on line 27.
 1 SYSTEMPATH\CodeIgniter.php(913): App\Controllers\ContactController->__construct()
 2 SYSTEMPATH\CodeIgniter.php(493): CodeIgniter\CodeIgniter->createController()
 3 SYSTEMPATH\CodeIgniter.php(361): CodeIgniter\CodeIgniter->handleRequest(null, Object(Config\Cache), false)
 4 FCPATH\index.php(79): CodeIgniter\CodeIgniter->run()
WARNING - 2024-12-19 09:05:15 --> [DEPRECATED] Creation of dynamic property App\Controllers\ContactController::$subscribersModel is deprecated in APPPATH\Controllers\ContactController.php on line 28.
 1 SYSTEMPATH\CodeIgniter.php(913): App\Controllers\ContactController->__construct()
 2 SYSTEMPATH\CodeIgniter.php(493): CodeIgniter\CodeIgniter->createController()
 3 SYSTEMPATH\CodeIgniter.php(361): CodeIgniter\CodeIgniter->handleRequest(null, Object(Config\Cache), false)
 4 FCPATH\index.php(79): CodeIgniter\CodeIgniter->run()
WARNING - 2024-12-19 09:05:15 --> [DEPRECATED] Creation of dynamic property App\Controllers\ContactController::$commentModel is deprecated in APPPATH\Controllers\ContactController.php on line 29.
 1 SYSTEMPATH\CodeIgniter.php(913): App\Controllers\ContactController->__construct()
 2 SYSTEMPATH\CodeIgniter.php(493): CodeIgniter\CodeIgniter->createController()
 3 SYSTEMPATH\CodeIgniter.php(361): CodeIgniter\CodeIgniter->handleRequest(null, Object(Config\Cache), false)
 4 FCPATH\index.php(79): CodeIgniter\CodeIgniter->run()
WARNING - 2024-12-19 09:05:15 --> [DEPRECATED] Creation of dynamic property App\Controllers\ContactController::$likesModel is deprecated in APPPATH\Controllers\ContactController.php on line 30.
 1 SYSTEMPATH\CodeIgniter.php(913): App\Controllers\ContactController->__construct()
 2 SYSTEMPATH\CodeIgniter.php(493): CodeIgniter\CodeIgniter->createController()
 3 SYSTEMPATH\CodeIgniter.php(361): CodeIgniter\CodeIgniter->handleRequest(null, Object(Config\Cache), false)
 4 FCPATH\index.php(79): CodeIgniter\CodeIgniter->run()
WARNING - 2024-12-19 09:05:48 --> [DEPRECATED] Creation of dynamic property App\Controllers\ContactController::$citiesModel is deprecated in APPPATH\Controllers\ContactController.php on line 21.
 1 SYSTEMPATH\CodeIgniter.php(913): App\Controllers\ContactController->__construct()
 2 SYSTEMPATH\CodeIgniter.php(493): CodeIgniter\CodeIgniter->createController()
 3 SYSTEMPATH\CodeIgniter.php(361): CodeIgniter\CodeIgniter->handleRequest(null, Object(Config\Cache), false)
 4 FCPATH\index.php(79): CodeIgniter\CodeIgniter->run()
WARNING - 2024-12-19 09:05:48 --> [DEPRECATED] Creation of dynamic property App\Controllers\ContactController::$uttarakhandModel is deprecated in APPPATH\Controllers\ContactController.php on line 22.
 1 SYSTEMPATH\CodeIgniter.php(913): App\Controllers\ContactController->__construct()
 2 SYSTEMPATH\CodeIgniter.php(493): CodeIgniter\CodeIgniter->createController()
 3 SYSTEMPATH\CodeIgniter.php(361): CodeIgniter\CodeIgniter->handleRequest(null, Object(Config\Cache), false)
 4 FCPATH\index.php(79): CodeIgniter\CodeIgniter->run()
WARNING - 2024-12-19 09:05:48 --> [DEPRECATED] Creation of dynamic property App\Controllers\ContactController::$imageModel is deprecated in APPPATH\Controllers\ContactController.php on line 23.
 1 SYSTEMPATH\CodeIgniter.php(913): App\Controllers\ContactController->__construct()
 2 SYSTEMPATH\CodeIgniter.php(493): CodeIgniter\CodeIgniter->createController()
 3 SYSTEMPATH\CodeIgniter.php(361): CodeIgniter\CodeIgniter->handleRequest(null, Object(Config\Cache), false)
 4 FCPATH\index.php(79): CodeIgniter\CodeIgniter->run()
WARNING - 2024-12-19 09:05:48 --> [DEPRECATED] Creation of dynamic property App\Controllers\ContactController::$areaModel is deprecated in APPPATH\Controllers\ContactController.php on line 24.
 1 SYSTEMPATH\CodeIgniter.php(913): App\Controllers\ContactController->__construct()
 2 SYSTEMPATH\CodeIgniter.php(493): CodeIgniter\CodeIgniter->createController()
 3 SYSTEMPATH\CodeIgniter.php(361): CodeIgniter\CodeIgniter->handleRequest(null, Object(Config\Cache), false)
 4 FCPATH\index.php(79): CodeIgniter\CodeIgniter->run()
WARNING - 2024-12-19 09:05:48 --> [DEPRECATED] Creation of dynamic property App\Controllers\ContactController::$foodModel is deprecated in APPPATH\Controllers\ContactController.php on line 25.
 1 SYSTEMPATH\CodeIgniter.php(913): App\Controllers\ContactController->__construct()
 2 SYSTEMPATH\CodeIgniter.php(493): CodeIgniter\CodeIgniter->createController()
 3 SYSTEMPATH\CodeIgniter.php(361): CodeIgniter\CodeIgniter->handleRequest(null, Object(Config\Cache), false)
 4 FCPATH\index.php(79): CodeIgniter\CodeIgniter->run()
WARNING - 2024-12-19 09:05:48 --> [DEPRECATED] Creation of dynamic property App\Controllers\ContactController::$blogModel is deprecated in APPPATH\Controllers\ContactController.php on line 26.
 1 SYSTEMPATH\CodeIgniter.php(913): App\Controllers\ContactController->__construct()
 2 SYSTEMPATH\CodeIgniter.php(493): CodeIgniter\CodeIgniter->createController()
 3 SYSTEMPATH\CodeIgniter.php(361): CodeIgniter\CodeIgniter->handleRequest(null, Object(Config\Cache), false)
 4 FCPATH\index.php(79): CodeIgniter\CodeIgniter->run()
WARNING - 2024-12-19 09:05:48 --> [DEPRECATED] Creation of dynamic property App\Controllers\ContactController::$contactModel is deprecated in APPPATH\Controllers\ContactController.php on line 27.
 1 SYSTEMPATH\CodeIgniter.php(913): App\Controllers\ContactController->__construct()
 2 SYSTEMPATH\CodeIgniter.php(493): CodeIgniter\CodeIgniter->createController()
 3 SYSTEMPATH\CodeIgniter.php(361): CodeIgniter\CodeIgniter->handleRequest(null, Object(Config\Cache), false)
 4 FCPATH\index.php(79): CodeIgniter\CodeIgniter->run()
WARNING - 2024-12-19 09:05:48 --> [DEPRECATED] Creation of dynamic property App\Controllers\ContactController::$subscribersModel is deprecated in APPPATH\Controllers\ContactController.php on line 28.
 1 SYSTEMPATH\CodeIgniter.php(913): App\Controllers\ContactController->__construct()
 2 SYSTEMPATH\CodeIgniter.php(493): CodeIgniter\CodeIgniter->createController()
 3 SYSTEMPATH\CodeIgniter.php(361): CodeIgniter\CodeIgniter->handleRequest(null, Object(Config\Cache), false)
 4 FCPATH\index.php(79): CodeIgniter\CodeIgniter->run()
WARNING - 2024-12-19 09:05:48 --> [DEPRECATED] Creation of dynamic property App\Controllers\ContactController::$commentModel is deprecated in APPPATH\Controllers\ContactController.php on line 29.
 1 SYSTEMPATH\CodeIgniter.php(913): App\Controllers\ContactController->__construct()
 2 SYSTEMPATH\CodeIgniter.php(493): CodeIgniter\CodeIgniter->createController()
 3 SYSTEMPATH\CodeIgniter.php(361): CodeIgniter\CodeIgniter->handleRequest(null, Object(Config\Cache), false)
 4 FCPATH\index.php(79): CodeIgniter\CodeIgniter->run()
WARNING - 2024-12-19 09:05:48 --> [DEPRECATED] Creation of dynamic property App\Controllers\ContactController::$likesModel is deprecated in APPPATH\Controllers\ContactController.php on line 30.
 1 SYSTEMPATH\CodeIgniter.php(913): App\Controllers\ContactController->__construct()
 2 SYSTEMPATH\CodeIgniter.php(493): CodeIgniter\CodeIgniter->createController()
 3 SYSTEMPATH\CodeIgniter.php(361): CodeIgniter\CodeIgniter->handleRequest(null, Object(Config\Cache), false)
 4 FCPATH\index.php(79): CodeIgniter\CodeIgniter->run()
WARNING - 2024-12-19 09:08:35 --> [DEPRECATED] Creation of dynamic property App\Controllers\ContactController::$citiesModel is deprecated in APPPATH\Controllers\ContactController.php on line 21.
 1 SYSTEMPATH\CodeIgniter.php(913): App\Controllers\ContactController->__construct()
 2 SYSTEMPATH\CodeIgniter.php(493): CodeIgniter\CodeIgniter->createController()
 3 SYSTEMPATH\CodeIgniter.php(361): CodeIgniter\CodeIgniter->handleRequest(null, Object(Config\Cache), false)
 4 FCPATH\index.php(79): CodeIgniter\CodeIgniter->run()
WARNING - 2024-12-19 09:08:35 --> [DEPRECATED] Creation of dynamic property App\Controllers\ContactController::$uttarakhandModel is deprecated in APPPATH\Controllers\ContactController.php on line 22.
 1 SYSTEMPATH\CodeIgniter.php(913): App\Controllers\ContactController->__construct()
 2 SYSTEMPATH\CodeIgniter.php(493): CodeIgniter\CodeIgniter->createController()
 3 SYSTEMPATH\CodeIgniter.php(361): CodeIgniter\CodeIgniter->handleRequest(null, Object(Config\Cache), false)
 4 FCPATH\index.php(79): CodeIgniter\CodeIgniter->run()
WARNING - 2024-12-19 09:08:35 --> [DEPRECATED] Creation of dynamic property App\Controllers\ContactController::$imageModel is deprecated in APPPATH\Controllers\ContactController.php on line 23.
 1 SYSTEMPATH\CodeIgniter.php(913): App\Controllers\ContactController->__construct()
 2 SYSTEMPATH\CodeIgniter.php(493): CodeIgniter\CodeIgniter->createController()
 3 SYSTEMPATH\CodeIgniter.php(361): CodeIgniter\CodeIgniter->handleRequest(null, Object(Config\Cache), false)
 4 FCPATH\index.php(79): CodeIgniter\CodeIgniter->run()
WARNING - 2024-12-19 09:08:35 --> [DEPRECATED] Creation of dynamic property App\Controllers\ContactController::$areaModel is deprecated in APPPATH\Controllers\ContactController.php on line 24.
 1 SYSTEMPATH\CodeIgniter.php(913): App\Controllers\ContactController->__construct()
 2 SYSTEMPATH\CodeIgniter.php(493): CodeIgniter\CodeIgniter->createController()
 3 SYSTEMPATH\CodeIgniter.php(361): CodeIgniter\CodeIgniter->handleRequest(null, Object(Config\Cache), false)
 4 FCPATH\index.php(79): CodeIgniter\CodeIgniter->run()
WARNING - 2024-12-19 09:08:35 --> [DEPRECATED] Creation of dynamic property App\Controllers\ContactController::$foodModel is deprecated in APPPATH\Controllers\ContactController.php on line 25.
 1 SYSTEMPATH\CodeIgniter.php(913): App\Controllers\ContactController->__construct()
 2 SYSTEMPATH\CodeIgniter.php(493): CodeIgniter\CodeIgniter->createController()
 3 SYSTEMPATH\CodeIgniter.php(361): CodeIgniter\CodeIgniter->handleRequest(null, Object(Config\Cache), false)
 4 FCPATH\index.php(79): CodeIgniter\CodeIgniter->run()
WARNING - 2024-12-19 09:08:35 --> [DEPRECATED] Creation of dynamic property App\Controllers\ContactController::$blogModel is deprecated in APPPATH\Controllers\ContactController.php on line 26.
 1 SYSTEMPATH\CodeIgniter.php(913): App\Controllers\ContactController->__construct()
 2 SYSTEMPATH\CodeIgniter.php(493): CodeIgniter\CodeIgniter->createController()
 3 SYSTEMPATH\CodeIgniter.php(361): CodeIgniter\CodeIgniter->handleRequest(null, Object(Config\Cache), false)
 4 FCPATH\index.php(79): CodeIgniter\CodeIgniter->run()
WARNING - 2024-12-19 09:08:35 --> [DEPRECATED] Creation of dynamic property App\Controllers\ContactController::$contactModel is deprecated in APPPATH\Controllers\ContactController.php on line 27.
 1 SYSTEMPATH\CodeIgniter.php(913): App\Controllers\ContactController->__construct()
 2 SYSTEMPATH\CodeIgniter.php(493): CodeIgniter\CodeIgniter->createController()
 3 SYSTEMPATH\CodeIgniter.php(361): CodeIgniter\CodeIgniter->handleRequest(null, Object(Config\Cache), false)
 4 FCPATH\index.php(79): CodeIgniter\CodeIgniter->run()
WARNING - 2024-12-19 09:08:35 --> [DEPRECATED] Creation of dynamic property App\Controllers\ContactController::$subscribersModel is deprecated in APPPATH\Controllers\ContactController.php on line 28.
 1 SYSTEMPATH\CodeIgniter.php(913): App\Controllers\ContactController->__construct()
 2 SYSTEMPATH\CodeIgniter.php(493): CodeIgniter\CodeIgniter->createController()
 3 SYSTEMPATH\CodeIgniter.php(361): CodeIgniter\CodeIgniter->handleRequest(null, Object(Config\Cache), false)
 4 FCPATH\index.php(79): CodeIgniter\CodeIgniter->run()
WARNING - 2024-12-19 09:08:35 --> [DEPRECATED] Creation of dynamic property App\Controllers\ContactController::$commentModel is deprecated in APPPATH\Controllers\ContactController.php on line 29.
 1 SYSTEMPATH\CodeIgniter.php(913): App\Controllers\ContactController->__construct()
 2 SYSTEMPATH\CodeIgniter.php(493): CodeIgniter\CodeIgniter->createController()
 3 SYSTEMPATH\CodeIgniter.php(361): CodeIgniter\CodeIgniter->handleRequest(null, Object(Config\Cache), false)
 4 FCPATH\index.php(79): CodeIgniter\CodeIgniter->run()
WARNING - 2024-12-19 09:08:35 --> [DEPRECATED] Creation of dynamic property App\Controllers\ContactController::$likesModel is deprecated in APPPATH\Controllers\ContactController.php on line 30.
 1 SYSTEMPATH\CodeIgniter.php(913): App\Controllers\ContactController->__construct()
 2 SYSTEMPATH\CodeIgniter.php(493): CodeIgniter\CodeIgniter->createController()
 3 SYSTEMPATH\CodeIgniter.php(361): CodeIgniter\CodeIgniter->handleRequest(null, Object(Config\Cache), false)
 4 FCPATH\index.php(79): CodeIgniter\CodeIgniter->run()
WARNING - 2024-12-19 10:17:38 --> [DEPRECATED] Creation of dynamic property App\Controllers\ContactController::$citiesModel is deprecated in APPPATH\Controllers\ContactController.php on line 21.
 1 SYSTEMPATH\CodeIgniter.php(913): App\Controllers\ContactController->__construct()
 2 SYSTEMPATH\CodeIgniter.php(493): CodeIgniter\CodeIgniter->createController()
 3 SYSTEMPATH\CodeIgniter.php(361): CodeIgniter\CodeIgniter->handleRequest(null, Object(Config\Cache), false)
 4 FCPATH\index.php(79): CodeIgniter\CodeIgniter->run()
WARNING - 2024-12-19 10:17:38 --> [DEPRECATED] Creation of dynamic property App\Controllers\ContactController::$uttarakhandModel is deprecated in APPPATH\Controllers\ContactController.php on line 22.
 1 SYSTEMPATH\CodeIgniter.php(913): App\Controllers\ContactController->__construct()
 2 SYSTEMPATH\CodeIgniter.php(493): CodeIgniter\CodeIgniter->createController()
 3 SYSTEMPATH\CodeIgniter.php(361): CodeIgniter\CodeIgniter->handleRequest(null, Object(Config\Cache), false)
 4 FCPATH\index.php(79): CodeIgniter\CodeIgniter->run()
WARNING - 2024-12-19 10:17:38 --> [DEPRECATED] Creation of dynamic property App\Controllers\ContactController::$imageModel is deprecated in APPPATH\Controllers\ContactController.php on line 23.
 1 SYSTEMPATH\CodeIgniter.php(913): App\Controllers\ContactController->__construct()
 2 SYSTEMPATH\CodeIgniter.php(493): CodeIgniter\CodeIgniter->createController()
 3 SYSTEMPATH\CodeIgniter.php(361): CodeIgniter\CodeIgniter->handleRequest(null, Object(Config\Cache), false)
 4 FCPATH\index.php(79): CodeIgniter\CodeIgniter->run()
WARNING - 2024-12-19 10:17:38 --> [DEPRECATED] Creation of dynamic property App\Controllers\ContactController::$areaModel is deprecated in APPPATH\Controllers\ContactController.php on line 24.
 1 SYSTEMPATH\CodeIgniter.php(913): App\Controllers\ContactController->__construct()
 2 SYSTEMPATH\CodeIgniter.php(493): CodeIgniter\CodeIgniter->createController()
 3 SYSTEMPATH\CodeIgniter.php(361): CodeIgniter\CodeIgniter->handleRequest(null, Object(Config\Cache), false)
 4 FCPATH\index.php(79): CodeIgniter\CodeIgniter->run()
WARNING - 2024-12-19 10:17:38 --> [DEPRECATED] Creation of dynamic property App\Controllers\ContactController::$foodModel is deprecated in APPPATH\Controllers\ContactController.php on line 25.
 1 SYSTEMPATH\CodeIgniter.php(913): App\Controllers\ContactController->__construct()
 2 SYSTEMPATH\CodeIgniter.php(493): CodeIgniter\CodeIgniter->createController()
 3 SYSTEMPATH\CodeIgniter.php(361): CodeIgniter\CodeIgniter->handleRequest(null, Object(Config\Cache), false)
 4 FCPATH\index.php(79): CodeIgniter\CodeIgniter->run()
WARNING - 2024-12-19 10:17:38 --> [DEPRECATED] Creation of dynamic property App\Controllers\ContactController::$blogModel is deprecated in APPPATH\Controllers\ContactController.php on line 26.
 1 SYSTEMPATH\CodeIgniter.php(913): App\Controllers\ContactController->__construct()
 2 SYSTEMPATH\CodeIgniter.php(493): CodeIgniter\CodeIgniter->createController()
 3 SYSTEMPATH\CodeIgniter.php(361): CodeIgniter\CodeIgniter->handleRequest(null, Object(Config\Cache), false)
 4 FCPATH\index.php(79): CodeIgniter\CodeIgniter->run()
WARNING - 2024-12-19 10:17:38 --> [DEPRECATED] Creation of dynamic property App\Controllers\ContactController::$contactModel is deprecated in APPPATH\Controllers\ContactController.php on line 27.
 1 SYSTEMPATH\CodeIgniter.php(913): App\Controllers\ContactController->__construct()
 2 SYSTEMPATH\CodeIgniter.php(493): CodeIgniter\CodeIgniter->createController()
 3 SYSTEMPATH\CodeIgniter.php(361): CodeIgniter\CodeIgniter->handleRequest(null, Object(Config\Cache), false)
 4 FCPATH\index.php(79): CodeIgniter\CodeIgniter->run()
WARNING - 2024-12-19 10:17:38 --> [DEPRECATED] Creation of dynamic property App\Controllers\ContactController::$subscribersModel is deprecated in APPPATH\Controllers\ContactController.php on line 28.
 1 SYSTEMPATH\CodeIgniter.php(913): App\Controllers\ContactController->__construct()
 2 SYSTEMPATH\CodeIgniter.php(493): CodeIgniter\CodeIgniter->createController()
 3 SYSTEMPATH\CodeIgniter.php(361): CodeIgniter\CodeIgniter->handleRequest(null, Object(Config\Cache), false)
 4 FCPATH\index.php(79): CodeIgniter\CodeIgniter->run()
WARNING - 2024-12-19 10:17:38 --> [DEPRECATED] Creation of dynamic property App\Controllers\ContactController::$commentModel is deprecated in APPPATH\Controllers\ContactController.php on line 29.
 1 SYSTEMPATH\CodeIgniter.php(913): App\Controllers\ContactController->__construct()
 2 SYSTEMPATH\CodeIgniter.php(493): CodeIgniter\CodeIgniter->createController()
 3 SYSTEMPATH\CodeIgniter.php(361): CodeIgniter\CodeIgniter->handleRequest(null, Object(Config\Cache), false)
 4 FCPATH\index.php(79): CodeIgniter\CodeIgniter->run()
WARNING - 2024-12-19 10:17:38 --> [DEPRECATED] Creation of dynamic property App\Controllers\ContactController::$likesModel is deprecated in APPPATH\Controllers\ContactController.php on line 30.
 1 SYSTEMPATH\CodeIgniter.php(913): App\Controllers\ContactController->__construct()
 2 SYSTEMPATH\CodeIgniter.php(493): CodeIgniter\CodeIgniter->createController()
 3 SYSTEMPATH\CodeIgniter.php(361): CodeIgniter\CodeIgniter->handleRequest(null, Object(Config\Cache), false)
 4 FCPATH\index.php(79): CodeIgniter\CodeIgniter->run()
WARNING - 2024-12-19 10:17:40 --> [DEPRECATED] Creation of dynamic property App\Controllers\ContactController::$citiesModel is deprecated in APPPATH\Controllers\ContactController.php on line 21.
 1 SYSTEMPATH\CodeIgniter.php(913): App\Controllers\ContactController->__construct()
 2 SYSTEMPATH\CodeIgniter.php(493): CodeIgniter\CodeIgniter->createController()
 3 SYSTEMPATH\CodeIgniter.php(361): CodeIgniter\CodeIgniter->handleRequest(null, Object(Config\Cache), false)
 4 FCPATH\index.php(79): CodeIgniter\CodeIgniter->run()
WARNING - 2024-12-19 10:17:40 --> [DEPRECATED] Creation of dynamic property App\Controllers\ContactController::$uttarakhandModel is deprecated in APPPATH\Controllers\ContactController.php on line 22.
 1 SYSTEMPATH\CodeIgniter.php(913): App\Controllers\ContactController->__construct()
 2 SYSTEMPATH\CodeIgniter.php(493): CodeIgniter\CodeIgniter->createController()
 3 SYSTEMPATH\CodeIgniter.php(361): CodeIgniter\CodeIgniter->handleRequest(null, Object(Config\Cache), false)
 4 FCPATH\index.php(79): CodeIgniter\CodeIgniter->run()
WARNING - 2024-12-19 10:17:40 --> [DEPRECATED] Creation of dynamic property App\Controllers\ContactController::$imageModel is deprecated in APPPATH\Controllers\ContactController.php on line 23.
 1 SYSTEMPATH\CodeIgniter.php(913): App\Controllers\ContactController->__construct()
 2 SYSTEMPATH\CodeIgniter.php(493): CodeIgniter\CodeIgniter->createController()
 3 SYSTEMPATH\CodeIgniter.php(361): CodeIgniter\CodeIgniter->handleRequest(null, Object(Config\Cache), false)
 4 FCPATH\index.php(79): CodeIgniter\CodeIgniter->run()
WARNING - 2024-12-19 10:17:40 --> [DEPRECATED] Creation of dynamic property App\Controllers\ContactController::$areaModel is deprecated in APPPATH\Controllers\ContactController.php on line 24.
 1 SYSTEMPATH\CodeIgniter.php(913): App\Controllers\ContactController->__construct()
 2 SYSTEMPATH\CodeIgniter.php(493): CodeIgniter\CodeIgniter->createController()
 3 SYSTEMPATH\CodeIgniter.php(361): CodeIgniter\CodeIgniter->handleRequest(null, Object(Config\Cache), false)
 4 FCPATH\index.php(79): CodeIgniter\CodeIgniter->run()
WARNING - 2024-12-19 10:17:40 --> [DEPRECATED] Creation of dynamic property App\Controllers\ContactController::$foodModel is deprecated in APPPATH\Controllers\ContactController.php on line 25.
 1 SYSTEMPATH\CodeIgniter.php(913): App\Controllers\ContactController->__construct()
 2 SYSTEMPATH\CodeIgniter.php(493): CodeIgniter\CodeIgniter->createController()
 3 SYSTEMPATH\CodeIgniter.php(361): CodeIgniter\CodeIgniter->handleRequest(null, Object(Config\Cache), false)
 4 FCPATH\index.php(79): CodeIgniter\CodeIgniter->run()
WARNING - 2024-12-19 10:17:40 --> [DEPRECATED] Creation of dynamic property App\Controllers\ContactController::$blogModel is deprecated in APPPATH\Controllers\ContactController.php on line 26.
 1 SYSTEMPATH\CodeIgniter.php(913): App\Controllers\ContactController->__construct()
 2 SYSTEMPATH\CodeIgniter.php(493): CodeIgniter\CodeIgniter->createController()
 3 SYSTEMPATH\CodeIgniter.php(361): CodeIgniter\CodeIgniter->handleRequest(null, Object(Config\Cache), false)
 4 FCPATH\index.php(79): CodeIgniter\CodeIgniter->run()
WARNING - 2024-12-19 10:17:40 --> [DEPRECATED] Creation of dynamic property App\Controllers\ContactController::$contactModel is deprecated in APPPATH\Controllers\ContactController.php on line 27.
 1 SYSTEMPATH\CodeIgniter.php(913): App\Controllers\ContactController->__construct()
 2 SYSTEMPATH\CodeIgniter.php(493): CodeIgniter\CodeIgniter->createController()
 3 SYSTEMPATH\CodeIgniter.php(361): CodeIgniter\CodeIgniter->handleRequest(null, Object(Config\Cache), false)
 4 FCPATH\index.php(79): CodeIgniter\CodeIgniter->run()
WARNING - 2024-12-19 10:17:40 --> [DEPRECATED] Creation of dynamic property App\Controllers\ContactController::$subscribersModel is deprecated in APPPATH\Controllers\ContactController.php on line 28.
 1 SYSTEMPATH\CodeIgniter.php(913): App\Controllers\ContactController->__construct()
 2 SYSTEMPATH\CodeIgniter.php(493): CodeIgniter\CodeIgniter->createController()
 3 SYSTEMPATH\CodeIgniter.php(361): CodeIgniter\CodeIgniter->handleRequest(null, Object(Config\Cache), false)
 4 FCPATH\index.php(79): CodeIgniter\CodeIgniter->run()
WARNING - 2024-12-19 10:17:40 --> [DEPRECATED] Creation of dynamic property App\Controllers\ContactController::$commentModel is deprecated in APPPATH\Controllers\ContactController.php on line 29.
 1 SYSTEMPATH\CodeIgniter.php(913): App\Controllers\ContactController->__construct()
 2 SYSTEMPATH\CodeIgniter.php(493): CodeIgniter\CodeIgniter->createController()
 3 SYSTEMPATH\CodeIgniter.php(361): CodeIgniter\CodeIgniter->handleRequest(null, Object(Config\Cache), false)
 4 FCPATH\index.php(79): CodeIgniter\CodeIgniter->run()
WARNING - 2024-12-19 10:17:40 --> [DEPRECATED] Creation of dynamic property App\Controllers\ContactController::$likesModel is deprecated in APPPATH\Controllers\ContactController.php on line 30.
 1 SYSTEMPATH\CodeIgniter.php(913): App\Controllers\ContactController->__construct()
 2 SYSTEMPATH\CodeIgniter.php(493): CodeIgniter\CodeIgniter->createController()
 3 SYSTEMPATH\CodeIgniter.php(361): CodeIgniter\CodeIgniter->handleRequest(null, Object(Config\Cache), false)
 4 FCPATH\index.php(79): CodeIgniter\CodeIgniter->run()
WARNING - 2024-12-19 10:21:52 --> [DEPRECATED] Creation of dynamic property App\Controllers\ContactController::$citiesModel is deprecated in APPPATH\Controllers\ContactController.php on line 21.
 1 SYSTEMPATH\CodeIgniter.php(913): App\Controllers\ContactController->__construct()
 2 SYSTEMPATH\CodeIgniter.php(493): CodeIgniter\CodeIgniter->createController()
 3 SYSTEMPATH\CodeIgniter.php(361): CodeIgniter\CodeIgniter->handleRequest(null, Object(Config\Cache), false)
 4 FCPATH\index.php(79): CodeIgniter\CodeIgniter->run()
WARNING - 2024-12-19 10:21:52 --> [DEPRECATED] Creation of dynamic property App\Controllers\ContactController::$uttarakhandModel is deprecated in APPPATH\Controllers\ContactController.php on line 22.
 1 SYSTEMPATH\CodeIgniter.php(913): App\Controllers\ContactController->__construct()
 2 SYSTEMPATH\CodeIgniter.php(493): CodeIgniter\CodeIgniter->createController()
 3 SYSTEMPATH\CodeIgniter.php(361): CodeIgniter\CodeIgniter->handleRequest(null, Object(Config\Cache), false)
 4 FCPATH\index.php(79): CodeIgniter\CodeIgniter->run()
WARNING - 2024-12-19 10:21:52 --> [DEPRECATED] Creation of dynamic property App\Controllers\ContactController::$imageModel is deprecated in APPPATH\Controllers\ContactController.php on line 23.
 1 SYSTEMPATH\CodeIgniter.php(913): App\Controllers\ContactController->__construct()
 2 SYSTEMPATH\CodeIgniter.php(493): CodeIgniter\CodeIgniter->createController()
 3 SYSTEMPATH\CodeIgniter.php(361): CodeIgniter\CodeIgniter->handleRequest(null, Object(Config\Cache), false)
 4 FCPATH\index.php(79): CodeIgniter\CodeIgniter->run()
WARNING - 2024-12-19 10:21:52 --> [DEPRECATED] Creation of dynamic property App\Controllers\ContactController::$areaModel is deprecated in APPPATH\Controllers\ContactController.php on line 24.
 1 SYSTEMPATH\CodeIgniter.php(913): App\Controllers\ContactController->__construct()
 2 SYSTEMPATH\CodeIgniter.php(493): CodeIgniter\CodeIgniter->createController()
 3 SYSTEMPATH\CodeIgniter.php(361): CodeIgniter\CodeIgniter->handleRequest(null, Object(Config\Cache), false)
 4 FCPATH\index.php(79): CodeIgniter\CodeIgniter->run()
WARNING - 2024-12-19 10:21:52 --> [DEPRECATED] Creation of dynamic property App\Controllers\ContactController::$foodModel is deprecated in APPPATH\Controllers\ContactController.php on line 25.
 1 SYSTEMPATH\CodeIgniter.php(913): App\Controllers\ContactController->__construct()
 2 SYSTEMPATH\CodeIgniter.php(493): CodeIgniter\CodeIgniter->createController()
 3 SYSTEMPATH\CodeIgniter.php(361): CodeIgniter\CodeIgniter->handleRequest(null, Object(Config\Cache), false)
 4 FCPATH\index.php(79): CodeIgniter\CodeIgniter->run()
WARNING - 2024-12-19 10:21:52 --> [DEPRECATED] Creation of dynamic property App\Controllers\ContactController::$blogModel is deprecated in APPPATH\Controllers\ContactController.php on line 26.
 1 SYSTEMPATH\CodeIgniter.php(913): App\Controllers\ContactController->__construct()
 2 SYSTEMPATH\CodeIgniter.php(493): CodeIgniter\CodeIgniter->createController()
 3 SYSTEMPATH\CodeIgniter.php(361): CodeIgniter\CodeIgniter->handleRequest(null, Object(Config\Cache), false)
 4 FCPATH\index.php(79): CodeIgniter\CodeIgniter->run()
WARNING - 2024-12-19 10:21:52 --> [DEPRECATED] Creation of dynamic property App\Controllers\ContactController::$contactModel is deprecated in APPPATH\Controllers\ContactController.php on line 27.
 1 SYSTEMPATH\CodeIgniter.php(913): App\Controllers\ContactController->__construct()
 2 SYSTEMPATH\CodeIgniter.php(493): CodeIgniter\CodeIgniter->createController()
 3 SYSTEMPATH\CodeIgniter.php(361): CodeIgniter\CodeIgniter->handleRequest(null, Object(Config\Cache), false)
 4 FCPATH\index.php(79): CodeIgniter\CodeIgniter->run()
WARNING - 2024-12-19 10:21:52 --> [DEPRECATED] Creation of dynamic property App\Controllers\ContactController::$subscribersModel is deprecated in APPPATH\Controllers\ContactController.php on line 28.
 1 SYSTEMPATH\CodeIgniter.php(913): App\Controllers\ContactController->__construct()
 2 SYSTEMPATH\CodeIgniter.php(493): CodeIgniter\CodeIgniter->createController()
 3 SYSTEMPATH\CodeIgniter.php(361): CodeIgniter\CodeIgniter->handleRequest(null, Object(Config\Cache), false)
 4 FCPATH\index.php(79): CodeIgniter\CodeIgniter->run()
WARNING - 2024-12-19 10:21:52 --> [DEPRECATED] Creation of dynamic property App\Controllers\ContactController::$commentModel is deprecated in APPPATH\Controllers\ContactController.php on line 29.
 1 SYSTEMPATH\CodeIgniter.php(913): App\Controllers\ContactController->__construct()
 2 SYSTEMPATH\CodeIgniter.php(493): CodeIgniter\CodeIgniter->createController()
 3 SYSTEMPATH\CodeIgniter.php(361): CodeIgniter\CodeIgniter->handleRequest(null, Object(Config\Cache), false)
 4 FCPATH\index.php(79): CodeIgniter\CodeIgniter->run()
WARNING - 2024-12-19 10:21:52 --> [DEPRECATED] Creation of dynamic property App\Controllers\ContactController::$likesModel is deprecated in APPPATH\Controllers\ContactController.php on line 30.
 1 SYSTEMPATH\CodeIgniter.php(913): App\Controllers\ContactController->__construct()
 2 SYSTEMPATH\CodeIgniter.php(493): CodeIgniter\CodeIgniter->createController()
 3 SYSTEMPATH\CodeIgniter.php(361): CodeIgniter\CodeIgniter->handleRequest(null, Object(Config\Cache), false)
 4 FCPATH\index.php(79): CodeIgniter\CodeIgniter->run()
WARNING - 2024-12-19 10:22:11 --> [DEPRECATED] Creation of dynamic property App\Controllers\ContactController::$citiesModel is deprecated in APPPATH\Controllers\ContactController.php on line 21.
 1 SYSTEMPATH\CodeIgniter.php(913): App\Controllers\ContactController->__construct()
 2 SYSTEMPATH\CodeIgniter.php(493): CodeIgniter\CodeIgniter->createController()
 3 SYSTEMPATH\CodeIgniter.php(361): CodeIgniter\CodeIgniter->handleRequest(null, Object(Config\Cache), false)
 4 FCPATH\index.php(79): CodeIgniter\CodeIgniter->run()
WARNING - 2024-12-19 10:22:11 --> [DEPRECATED] Creation of dynamic property App\Controllers\ContactController::$uttarakhandModel is deprecated in APPPATH\Controllers\ContactController.php on line 22.
 1 SYSTEMPATH\CodeIgniter.php(913): App\Controllers\ContactController->__construct()
 2 SYSTEMPATH\CodeIgniter.php(493): CodeIgniter\CodeIgniter->createController()
 3 SYSTEMPATH\CodeIgniter.php(361): CodeIgniter\CodeIgniter->handleRequest(null, Object(Config\Cache), false)
 4 FCPATH\index.php(79): CodeIgniter\CodeIgniter->run()
WARNING - 2024-12-19 10:22:11 --> [DEPRECATED] Creation of dynamic property App\Controllers\ContactController::$imageModel is deprecated in APPPATH\Controllers\ContactController.php on line 23.
 1 SYSTEMPATH\CodeIgniter.php(913): App\Controllers\ContactController->__construct()
 2 SYSTEMPATH\CodeIgniter.php(493): CodeIgniter\CodeIgniter->createController()
 3 SYSTEMPATH\CodeIgniter.php(361): CodeIgniter\CodeIgniter->handleRequest(null, Object(Config\Cache), false)
 4 FCPATH\index.php(79): CodeIgniter\CodeIgniter->run()
WARNING - 2024-12-19 10:22:11 --> [DEPRECATED] Creation of dynamic property App\Controllers\ContactController::$areaModel is deprecated in APPPATH\Controllers\ContactController.php on line 24.
 1 SYSTEMPATH\CodeIgniter.php(913): App\Controllers\ContactController->__construct()
 2 SYSTEMPATH\CodeIgniter.php(493): CodeIgniter\CodeIgniter->createController()
 3 SYSTEMPATH\CodeIgniter.php(361): CodeIgniter\CodeIgniter->handleRequest(null, Object(Config\Cache), false)
 4 FCPATH\index.php(79): CodeIgniter\CodeIgniter->run()
WARNING - 2024-12-19 10:22:11 --> [DEPRECATED] Creation of dynamic property App\Controllers\ContactController::$foodModel is deprecated in APPPATH\Controllers\ContactController.php on line 25.
 1 SYSTEMPATH\CodeIgniter.php(913): App\Controllers\ContactController->__construct()
 2 SYSTEMPATH\CodeIgniter.php(493): CodeIgniter\CodeIgniter->createController()
 3 SYSTEMPATH\CodeIgniter.php(361): CodeIgniter\CodeIgniter->handleRequest(null, Object(Config\Cache), false)
 4 FCPATH\index.php(79): CodeIgniter\CodeIgniter->run()
WARNING - 2024-12-19 10:22:11 --> [DEPRECATED] Creation of dynamic property App\Controllers\ContactController::$blogModel is deprecated in APPPATH\Controllers\ContactController.php on line 26.
 1 SYSTEMPATH\CodeIgniter.php(913): App\Controllers\ContactController->__construct()
 2 SYSTEMPATH\CodeIgniter.php(493): CodeIgniter\CodeIgniter->createController()
 3 SYSTEMPATH\CodeIgniter.php(361): CodeIgniter\CodeIgniter->handleRequest(null, Object(Config\Cache), false)
 4 FCPATH\index.php(79): CodeIgniter\CodeIgniter->run()
WARNING - 2024-12-19 10:22:11 --> [DEPRECATED] Creation of dynamic property App\Controllers\ContactController::$contactModel is deprecated in APPPATH\Controllers\ContactController.php on line 27.
 1 SYSTEMPATH\CodeIgniter.php(913): App\Controllers\ContactController->__construct()
 2 SYSTEMPATH\CodeIgniter.php(493): CodeIgniter\CodeIgniter->createController()
 3 SYSTEMPATH\CodeIgniter.php(361): CodeIgniter\CodeIgniter->handleRequest(null, Object(Config\Cache), false)
 4 FCPATH\index.php(79): CodeIgniter\CodeIgniter->run()
WARNING - 2024-12-19 10:22:11 --> [DEPRECATED] Creation of dynamic property App\Controllers\ContactController::$subscribersModel is deprecated in APPPATH\Controllers\ContactController.php on line 28.
 1 SYSTEMPATH\CodeIgniter.php(913): App\Controllers\ContactController->__construct()
 2 SYSTEMPATH\CodeIgniter.php(493): CodeIgniter\CodeIgniter->createController()
 3 SYSTEMPATH\CodeIgniter.php(361): CodeIgniter\CodeIgniter->handleRequest(null, Object(Config\Cache), false)
 4 FCPATH\index.php(79): CodeIgniter\CodeIgniter->run()
WARNING - 2024-12-19 10:22:11 --> [DEPRECATED] Creation of dynamic property App\Controllers\ContactController::$commentModel is deprecated in APPPATH\Controllers\ContactController.php on line 29.
 1 SYSTEMPATH\CodeIgniter.php(913): App\Controllers\ContactController->__construct()
 2 SYSTEMPATH\CodeIgniter.php(493): CodeIgniter\CodeIgniter->createController()
 3 SYSTEMPATH\CodeIgniter.php(361): CodeIgniter\CodeIgniter->handleRequest(null, Object(Config\Cache), false)
 4 FCPATH\index.php(79): CodeIgniter\CodeIgniter->run()
WARNING - 2024-12-19 10:22:11 --> [DEPRECATED] Creation of dynamic property App\Controllers\ContactController::$likesModel is deprecated in APPPATH\Controllers\ContactController.php on line 30.
 1 SYSTEMPATH\CodeIgniter.php(913): App\Controllers\ContactController->__construct()
 2 SYSTEMPATH\CodeIgniter.php(493): CodeIgniter\CodeIgniter->createController()
 3 SYSTEMPATH\CodeIgniter.php(361): CodeIgniter\CodeIgniter->handleRequest(null, Object(Config\Cache), false)
 4 FCPATH\index.php(79): CodeIgniter\CodeIgniter->run()
WARNING - 2024-12-19 10:24:52 --> [DEPRECATED] Creation of dynamic property App\Controllers\ContactController::$citiesModel is deprecated in APPPATH\Controllers\ContactController.php on line 21.
 1 SYSTEMPATH\CodeIgniter.php(913): App\Controllers\ContactController->__construct()
 2 SYSTEMPATH\CodeIgniter.php(493): CodeIgniter\CodeIgniter->createController()
 3 SYSTEMPATH\CodeIgniter.php(361): CodeIgniter\CodeIgniter->handleRequest(null, Object(Config\Cache), false)
 4 FCPATH\index.php(79): CodeIgniter\CodeIgniter->run()
WARNING - 2024-12-19 10:24:52 --> [DEPRECATED] Creation of dynamic property App\Controllers\ContactController::$uttarakhandModel is deprecated in APPPATH\Controllers\ContactController.php on line 22.
 1 SYSTEMPATH\CodeIgniter.php(913): App\Controllers\ContactController->__construct()
 2 SYSTEMPATH\CodeIgniter.php(493): CodeIgniter\CodeIgniter->createController()
 3 SYSTEMPATH\CodeIgniter.php(361): CodeIgniter\CodeIgniter->handleRequest(null, Object(Config\Cache), false)
 4 FCPATH\index.php(79): CodeIgniter\CodeIgniter->run()
WARNING - 2024-12-19 10:24:52 --> [DEPRECATED] Creation of dynamic property App\Controllers\ContactController::$imageModel is deprecated in APPPATH\Controllers\ContactController.php on line 23.
 1 SYSTEMPATH\CodeIgniter.php(913): App\Controllers\ContactController->__construct()
 2 SYSTEMPATH\CodeIgniter.php(493): CodeIgniter\CodeIgniter->createController()
 3 SYSTEMPATH\CodeIgniter.php(361): CodeIgniter\CodeIgniter->handleRequest(null, Object(Config\Cache), false)
 4 FCPATH\index.php(79): CodeIgniter\CodeIgniter->run()
WARNING - 2024-12-19 10:24:52 --> [DEPRECATED] Creation of dynamic property App\Controllers\ContactController::$areaModel is deprecated in APPPATH\Controllers\ContactController.php on line 24.
 1 SYSTEMPATH\CodeIgniter.php(913): App\Controllers\ContactController->__construct()
 2 SYSTEMPATH\CodeIgniter.php(493): CodeIgniter\CodeIgniter->createController()
 3 SYSTEMPATH\CodeIgniter.php(361): CodeIgniter\CodeIgniter->handleRequest(null, Object(Config\Cache), false)
 4 FCPATH\index.php(79): CodeIgniter\CodeIgniter->run()
WARNING - 2024-12-19 10:24:52 --> [DEPRECATED] Creation of dynamic property App\Controllers\ContactController::$foodModel is deprecated in APPPATH\Controllers\ContactController.php on line 25.
 1 SYSTEMPATH\CodeIgniter.php(913): App\Controllers\ContactController->__construct()
 2 SYSTEMPATH\CodeIgniter.php(493): CodeIgniter\CodeIgniter->createController()
 3 SYSTEMPATH\CodeIgniter.php(361): CodeIgniter\CodeIgniter->handleRequest(null, Object(Config\Cache), false)
 4 FCPATH\index.php(79): CodeIgniter\CodeIgniter->run()
WARNING - 2024-12-19 10:24:52 --> [DEPRECATED] Creation of dynamic property App\Controllers\ContactController::$blogModel is deprecated in APPPATH\Controllers\ContactController.php on line 26.
 1 SYSTEMPATH\CodeIgniter.php(913): App\Controllers\ContactController->__construct()
 2 SYSTEMPATH\CodeIgniter.php(493): CodeIgniter\CodeIgniter->createController()
 3 SYSTEMPATH\CodeIgniter.php(361): CodeIgniter\CodeIgniter->handleRequest(null, Object(Config\Cache), false)
 4 FCPATH\index.php(79): CodeIgniter\CodeIgniter->run()
WARNING - 2024-12-19 10:24:52 --> [DEPRECATED] Creation of dynamic property App\Controllers\ContactController::$contactModel is deprecated in APPPATH\Controllers\ContactController.php on line 27.
 1 SYSTEMPATH\CodeIgniter.php(913): App\Controllers\ContactController->__construct()
 2 SYSTEMPATH\CodeIgniter.php(493): CodeIgniter\CodeIgniter->createController()
 3 SYSTEMPATH\CodeIgniter.php(361): CodeIgniter\CodeIgniter->handleRequest(null, Object(Config\Cache), false)
 4 FCPATH\index.php(79): CodeIgniter\CodeIgniter->run()
WARNING - 2024-12-19 10:24:52 --> [DEPRECATED] Creation of dynamic property App\Controllers\ContactController::$subscribersModel is deprecated in APPPATH\Controllers\ContactController.php on line 28.
 1 SYSTEMPATH\CodeIgniter.php(913): App\Controllers\ContactController->__construct()
 2 SYSTEMPATH\CodeIgniter.php(493): CodeIgniter\CodeIgniter->createController()
 3 SYSTEMPATH\CodeIgniter.php(361): CodeIgniter\CodeIgniter->handleRequest(null, Object(Config\Cache), false)
 4 FCPATH\index.php(79): CodeIgniter\CodeIgniter->run()
WARNING - 2024-12-19 10:24:52 --> [DEPRECATED] Creation of dynamic property App\Controllers\ContactController::$commentModel is deprecated in APPPATH\Controllers\ContactController.php on line 29.
 1 SYSTEMPATH\CodeIgniter.php(913): App\Controllers\ContactController->__construct()
 2 SYSTEMPATH\CodeIgniter.php(493): CodeIgniter\CodeIgniter->createController()
 3 SYSTEMPATH\CodeIgniter.php(361): CodeIgniter\CodeIgniter->handleRequest(null, Object(Config\Cache), false)
 4 FCPATH\index.php(79): CodeIgniter\CodeIgniter->run()
WARNING - 2024-12-19 10:24:52 --> [DEPRECATED] Creation of dynamic property App\Controllers\ContactController::$likesModel is deprecated in APPPATH\Controllers\ContactController.php on line 30.
 1 SYSTEMPATH\CodeIgniter.php(913): App\Controllers\ContactController->__construct()
 2 SYSTEMPATH\CodeIgniter.php(493): CodeIgniter\CodeIgniter->createController()
 3 SYSTEMPATH\CodeIgniter.php(361): CodeIgniter\CodeIgniter->handleRequest(null, Object(Config\Cache), false)
 4 FCPATH\index.php(79): CodeIgniter\CodeIgniter->run()
WARNING - 2024-12-19 10:28:06 --> [DEPRECATED] Creation of dynamic property App\Controllers\ContactController::$citiesModel is deprecated in APPPATH\Controllers\ContactController.php on line 21.
 1 SYSTEMPATH\CodeIgniter.php(913): App\Controllers\ContactController->__construct()
 2 SYSTEMPATH\CodeIgniter.php(493): CodeIgniter\CodeIgniter->createController()
 3 SYSTEMPATH\CodeIgniter.php(361): CodeIgniter\CodeIgniter->handleRequest(null, Object(Config\Cache), false)
 4 FCPATH\index.php(79): CodeIgniter\CodeIgniter->run()
WARNING - 2024-12-19 10:28:06 --> [DEPRECATED] Creation of dynamic property App\Controllers\ContactController::$uttarakhandModel is deprecated in APPPATH\Controllers\ContactController.php on line 22.
 1 SYSTEMPATH\CodeIgniter.php(913): App\Controllers\ContactController->__construct()
 2 SYSTEMPATH\CodeIgniter.php(493): CodeIgniter\CodeIgniter->createController()
 3 SYSTEMPATH\CodeIgniter.php(361): CodeIgniter\CodeIgniter->handleRequest(null, Object(Config\Cache), false)
 4 FCPATH\index.php(79): CodeIgniter\CodeIgniter->run()
WARNING - 2024-12-19 10:28:06 --> [DEPRECATED] Creation of dynamic property App\Controllers\ContactController::$imageModel is deprecated in APPPATH\Controllers\ContactController.php on line 23.
 1 SYSTEMPATH\CodeIgniter.php(913): App\Controllers\ContactController->__construct()
 2 SYSTEMPATH\CodeIgniter.php(493): CodeIgniter\CodeIgniter->createController()
 3 SYSTEMPATH\CodeIgniter.php(361): CodeIgniter\CodeIgniter->handleRequest(null, Object(Config\Cache), false)
 4 FCPATH\index.php(79): CodeIgniter\CodeIgniter->run()
WARNING - 2024-12-19 10:28:06 --> [DEPRECATED] Creation of dynamic property App\Controllers\ContactController::$areaModel is deprecated in APPPATH\Controllers\ContactController.php on line 24.
 1 SYSTEMPATH\CodeIgniter.php(913): App\Controllers\ContactController->__construct()
 2 SYSTEMPATH\CodeIgniter.php(493): CodeIgniter\CodeIgniter->createController()
 3 SYSTEMPATH\CodeIgniter.php(361): CodeIgniter\CodeIgniter->handleRequest(null, Object(Config\Cache), false)
 4 FCPATH\index.php(79): CodeIgniter\CodeIgniter->run()
WARNING - 2024-12-19 10:28:06 --> [DEPRECATED] Creation of dynamic property App\Controllers\ContactController::$foodModel is deprecated in APPPATH\Controllers\ContactController.php on line 25.
 1 SYSTEMPATH\CodeIgniter.php(913): App\Controllers\ContactController->__construct()
 2 SYSTEMPATH\CodeIgniter.php(493): CodeIgniter\CodeIgniter->createController()
 3 SYSTEMPATH\CodeIgniter.php(361): CodeIgniter\CodeIgniter->handleRequest(null, Object(Config\Cache), false)
 4 FCPATH\index.php(79): CodeIgniter\CodeIgniter->run()
WARNING - 2024-12-19 10:28:06 --> [DEPRECATED] Creation of dynamic property App\Controllers\ContactController::$blogModel is deprecated in APPPATH\Controllers\ContactController.php on line 26.
 1 SYSTEMPATH\CodeIgniter.php(913): App\Controllers\ContactController->__construct()
 2 SYSTEMPATH\CodeIgniter.php(493): CodeIgniter\CodeIgniter->createController()
 3 SYSTEMPATH\CodeIgniter.php(361): CodeIgniter\CodeIgniter->handleRequest(null, Object(Config\Cache), false)
 4 FCPATH\index.php(79): CodeIgniter\CodeIgniter->run()
WARNING - 2024-12-19 10:28:06 --> [DEPRECATED] Creation of dynamic property App\Controllers\ContactController::$contactModel is deprecated in APPPATH\Controllers\ContactController.php on line 27.
 1 SYSTEMPATH\CodeIgniter.php(913): App\Controllers\ContactController->__construct()
 2 SYSTEMPATH\CodeIgniter.php(493): CodeIgniter\CodeIgniter->createController()
 3 SYSTEMPATH\CodeIgniter.php(361): CodeIgniter\CodeIgniter->handleRequest(null, Object(Config\Cache), false)
 4 FCPATH\index.php(79): CodeIgniter\CodeIgniter->run()
WARNING - 2024-12-19 10:28:06 --> [DEPRECATED] Creation of dynamic property App\Controllers\ContactController::$subscribersModel is deprecated in APPPATH\Controllers\ContactController.php on line 28.
 1 SYSTEMPATH\CodeIgniter.php(913): App\Controllers\ContactController->__construct()
 2 SYSTEMPATH\CodeIgniter.php(493): CodeIgniter\CodeIgniter->createController()
 3 SYSTEMPATH\CodeIgniter.php(361): CodeIgniter\CodeIgniter->handleRequest(null, Object(Config\Cache), false)
 4 FCPATH\index.php(79): CodeIgniter\CodeIgniter->run()
WARNING - 2024-12-19 10:28:06 --> [DEPRECATED] Creation of dynamic property App\Controllers\ContactController::$commentModel is deprecated in APPPATH\Controllers\ContactController.php on line 29.
 1 SYSTEMPATH\CodeIgniter.php(913): App\Controllers\ContactController->__construct()
 2 SYSTEMPATH\CodeIgniter.php(493): CodeIgniter\CodeIgniter->createController()
 3 SYSTEMPATH\CodeIgniter.php(361): CodeIgniter\CodeIgniter->handleRequest(null, Object(Config\Cache), false)
 4 FCPATH\index.php(79): CodeIgniter\CodeIgniter->run()
WARNING - 2024-12-19 10:28:06 --> [DEPRECATED] Creation of dynamic property App\Controllers\ContactController::$likesModel is deprecated in APPPATH\Controllers\ContactController.php on line 30.
 1 SYSTEMPATH\CodeIgniter.php(913): App\Controllers\ContactController->__construct()
 2 SYSTEMPATH\CodeIgniter.php(493): CodeIgniter\CodeIgniter->createController()
 3 SYSTEMPATH\CodeIgniter.php(361): CodeIgniter\CodeIgniter->handleRequest(null, Object(Config\Cache), false)
 4 FCPATH\index.php(79): CodeIgniter\CodeIgniter->run()
WARNING - 2024-12-19 10:32:24 --> [DEPRECATED] Creation of dynamic property App\Controllers\ContactController::$citiesModel is deprecated in APPPATH\Controllers\ContactController.php on line 21.
 1 SYSTEMPATH\CodeIgniter.php(913): App\Controllers\ContactController->__construct()
 2 SYSTEMPATH\CodeIgniter.php(493): CodeIgniter\CodeIgniter->createController()
 3 SYSTEMPATH\CodeIgniter.php(361): CodeIgniter\CodeIgniter->handleRequest(null, Object(Config\Cache), false)
 4 FCPATH\index.php(79): CodeIgniter\CodeIgniter->run()
WARNING - 2024-12-19 10:32:24 --> [DEPRECATED] Creation of dynamic property App\Controllers\ContactController::$uttarakhandModel is deprecated in APPPATH\Controllers\ContactController.php on line 22.
 1 SYSTEMPATH\CodeIgniter.php(913): App\Controllers\ContactController->__construct()
 2 SYSTEMPATH\CodeIgniter.php(493): CodeIgniter\CodeIgniter->createController()
 3 SYSTEMPATH\CodeIgniter.php(361): CodeIgniter\CodeIgniter->handleRequest(null, Object(Config\Cache), false)
 4 FCPATH\index.php(79): CodeIgniter\CodeIgniter->run()
WARNING - 2024-12-19 10:32:24 --> [DEPRECATED] Creation of dynamic property App\Controllers\ContactController::$imageModel is deprecated in APPPATH\Controllers\ContactController.php on line 23.
 1 SYSTEMPATH\CodeIgniter.php(913): App\Controllers\ContactController->__construct()
 2 SYSTEMPATH\CodeIgniter.php(493): CodeIgniter\CodeIgniter->createController()
 3 SYSTEMPATH\CodeIgniter.php(361): CodeIgniter\CodeIgniter->handleRequest(null, Object(Config\Cache), false)
 4 FCPATH\index.php(79): CodeIgniter\CodeIgniter->run()
WARNING - 2024-12-19 10:32:24 --> [DEPRECATED] Creation of dynamic property App\Controllers\ContactController::$areaModel is deprecated in APPPATH\Controllers\ContactController.php on line 24.
 1 SYSTEMPATH\CodeIgniter.php(913): App\Controllers\ContactController->__construct()
 2 SYSTEMPATH\CodeIgniter.php(493): CodeIgniter\CodeIgniter->createController()
 3 SYSTEMPATH\CodeIgniter.php(361): CodeIgniter\CodeIgniter->handleRequest(null, Object(Config\Cache), false)
 4 FCPATH\index.php(79): CodeIgniter\CodeIgniter->run()
WARNING - 2024-12-19 10:32:24 --> [DEPRECATED] Creation of dynamic property App\Controllers\ContactController::$foodModel is deprecated in APPPATH\Controllers\ContactController.php on line 25.
 1 SYSTEMPATH\CodeIgniter.php(913): App\Controllers\ContactController->__construct()
 2 SYSTEMPATH\CodeIgniter.php(493): CodeIgniter\CodeIgniter->createController()
 3 SYSTEMPATH\CodeIgniter.php(361): CodeIgniter\CodeIgniter->handleRequest(null, Object(Config\Cache), false)
 4 FCPATH\index.php(79): CodeIgniter\CodeIgniter->run()
WARNING - 2024-12-19 10:32:24 --> [DEPRECATED] Creation of dynamic property App\Controllers\ContactController::$blogModel is deprecated in APPPATH\Controllers\ContactController.php on line 26.
 1 SYSTEMPATH\CodeIgniter.php(913): App\Controllers\ContactController->__construct()
 2 SYSTEMPATH\CodeIgniter.php(493): CodeIgniter\CodeIgniter->createController()
 3 SYSTEMPATH\CodeIgniter.php(361): CodeIgniter\CodeIgniter->handleRequest(null, Object(Config\Cache), false)
 4 FCPATH\index.php(79): CodeIgniter\CodeIgniter->run()
WARNING - 2024-12-19 10:32:24 --> [DEPRECATED] Creation of dynamic property App\Controllers\ContactController::$contactModel is deprecated in APPPATH\Controllers\ContactController.php on line 27.
 1 SYSTEMPATH\CodeIgniter.php(913): App\Controllers\ContactController->__construct()
 2 SYSTEMPATH\CodeIgniter.php(493): CodeIgniter\CodeIgniter->createController()
 3 SYSTEMPATH\CodeIgniter.php(361): CodeIgniter\CodeIgniter->handleRequest(null, Object(Config\Cache), false)
 4 FCPATH\index.php(79): CodeIgniter\CodeIgniter->run()
WARNING - 2024-12-19 10:32:24 --> [DEPRECATED] Creation of dynamic property App\Controllers\ContactController::$subscribersModel is deprecated in APPPATH\Controllers\ContactController.php on line 28.
 1 SYSTEMPATH\CodeIgniter.php(913): App\Controllers\ContactController->__construct()
 2 SYSTEMPATH\CodeIgniter.php(493): CodeIgniter\CodeIgniter->createController()
 3 SYSTEMPATH\CodeIgniter.php(361): CodeIgniter\CodeIgniter->handleRequest(null, Object(Config\Cache), false)
 4 FCPATH\index.php(79): CodeIgniter\CodeIgniter->run()
WARNING - 2024-12-19 10:32:24 --> [DEPRECATED] Creation of dynamic property App\Controllers\ContactController::$commentModel is deprecated in APPPATH\Controllers\ContactController.php on line 29.
 1 SYSTEMPATH\CodeIgniter.php(913): App\Controllers\ContactController->__construct()
 2 SYSTEMPATH\CodeIgniter.php(493): CodeIgniter\CodeIgniter->createController()
 3 SYSTEMPATH\CodeIgniter.php(361): CodeIgniter\CodeIgniter->handleRequest(null, Object(Config\Cache), false)
 4 FCPATH\index.php(79): CodeIgniter\CodeIgniter->run()
WARNING - 2024-12-19 10:32:24 --> [DEPRECATED] Creation of dynamic property App\Controllers\ContactController::$likesModel is deprecated in APPPATH\Controllers\ContactController.php on line 30.
 1 SYSTEMPATH\CodeIgniter.php(913): App\Controllers\ContactController->__construct()
 2 SYSTEMPATH\CodeIgniter.php(493): CodeIgniter\CodeIgniter->createController()
 3 SYSTEMPATH\CodeIgniter.php(361): CodeIgniter\CodeIgniter->handleRequest(null, Object(Config\Cache), false)
 4 FCPATH\index.php(79): CodeIgniter\CodeIgniter->run()
WARNING - 2024-12-19 10:32:25 --> [DEPRECATED] Creation of dynamic property App\Controllers\ContactController::$citiesModel is deprecated in APPPATH\Controllers\ContactController.php on line 21.
 1 SYSTEMPATH\CodeIgniter.php(913): App\Controllers\ContactController->__construct()
 2 SYSTEMPATH\CodeIgniter.php(493): CodeIgniter\CodeIgniter->createController()
 3 SYSTEMPATH\CodeIgniter.php(361): CodeIgniter\CodeIgniter->handleRequest(null, Object(Config\Cache), false)
 4 FCPATH\index.php(79): CodeIgniter\CodeIgniter->run()
WARNING - 2024-12-19 10:32:25 --> [DEPRECATED] Creation of dynamic property App\Controllers\ContactController::$uttarakhandModel is deprecated in APPPATH\Controllers\ContactController.php on line 22.
 1 SYSTEMPATH\CodeIgniter.php(913): App\Controllers\ContactController->__construct()
 2 SYSTEMPATH\CodeIgniter.php(493): CodeIgniter\CodeIgniter->createController()
 3 SYSTEMPATH\CodeIgniter.php(361): CodeIgniter\CodeIgniter->handleRequest(null, Object(Config\Cache), false)
 4 FCPATH\index.php(79): CodeIgniter\CodeIgniter->run()
WARNING - 2024-12-19 10:32:25 --> [DEPRECATED] Creation of dynamic property App\Controllers\ContactController::$imageModel is deprecated in APPPATH\Controllers\ContactController.php on line 23.
 1 SYSTEMPATH\CodeIgniter.php(913): App\Controllers\ContactController->__construct()
 2 SYSTEMPATH\CodeIgniter.php(493): CodeIgniter\CodeIgniter->createController()
 3 SYSTEMPATH\CodeIgniter.php(361): CodeIgniter\CodeIgniter->handleRequest(null, Object(Config\Cache), false)
 4 FCPATH\index.php(79): CodeIgniter\CodeIgniter->run()
WARNING - 2024-12-19 10:32:25 --> [DEPRECATED] Creation of dynamic property App\Controllers\ContactController::$areaModel is deprecated in APPPATH\Controllers\ContactController.php on line 24.
 1 SYSTEMPATH\CodeIgniter.php(913): App\Controllers\ContactController->__construct()
 2 SYSTEMPATH\CodeIgniter.php(493): CodeIgniter\CodeIgniter->createController()
 3 SYSTEMPATH\CodeIgniter.php(361): CodeIgniter\CodeIgniter->handleRequest(null, Object(Config\Cache), false)
 4 FCPATH\index.php(79): CodeIgniter\CodeIgniter->run()
WARNING - 2024-12-19 10:32:25 --> [DEPRECATED] Creation of dynamic property App\Controllers\ContactController::$foodModel is deprecated in APPPATH\Controllers\ContactController.php on line 25.
 1 SYSTEMPATH\CodeIgniter.php(913): App\Controllers\ContactController->__construct()
 2 SYSTEMPATH\CodeIgniter.php(493): CodeIgniter\CodeIgniter->createController()
 3 SYSTEMPATH\CodeIgniter.php(361): CodeIgniter\CodeIgniter->handleRequest(null, Object(Config\Cache), false)
 4 FCPATH\index.php(79): CodeIgniter\CodeIgniter->run()
WARNING - 2024-12-19 10:32:25 --> [DEPRECATED] Creation of dynamic property App\Controllers\ContactController::$blogModel is deprecated in APPPATH\Controllers\ContactController.php on line 26.
 1 SYSTEMPATH\CodeIgniter.php(913): App\Controllers\ContactController->__construct()
 2 SYSTEMPATH\CodeIgniter.php(493): CodeIgniter\CodeIgniter->createController()
 3 SYSTEMPATH\CodeIgniter.php(361): CodeIgniter\CodeIgniter->handleRequest(null, Object(Config\Cache), false)
 4 FCPATH\index.php(79): CodeIgniter\CodeIgniter->run()
WARNING - 2024-12-19 10:32:25 --> [DEPRECATED] Creation of dynamic property App\Controllers\ContactController::$contactModel is deprecated in APPPATH\Controllers\ContactController.php on line 27.
 1 SYSTEMPATH\CodeIgniter.php(913): App\Controllers\ContactController->__construct()
 2 SYSTEMPATH\CodeIgniter.php(493): CodeIgniter\CodeIgniter->createController()
 3 SYSTEMPATH\CodeIgniter.php(361): CodeIgniter\CodeIgniter->handleRequest(null, Object(Config\Cache), false)
 4 FCPATH\index.php(79): CodeIgniter\CodeIgniter->run()
WARNING - 2024-12-19 10:32:25 --> [DEPRECATED] Creation of dynamic property App\Controllers\ContactController::$subscribersModel is deprecated in APPPATH\Controllers\ContactController.php on line 28.
 1 SYSTEMPATH\CodeIgniter.php(913): App\Controllers\ContactController->__construct()
 2 SYSTEMPATH\CodeIgniter.php(493): CodeIgniter\CodeIgniter->createController()
 3 SYSTEMPATH\CodeIgniter.php(361): CodeIgniter\CodeIgniter->handleRequest(null, Object(Config\Cache), false)
 4 FCPATH\index.php(79): CodeIgniter\CodeIgniter->run()
WARNING - 2024-12-19 10:32:25 --> [DEPRECATED] Creation of dynamic property App\Controllers\ContactController::$commentModel is deprecated in APPPATH\Controllers\ContactController.php on line 29.
 1 SYSTEMPATH\CodeIgniter.php(913): App\Controllers\ContactController->__construct()
 2 SYSTEMPATH\CodeIgniter.php(493): CodeIgniter\CodeIgniter->createController()
 3 SYSTEMPATH\CodeIgniter.php(361): CodeIgniter\CodeIgniter->handleRequest(null, Object(Config\Cache), false)
 4 FCPATH\index.php(79): CodeIgniter\CodeIgniter->run()
WARNING - 2024-12-19 10:32:25 --> [DEPRECATED] Creation of dynamic property App\Controllers\ContactController::$likesModel is deprecated in APPPATH\Controllers\ContactController.php on line 30.
 1 SYSTEMPATH\CodeIgniter.php(913): App\Controllers\ContactController->__construct()
 2 SYSTEMPATH\CodeIgniter.php(493): CodeIgniter\CodeIgniter->createController()
 3 SYSTEMPATH\CodeIgniter.php(361): CodeIgniter\CodeIgniter->handleRequest(null, Object(Config\Cache), false)
 4 FCPATH\index.php(79): CodeIgniter\CodeIgniter->run()
WARNING - 2024-12-19 10:45:27 --> [DEPRECATED] Creation of dynamic property App\Controllers\ContactController::$citiesModel is deprecated in APPPATH\Controllers\ContactController.php on line 21.
 1 SYSTEMPATH\CodeIgniter.php(913): App\Controllers\ContactController->__construct()
 2 SYSTEMPATH\CodeIgniter.php(493): CodeIgniter\CodeIgniter->createController()
 3 SYSTEMPATH\CodeIgniter.php(361): CodeIgniter\CodeIgniter->handleRequest(null, Object(Config\Cache), false)
 4 FCPATH\index.php(79): CodeIgniter\CodeIgniter->run()
WARNING - 2024-12-19 10:45:27 --> [DEPRECATED] Creation of dynamic property App\Controllers\ContactController::$uttarakhandModel is deprecated in APPPATH\Controllers\ContactController.php on line 22.
 1 SYSTEMPATH\CodeIgniter.php(913): App\Controllers\ContactController->__construct()
 2 SYSTEMPATH\CodeIgniter.php(493): CodeIgniter\CodeIgniter->createController()
 3 SYSTEMPATH\CodeIgniter.php(361): CodeIgniter\CodeIgniter->handleRequest(null, Object(Config\Cache), false)
 4 FCPATH\index.php(79): CodeIgniter\CodeIgniter->run()
WARNING - 2024-12-19 10:45:27 --> [DEPRECATED] Creation of dynamic property App\Controllers\ContactController::$imageModel is deprecated in APPPATH\Controllers\ContactController.php on line 23.
 1 SYSTEMPATH\CodeIgniter.php(913): App\Controllers\ContactController->__construct()
 2 SYSTEMPATH\CodeIgniter.php(493): CodeIgniter\CodeIgniter->createController()
 3 SYSTEMPATH\CodeIgniter.php(361): CodeIgniter\CodeIgniter->handleRequest(null, Object(Config\Cache), false)
 4 FCPATH\index.php(79): CodeIgniter\CodeIgniter->run()
WARNING - 2024-12-19 10:45:27 --> [DEPRECATED] Creation of dynamic property App\Controllers\ContactController::$areaModel is deprecated in APPPATH\Controllers\ContactController.php on line 24.
 1 SYSTEMPATH\CodeIgniter.php(913): App\Controllers\ContactController->__construct()
 2 SYSTEMPATH\CodeIgniter.php(493): CodeIgniter\CodeIgniter->createController()
 3 SYSTEMPATH\CodeIgniter.php(361): CodeIgniter\CodeIgniter->handleRequest(null, Object(Config\Cache), false)
 4 FCPATH\index.php(79): CodeIgniter\CodeIgniter->run()
WARNING - 2024-12-19 10:45:27 --> [DEPRECATED] Creation of dynamic property App\Controllers\ContactController::$foodModel is deprecated in APPPATH\Controllers\ContactController.php on line 25.
 1 SYSTEMPATH\CodeIgniter.php(913): App\Controllers\ContactController->__construct()
 2 SYSTEMPATH\CodeIgniter.php(493): CodeIgniter\CodeIgniter->createController()
 3 SYSTEMPATH\CodeIgniter.php(361): CodeIgniter\CodeIgniter->handleRequest(null, Object(Config\Cache), false)
 4 FCPATH\index.php(79): CodeIgniter\CodeIgniter->run()
WARNING - 2024-12-19 10:45:27 --> [DEPRECATED] Creation of dynamic property App\Controllers\ContactController::$blogModel is deprecated in APPPATH\Controllers\ContactController.php on line 26.
 1 SYSTEMPATH\CodeIgniter.php(913): App\Controllers\ContactController->__construct()
 2 SYSTEMPATH\CodeIgniter.php(493): CodeIgniter\CodeIgniter->createController()
 3 SYSTEMPATH\CodeIgniter.php(361): CodeIgniter\CodeIgniter->handleRequest(null, Object(Config\Cache), false)
 4 FCPATH\index.php(79): CodeIgniter\CodeIgniter->run()
WARNING - 2024-12-19 10:45:27 --> [DEPRECATED] Creation of dynamic property App\Controllers\ContactController::$contactModel is deprecated in APPPATH\Controllers\ContactController.php on line 27.
 1 SYSTEMPATH\CodeIgniter.php(913): App\Controllers\ContactController->__construct()
 2 SYSTEMPATH\CodeIgniter.php(493): CodeIgniter\CodeIgniter->createController()
 3 SYSTEMPATH\CodeIgniter.php(361): CodeIgniter\CodeIgniter->handleRequest(null, Object(Config\Cache), false)
 4 FCPATH\index.php(79): CodeIgniter\CodeIgniter->run()
WARNING - 2024-12-19 10:45:27 --> [DEPRECATED] Creation of dynamic property App\Controllers\ContactController::$subscribersModel is deprecated in APPPATH\Controllers\ContactController.php on line 28.
 1 SYSTEMPATH\CodeIgniter.php(913): App\Controllers\ContactController->__construct()
 2 SYSTEMPATH\CodeIgniter.php(493): CodeIgniter\CodeIgniter->createController()
 3 SYSTEMPATH\CodeIgniter.php(361): CodeIgniter\CodeIgniter->handleRequest(null, Object(Config\Cache), false)
 4 FCPATH\index.php(79): CodeIgniter\CodeIgniter->run()
WARNING - 2024-12-19 10:45:27 --> [DEPRECATED] Creation of dynamic property App\Controllers\ContactController::$commentModel is deprecated in APPPATH\Controllers\ContactController.php on line 29.
 1 SYSTEMPATH\CodeIgniter.php(913): App\Controllers\ContactController->__construct()
 2 SYSTEMPATH\CodeIgniter.php(493): CodeIgniter\CodeIgniter->createController()
 3 SYSTEMPATH\CodeIgniter.php(361): CodeIgniter\CodeIgniter->handleRequest(null, Object(Config\Cache), false)
 4 FCPATH\index.php(79): CodeIgniter\CodeIgniter->run()
WARNING - 2024-12-19 10:45:27 --> [DEPRECATED] Creation of dynamic property App\Controllers\ContactController::$likesModel is deprecated in APPPATH\Controllers\ContactController.php on line 30.
 1 SYSTEMPATH\CodeIgniter.php(913): App\Controllers\ContactController->__construct()
 2 SYSTEMPATH\CodeIgniter.php(493): CodeIgniter\CodeIgniter->createController()
 3 SYSTEMPATH\CodeIgniter.php(361): CodeIgniter\CodeIgniter->handleRequest(null, Object(Config\Cache), false)
 4 FCPATH\index.php(79): CodeIgniter\CodeIgniter->run()
WARNING - 2024-12-19 10:46:13 --> [DEPRECATED] Creation of dynamic property App\Controllers\ContactController::$citiesModel is deprecated in APPPATH\Controllers\ContactController.php on line 21.
 1 SYSTEMPATH\CodeIgniter.php(913): App\Controllers\ContactController->__construct()
 2 SYSTEMPATH\CodeIgniter.php(493): CodeIgniter\CodeIgniter->createController()
 3 SYSTEMPATH\CodeIgniter.php(361): CodeIgniter\CodeIgniter->handleRequest(null, Object(Config\Cache), false)
 4 FCPATH\index.php(79): CodeIgniter\CodeIgniter->run()
WARNING - 2024-12-19 10:46:13 --> [DEPRECATED] Creation of dynamic property App\Controllers\ContactController::$uttarakhandModel is deprecated in APPPATH\Controllers\ContactController.php on line 22.
 1 SYSTEMPATH\CodeIgniter.php(913): App\Controllers\ContactController->__construct()
 2 SYSTEMPATH\CodeIgniter.php(493): CodeIgniter\CodeIgniter->createController()
 3 SYSTEMPATH\CodeIgniter.php(361): CodeIgniter\CodeIgniter->handleRequest(null, Object(Config\Cache), false)
 4 FCPATH\index.php(79): CodeIgniter\CodeIgniter->run()
WARNING - 2024-12-19 10:46:13 --> [DEPRECATED] Creation of dynamic property App\Controllers\ContactController::$imageModel is deprecated in APPPATH\Controllers\ContactController.php on line 23.
 1 SYSTEMPATH\CodeIgniter.php(913): App\Controllers\ContactController->__construct()
 2 SYSTEMPATH\CodeIgniter.php(493): CodeIgniter\CodeIgniter->createController()
 3 SYSTEMPATH\CodeIgniter.php(361): CodeIgniter\CodeIgniter->handleRequest(null, Object(Config\Cache), false)
 4 FCPATH\index.php(79): CodeIgniter\CodeIgniter->run()
WARNING - 2024-12-19 10:46:13 --> [DEPRECATED] Creation of dynamic property App\Controllers\ContactController::$areaModel is deprecated in APPPATH\Controllers\ContactController.php on line 24.
 1 SYSTEMPATH\CodeIgniter.php(913): App\Controllers\ContactController->__construct()
 2 SYSTEMPATH\CodeIgniter.php(493): CodeIgniter\CodeIgniter->createController()
 3 SYSTEMPATH\CodeIgniter.php(361): CodeIgniter\CodeIgniter->handleRequest(null, Object(Config\Cache), false)
 4 FCPATH\index.php(79): CodeIgniter\CodeIgniter->run()
WARNING - 2024-12-19 10:46:13 --> [DEPRECATED] Creation of dynamic property App\Controllers\ContactController::$foodModel is deprecated in APPPATH\Controllers\ContactController.php on line 25.
 1 SYSTEMPATH\CodeIgniter.php(913): App\Controllers\ContactController->__construct()
 2 SYSTEMPATH\CodeIgniter.php(493): CodeIgniter\CodeIgniter->createController()
 3 SYSTEMPATH\CodeIgniter.php(361): CodeIgniter\CodeIgniter->handleRequest(null, Object(Config\Cache), false)
 4 FCPATH\index.php(79): CodeIgniter\CodeIgniter->run()
WARNING - 2024-12-19 10:46:13 --> [DEPRECATED] Creation of dynamic property App\Controllers\ContactController::$blogModel is deprecated in APPPATH\Controllers\ContactController.php on line 26.
 1 SYSTEMPATH\CodeIgniter.php(913): App\Controllers\ContactController->__construct()
 2 SYSTEMPATH\CodeIgniter.php(493): CodeIgniter\CodeIgniter->createController()
 3 SYSTEMPATH\CodeIgniter.php(361): CodeIgniter\CodeIgniter->handleRequest(null, Object(Config\Cache), false)
 4 FCPATH\index.php(79): CodeIgniter\CodeIgniter->run()
WARNING - 2024-12-19 10:46:13 --> [DEPRECATED] Creation of dynamic property App\Controllers\ContactController::$contactModel is deprecated in APPPATH\Controllers\ContactController.php on line 27.
 1 SYSTEMPATH\CodeIgniter.php(913): App\Controllers\ContactController->__construct()
 2 SYSTEMPATH\CodeIgniter.php(493): CodeIgniter\CodeIgniter->createController()
 3 SYSTEMPATH\CodeIgniter.php(361): CodeIgniter\CodeIgniter->handleRequest(null, Object(Config\Cache), false)
 4 FCPATH\index.php(79): CodeIgniter\CodeIgniter->run()
WARNING - 2024-12-19 10:46:13 --> [DEPRECATED] Creation of dynamic property App\Controllers\ContactController::$subscribersModel is deprecated in APPPATH\Controllers\ContactController.php on line 28.
 1 SYSTEMPATH\CodeIgniter.php(913): App\Controllers\ContactController->__construct()
 2 SYSTEMPATH\CodeIgniter.php(493): CodeIgniter\CodeIgniter->createController()
 3 SYSTEMPATH\CodeIgniter.php(361): CodeIgniter\CodeIgniter->handleRequest(null, Object(Config\Cache), false)
 4 FCPATH\index.php(79): CodeIgniter\CodeIgniter->run()
WARNING - 2024-12-19 10:46:13 --> [DEPRECATED] Creation of dynamic property App\Controllers\ContactController::$commentModel is deprecated in APPPATH\Controllers\ContactController.php on line 29.
 1 SYSTEMPATH\CodeIgniter.php(913): App\Controllers\ContactController->__construct()
 2 SYSTEMPATH\CodeIgniter.php(493): CodeIgniter\CodeIgniter->createController()
 3 SYSTEMPATH\CodeIgniter.php(361): CodeIgniter\CodeIgniter->handleRequest(null, Object(Config\Cache), false)
 4 FCPATH\index.php(79): CodeIgniter\CodeIgniter->run()
WARNING - 2024-12-19 10:46:13 --> [DEPRECATED] Creation of dynamic property App\Controllers\ContactController::$likesModel is deprecated in APPPATH\Controllers\ContactController.php on line 30.
 1 SYSTEMPATH\CodeIgniter.php(913): App\Controllers\ContactController->__construct()
 2 SYSTEMPATH\CodeIgniter.php(493): CodeIgniter\CodeIgniter->createController()
 3 SYSTEMPATH\CodeIgniter.php(361): CodeIgniter\CodeIgniter->handleRequest(null, Object(Config\Cache), false)
 4 FCPATH\index.php(79): CodeIgniter\CodeIgniter->run()
WARNING - 2024-12-19 10:46:22 --> [DEPRECATED] Creation of dynamic property App\Controllers\ContactController::$citiesModel is deprecated in APPPATH\Controllers\ContactController.php on line 21.
 1 SYSTEMPATH\CodeIgniter.php(913): App\Controllers\ContactController->__construct()
 2 SYSTEMPATH\CodeIgniter.php(493): CodeIgniter\CodeIgniter->createController()
 3 SYSTEMPATH\CodeIgniter.php(361): CodeIgniter\CodeIgniter->handleRequest(null, Object(Config\Cache), false)
 4 FCPATH\index.php(79): CodeIgniter\CodeIgniter->run()
WARNING - 2024-12-19 10:46:22 --> [DEPRECATED] Creation of dynamic property App\Controllers\ContactController::$uttarakhandModel is deprecated in APPPATH\Controllers\ContactController.php on line 22.
 1 SYSTEMPATH\CodeIgniter.php(913): App\Controllers\ContactController->__construct()
 2 SYSTEMPATH\CodeIgniter.php(493): CodeIgniter\CodeIgniter->createController()
 3 SYSTEMPATH\CodeIgniter.php(361): CodeIgniter\CodeIgniter->handleRequest(null, Object(Config\Cache), false)
 4 FCPATH\index.php(79): CodeIgniter\CodeIgniter->run()
WARNING - 2024-12-19 10:46:22 --> [DEPRECATED] Creation of dynamic property App\Controllers\ContactController::$imageModel is deprecated in APPPATH\Controllers\ContactController.php on line 23.
 1 SYSTEMPATH\CodeIgniter.php(913): App\Controllers\ContactController->__construct()
 2 SYSTEMPATH\CodeIgniter.php(493): CodeIgniter\CodeIgniter->createController()
 3 SYSTEMPATH\CodeIgniter.php(361): CodeIgniter\CodeIgniter->handleRequest(null, Object(Config\Cache), false)
 4 FCPATH\index.php(79): CodeIgniter\CodeIgniter->run()
WARNING - 2024-12-19 10:46:22 --> [DEPRECATED] Creation of dynamic property App\Controllers\ContactController::$areaModel is deprecated in APPPATH\Controllers\ContactController.php on line 24.
 1 SYSTEMPATH\CodeIgniter.php(913): App\Controllers\ContactController->__construct()
 2 SYSTEMPATH\CodeIgniter.php(493): CodeIgniter\CodeIgniter->createController()
 3 SYSTEMPATH\CodeIgniter.php(361): CodeIgniter\CodeIgniter->handleRequest(null, Object(Config\Cache), false)
 4 FCPATH\index.php(79): CodeIgniter\CodeIgniter->run()
WARNING - 2024-12-19 10:46:22 --> [DEPRECATED] Creation of dynamic property App\Controllers\ContactController::$foodModel is deprecated in APPPATH\Controllers\ContactController.php on line 25.
 1 SYSTEMPATH\CodeIgniter.php(913): App\Controllers\ContactController->__construct()
 2 SYSTEMPATH\CodeIgniter.php(493): CodeIgniter\CodeIgniter->createController()
 3 SYSTEMPATH\CodeIgniter.php(361): CodeIgniter\CodeIgniter->handleRequest(null, Object(Config\Cache), false)
 4 FCPATH\index.php(79): CodeIgniter\CodeIgniter->run()
WARNING - 2024-12-19 10:46:22 --> [DEPRECATED] Creation of dynamic property App\Controllers\ContactController::$blogModel is deprecated in APPPATH\Controllers\ContactController.php on line 26.
 1 SYSTEMPATH\CodeIgniter.php(913): App\Controllers\ContactController->__construct()
 2 SYSTEMPATH\CodeIgniter.php(493): CodeIgniter\CodeIgniter->createController()
 3 SYSTEMPATH\CodeIgniter.php(361): CodeIgniter\CodeIgniter->handleRequest(null, Object(Config\Cache), false)
 4 FCPATH\index.php(79): CodeIgniter\CodeIgniter->run()
WARNING - 2024-12-19 10:46:22 --> [DEPRECATED] Creation of dynamic property App\Controllers\ContactController::$contactModel is deprecated in APPPATH\Controllers\ContactController.php on line 27.
 1 SYSTEMPATH\CodeIgniter.php(913): App\Controllers\ContactController->__construct()
 2 SYSTEMPATH\CodeIgniter.php(493): CodeIgniter\CodeIgniter->createController()
 3 SYSTEMPATH\CodeIgniter.php(361): CodeIgniter\CodeIgniter->handleRequest(null, Object(Config\Cache), false)
 4 FCPATH\index.php(79): CodeIgniter\CodeIgniter->run()
WARNING - 2024-12-19 10:46:22 --> [DEPRECATED] Creation of dynamic property App\Controllers\ContactController::$subscribersModel is deprecated in APPPATH\Controllers\ContactController.php on line 28.
 1 SYSTEMPATH\CodeIgniter.php(913): App\Controllers\ContactController->__construct()
 2 SYSTEMPATH\CodeIgniter.php(493): CodeIgniter\CodeIgniter->createController()
 3 SYSTEMPATH\CodeIgniter.php(361): CodeIgniter\CodeIgniter->handleRequest(null, Object(Config\Cache), false)
 4 FCPATH\index.php(79): CodeIgniter\CodeIgniter->run()
WARNING - 2024-12-19 10:46:22 --> [DEPRECATED] Creation of dynamic property App\Controllers\ContactController::$commentModel is deprecated in APPPATH\Controllers\ContactController.php on line 29.
 1 SYSTEMPATH\CodeIgniter.php(913): App\Controllers\ContactController->__construct()
 2 SYSTEMPATH\CodeIgniter.php(493): CodeIgniter\CodeIgniter->createController()
 3 SYSTEMPATH\CodeIgniter.php(361): CodeIgniter\CodeIgniter->handleRequest(null, Object(Config\Cache), false)
 4 FCPATH\index.php(79): CodeIgniter\CodeIgniter->run()
WARNING - 2024-12-19 10:46:22 --> [DEPRECATED] Creation of dynamic property App\Controllers\ContactController::$likesModel is deprecated in APPPATH\Controllers\ContactController.php on line 30.
 1 SYSTEMPATH\CodeIgniter.php(913): App\Controllers\ContactController->__construct()
 2 SYSTEMPATH\CodeIgniter.php(493): CodeIgniter\CodeIgniter->createController()
 3 SYSTEMPATH\CodeIgniter.php(361): CodeIgniter\CodeIgniter->handleRequest(null, Object(Config\Cache), false)
 4 FCPATH\index.php(79): CodeIgniter\CodeIgniter->run()
WARNING - 2024-12-19 10:51:06 --> [DEPRECATED] Creation of dynamic property App\Controllers\ContactController::$citiesModel is deprecated in APPPATH\Controllers\ContactController.php on line 21.
 1 SYSTEMPATH\CodeIgniter.php(913): App\Controllers\ContactController->__construct()
 2 SYSTEMPATH\CodeIgniter.php(493): CodeIgniter\CodeIgniter->createController()
 3 SYSTEMPATH\CodeIgniter.php(361): CodeIgniter\CodeIgniter->handleRequest(null, Object(Config\Cache), false)
 4 FCPATH\index.php(79): CodeIgniter\CodeIgniter->run()
WARNING - 2024-12-19 10:51:06 --> [DEPRECATED] Creation of dynamic property App\Controllers\ContactController::$uttarakhandModel is deprecated in APPPATH\Controllers\ContactController.php on line 22.
 1 SYSTEMPATH\CodeIgniter.php(913): App\Controllers\ContactController->__construct()
 2 SYSTEMPATH\CodeIgniter.php(493): CodeIgniter\CodeIgniter->createController()
 3 SYSTEMPATH\CodeIgniter.php(361): CodeIgniter\CodeIgniter->handleRequest(null, Object(Config\Cache), false)
 4 FCPATH\index.php(79): CodeIgniter\CodeIgniter->run()
WARNING - 2024-12-19 10:51:06 --> [DEPRECATED] Creation of dynamic property App\Controllers\ContactController::$imageModel is deprecated in APPPATH\Controllers\ContactController.php on line 23.
 1 SYSTEMPATH\CodeIgniter.php(913): App\Controllers\ContactController->__construct()
 2 SYSTEMPATH\CodeIgniter.php(493): CodeIgniter\CodeIgniter->createController()
 3 SYSTEMPATH\CodeIgniter.php(361): CodeIgniter\CodeIgniter->handleRequest(null, Object(Config\Cache), false)
 4 FCPATH\index.php(79): CodeIgniter\CodeIgniter->run()
WARNING - 2024-12-19 10:51:06 --> [DEPRECATED] Creation of dynamic property App\Controllers\ContactController::$areaModel is deprecated in APPPATH\Controllers\ContactController.php on line 24.
 1 SYSTEMPATH\CodeIgniter.php(913): App\Controllers\ContactController->__construct()
 2 SYSTEMPATH\CodeIgniter.php(493): CodeIgniter\CodeIgniter->createController()
 3 SYSTEMPATH\CodeIgniter.php(361): CodeIgniter\CodeIgniter->handleRequest(null, Object(Config\Cache), false)
 4 FCPATH\index.php(79): CodeIgniter\CodeIgniter->run()
WARNING - 2024-12-19 10:51:06 --> [DEPRECATED] Creation of dynamic property App\Controllers\ContactController::$foodModel is deprecated in APPPATH\Controllers\ContactController.php on line 25.
 1 SYSTEMPATH\CodeIgniter.php(913): App\Controllers\ContactController->__construct()
 2 SYSTEMPATH\CodeIgniter.php(493): CodeIgniter\CodeIgniter->createController()
 3 SYSTEMPATH\CodeIgniter.php(361): CodeIgniter\CodeIgniter->handleRequest(null, Object(Config\Cache), false)
 4 FCPATH\index.php(79): CodeIgniter\CodeIgniter->run()
WARNING - 2024-12-19 10:51:06 --> [DEPRECATED] Creation of dynamic property App\Controllers\ContactController::$blogModel is deprecated in APPPATH\Controllers\ContactController.php on line 26.
 1 SYSTEMPATH\CodeIgniter.php(913): App\Controllers\ContactController->__construct()
 2 SYSTEMPATH\CodeIgniter.php(493): CodeIgniter\CodeIgniter->createController()
 3 SYSTEMPATH\CodeIgniter.php(361): CodeIgniter\CodeIgniter->handleRequest(null, Object(Config\Cache), false)
 4 FCPATH\index.php(79): CodeIgniter\CodeIgniter->run()
WARNING - 2024-12-19 10:51:06 --> [DEPRECATED] Creation of dynamic property App\Controllers\ContactController::$contactModel is deprecated in APPPATH\Controllers\ContactController.php on line 27.
 1 SYSTEMPATH\CodeIgniter.php(913): App\Controllers\ContactController->__construct()
 2 SYSTEMPATH\CodeIgniter.php(493): CodeIgniter\CodeIgniter->createController()
 3 SYSTEMPATH\CodeIgniter.php(361): CodeIgniter\CodeIgniter->handleRequest(null, Object(Config\Cache), false)
 4 FCPATH\index.php(79): CodeIgniter\CodeIgniter->run()
WARNING - 2024-12-19 10:51:06 --> [DEPRECATED] Creation of dynamic property App\Controllers\ContactController::$subscribersModel is deprecated in APPPATH\Controllers\ContactController.php on line 28.
 1 SYSTEMPATH\CodeIgniter.php(913): App\Controllers\ContactController->__construct()
 2 SYSTEMPATH\CodeIgniter.php(493): CodeIgniter\CodeIgniter->createController()
 3 SYSTEMPATH\CodeIgniter.php(361): CodeIgniter\CodeIgniter->handleRequest(null, Object(Config\Cache), false)
 4 FCPATH\index.php(79): CodeIgniter\CodeIgniter->run()
WARNING - 2024-12-19 10:51:06 --> [DEPRECATED] Creation of dynamic property App\Controllers\ContactController::$commentModel is deprecated in APPPATH\Controllers\ContactController.php on line 29.
 1 SYSTEMPATH\CodeIgniter.php(913): App\Controllers\ContactController->__construct()
 2 SYSTEMPATH\CodeIgniter.php(493): CodeIgniter\CodeIgniter->createController()
 3 SYSTEMPATH\CodeIgniter.php(361): CodeIgniter\CodeIgniter->handleRequest(null, Object(Config\Cache), false)
 4 FCPATH\index.php(79): CodeIgniter\CodeIgniter->run()
WARNING - 2024-12-19 10:51:06 --> [DEPRECATED] Creation of dynamic property App\Controllers\ContactController::$likesModel is deprecated in APPPATH\Controllers\ContactController.php on line 30.
 1 SYSTEMPATH\CodeIgniter.php(913): App\Controllers\ContactController->__construct()
 2 SYSTEMPATH\CodeIgniter.php(493): CodeIgniter\CodeIgniter->createController()
 3 SYSTEMPATH\CodeIgniter.php(361): CodeIgniter\CodeIgniter->handleRequest(null, Object(Config\Cache), false)
 4 FCPATH\index.php(79): CodeIgniter\CodeIgniter->run()
WARNING - 2024-12-19 10:51:25 --> [DEPRECATED] Creation of dynamic property App\Controllers\ContactController::$citiesModel is deprecated in APPPATH\Controllers\ContactController.php on line 21.
 1 SYSTEMPATH\CodeIgniter.php(913): App\Controllers\ContactController->__construct()
 2 SYSTEMPATH\CodeIgniter.php(493): CodeIgniter\CodeIgniter->createController()
 3 SYSTEMPATH\CodeIgniter.php(361): CodeIgniter\CodeIgniter->handleRequest(null, Object(Config\Cache), false)
 4 FCPATH\index.php(79): CodeIgniter\CodeIgniter->run()
WARNING - 2024-12-19 10:51:25 --> [DEPRECATED] Creation of dynamic property App\Controllers\ContactController::$uttarakhandModel is deprecated in APPPATH\Controllers\ContactController.php on line 22.
 1 SYSTEMPATH\CodeIgniter.php(913): App\Controllers\ContactController->__construct()
 2 SYSTEMPATH\CodeIgniter.php(493): CodeIgniter\CodeIgniter->createController()
 3 SYSTEMPATH\CodeIgniter.php(361): CodeIgniter\CodeIgniter->handleRequest(null, Object(Config\Cache), false)
 4 FCPATH\index.php(79): CodeIgniter\CodeIgniter->run()
WARNING - 2024-12-19 10:51:25 --> [DEPRECATED] Creation of dynamic property App\Controllers\ContactController::$imageModel is deprecated in APPPATH\Controllers\ContactController.php on line 23.
 1 SYSTEMPATH\CodeIgniter.php(913): App\Controllers\ContactController->__construct()
 2 SYSTEMPATH\CodeIgniter.php(493): CodeIgniter\CodeIgniter->createController()
 3 SYSTEMPATH\CodeIgniter.php(361): CodeIgniter\CodeIgniter->handleRequest(null, Object(Config\Cache), false)
 4 FCPATH\index.php(79): CodeIgniter\CodeIgniter->run()
WARNING - 2024-12-19 10:51:25 --> [DEPRECATED] Creation of dynamic property App\Controllers\ContactController::$areaModel is deprecated in APPPATH\Controllers\ContactController.php on line 24.
 1 SYSTEMPATH\CodeIgniter.php(913): App\Controllers\ContactController->__construct()
 2 SYSTEMPATH\CodeIgniter.php(493): CodeIgniter\CodeIgniter->createController()
 3 SYSTEMPATH\CodeIgniter.php(361): CodeIgniter\CodeIgniter->handleRequest(null, Object(Config\Cache), false)
 4 FCPATH\index.php(79): CodeIgniter\CodeIgniter->run()
WARNING - 2024-12-19 10:51:25 --> [DEPRECATED] Creation of dynamic property App\Controllers\ContactController::$foodModel is deprecated in APPPATH\Controllers\ContactController.php on line 25.
 1 SYSTEMPATH\CodeIgniter.php(913): App\Controllers\ContactController->__construct()
 2 SYSTEMPATH\CodeIgniter.php(493): CodeIgniter\CodeIgniter->createController()
 3 SYSTEMPATH\CodeIgniter.php(361): CodeIgniter\CodeIgniter->handleRequest(null, Object(Config\Cache), false)
 4 FCPATH\index.php(79): CodeIgniter\CodeIgniter->run()
WARNING - 2024-12-19 10:51:25 --> [DEPRECATED] Creation of dynamic property App\Controllers\ContactController::$blogModel is deprecated in APPPATH\Controllers\ContactController.php on line 26.
 1 SYSTEMPATH\CodeIgniter.php(913): App\Controllers\ContactController->__construct()
 2 SYSTEMPATH\CodeIgniter.php(493): CodeIgniter\CodeIgniter->createController()
 3 SYSTEMPATH\CodeIgniter.php(361): CodeIgniter\CodeIgniter->handleRequest(null, Object(Config\Cache), false)
 4 FCPATH\index.php(79): CodeIgniter\CodeIgniter->run()
WARNING - 2024-12-19 10:51:25 --> [DEPRECATED] Creation of dynamic property App\Controllers\ContactController::$contactModel is deprecated in APPPATH\Controllers\ContactController.php on line 27.
 1 SYSTEMPATH\CodeIgniter.php(913): App\Controllers\ContactController->__construct()
 2 SYSTEMPATH\CodeIgniter.php(493): CodeIgniter\CodeIgniter->createController()
 3 SYSTEMPATH\CodeIgniter.php(361): CodeIgniter\CodeIgniter->handleRequest(null, Object(Config\Cache), false)
 4 FCPATH\index.php(79): CodeIgniter\CodeIgniter->run()
WARNING - 2024-12-19 10:51:25 --> [DEPRECATED] Creation of dynamic property App\Controllers\ContactController::$subscribersModel is deprecated in APPPATH\Controllers\ContactController.php on line 28.
 1 SYSTEMPATH\CodeIgniter.php(913): App\Controllers\ContactController->__construct()
 2 SYSTEMPATH\CodeIgniter.php(493): CodeIgniter\CodeIgniter->createController()
 3 SYSTEMPATH\CodeIgniter.php(361): CodeIgniter\CodeIgniter->handleRequest(null, Object(Config\Cache), false)
 4 FCPATH\index.php(79): CodeIgniter\CodeIgniter->run()
WARNING - 2024-12-19 10:51:25 --> [DEPRECATED] Creation of dynamic property App\Controllers\ContactController::$commentModel is deprecated in APPPATH\Controllers\ContactController.php on line 29.
 1 SYSTEMPATH\CodeIgniter.php(913): App\Controllers\ContactController->__construct()
 2 SYSTEMPATH\CodeIgniter.php(493): CodeIgniter\CodeIgniter->createController()
 3 SYSTEMPATH\CodeIgniter.php(361): CodeIgniter\CodeIgniter->handleRequest(null, Object(Config\Cache), false)
 4 FCPATH\index.php(79): CodeIgniter\CodeIgniter->run()
WARNING - 2024-12-19 10:51:25 --> [DEPRECATED] Creation of dynamic property App\Controllers\ContactController::$likesModel is deprecated in APPPATH\Controllers\ContactController.php on line 30.
 1 SYSTEMPATH\CodeIgniter.php(913): App\Controllers\ContactController->__construct()
 2 SYSTEMPATH\CodeIgniter.php(493): CodeIgniter\CodeIgniter->createController()
 3 SYSTEMPATH\CodeIgniter.php(361): CodeIgniter\CodeIgniter->handleRequest(null, Object(Config\Cache), false)
 4 FCPATH\index.php(79): CodeIgniter\CodeIgniter->run()
WARNING - 2024-12-19 10:53:47 --> [DEPRECATED] Creation of dynamic property App\Controllers\ContactController::$citiesModel is deprecated in APPPATH\Controllers\ContactController.php on line 21.
 1 SYSTEMPATH\CodeIgniter.php(913): App\Controllers\ContactController->__construct()
 2 SYSTEMPATH\CodeIgniter.php(493): CodeIgniter\CodeIgniter->createController()
 3 SYSTEMPATH\CodeIgniter.php(361): CodeIgniter\CodeIgniter->handleRequest(null, Object(Config\Cache), false)
 4 FCPATH\index.php(79): CodeIgniter\CodeIgniter->run()
WARNING - 2024-12-19 10:53:47 --> [DEPRECATED] Creation of dynamic property App\Controllers\ContactController::$uttarakhandModel is deprecated in APPPATH\Controllers\ContactController.php on line 22.
 1 SYSTEMPATH\CodeIgniter.php(913): App\Controllers\ContactController->__construct()
 2 SYSTEMPATH\CodeIgniter.php(493): CodeIgniter\CodeIgniter->createController()
 3 SYSTEMPATH\CodeIgniter.php(361): CodeIgniter\CodeIgniter->handleRequest(null, Object(Config\Cache), false)
 4 FCPATH\index.php(79): CodeIgniter\CodeIgniter->run()
WARNING - 2024-12-19 10:53:47 --> [DEPRECATED] Creation of dynamic property App\Controllers\ContactController::$imageModel is deprecated in APPPATH\Controllers\ContactController.php on line 23.
 1 SYSTEMPATH\CodeIgniter.php(913): App\Controllers\ContactController->__construct()
 2 SYSTEMPATH\CodeIgniter.php(493): CodeIgniter\CodeIgniter->createController()
 3 SYSTEMPATH\CodeIgniter.php(361): CodeIgniter\CodeIgniter->handleRequest(null, Object(Config\Cache), false)
 4 FCPATH\index.php(79): CodeIgniter\CodeIgniter->run()
WARNING - 2024-12-19 10:53:47 --> [DEPRECATED] Creation of dynamic property App\Controllers\ContactController::$areaModel is deprecated in APPPATH\Controllers\ContactController.php on line 24.
 1 SYSTEMPATH\CodeIgniter.php(913): App\Controllers\ContactController->__construct()
 2 SYSTEMPATH\CodeIgniter.php(493): CodeIgniter\CodeIgniter->createController()
 3 SYSTEMPATH\CodeIgniter.php(361): CodeIgniter\CodeIgniter->handleRequest(null, Object(Config\Cache), false)
 4 FCPATH\index.php(79): CodeIgniter\CodeIgniter->run()
WARNING - 2024-12-19 10:53:47 --> [DEPRECATED] Creation of dynamic property App\Controllers\ContactController::$foodModel is deprecated in APPPATH\Controllers\ContactController.php on line 25.
 1 SYSTEMPATH\CodeIgniter.php(913): App\Controllers\ContactController->__construct()
 2 SYSTEMPATH\CodeIgniter.php(493): CodeIgniter\CodeIgniter->createController()
 3 SYSTEMPATH\CodeIgniter.php(361): CodeIgniter\CodeIgniter->handleRequest(null, Object(Config\Cache), false)
 4 FCPATH\index.php(79): CodeIgniter\CodeIgniter->run()
WARNING - 2024-12-19 10:53:47 --> [DEPRECATED] Creation of dynamic property App\Controllers\ContactController::$blogModel is deprecated in APPPATH\Controllers\ContactController.php on line 26.
 1 SYSTEMPATH\CodeIgniter.php(913): App\Controllers\ContactController->__construct()
 2 SYSTEMPATH\CodeIgniter.php(493): CodeIgniter\CodeIgniter->createController()
 3 SYSTEMPATH\CodeIgniter.php(361): CodeIgniter\CodeIgniter->handleRequest(null, Object(Config\Cache), false)
 4 FCPATH\index.php(79): CodeIgniter\CodeIgniter->run()
WARNING - 2024-12-19 10:53:47 --> [DEPRECATED] Creation of dynamic property App\Controllers\ContactController::$contactModel is deprecated in APPPATH\Controllers\ContactController.php on line 27.
 1 SYSTEMPATH\CodeIgniter.php(913): App\Controllers\ContactController->__construct()
 2 SYSTEMPATH\CodeIgniter.php(493): CodeIgniter\CodeIgniter->createController()
 3 SYSTEMPATH\CodeIgniter.php(361): CodeIgniter\CodeIgniter->handleRequest(null, Object(Config\Cache), false)
 4 FCPATH\index.php(79): CodeIgniter\CodeIgniter->run()
WARNING - 2024-12-19 10:53:47 --> [DEPRECATED] Creation of dynamic property App\Controllers\ContactController::$subscribersModel is deprecated in APPPATH\Controllers\ContactController.php on line 28.
 1 SYSTEMPATH\CodeIgniter.php(913): App\Controllers\ContactController->__construct()
 2 SYSTEMPATH\CodeIgniter.php(493): CodeIgniter\CodeIgniter->createController()
 3 SYSTEMPATH\CodeIgniter.php(361): CodeIgniter\CodeIgniter->handleRequest(null, Object(Config\Cache), false)
 4 FCPATH\index.php(79): CodeIgniter\CodeIgniter->run()
WARNING - 2024-12-19 10:53:47 --> [DEPRECATED] Creation of dynamic property App\Controllers\ContactController::$commentModel is deprecated in APPPATH\Controllers\ContactController.php on line 29.
 1 SYSTEMPATH\CodeIgniter.php(913): App\Controllers\ContactController->__construct()
 2 SYSTEMPATH\CodeIgniter.php(493): CodeIgniter\CodeIgniter->createController()
 3 SYSTEMPATH\CodeIgniter.php(361): CodeIgniter\CodeIgniter->handleRequest(null, Object(Config\Cache), false)
 4 FCPATH\index.php(79): CodeIgniter\CodeIgniter->run()
WARNING - 2024-12-19 10:53:47 --> [DEPRECATED] Creation of dynamic property App\Controllers\ContactController::$likesModel is deprecated in APPPATH\Controllers\ContactController.php on line 30.
 1 SYSTEMPATH\CodeIgniter.php(913): App\Controllers\ContactController->__construct()
 2 SYSTEMPATH\CodeIgniter.php(493): CodeIgniter\CodeIgniter->createController()
 3 SYSTEMPATH\CodeIgniter.php(361): CodeIgniter\CodeIgniter->handleRequest(null, Object(Config\Cache), false)
 4 FCPATH\index.php(79): CodeIgniter\CodeIgniter->run()
WARNING - 2024-12-19 10:55:01 --> [DEPRECATED] Creation of dynamic property App\Controllers\ContactController::$citiesModel is deprecated in APPPATH\Controllers\ContactController.php on line 21.
 1 SYSTEMPATH\CodeIgniter.php(913): App\Controllers\ContactController->__construct()
 2 SYSTEMPATH\CodeIgniter.php(493): CodeIgniter\CodeIgniter->createController()
 3 SYSTEMPATH\CodeIgniter.php(361): CodeIgniter\CodeIgniter->handleRequest(null, Object(Config\Cache), false)
 4 FCPATH\index.php(79): CodeIgniter\CodeIgniter->run()
WARNING - 2024-12-19 10:55:01 --> [DEPRECATED] Creation of dynamic property App\Controllers\ContactController::$uttarakhandModel is deprecated in APPPATH\Controllers\ContactController.php on line 22.
 1 SYSTEMPATH\CodeIgniter.php(913): App\Controllers\ContactController->__construct()
 2 SYSTEMPATH\CodeIgniter.php(493): CodeIgniter\CodeIgniter->createController()
 3 SYSTEMPATH\CodeIgniter.php(361): CodeIgniter\CodeIgniter->handleRequest(null, Object(Config\Cache), false)
 4 FCPATH\index.php(79): CodeIgniter\CodeIgniter->run()
WARNING - 2024-12-19 10:55:01 --> [DEPRECATED] Creation of dynamic property App\Controllers\ContactController::$imageModel is deprecated in APPPATH\Controllers\ContactController.php on line 23.
 1 SYSTEMPATH\CodeIgniter.php(913): App\Controllers\ContactController->__construct()
 2 SYSTEMPATH\CodeIgniter.php(493): CodeIgniter\CodeIgniter->createController()
 3 SYSTEMPATH\CodeIgniter.php(361): CodeIgniter\CodeIgniter->handleRequest(null, Object(Config\Cache), false)
 4 FCPATH\index.php(79): CodeIgniter\CodeIgniter->run()
WARNING - 2024-12-19 10:55:01 --> [DEPRECATED] Creation of dynamic property App\Controllers\ContactController::$areaModel is deprecated in APPPATH\Controllers\ContactController.php on line 24.
 1 SYSTEMPATH\CodeIgniter.php(913): App\Controllers\ContactController->__construct()
 2 SYSTEMPATH\CodeIgniter.php(493): CodeIgniter\CodeIgniter->createController()
 3 SYSTEMPATH\CodeIgniter.php(361): CodeIgniter\CodeIgniter->handleRequest(null, Object(Config\Cache), false)
 4 FCPATH\index.php(79): CodeIgniter\CodeIgniter->run()
WARNING - 2024-12-19 10:55:01 --> [DEPRECATED] Creation of dynamic property App\Controllers\ContactController::$foodModel is deprecated in APPPATH\Controllers\ContactController.php on line 25.
 1 SYSTEMPATH\CodeIgniter.php(913): App\Controllers\ContactController->__construct()
 2 SYSTEMPATH\CodeIgniter.php(493): CodeIgniter\CodeIgniter->createController()
 3 SYSTEMPATH\CodeIgniter.php(361): CodeIgniter\CodeIgniter->handleRequest(null, Object(Config\Cache), false)
 4 FCPATH\index.php(79): CodeIgniter\CodeIgniter->run()
WARNING - 2024-12-19 10:55:01 --> [DEPRECATED] Creation of dynamic property App\Controllers\ContactController::$blogModel is deprecated in APPPATH\Controllers\ContactController.php on line 26.
 1 SYSTEMPATH\CodeIgniter.php(913): App\Controllers\ContactController->__construct()
 2 SYSTEMPATH\CodeIgniter.php(493): CodeIgniter\CodeIgniter->createController()
 3 SYSTEMPATH\CodeIgniter.php(361): CodeIgniter\CodeIgniter->handleRequest(null, Object(Config\Cache), false)
 4 FCPATH\index.php(79): CodeIgniter\CodeIgniter->run()
WARNING - 2024-12-19 10:55:01 --> [DEPRECATED] Creation of dynamic property App\Controllers\ContactController::$contactModel is deprecated in APPPATH\Controllers\ContactController.php on line 27.
 1 SYSTEMPATH\CodeIgniter.php(913): App\Controllers\ContactController->__construct()
 2 SYSTEMPATH\CodeIgniter.php(493): CodeIgniter\CodeIgniter->createController()
 3 SYSTEMPATH\CodeIgniter.php(361): CodeIgniter\CodeIgniter->handleRequest(null, Object(Config\Cache), false)
 4 FCPATH\index.php(79): CodeIgniter\CodeIgniter->run()
WARNING - 2024-12-19 10:55:01 --> [DEPRECATED] Creation of dynamic property App\Controllers\ContactController::$subscribersModel is deprecated in APPPATH\Controllers\ContactController.php on line 28.
 1 SYSTEMPATH\CodeIgniter.php(913): App\Controllers\ContactController->__construct()
 2 SYSTEMPATH\CodeIgniter.php(493): CodeIgniter\CodeIgniter->createController()
 3 SYSTEMPATH\CodeIgniter.php(361): CodeIgniter\CodeIgniter->handleRequest(null, Object(Config\Cache), false)
 4 FCPATH\index.php(79): CodeIgniter\CodeIgniter->run()
WARNING - 2024-12-19 10:55:01 --> [DEPRECATED] Creation of dynamic property App\Controllers\ContactController::$commentModel is deprecated in APPPATH\Controllers\ContactController.php on line 29.
 1 SYSTEMPATH\CodeIgniter.php(913): App\Controllers\ContactController->__construct()
 2 SYSTEMPATH\CodeIgniter.php(493): CodeIgniter\CodeIgniter->createController()
 3 SYSTEMPATH\CodeIgniter.php(361): CodeIgniter\CodeIgniter->handleRequest(null, Object(Config\Cache), false)
 4 FCPATH\index.php(79): CodeIgniter\CodeIgniter->run()
WARNING - 2024-12-19 10:55:01 --> [DEPRECATED] Creation of dynamic property App\Controllers\ContactController::$likesModel is deprecated in APPPATH\Controllers\ContactController.php on line 30.
 1 SYSTEMPATH\CodeIgniter.php(913): App\Controllers\ContactController->__construct()
 2 SYSTEMPATH\CodeIgniter.php(493): CodeIgniter\CodeIgniter->createController()
 3 SYSTEMPATH\CodeIgniter.php(361): CodeIgniter\CodeIgniter->handleRequest(null, Object(Config\Cache), false)
 4 FCPATH\index.php(79): CodeIgniter\CodeIgniter->run()
WARNING - 2024-12-19 10:56:06 --> [DEPRECATED] Creation of dynamic property App\Controllers\ContactController::$citiesModel is deprecated in APPPATH\Controllers\ContactController.php on line 21.
 1 SYSTEMPATH\CodeIgniter.php(913): App\Controllers\ContactController->__construct()
 2 SYSTEMPATH\CodeIgniter.php(493): CodeIgniter\CodeIgniter->createController()
 3 SYSTEMPATH\CodeIgniter.php(361): CodeIgniter\CodeIgniter->handleRequest(null, Object(Config\Cache), false)
 4 FCPATH\index.php(79): CodeIgniter\CodeIgniter->run()
WARNING - 2024-12-19 10:56:06 --> [DEPRECATED] Creation of dynamic property App\Controllers\ContactController::$uttarakhandModel is deprecated in APPPATH\Controllers\ContactController.php on line 22.
 1 SYSTEMPATH\CodeIgniter.php(913): App\Controllers\ContactController->__construct()
 2 SYSTEMPATH\CodeIgniter.php(493): CodeIgniter\CodeIgniter->createController()
 3 SYSTEMPATH\CodeIgniter.php(361): CodeIgniter\CodeIgniter->handleRequest(null, Object(Config\Cache), false)
 4 FCPATH\index.php(79): CodeIgniter\CodeIgniter->run()
WARNING - 2024-12-19 10:56:06 --> [DEPRECATED] Creation of dynamic property App\Controllers\ContactController::$imageModel is deprecated in APPPATH\Controllers\ContactController.php on line 23.
 1 SYSTEMPATH\CodeIgniter.php(913): App\Controllers\ContactController->__construct()
 2 SYSTEMPATH\CodeIgniter.php(493): CodeIgniter\CodeIgniter->createController()
 3 SYSTEMPATH\CodeIgniter.php(361): CodeIgniter\CodeIgniter->handleRequest(null, Object(Config\Cache), false)
 4 FCPATH\index.php(79): CodeIgniter\CodeIgniter->run()
WARNING - 2024-12-19 10:56:06 --> [DEPRECATED] Creation of dynamic property App\Controllers\ContactController::$areaModel is deprecated in APPPATH\Controllers\ContactController.php on line 24.
 1 SYSTEMPATH\CodeIgniter.php(913): App\Controllers\ContactController->__construct()
 2 SYSTEMPATH\CodeIgniter.php(493): CodeIgniter\CodeIgniter->createController()
 3 SYSTEMPATH\CodeIgniter.php(361): CodeIgniter\CodeIgniter->handleRequest(null, Object(Config\Cache), false)
 4 FCPATH\index.php(79): CodeIgniter\CodeIgniter->run()
WARNING - 2024-12-19 10:56:06 --> [DEPRECATED] Creation of dynamic property App\Controllers\ContactController::$foodModel is deprecated in APPPATH\Controllers\ContactController.php on line 25.
 1 SYSTEMPATH\CodeIgniter.php(913): App\Controllers\ContactController->__construct()
 2 SYSTEMPATH\CodeIgniter.php(493): CodeIgniter\CodeIgniter->createController()
 3 SYSTEMPATH\CodeIgniter.php(361): CodeIgniter\CodeIgniter->handleRequest(null, Object(Config\Cache), false)
 4 FCPATH\index.php(79): CodeIgniter\CodeIgniter->run()
WARNING - 2024-12-19 10:56:06 --> [DEPRECATED] Creation of dynamic property App\Controllers\ContactController::$blogModel is deprecated in APPPATH\Controllers\ContactController.php on line 26.
 1 SYSTEMPATH\CodeIgniter.php(913): App\Controllers\ContactController->__construct()
 2 SYSTEMPATH\CodeIgniter.php(493): CodeIgniter\CodeIgniter->createController()
 3 SYSTEMPATH\CodeIgniter.php(361): CodeIgniter\CodeIgniter->handleRequest(null, Object(Config\Cache), false)
 4 FCPATH\index.php(79): CodeIgniter\CodeIgniter->run()
WARNING - 2024-12-19 10:56:06 --> [DEPRECATED] Creation of dynamic property App\Controllers\ContactController::$contactModel is deprecated in APPPATH\Controllers\ContactController.php on line 27.
 1 SYSTEMPATH\CodeIgniter.php(913): App\Controllers\ContactController->__construct()
 2 SYSTEMPATH\CodeIgniter.php(493): CodeIgniter\CodeIgniter->createController()
 3 SYSTEMPATH\CodeIgniter.php(361): CodeIgniter\CodeIgniter->handleRequest(null, Object(Config\Cache), false)
 4 FCPATH\index.php(79): CodeIgniter\CodeIgniter->run()
WARNING - 2024-12-19 10:56:06 --> [DEPRECATED] Creation of dynamic property App\Controllers\ContactController::$subscribersModel is deprecated in APPPATH\Controllers\ContactController.php on line 28.
 1 SYSTEMPATH\CodeIgniter.php(913): App\Controllers\ContactController->__construct()
 2 SYSTEMPATH\CodeIgniter.php(493): CodeIgniter\CodeIgniter->createController()
 3 SYSTEMPATH\CodeIgniter.php(361): CodeIgniter\CodeIgniter->handleRequest(null, Object(Config\Cache), false)
 4 FCPATH\index.php(79): CodeIgniter\CodeIgniter->run()
WARNING - 2024-12-19 10:56:06 --> [DEPRECATED] Creation of dynamic property App\Controllers\ContactController::$commentModel is deprecated in APPPATH\Controllers\ContactController.php on line 29.
 1 SYSTEMPATH\CodeIgniter.php(913): App\Controllers\ContactController->__construct()
 2 SYSTEMPATH\CodeIgniter.php(493): CodeIgniter\CodeIgniter->createController()
 3 SYSTEMPATH\CodeIgniter.php(361): CodeIgniter\CodeIgniter->handleRequest(null, Object(Config\Cache), false)
 4 FCPATH\index.php(79): CodeIgniter\CodeIgniter->run()
WARNING - 2024-12-19 10:56:06 --> [DEPRECATED] Creation of dynamic property App\Controllers\ContactController::$likesModel is deprecated in APPPATH\Controllers\ContactController.php on line 30.
 1 SYSTEMPATH\CodeIgniter.php(913): App\Controllers\ContactController->__construct()
 2 SYSTEMPATH\CodeIgniter.php(493): CodeIgniter\CodeIgniter->createController()
 3 SYSTEMPATH\CodeIgniter.php(361): CodeIgniter\CodeIgniter->handleRequest(null, Object(Config\Cache), false)
 4 FCPATH\index.php(79): CodeIgniter\CodeIgniter->run()
WARNING - 2024-12-19 10:57:12 --> [DEPRECATED] Creation of dynamic property App\Controllers\ContactController::$citiesModel is deprecated in APPPATH\Controllers\ContactController.php on line 21.
 1 SYSTEMPATH\CodeIgniter.php(913): App\Controllers\ContactController->__construct()
 2 SYSTEMPATH\CodeIgniter.php(493): CodeIgniter\CodeIgniter->createController()
 3 SYSTEMPATH\CodeIgniter.php(361): CodeIgniter\CodeIgniter->handleRequest(null, Object(Config\Cache), false)
 4 FCPATH\index.php(79): CodeIgniter\CodeIgniter->run()
WARNING - 2024-12-19 10:57:12 --> [DEPRECATED] Creation of dynamic property App\Controllers\ContactController::$uttarakhandModel is deprecated in APPPATH\Controllers\ContactController.php on line 22.
 1 SYSTEMPATH\CodeIgniter.php(913): App\Controllers\ContactController->__construct()
 2 SYSTEMPATH\CodeIgniter.php(493): CodeIgniter\CodeIgniter->createController()
 3 SYSTEMPATH\CodeIgniter.php(361): CodeIgniter\CodeIgniter->handleRequest(null, Object(Config\Cache), false)
 4 FCPATH\index.php(79): CodeIgniter\CodeIgniter->run()
WARNING - 2024-12-19 10:57:12 --> [DEPRECATED] Creation of dynamic property App\Controllers\ContactController::$imageModel is deprecated in APPPATH\Controllers\ContactController.php on line 23.
 1 SYSTEMPATH\CodeIgniter.php(913): App\Controllers\ContactController->__construct()
 2 SYSTEMPATH\CodeIgniter.php(493): CodeIgniter\CodeIgniter->createController()
 3 SYSTEMPATH\CodeIgniter.php(361): CodeIgniter\CodeIgniter->handleRequest(null, Object(Config\Cache), false)
 4 FCPATH\index.php(79): CodeIgniter\CodeIgniter->run()
WARNING - 2024-12-19 10:57:12 --> [DEPRECATED] Creation of dynamic property App\Controllers\ContactController::$areaModel is deprecated in APPPATH\Controllers\ContactController.php on line 24.
 1 SYSTEMPATH\CodeIgniter.php(913): App\Controllers\ContactController->__construct()
 2 SYSTEMPATH\CodeIgniter.php(493): CodeIgniter\CodeIgniter->createController()
 3 SYSTEMPATH\CodeIgniter.php(361): CodeIgniter\CodeIgniter->handleRequest(null, Object(Config\Cache), false)
 4 FCPATH\index.php(79): CodeIgniter\CodeIgniter->run()
WARNING - 2024-12-19 10:57:12 --> [DEPRECATED] Creation of dynamic property App\Controllers\ContactController::$foodModel is deprecated in APPPATH\Controllers\ContactController.php on line 25.
 1 SYSTEMPATH\CodeIgniter.php(913): App\Controllers\ContactController->__construct()
 2 SYSTEMPATH\CodeIgniter.php(493): CodeIgniter\CodeIgniter->createController()
 3 SYSTEMPATH\CodeIgniter.php(361): CodeIgniter\CodeIgniter->handleRequest(null, Object(Config\Cache), false)
 4 FCPATH\index.php(79): CodeIgniter\CodeIgniter->run()
WARNING - 2024-12-19 10:57:12 --> [DEPRECATED] Creation of dynamic property App\Controllers\ContactController::$blogModel is deprecated in APPPATH\Controllers\ContactController.php on line 26.
 1 SYSTEMPATH\CodeIgniter.php(913): App\Controllers\ContactController->__construct()
 2 SYSTEMPATH\CodeIgniter.php(493): CodeIgniter\CodeIgniter->createController()
 3 SYSTEMPATH\CodeIgniter.php(361): CodeIgniter\CodeIgniter->handleRequest(null, Object(Config\Cache), false)
 4 FCPATH\index.php(79): CodeIgniter\CodeIgniter->run()
WARNING - 2024-12-19 10:57:12 --> [DEPRECATED] Creation of dynamic property App\Controllers\ContactController::$contactModel is deprecated in APPPATH\Controllers\ContactController.php on line 27.
 1 SYSTEMPATH\CodeIgniter.php(913): App\Controllers\ContactController->__construct()
 2 SYSTEMPATH\CodeIgniter.php(493): CodeIgniter\CodeIgniter->createController()
 3 SYSTEMPATH\CodeIgniter.php(361): CodeIgniter\CodeIgniter->handleRequest(null, Object(Config\Cache), false)
 4 FCPATH\index.php(79): CodeIgniter\CodeIgniter->run()
WARNING - 2024-12-19 10:57:12 --> [DEPRECATED] Creation of dynamic property App\Controllers\ContactController::$subscribersModel is deprecated in APPPATH\Controllers\ContactController.php on line 28.
 1 SYSTEMPATH\CodeIgniter.php(913): App\Controllers\ContactController->__construct()
 2 SYSTEMPATH\CodeIgniter.php(493): CodeIgniter\CodeIgniter->createController()
 3 SYSTEMPATH\CodeIgniter.php(361): CodeIgniter\CodeIgniter->handleRequest(null, Object(Config\Cache), false)
 4 FCPATH\index.php(79): CodeIgniter\CodeIgniter->run()
WARNING - 2024-12-19 10:57:12 --> [DEPRECATED] Creation of dynamic property App\Controllers\ContactController::$commentModel is deprecated in APPPATH\Controllers\ContactController.php on line 29.
 1 SYSTEMPATH\CodeIgniter.php(913): App\Controllers\ContactController->__construct()
 2 SYSTEMPATH\CodeIgniter.php(493): CodeIgniter\CodeIgniter->createController()
 3 SYSTEMPATH\CodeIgniter.php(361): CodeIgniter\CodeIgniter->handleRequest(null, Object(Config\Cache), false)
 4 FCPATH\index.php(79): CodeIgniter\CodeIgniter->run()
WARNING - 2024-12-19 10:57:12 --> [DEPRECATED] Creation of dynamic property App\Controllers\ContactController::$likesModel is deprecated in APPPATH\Controllers\ContactController.php on line 30.
 1 SYSTEMPATH\CodeIgniter.php(913): App\Controllers\ContactController->__construct()
 2 SYSTEMPATH\CodeIgniter.php(493): CodeIgniter\CodeIgniter->createController()
 3 SYSTEMPATH\CodeIgniter.php(361): CodeIgniter\CodeIgniter->handleRequest(null, Object(Config\Cache), false)
 4 FCPATH\index.php(79): CodeIgniter\CodeIgniter->run()
