WARNING - 2024-12-24 06:58:28 --> [DEPRECATED] Creation of dynamic property App\Controllers\HomeController::$citiesModel is deprecated in APPPATH\Controllers\HomeController.php on line 19.
 1 SYSTEMPATH\CodeIgniter.php(913): App\Controllers\HomeController->__construct()
 2 SYSTEMPATH\CodeIgniter.php(493): CodeIgniter\CodeIgniter->createController()
 3 SYSTEMPATH\CodeIgniter.php(361): CodeIgniter\CodeIgniter->handleRequest(null, Object(Config\Cache), false)
 4 FCPATH\index.php(79): CodeIgniter\CodeIgniter->run()
WARNING - 2024-12-24 06:58:28 --> [DEPRECATED] Creation of dynamic property App\Controllers\HomeController::$uttarakhandModel is deprecated in APPPATH\Controllers\HomeController.php on line 20.
 1 SYSTEMPATH\CodeIgniter.php(913): App\Controllers\HomeController->__construct()
 2 SYSTEMPATH\CodeIgniter.php(493): CodeIgniter\CodeIgniter->createController()
 3 SYSTEMPATH\CodeIgniter.php(361): CodeIgniter\CodeIgniter->handleRequest(null, Object(Config\Cache), false)
 4 FCPATH\index.php(79): CodeIgniter\CodeIgniter->run()
WARNING - 2024-12-24 06:58:28 --> [DEPRECATED] Creation of dynamic property App\Controllers\HomeController::$imageModel is deprecated in APPPATH\Controllers\HomeController.php on line 21.
 1 SYSTEMPATH\CodeIgniter.php(913): App\Controllers\HomeController->__construct()
 2 SYSTEMPATH\CodeIgniter.php(493): CodeIgniter\CodeIgniter->createController()
 3 SYSTEMPATH\CodeIgniter.php(361): CodeIgniter\CodeIgniter->handleRequest(null, Object(Config\Cache), false)
 4 FCPATH\index.php(79): CodeIgniter\CodeIgniter->run()
WARNING - 2024-12-24 06:58:28 --> [DEPRECATED] Creation of dynamic property App\Controllers\HomeController::$areaModel is deprecated in APPPATH\Controllers\HomeController.php on line 22.
 1 SYSTEMPATH\CodeIgniter.php(913): App\Controllers\HomeController->__construct()
 2 SYSTEMPATH\CodeIgniter.php(493): CodeIgniter\CodeIgniter->createController()
 3 SYSTEMPATH\CodeIgniter.php(361): CodeIgniter\CodeIgniter->handleRequest(null, Object(Config\Cache), false)
 4 FCPATH\index.php(79): CodeIgniter\CodeIgniter->run()
WARNING - 2024-12-24 06:58:28 --> [DEPRECATED] Creation of dynamic property App\Controllers\HomeController::$foodModel is deprecated in APPPATH\Controllers\HomeController.php on line 23.
 1 SYSTEMPATH\CodeIgniter.php(913): App\Controllers\HomeController->__construct()
 2 SYSTEMPATH\CodeIgniter.php(493): CodeIgniter\CodeIgniter->createController()
 3 SYSTEMPATH\CodeIgniter.php(361): CodeIgniter\CodeIgniter->handleRequest(null, Object(Config\Cache), false)
 4 FCPATH\index.php(79): CodeIgniter\CodeIgniter->run()
WARNING - 2024-12-24 06:58:28 --> [DEPRECATED] Creation of dynamic property App\Controllers\HomeController::$blogModel is deprecated in APPPATH\Controllers\HomeController.php on line 24.
 1 SYSTEMPATH\CodeIgniter.php(913): App\Controllers\HomeController->__construct()
 2 SYSTEMPATH\CodeIgniter.php(493): CodeIgniter\CodeIgniter->createController()
 3 SYSTEMPATH\CodeIgniter.php(361): CodeIgniter\CodeIgniter->handleRequest(null, Object(Config\Cache), false)
 4 FCPATH\index.php(79): CodeIgniter\CodeIgniter->run()
WARNING - 2024-12-24 06:58:32 --> [DEPRECATED] Creation of dynamic property App\Controllers\HomeController::$citiesModel is deprecated in APPPATH\Controllers\HomeController.php on line 19.
 1 SYSTEMPATH\CodeIgniter.php(913): App\Controllers\HomeController->__construct()
 2 SYSTEMPATH\CodeIgniter.php(493): CodeIgniter\CodeIgniter->createController()
 3 SYSTEMPATH\CodeIgniter.php(361): CodeIgniter\CodeIgniter->handleRequest(null, Object(Config\Cache), false)
 4 FCPATH\index.php(79): CodeIgniter\CodeIgniter->run()
WARNING - 2024-12-24 06:58:32 --> [DEPRECATED] Creation of dynamic property App\Controllers\HomeController::$uttarakhandModel is deprecated in APPPATH\Controllers\HomeController.php on line 20.
 1 SYSTEMPATH\CodeIgniter.php(913): App\Controllers\HomeController->__construct()
 2 SYSTEMPATH\CodeIgniter.php(493): CodeIgniter\CodeIgniter->createController()
 3 SYSTEMPATH\CodeIgniter.php(361): CodeIgniter\CodeIgniter->handleRequest(null, Object(Config\Cache), false)
 4 FCPATH\index.php(79): CodeIgniter\CodeIgniter->run()
WARNING - 2024-12-24 06:58:32 --> [DEPRECATED] Creation of dynamic property App\Controllers\HomeController::$imageModel is deprecated in APPPATH\Controllers\HomeController.php on line 21.
 1 SYSTEMPATH\CodeIgniter.php(913): App\Controllers\HomeController->__construct()
 2 SYSTEMPATH\CodeIgniter.php(493): CodeIgniter\CodeIgniter->createController()
 3 SYSTEMPATH\CodeIgniter.php(361): CodeIgniter\CodeIgniter->handleRequest(null, Object(Config\Cache), false)
 4 FCPATH\index.php(79): CodeIgniter\CodeIgniter->run()
WARNING - 2024-12-24 06:58:32 --> [DEPRECATED] Creation of dynamic property App\Controllers\HomeController::$areaModel is deprecated in APPPATH\Controllers\HomeController.php on line 22.
 1 SYSTEMPATH\CodeIgniter.php(913): App\Controllers\HomeController->__construct()
 2 SYSTEMPATH\CodeIgniter.php(493): CodeIgniter\CodeIgniter->createController()
 3 SYSTEMPATH\CodeIgniter.php(361): CodeIgniter\CodeIgniter->handleRequest(null, Object(Config\Cache), false)
 4 FCPATH\index.php(79): CodeIgniter\CodeIgniter->run()
WARNING - 2024-12-24 06:58:32 --> [DEPRECATED] Creation of dynamic property App\Controllers\HomeController::$foodModel is deprecated in APPPATH\Controllers\HomeController.php on line 23.
 1 SYSTEMPATH\CodeIgniter.php(913): App\Controllers\HomeController->__construct()
 2 SYSTEMPATH\CodeIgniter.php(493): CodeIgniter\CodeIgniter->createController()
 3 SYSTEMPATH\CodeIgniter.php(361): CodeIgniter\CodeIgniter->handleRequest(null, Object(Config\Cache), false)
 4 FCPATH\index.php(79): CodeIgniter\CodeIgniter->run()
WARNING - 2024-12-24 06:58:32 --> [DEPRECATED] Creation of dynamic property App\Controllers\HomeController::$blogModel is deprecated in APPPATH\Controllers\HomeController.php on line 24.
 1 SYSTEMPATH\CodeIgniter.php(913): App\Controllers\HomeController->__construct()
 2 SYSTEMPATH\CodeIgniter.php(493): CodeIgniter\CodeIgniter->createController()
 3 SYSTEMPATH\CodeIgniter.php(361): CodeIgniter\CodeIgniter->handleRequest(null, Object(Config\Cache), false)
 4 FCPATH\index.php(79): CodeIgniter\CodeIgniter->run()
CRITICAL - 2024-12-24 06:58:32 --> ErrorException: Trying to access array offset on value of type null
in APPPATH\Controllers\HomeController.php on line 80.
 1 APPPATH\Controllers\HomeController.php(80): CodeIgniter\Debug\Exceptions->errorHandler(2, 'Trying to access array offset on value of type null', 'C:\\xampp\\htdocs\\uttrakhand\\app\\Controllers\\HomeController.php', 80)
 2 SYSTEMPATH\CodeIgniter.php(941): App\Controllers\HomeController->page('uploads', 'no_image.jpg')
 3 SYSTEMPATH\CodeIgniter.php(502): CodeIgniter\CodeIgniter->runController(Object(App\Controllers\HomeController))
 4 SYSTEMPATH\CodeIgniter.php(361): CodeIgniter\CodeIgniter->handleRequest(null, Object(Config\Cache), false)
 5 FCPATH\index.php(79): CodeIgniter\CodeIgniter->run()
WARNING - 2024-12-24 07:53:20 --> [DEPRECATED] Creation of dynamic property App\Controllers\HomeController::$citiesModel is deprecated in APPPATH\Controllers\HomeController.php on line 19.
 1 SYSTEMPATH\CodeIgniter.php(913): App\Controllers\HomeController->__construct()
 2 SYSTEMPATH\CodeIgniter.php(493): CodeIgniter\CodeIgniter->createController()
 3 SYSTEMPATH\CodeIgniter.php(361): CodeIgniter\CodeIgniter->handleRequest(null, Object(Config\Cache), false)
 4 FCPATH\index.php(79): CodeIgniter\CodeIgniter->run()
WARNING - 2024-12-24 07:53:20 --> [DEPRECATED] Creation of dynamic property App\Controllers\HomeController::$uttarakhandModel is deprecated in APPPATH\Controllers\HomeController.php on line 20.
 1 SYSTEMPATH\CodeIgniter.php(913): App\Controllers\HomeController->__construct()
 2 SYSTEMPATH\CodeIgniter.php(493): CodeIgniter\CodeIgniter->createController()
 3 SYSTEMPATH\CodeIgniter.php(361): CodeIgniter\CodeIgniter->handleRequest(null, Object(Config\Cache), false)
 4 FCPATH\index.php(79): CodeIgniter\CodeIgniter->run()
WARNING - 2024-12-24 07:53:20 --> [DEPRECATED] Creation of dynamic property App\Controllers\HomeController::$imageModel is deprecated in APPPATH\Controllers\HomeController.php on line 21.
 1 SYSTEMPATH\CodeIgniter.php(913): App\Controllers\HomeController->__construct()
 2 SYSTEMPATH\CodeIgniter.php(493): CodeIgniter\CodeIgniter->createController()
 3 SYSTEMPATH\CodeIgniter.php(361): CodeIgniter\CodeIgniter->handleRequest(null, Object(Config\Cache), false)
 4 FCPATH\index.php(79): CodeIgniter\CodeIgniter->run()
WARNING - 2024-12-24 07:53:20 --> [DEPRECATED] Creation of dynamic property App\Controllers\HomeController::$areaModel is deprecated in APPPATH\Controllers\HomeController.php on line 22.
 1 SYSTEMPATH\CodeIgniter.php(913): App\Controllers\HomeController->__construct()
 2 SYSTEMPATH\CodeIgniter.php(493): CodeIgniter\CodeIgniter->createController()
 3 SYSTEMPATH\CodeIgniter.php(361): CodeIgniter\CodeIgniter->handleRequest(null, Object(Config\Cache), false)
 4 FCPATH\index.php(79): CodeIgniter\CodeIgniter->run()
WARNING - 2024-12-24 07:53:20 --> [DEPRECATED] Creation of dynamic property App\Controllers\HomeController::$foodModel is deprecated in APPPATH\Controllers\HomeController.php on line 23.
 1 SYSTEMPATH\CodeIgniter.php(913): App\Controllers\HomeController->__construct()
 2 SYSTEMPATH\CodeIgniter.php(493): CodeIgniter\CodeIgniter->createController()
 3 SYSTEMPATH\CodeIgniter.php(361): CodeIgniter\CodeIgniter->handleRequest(null, Object(Config\Cache), false)
 4 FCPATH\index.php(79): CodeIgniter\CodeIgniter->run()
WARNING - 2024-12-24 07:53:20 --> [DEPRECATED] Creation of dynamic property App\Controllers\HomeController::$blogModel is deprecated in APPPATH\Controllers\HomeController.php on line 24.
 1 SYSTEMPATH\CodeIgniter.php(913): App\Controllers\HomeController->__construct()
 2 SYSTEMPATH\CodeIgniter.php(493): CodeIgniter\CodeIgniter->createController()
 3 SYSTEMPATH\CodeIgniter.php(361): CodeIgniter\CodeIgniter->handleRequest(null, Object(Config\Cache), false)
 4 FCPATH\index.php(79): CodeIgniter\CodeIgniter->run()
WARNING - 2024-12-24 07:56:11 --> [DEPRECATED] Creation of dynamic property App\Controllers\HomeController::$citiesModel is deprecated in APPPATH\Controllers\HomeController.php on line 19.
 1 SYSTEMPATH\CodeIgniter.php(913): App\Controllers\HomeController->__construct()
 2 SYSTEMPATH\CodeIgniter.php(493): CodeIgniter\CodeIgniter->createController()
 3 SYSTEMPATH\CodeIgniter.php(361): CodeIgniter\CodeIgniter->handleRequest(null, Object(Config\Cache), false)
 4 FCPATH\index.php(79): CodeIgniter\CodeIgniter->run()
WARNING - 2024-12-24 07:56:11 --> [DEPRECATED] Creation of dynamic property App\Controllers\HomeController::$uttarakhandModel is deprecated in APPPATH\Controllers\HomeController.php on line 20.
 1 SYSTEMPATH\CodeIgniter.php(913): App\Controllers\HomeController->__construct()
 2 SYSTEMPATH\CodeIgniter.php(493): CodeIgniter\CodeIgniter->createController()
 3 SYSTEMPATH\CodeIgniter.php(361): CodeIgniter\CodeIgniter->handleRequest(null, Object(Config\Cache), false)
 4 FCPATH\index.php(79): CodeIgniter\CodeIgniter->run()
WARNING - 2024-12-24 07:56:11 --> [DEPRECATED] Creation of dynamic property App\Controllers\HomeController::$imageModel is deprecated in APPPATH\Controllers\HomeController.php on line 21.
 1 SYSTEMPATH\CodeIgniter.php(913): App\Controllers\HomeController->__construct()
 2 SYSTEMPATH\CodeIgniter.php(493): CodeIgniter\CodeIgniter->createController()
 3 SYSTEMPATH\CodeIgniter.php(361): CodeIgniter\CodeIgniter->handleRequest(null, Object(Config\Cache), false)
 4 FCPATH\index.php(79): CodeIgniter\CodeIgniter->run()
WARNING - 2024-12-24 07:56:11 --> [DEPRECATED] Creation of dynamic property App\Controllers\HomeController::$areaModel is deprecated in APPPATH\Controllers\HomeController.php on line 22.
 1 SYSTEMPATH\CodeIgniter.php(913): App\Controllers\HomeController->__construct()
 2 SYSTEMPATH\CodeIgniter.php(493): CodeIgniter\CodeIgniter->createController()
 3 SYSTEMPATH\CodeIgniter.php(361): CodeIgniter\CodeIgniter->handleRequest(null, Object(Config\Cache), false)
 4 FCPATH\index.php(79): CodeIgniter\CodeIgniter->run()
WARNING - 2024-12-24 07:56:11 --> [DEPRECATED] Creation of dynamic property App\Controllers\HomeController::$foodModel is deprecated in APPPATH\Controllers\HomeController.php on line 23.
 1 SYSTEMPATH\CodeIgniter.php(913): App\Controllers\HomeController->__construct()
 2 SYSTEMPATH\CodeIgniter.php(493): CodeIgniter\CodeIgniter->createController()
 3 SYSTEMPATH\CodeIgniter.php(361): CodeIgniter\CodeIgniter->handleRequest(null, Object(Config\Cache), false)
 4 FCPATH\index.php(79): CodeIgniter\CodeIgniter->run()
WARNING - 2024-12-24 07:56:11 --> [DEPRECATED] Creation of dynamic property App\Controllers\HomeController::$blogModel is deprecated in APPPATH\Controllers\HomeController.php on line 24.
 1 SYSTEMPATH\CodeIgniter.php(913): App\Controllers\HomeController->__construct()
 2 SYSTEMPATH\CodeIgniter.php(493): CodeIgniter\CodeIgniter->createController()
 3 SYSTEMPATH\CodeIgniter.php(361): CodeIgniter\CodeIgniter->handleRequest(null, Object(Config\Cache), false)
 4 FCPATH\index.php(79): CodeIgniter\CodeIgniter->run()
WARNING - 2024-12-24 08:00:17 --> [DEPRECATED] Creation of dynamic property App\Controllers\HomeController::$citiesModel is deprecated in APPPATH\Controllers\HomeController.php on line 19.
 1 SYSTEMPATH\CodeIgniter.php(913): App\Controllers\HomeController->__construct()
 2 SYSTEMPATH\CodeIgniter.php(493): CodeIgniter\CodeIgniter->createController()
 3 SYSTEMPATH\CodeIgniter.php(361): CodeIgniter\CodeIgniter->handleRequest(null, Object(Config\Cache), false)
 4 FCPATH\index.php(79): CodeIgniter\CodeIgniter->run()
WARNING - 2024-12-24 08:00:17 --> [DEPRECATED] Creation of dynamic property App\Controllers\HomeController::$uttarakhandModel is deprecated in APPPATH\Controllers\HomeController.php on line 20.
 1 SYSTEMPATH\CodeIgniter.php(913): App\Controllers\HomeController->__construct()
 2 SYSTEMPATH\CodeIgniter.php(493): CodeIgniter\CodeIgniter->createController()
 3 SYSTEMPATH\CodeIgniter.php(361): CodeIgniter\CodeIgniter->handleRequest(null, Object(Config\Cache), false)
 4 FCPATH\index.php(79): CodeIgniter\CodeIgniter->run()
WARNING - 2024-12-24 08:00:17 --> [DEPRECATED] Creation of dynamic property App\Controllers\HomeController::$imageModel is deprecated in APPPATH\Controllers\HomeController.php on line 21.
 1 SYSTEMPATH\CodeIgniter.php(913): App\Controllers\HomeController->__construct()
 2 SYSTEMPATH\CodeIgniter.php(493): CodeIgniter\CodeIgniter->createController()
 3 SYSTEMPATH\CodeIgniter.php(361): CodeIgniter\CodeIgniter->handleRequest(null, Object(Config\Cache), false)
 4 FCPATH\index.php(79): CodeIgniter\CodeIgniter->run()
WARNING - 2024-12-24 08:00:17 --> [DEPRECATED] Creation of dynamic property App\Controllers\HomeController::$areaModel is deprecated in APPPATH\Controllers\HomeController.php on line 22.
 1 SYSTEMPATH\CodeIgniter.php(913): App\Controllers\HomeController->__construct()
 2 SYSTEMPATH\CodeIgniter.php(493): CodeIgniter\CodeIgniter->createController()
 3 SYSTEMPATH\CodeIgniter.php(361): CodeIgniter\CodeIgniter->handleRequest(null, Object(Config\Cache), false)
 4 FCPATH\index.php(79): CodeIgniter\CodeIgniter->run()
WARNING - 2024-12-24 08:00:17 --> [DEPRECATED] Creation of dynamic property App\Controllers\HomeController::$foodModel is deprecated in APPPATH\Controllers\HomeController.php on line 23.
 1 SYSTEMPATH\CodeIgniter.php(913): App\Controllers\HomeController->__construct()
 2 SYSTEMPATH\CodeIgniter.php(493): CodeIgniter\CodeIgniter->createController()
 3 SYSTEMPATH\CodeIgniter.php(361): CodeIgniter\CodeIgniter->handleRequest(null, Object(Config\Cache), false)
 4 FCPATH\index.php(79): CodeIgniter\CodeIgniter->run()
WARNING - 2024-12-24 08:00:17 --> [DEPRECATED] Creation of dynamic property App\Controllers\HomeController::$blogModel is deprecated in APPPATH\Controllers\HomeController.php on line 24.
 1 SYSTEMPATH\CodeIgniter.php(913): App\Controllers\HomeController->__construct()
 2 SYSTEMPATH\CodeIgniter.php(493): CodeIgniter\CodeIgniter->createController()
 3 SYSTEMPATH\CodeIgniter.php(361): CodeIgniter\CodeIgniter->handleRequest(null, Object(Config\Cache), false)
 4 FCPATH\index.php(79): CodeIgniter\CodeIgniter->run()
WARNING - 2024-12-24 08:00:57 --> [DEPRECATED] Creation of dynamic property App\Controllers\HomeController::$citiesModel is deprecated in APPPATH\Controllers\HomeController.php on line 19.
 1 SYSTEMPATH\CodeIgniter.php(913): App\Controllers\HomeController->__construct()
 2 SYSTEMPATH\CodeIgniter.php(493): CodeIgniter\CodeIgniter->createController()
 3 SYSTEMPATH\CodeIgniter.php(361): CodeIgniter\CodeIgniter->handleRequest(null, Object(Config\Cache), false)
 4 FCPATH\index.php(79): CodeIgniter\CodeIgniter->run()
WARNING - 2024-12-24 08:00:57 --> [DEPRECATED] Creation of dynamic property App\Controllers\HomeController::$uttarakhandModel is deprecated in APPPATH\Controllers\HomeController.php on line 20.
 1 SYSTEMPATH\CodeIgniter.php(913): App\Controllers\HomeController->__construct()
 2 SYSTEMPATH\CodeIgniter.php(493): CodeIgniter\CodeIgniter->createController()
 3 SYSTEMPATH\CodeIgniter.php(361): CodeIgniter\CodeIgniter->handleRequest(null, Object(Config\Cache), false)
 4 FCPATH\index.php(79): CodeIgniter\CodeIgniter->run()
WARNING - 2024-12-24 08:00:57 --> [DEPRECATED] Creation of dynamic property App\Controllers\HomeController::$imageModel is deprecated in APPPATH\Controllers\HomeController.php on line 21.
 1 SYSTEMPATH\CodeIgniter.php(913): App\Controllers\HomeController->__construct()
 2 SYSTEMPATH\CodeIgniter.php(493): CodeIgniter\CodeIgniter->createController()
 3 SYSTEMPATH\CodeIgniter.php(361): CodeIgniter\CodeIgniter->handleRequest(null, Object(Config\Cache), false)
 4 FCPATH\index.php(79): CodeIgniter\CodeIgniter->run()
WARNING - 2024-12-24 08:00:57 --> [DEPRECATED] Creation of dynamic property App\Controllers\HomeController::$areaModel is deprecated in APPPATH\Controllers\HomeController.php on line 22.
 1 SYSTEMPATH\CodeIgniter.php(913): App\Controllers\HomeController->__construct()
 2 SYSTEMPATH\CodeIgniter.php(493): CodeIgniter\CodeIgniter->createController()
 3 SYSTEMPATH\CodeIgniter.php(361): CodeIgniter\CodeIgniter->handleRequest(null, Object(Config\Cache), false)
 4 FCPATH\index.php(79): CodeIgniter\CodeIgniter->run()
WARNING - 2024-12-24 08:00:57 --> [DEPRECATED] Creation of dynamic property App\Controllers\HomeController::$foodModel is deprecated in APPPATH\Controllers\HomeController.php on line 23.
 1 SYSTEMPATH\CodeIgniter.php(913): App\Controllers\HomeController->__construct()
 2 SYSTEMPATH\CodeIgniter.php(493): CodeIgniter\CodeIgniter->createController()
 3 SYSTEMPATH\CodeIgniter.php(361): CodeIgniter\CodeIgniter->handleRequest(null, Object(Config\Cache), false)
 4 FCPATH\index.php(79): CodeIgniter\CodeIgniter->run()
WARNING - 2024-12-24 08:00:57 --> [DEPRECATED] Creation of dynamic property App\Controllers\HomeController::$blogModel is deprecated in APPPATH\Controllers\HomeController.php on line 24.
 1 SYSTEMPATH\CodeIgniter.php(913): App\Controllers\HomeController->__construct()
 2 SYSTEMPATH\CodeIgniter.php(493): CodeIgniter\CodeIgniter->createController()
 3 SYSTEMPATH\CodeIgniter.php(361): CodeIgniter\CodeIgniter->handleRequest(null, Object(Config\Cache), false)
 4 FCPATH\index.php(79): CodeIgniter\CodeIgniter->run()
CRITICAL - 2024-12-24 08:00:57 --> ErrorException: Trying to access array offset on value of type null
in APPPATH\Controllers\HomeController.php on line 80.
 1 APPPATH\Controllers\HomeController.php(80): CodeIgniter\Debug\Exceptions->errorHandler(2, 'Trying to access array offset on value of type null', 'C:\\xampp\\htdocs\\uttrakhand\\app\\Controllers\\HomeController.php', 80)
 2 SYSTEMPATH\CodeIgniter.php(941): App\Controllers\HomeController->page('uploads', 'no_image.jpg')
 3 SYSTEMPATH\CodeIgniter.php(502): CodeIgniter\CodeIgniter->runController(Object(App\Controllers\HomeController))
 4 SYSTEMPATH\CodeIgniter.php(361): CodeIgniter\CodeIgniter->handleRequest(null, Object(Config\Cache), false)
 5 FCPATH\index.php(79): CodeIgniter\CodeIgniter->run()
WARNING - 2024-12-24 08:00:59 --> [DEPRECATED] Creation of dynamic property App\Controllers\AboutController::$citiesModel is deprecated in APPPATH\Controllers\AboutController.php on line 16.
 1 SYSTEMPATH\CodeIgniter.php(913): App\Controllers\AboutController->__construct()
 2 SYSTEMPATH\CodeIgniter.php(493): CodeIgniter\CodeIgniter->createController()
 3 SYSTEMPATH\CodeIgniter.php(361): CodeIgniter\CodeIgniter->handleRequest(null, Object(Config\Cache), false)
 4 FCPATH\index.php(79): CodeIgniter\CodeIgniter->run()
WARNING - 2024-12-24 08:00:59 --> [DEPRECATED] Creation of dynamic property App\Controllers\AboutController::$uttarakhandModel is deprecated in APPPATH\Controllers\AboutController.php on line 17.
 1 SYSTEMPATH\CodeIgniter.php(913): App\Controllers\AboutController->__construct()
 2 SYSTEMPATH\CodeIgniter.php(493): CodeIgniter\CodeIgniter->createController()
 3 SYSTEMPATH\CodeIgniter.php(361): CodeIgniter\CodeIgniter->handleRequest(null, Object(Config\Cache), false)
 4 FCPATH\index.php(79): CodeIgniter\CodeIgniter->run()
WARNING - 2024-12-24 08:00:59 --> [DEPRECATED] Creation of dynamic property App\Controllers\AboutController::$imageModel is deprecated in APPPATH\Controllers\AboutController.php on line 18.
 1 SYSTEMPATH\CodeIgniter.php(913): App\Controllers\AboutController->__construct()
 2 SYSTEMPATH\CodeIgniter.php(493): CodeIgniter\CodeIgniter->createController()
 3 SYSTEMPATH\CodeIgniter.php(361): CodeIgniter\CodeIgniter->handleRequest(null, Object(Config\Cache), false)
 4 FCPATH\index.php(79): CodeIgniter\CodeIgniter->run()
WARNING - 2024-12-24 08:00:59 --> [DEPRECATED] Creation of dynamic property App\Controllers\AboutController::$areaModel is deprecated in APPPATH\Controllers\AboutController.php on line 19.
 1 SYSTEMPATH\CodeIgniter.php(913): App\Controllers\AboutController->__construct()
 2 SYSTEMPATH\CodeIgniter.php(493): CodeIgniter\CodeIgniter->createController()
 3 SYSTEMPATH\CodeIgniter.php(361): CodeIgniter\CodeIgniter->handleRequest(null, Object(Config\Cache), false)
 4 FCPATH\index.php(79): CodeIgniter\CodeIgniter->run()
WARNING - 2024-12-24 08:00:59 --> [DEPRECATED] Creation of dynamic property App\Controllers\AboutController::$foodModel is deprecated in APPPATH\Controllers\AboutController.php on line 20.
 1 SYSTEMPATH\CodeIgniter.php(913): App\Controllers\AboutController->__construct()
 2 SYSTEMPATH\CodeIgniter.php(493): CodeIgniter\CodeIgniter->createController()
 3 SYSTEMPATH\CodeIgniter.php(361): CodeIgniter\CodeIgniter->handleRequest(null, Object(Config\Cache), false)
 4 FCPATH\index.php(79): CodeIgniter\CodeIgniter->run()
WARNING - 2024-12-24 08:00:59 --> [DEPRECATED] Creation of dynamic property App\Controllers\AboutController::$blogModel is deprecated in APPPATH\Controllers\AboutController.php on line 21.
 1 SYSTEMPATH\CodeIgniter.php(913): App\Controllers\AboutController->__construct()
 2 SYSTEMPATH\CodeIgniter.php(493): CodeIgniter\CodeIgniter->createController()
 3 SYSTEMPATH\CodeIgniter.php(361): CodeIgniter\CodeIgniter->handleRequest(null, Object(Config\Cache), false)
 4 FCPATH\index.php(79): CodeIgniter\CodeIgniter->run()
WARNING - 2024-12-24 08:01:04 --> [DEPRECATED] Creation of dynamic property App\Controllers\HomeController::$citiesModel is deprecated in APPPATH\Controllers\HomeController.php on line 19.
 1 SYSTEMPATH\CodeIgniter.php(913): App\Controllers\HomeController->__construct()
 2 SYSTEMPATH\CodeIgniter.php(493): CodeIgniter\CodeIgniter->createController()
 3 SYSTEMPATH\CodeIgniter.php(361): CodeIgniter\CodeIgniter->handleRequest(null, Object(Config\Cache), false)
 4 FCPATH\index.php(79): CodeIgniter\CodeIgniter->run()
WARNING - 2024-12-24 08:01:04 --> [DEPRECATED] Creation of dynamic property App\Controllers\HomeController::$uttarakhandModel is deprecated in APPPATH\Controllers\HomeController.php on line 20.
 1 SYSTEMPATH\CodeIgniter.php(913): App\Controllers\HomeController->__construct()
 2 SYSTEMPATH\CodeIgniter.php(493): CodeIgniter\CodeIgniter->createController()
 3 SYSTEMPATH\CodeIgniter.php(361): CodeIgniter\CodeIgniter->handleRequest(null, Object(Config\Cache), false)
 4 FCPATH\index.php(79): CodeIgniter\CodeIgniter->run()
WARNING - 2024-12-24 08:01:04 --> [DEPRECATED] Creation of dynamic property App\Controllers\HomeController::$imageModel is deprecated in APPPATH\Controllers\HomeController.php on line 21.
 1 SYSTEMPATH\CodeIgniter.php(913): App\Controllers\HomeController->__construct()
 2 SYSTEMPATH\CodeIgniter.php(493): CodeIgniter\CodeIgniter->createController()
 3 SYSTEMPATH\CodeIgniter.php(361): CodeIgniter\CodeIgniter->handleRequest(null, Object(Config\Cache), false)
 4 FCPATH\index.php(79): CodeIgniter\CodeIgniter->run()
WARNING - 2024-12-24 08:01:04 --> [DEPRECATED] Creation of dynamic property App\Controllers\HomeController::$areaModel is deprecated in APPPATH\Controllers\HomeController.php on line 22.
 1 SYSTEMPATH\CodeIgniter.php(913): App\Controllers\HomeController->__construct()
 2 SYSTEMPATH\CodeIgniter.php(493): CodeIgniter\CodeIgniter->createController()
 3 SYSTEMPATH\CodeIgniter.php(361): CodeIgniter\CodeIgniter->handleRequest(null, Object(Config\Cache), false)
 4 FCPATH\index.php(79): CodeIgniter\CodeIgniter->run()
WARNING - 2024-12-24 08:01:04 --> [DEPRECATED] Creation of dynamic property App\Controllers\HomeController::$foodModel is deprecated in APPPATH\Controllers\HomeController.php on line 23.
 1 SYSTEMPATH\CodeIgniter.php(913): App\Controllers\HomeController->__construct()
 2 SYSTEMPATH\CodeIgniter.php(493): CodeIgniter\CodeIgniter->createController()
 3 SYSTEMPATH\CodeIgniter.php(361): CodeIgniter\CodeIgniter->handleRequest(null, Object(Config\Cache), false)
 4 FCPATH\index.php(79): CodeIgniter\CodeIgniter->run()
WARNING - 2024-12-24 08:01:04 --> [DEPRECATED] Creation of dynamic property App\Controllers\HomeController::$blogModel is deprecated in APPPATH\Controllers\HomeController.php on line 24.
 1 SYSTEMPATH\CodeIgniter.php(913): App\Controllers\HomeController->__construct()
 2 SYSTEMPATH\CodeIgniter.php(493): CodeIgniter\CodeIgniter->createController()
 3 SYSTEMPATH\CodeIgniter.php(361): CodeIgniter\CodeIgniter->handleRequest(null, Object(Config\Cache), false)
 4 FCPATH\index.php(79): CodeIgniter\CodeIgniter->run()
WARNING - 2024-12-24 08:01:59 --> [DEPRECATED] Creation of dynamic property App\Controllers\HomeController::$citiesModel is deprecated in APPPATH\Controllers\HomeController.php on line 19.
 1 SYSTEMPATH\CodeIgniter.php(913): App\Controllers\HomeController->__construct()
 2 SYSTEMPATH\CodeIgniter.php(493): CodeIgniter\CodeIgniter->createController()
 3 SYSTEMPATH\CodeIgniter.php(361): CodeIgniter\CodeIgniter->handleRequest(null, Object(Config\Cache), false)
 4 FCPATH\index.php(79): CodeIgniter\CodeIgniter->run()
WARNING - 2024-12-24 08:01:59 --> [DEPRECATED] Creation of dynamic property App\Controllers\HomeController::$uttarakhandModel is deprecated in APPPATH\Controllers\HomeController.php on line 20.
 1 SYSTEMPATH\CodeIgniter.php(913): App\Controllers\HomeController->__construct()
 2 SYSTEMPATH\CodeIgniter.php(493): CodeIgniter\CodeIgniter->createController()
 3 SYSTEMPATH\CodeIgniter.php(361): CodeIgniter\CodeIgniter->handleRequest(null, Object(Config\Cache), false)
 4 FCPATH\index.php(79): CodeIgniter\CodeIgniter->run()
WARNING - 2024-12-24 08:01:59 --> [DEPRECATED] Creation of dynamic property App\Controllers\HomeController::$imageModel is deprecated in APPPATH\Controllers\HomeController.php on line 21.
 1 SYSTEMPATH\CodeIgniter.php(913): App\Controllers\HomeController->__construct()
 2 SYSTEMPATH\CodeIgniter.php(493): CodeIgniter\CodeIgniter->createController()
 3 SYSTEMPATH\CodeIgniter.php(361): CodeIgniter\CodeIgniter->handleRequest(null, Object(Config\Cache), false)
 4 FCPATH\index.php(79): CodeIgniter\CodeIgniter->run()
WARNING - 2024-12-24 08:01:59 --> [DEPRECATED] Creation of dynamic property App\Controllers\HomeController::$areaModel is deprecated in APPPATH\Controllers\HomeController.php on line 22.
 1 SYSTEMPATH\CodeIgniter.php(913): App\Controllers\HomeController->__construct()
 2 SYSTEMPATH\CodeIgniter.php(493): CodeIgniter\CodeIgniter->createController()
 3 SYSTEMPATH\CodeIgniter.php(361): CodeIgniter\CodeIgniter->handleRequest(null, Object(Config\Cache), false)
 4 FCPATH\index.php(79): CodeIgniter\CodeIgniter->run()
WARNING - 2024-12-24 08:01:59 --> [DEPRECATED] Creation of dynamic property App\Controllers\HomeController::$foodModel is deprecated in APPPATH\Controllers\HomeController.php on line 23.
 1 SYSTEMPATH\CodeIgniter.php(913): App\Controllers\HomeController->__construct()
 2 SYSTEMPATH\CodeIgniter.php(493): CodeIgniter\CodeIgniter->createController()
 3 SYSTEMPATH\CodeIgniter.php(361): CodeIgniter\CodeIgniter->handleRequest(null, Object(Config\Cache), false)
 4 FCPATH\index.php(79): CodeIgniter\CodeIgniter->run()
WARNING - 2024-12-24 08:01:59 --> [DEPRECATED] Creation of dynamic property App\Controllers\HomeController::$blogModel is deprecated in APPPATH\Controllers\HomeController.php on line 24.
 1 SYSTEMPATH\CodeIgniter.php(913): App\Controllers\HomeController->__construct()
 2 SYSTEMPATH\CodeIgniter.php(493): CodeIgniter\CodeIgniter->createController()
 3 SYSTEMPATH\CodeIgniter.php(361): CodeIgniter\CodeIgniter->handleRequest(null, Object(Config\Cache), false)
 4 FCPATH\index.php(79): CodeIgniter\CodeIgniter->run()
WARNING - 2024-12-24 08:13:51 --> [DEPRECATED] Creation of dynamic property App\Controllers\HomeController::$citiesModel is deprecated in APPPATH\Controllers\HomeController.php on line 19.
 1 SYSTEMPATH\CodeIgniter.php(913): App\Controllers\HomeController->__construct()
 2 SYSTEMPATH\CodeIgniter.php(493): CodeIgniter\CodeIgniter->createController()
 3 SYSTEMPATH\CodeIgniter.php(361): CodeIgniter\CodeIgniter->handleRequest(null, Object(Config\Cache), false)
 4 FCPATH\index.php(79): CodeIgniter\CodeIgniter->run()
WARNING - 2024-12-24 08:13:51 --> [DEPRECATED] Creation of dynamic property App\Controllers\HomeController::$uttarakhandModel is deprecated in APPPATH\Controllers\HomeController.php on line 20.
 1 SYSTEMPATH\CodeIgniter.php(913): App\Controllers\HomeController->__construct()
 2 SYSTEMPATH\CodeIgniter.php(493): CodeIgniter\CodeIgniter->createController()
 3 SYSTEMPATH\CodeIgniter.php(361): CodeIgniter\CodeIgniter->handleRequest(null, Object(Config\Cache), false)
 4 FCPATH\index.php(79): CodeIgniter\CodeIgniter->run()
WARNING - 2024-12-24 08:13:51 --> [DEPRECATED] Creation of dynamic property App\Controllers\HomeController::$imageModel is deprecated in APPPATH\Controllers\HomeController.php on line 21.
 1 SYSTEMPATH\CodeIgniter.php(913): App\Controllers\HomeController->__construct()
 2 SYSTEMPATH\CodeIgniter.php(493): CodeIgniter\CodeIgniter->createController()
 3 SYSTEMPATH\CodeIgniter.php(361): CodeIgniter\CodeIgniter->handleRequest(null, Object(Config\Cache), false)
 4 FCPATH\index.php(79): CodeIgniter\CodeIgniter->run()
WARNING - 2024-12-24 08:13:51 --> [DEPRECATED] Creation of dynamic property App\Controllers\HomeController::$areaModel is deprecated in APPPATH\Controllers\HomeController.php on line 22.
 1 SYSTEMPATH\CodeIgniter.php(913): App\Controllers\HomeController->__construct()
 2 SYSTEMPATH\CodeIgniter.php(493): CodeIgniter\CodeIgniter->createController()
 3 SYSTEMPATH\CodeIgniter.php(361): CodeIgniter\CodeIgniter->handleRequest(null, Object(Config\Cache), false)
 4 FCPATH\index.php(79): CodeIgniter\CodeIgniter->run()
WARNING - 2024-12-24 08:13:51 --> [DEPRECATED] Creation of dynamic property App\Controllers\HomeController::$foodModel is deprecated in APPPATH\Controllers\HomeController.php on line 23.
 1 SYSTEMPATH\CodeIgniter.php(913): App\Controllers\HomeController->__construct()
 2 SYSTEMPATH\CodeIgniter.php(493): CodeIgniter\CodeIgniter->createController()
 3 SYSTEMPATH\CodeIgniter.php(361): CodeIgniter\CodeIgniter->handleRequest(null, Object(Config\Cache), false)
 4 FCPATH\index.php(79): CodeIgniter\CodeIgniter->run()
WARNING - 2024-12-24 08:13:51 --> [DEPRECATED] Creation of dynamic property App\Controllers\HomeController::$blogModel is deprecated in APPPATH\Controllers\HomeController.php on line 24.
 1 SYSTEMPATH\CodeIgniter.php(913): App\Controllers\HomeController->__construct()
 2 SYSTEMPATH\CodeIgniter.php(493): CodeIgniter\CodeIgniter->createController()
 3 SYSTEMPATH\CodeIgniter.php(361): CodeIgniter\CodeIgniter->handleRequest(null, Object(Config\Cache), false)
 4 FCPATH\index.php(79): CodeIgniter\CodeIgniter->run()
WARNING - 2024-12-24 08:13:52 --> [DEPRECATED] Creation of dynamic property App\Controllers\HomeController::$citiesModel is deprecated in APPPATH\Controllers\HomeController.php on line 19.
 1 SYSTEMPATH\CodeIgniter.php(913): App\Controllers\HomeController->__construct()
 2 SYSTEMPATH\CodeIgniter.php(493): CodeIgniter\CodeIgniter->createController()
 3 SYSTEMPATH\CodeIgniter.php(361): CodeIgniter\CodeIgniter->handleRequest(null, Object(Config\Cache), false)
 4 FCPATH\index.php(79): CodeIgniter\CodeIgniter->run()
WARNING - 2024-12-24 08:13:52 --> [DEPRECATED] Creation of dynamic property App\Controllers\HomeController::$uttarakhandModel is deprecated in APPPATH\Controllers\HomeController.php on line 20.
 1 SYSTEMPATH\CodeIgniter.php(913): App\Controllers\HomeController->__construct()
 2 SYSTEMPATH\CodeIgniter.php(493): CodeIgniter\CodeIgniter->createController()
 3 SYSTEMPATH\CodeIgniter.php(361): CodeIgniter\CodeIgniter->handleRequest(null, Object(Config\Cache), false)
 4 FCPATH\index.php(79): CodeIgniter\CodeIgniter->run()
WARNING - 2024-12-24 08:13:52 --> [DEPRECATED] Creation of dynamic property App\Controllers\HomeController::$imageModel is deprecated in APPPATH\Controllers\HomeController.php on line 21.
 1 SYSTEMPATH\CodeIgniter.php(913): App\Controllers\HomeController->__construct()
 2 SYSTEMPATH\CodeIgniter.php(493): CodeIgniter\CodeIgniter->createController()
 3 SYSTEMPATH\CodeIgniter.php(361): CodeIgniter\CodeIgniter->handleRequest(null, Object(Config\Cache), false)
 4 FCPATH\index.php(79): CodeIgniter\CodeIgniter->run()
WARNING - 2024-12-24 08:13:52 --> [DEPRECATED] Creation of dynamic property App\Controllers\HomeController::$areaModel is deprecated in APPPATH\Controllers\HomeController.php on line 22.
 1 SYSTEMPATH\CodeIgniter.php(913): App\Controllers\HomeController->__construct()
 2 SYSTEMPATH\CodeIgniter.php(493): CodeIgniter\CodeIgniter->createController()
 3 SYSTEMPATH\CodeIgniter.php(361): CodeIgniter\CodeIgniter->handleRequest(null, Object(Config\Cache), false)
 4 FCPATH\index.php(79): CodeIgniter\CodeIgniter->run()
WARNING - 2024-12-24 08:13:52 --> [DEPRECATED] Creation of dynamic property App\Controllers\HomeController::$foodModel is deprecated in APPPATH\Controllers\HomeController.php on line 23.
 1 SYSTEMPATH\CodeIgniter.php(913): App\Controllers\HomeController->__construct()
 2 SYSTEMPATH\CodeIgniter.php(493): CodeIgniter\CodeIgniter->createController()
 3 SYSTEMPATH\CodeIgniter.php(361): CodeIgniter\CodeIgniter->handleRequest(null, Object(Config\Cache), false)
 4 FCPATH\index.php(79): CodeIgniter\CodeIgniter->run()
WARNING - 2024-12-24 08:13:52 --> [DEPRECATED] Creation of dynamic property App\Controllers\HomeController::$blogModel is deprecated in APPPATH\Controllers\HomeController.php on line 24.
 1 SYSTEMPATH\CodeIgniter.php(913): App\Controllers\HomeController->__construct()
 2 SYSTEMPATH\CodeIgniter.php(493): CodeIgniter\CodeIgniter->createController()
 3 SYSTEMPATH\CodeIgniter.php(361): CodeIgniter\CodeIgniter->handleRequest(null, Object(Config\Cache), false)
 4 FCPATH\index.php(79): CodeIgniter\CodeIgniter->run()
WARNING - 2024-12-24 08:15:38 --> [DEPRECATED] Creation of dynamic property App\Controllers\HomeController::$citiesModel is deprecated in APPPATH\Controllers\HomeController.php on line 19.
 1 SYSTEMPATH\CodeIgniter.php(913): App\Controllers\HomeController->__construct()
 2 SYSTEMPATH\CodeIgniter.php(493): CodeIgniter\CodeIgniter->createController()
 3 SYSTEMPATH\CodeIgniter.php(361): CodeIgniter\CodeIgniter->handleRequest(null, Object(Config\Cache), false)
 4 FCPATH\index.php(79): CodeIgniter\CodeIgniter->run()
WARNING - 2024-12-24 08:15:38 --> [DEPRECATED] Creation of dynamic property App\Controllers\HomeController::$uttarakhandModel is deprecated in APPPATH\Controllers\HomeController.php on line 20.
 1 SYSTEMPATH\CodeIgniter.php(913): App\Controllers\HomeController->__construct()
 2 SYSTEMPATH\CodeIgniter.php(493): CodeIgniter\CodeIgniter->createController()
 3 SYSTEMPATH\CodeIgniter.php(361): CodeIgniter\CodeIgniter->handleRequest(null, Object(Config\Cache), false)
 4 FCPATH\index.php(79): CodeIgniter\CodeIgniter->run()
WARNING - 2024-12-24 08:15:38 --> [DEPRECATED] Creation of dynamic property App\Controllers\HomeController::$imageModel is deprecated in APPPATH\Controllers\HomeController.php on line 21.
 1 SYSTEMPATH\CodeIgniter.php(913): App\Controllers\HomeController->__construct()
 2 SYSTEMPATH\CodeIgniter.php(493): CodeIgniter\CodeIgniter->createController()
 3 SYSTEMPATH\CodeIgniter.php(361): CodeIgniter\CodeIgniter->handleRequest(null, Object(Config\Cache), false)
 4 FCPATH\index.php(79): CodeIgniter\CodeIgniter->run()
WARNING - 2024-12-24 08:15:38 --> [DEPRECATED] Creation of dynamic property App\Controllers\HomeController::$areaModel is deprecated in APPPATH\Controllers\HomeController.php on line 22.
 1 SYSTEMPATH\CodeIgniter.php(913): App\Controllers\HomeController->__construct()
 2 SYSTEMPATH\CodeIgniter.php(493): CodeIgniter\CodeIgniter->createController()
 3 SYSTEMPATH\CodeIgniter.php(361): CodeIgniter\CodeIgniter->handleRequest(null, Object(Config\Cache), false)
 4 FCPATH\index.php(79): CodeIgniter\CodeIgniter->run()
WARNING - 2024-12-24 08:15:38 --> [DEPRECATED] Creation of dynamic property App\Controllers\HomeController::$foodModel is deprecated in APPPATH\Controllers\HomeController.php on line 23.
 1 SYSTEMPATH\CodeIgniter.php(913): App\Controllers\HomeController->__construct()
 2 SYSTEMPATH\CodeIgniter.php(493): CodeIgniter\CodeIgniter->createController()
 3 SYSTEMPATH\CodeIgniter.php(361): CodeIgniter\CodeIgniter->handleRequest(null, Object(Config\Cache), false)
 4 FCPATH\index.php(79): CodeIgniter\CodeIgniter->run()
WARNING - 2024-12-24 08:15:38 --> [DEPRECATED] Creation of dynamic property App\Controllers\HomeController::$blogModel is deprecated in APPPATH\Controllers\HomeController.php on line 24.
 1 SYSTEMPATH\CodeIgniter.php(913): App\Controllers\HomeController->__construct()
 2 SYSTEMPATH\CodeIgniter.php(493): CodeIgniter\CodeIgniter->createController()
 3 SYSTEMPATH\CodeIgniter.php(361): CodeIgniter\CodeIgniter->handleRequest(null, Object(Config\Cache), false)
 4 FCPATH\index.php(79): CodeIgniter\CodeIgniter->run()
WARNING - 2024-12-24 08:15:57 --> [DEPRECATED] Creation of dynamic property App\Controllers\AboutController::$citiesModel is deprecated in APPPATH\Controllers\AboutController.php on line 16.
 1 SYSTEMPATH\CodeIgniter.php(913): App\Controllers\AboutController->__construct()
 2 SYSTEMPATH\CodeIgniter.php(493): CodeIgniter\CodeIgniter->createController()
 3 SYSTEMPATH\CodeIgniter.php(361): CodeIgniter\CodeIgniter->handleRequest(null, Object(Config\Cache), false)
 4 FCPATH\index.php(79): CodeIgniter\CodeIgniter->run()
WARNING - 2024-12-24 08:15:57 --> [DEPRECATED] Creation of dynamic property App\Controllers\AboutController::$uttarakhandModel is deprecated in APPPATH\Controllers\AboutController.php on line 17.
 1 SYSTEMPATH\CodeIgniter.php(913): App\Controllers\AboutController->__construct()
 2 SYSTEMPATH\CodeIgniter.php(493): CodeIgniter\CodeIgniter->createController()
 3 SYSTEMPATH\CodeIgniter.php(361): CodeIgniter\CodeIgniter->handleRequest(null, Object(Config\Cache), false)
 4 FCPATH\index.php(79): CodeIgniter\CodeIgniter->run()
WARNING - 2024-12-24 08:15:57 --> [DEPRECATED] Creation of dynamic property App\Controllers\AboutController::$imageModel is deprecated in APPPATH\Controllers\AboutController.php on line 18.
 1 SYSTEMPATH\CodeIgniter.php(913): App\Controllers\AboutController->__construct()
 2 SYSTEMPATH\CodeIgniter.php(493): CodeIgniter\CodeIgniter->createController()
 3 SYSTEMPATH\CodeIgniter.php(361): CodeIgniter\CodeIgniter->handleRequest(null, Object(Config\Cache), false)
 4 FCPATH\index.php(79): CodeIgniter\CodeIgniter->run()
WARNING - 2024-12-24 08:15:57 --> [DEPRECATED] Creation of dynamic property App\Controllers\AboutController::$areaModel is deprecated in APPPATH\Controllers\AboutController.php on line 19.
 1 SYSTEMPATH\CodeIgniter.php(913): App\Controllers\AboutController->__construct()
 2 SYSTEMPATH\CodeIgniter.php(493): CodeIgniter\CodeIgniter->createController()
 3 SYSTEMPATH\CodeIgniter.php(361): CodeIgniter\CodeIgniter->handleRequest(null, Object(Config\Cache), false)
 4 FCPATH\index.php(79): CodeIgniter\CodeIgniter->run()
WARNING - 2024-12-24 08:15:57 --> [DEPRECATED] Creation of dynamic property App\Controllers\AboutController::$foodModel is deprecated in APPPATH\Controllers\AboutController.php on line 20.
 1 SYSTEMPATH\CodeIgniter.php(913): App\Controllers\AboutController->__construct()
 2 SYSTEMPATH\CodeIgniter.php(493): CodeIgniter\CodeIgniter->createController()
 3 SYSTEMPATH\CodeIgniter.php(361): CodeIgniter\CodeIgniter->handleRequest(null, Object(Config\Cache), false)
 4 FCPATH\index.php(79): CodeIgniter\CodeIgniter->run()
WARNING - 2024-12-24 08:15:57 --> [DEPRECATED] Creation of dynamic property App\Controllers\AboutController::$blogModel is deprecated in APPPATH\Controllers\AboutController.php on line 21.
 1 SYSTEMPATH\CodeIgniter.php(913): App\Controllers\AboutController->__construct()
 2 SYSTEMPATH\CodeIgniter.php(493): CodeIgniter\CodeIgniter->createController()
 3 SYSTEMPATH\CodeIgniter.php(361): CodeIgniter\CodeIgniter->handleRequest(null, Object(Config\Cache), false)
 4 FCPATH\index.php(79): CodeIgniter\CodeIgniter->run()
WARNING - 2024-12-24 08:16:19 --> [DEPRECATED] Creation of dynamic property App\Controllers\AboutController::$citiesModel is deprecated in APPPATH\Controllers\AboutController.php on line 16.
 1 SYSTEMPATH\CodeIgniter.php(913): App\Controllers\AboutController->__construct()
 2 SYSTEMPATH\CodeIgniter.php(493): CodeIgniter\CodeIgniter->createController()
 3 SYSTEMPATH\CodeIgniter.php(361): CodeIgniter\CodeIgniter->handleRequest(null, Object(Config\Cache), false)
 4 FCPATH\index.php(79): CodeIgniter\CodeIgniter->run()
WARNING - 2024-12-24 08:16:19 --> [DEPRECATED] Creation of dynamic property App\Controllers\AboutController::$uttarakhandModel is deprecated in APPPATH\Controllers\AboutController.php on line 17.
 1 SYSTEMPATH\CodeIgniter.php(913): App\Controllers\AboutController->__construct()
 2 SYSTEMPATH\CodeIgniter.php(493): CodeIgniter\CodeIgniter->createController()
 3 SYSTEMPATH\CodeIgniter.php(361): CodeIgniter\CodeIgniter->handleRequest(null, Object(Config\Cache), false)
 4 FCPATH\index.php(79): CodeIgniter\CodeIgniter->run()
WARNING - 2024-12-24 08:16:19 --> [DEPRECATED] Creation of dynamic property App\Controllers\AboutController::$imageModel is deprecated in APPPATH\Controllers\AboutController.php on line 18.
 1 SYSTEMPATH\CodeIgniter.php(913): App\Controllers\AboutController->__construct()
 2 SYSTEMPATH\CodeIgniter.php(493): CodeIgniter\CodeIgniter->createController()
 3 SYSTEMPATH\CodeIgniter.php(361): CodeIgniter\CodeIgniter->handleRequest(null, Object(Config\Cache), false)
 4 FCPATH\index.php(79): CodeIgniter\CodeIgniter->run()
WARNING - 2024-12-24 08:16:19 --> [DEPRECATED] Creation of dynamic property App\Controllers\AboutController::$areaModel is deprecated in APPPATH\Controllers\AboutController.php on line 19.
 1 SYSTEMPATH\CodeIgniter.php(913): App\Controllers\AboutController->__construct()
 2 SYSTEMPATH\CodeIgniter.php(493): CodeIgniter\CodeIgniter->createController()
 3 SYSTEMPATH\CodeIgniter.php(361): CodeIgniter\CodeIgniter->handleRequest(null, Object(Config\Cache), false)
 4 FCPATH\index.php(79): CodeIgniter\CodeIgniter->run()
WARNING - 2024-12-24 08:16:19 --> [DEPRECATED] Creation of dynamic property App\Controllers\AboutController::$foodModel is deprecated in APPPATH\Controllers\AboutController.php on line 20.
 1 SYSTEMPATH\CodeIgniter.php(913): App\Controllers\AboutController->__construct()
 2 SYSTEMPATH\CodeIgniter.php(493): CodeIgniter\CodeIgniter->createController()
 3 SYSTEMPATH\CodeIgniter.php(361): CodeIgniter\CodeIgniter->handleRequest(null, Object(Config\Cache), false)
 4 FCPATH\index.php(79): CodeIgniter\CodeIgniter->run()
WARNING - 2024-12-24 08:16:19 --> [DEPRECATED] Creation of dynamic property App\Controllers\AboutController::$blogModel is deprecated in APPPATH\Controllers\AboutController.php on line 21.
 1 SYSTEMPATH\CodeIgniter.php(913): App\Controllers\AboutController->__construct()
 2 SYSTEMPATH\CodeIgniter.php(493): CodeIgniter\CodeIgniter->createController()
 3 SYSTEMPATH\CodeIgniter.php(361): CodeIgniter\CodeIgniter->handleRequest(null, Object(Config\Cache), false)
 4 FCPATH\index.php(79): CodeIgniter\CodeIgniter->run()
WARNING - 2024-12-24 08:16:34 --> [DEPRECATED] Creation of dynamic property App\Controllers\HomeController::$citiesModel is deprecated in APPPATH\Controllers\HomeController.php on line 19.
 1 SYSTEMPATH\CodeIgniter.php(913): App\Controllers\HomeController->__construct()
 2 SYSTEMPATH\CodeIgniter.php(493): CodeIgniter\CodeIgniter->createController()
 3 SYSTEMPATH\CodeIgniter.php(361): CodeIgniter\CodeIgniter->handleRequest(null, Object(Config\Cache), false)
 4 FCPATH\index.php(79): CodeIgniter\CodeIgniter->run()
WARNING - 2024-12-24 08:16:34 --> [DEPRECATED] Creation of dynamic property App\Controllers\HomeController::$uttarakhandModel is deprecated in APPPATH\Controllers\HomeController.php on line 20.
 1 SYSTEMPATH\CodeIgniter.php(913): App\Controllers\HomeController->__construct()
 2 SYSTEMPATH\CodeIgniter.php(493): CodeIgniter\CodeIgniter->createController()
 3 SYSTEMPATH\CodeIgniter.php(361): CodeIgniter\CodeIgniter->handleRequest(null, Object(Config\Cache), false)
 4 FCPATH\index.php(79): CodeIgniter\CodeIgniter->run()
WARNING - 2024-12-24 08:16:34 --> [DEPRECATED] Creation of dynamic property App\Controllers\HomeController::$imageModel is deprecated in APPPATH\Controllers\HomeController.php on line 21.
 1 SYSTEMPATH\CodeIgniter.php(913): App\Controllers\HomeController->__construct()
 2 SYSTEMPATH\CodeIgniter.php(493): CodeIgniter\CodeIgniter->createController()
 3 SYSTEMPATH\CodeIgniter.php(361): CodeIgniter\CodeIgniter->handleRequest(null, Object(Config\Cache), false)
 4 FCPATH\index.php(79): CodeIgniter\CodeIgniter->run()
WARNING - 2024-12-24 08:16:34 --> [DEPRECATED] Creation of dynamic property App\Controllers\HomeController::$areaModel is deprecated in APPPATH\Controllers\HomeController.php on line 22.
 1 SYSTEMPATH\CodeIgniter.php(913): App\Controllers\HomeController->__construct()
 2 SYSTEMPATH\CodeIgniter.php(493): CodeIgniter\CodeIgniter->createController()
 3 SYSTEMPATH\CodeIgniter.php(361): CodeIgniter\CodeIgniter->handleRequest(null, Object(Config\Cache), false)
 4 FCPATH\index.php(79): CodeIgniter\CodeIgniter->run()
WARNING - 2024-12-24 08:16:34 --> [DEPRECATED] Creation of dynamic property App\Controllers\HomeController::$foodModel is deprecated in APPPATH\Controllers\HomeController.php on line 23.
 1 SYSTEMPATH\CodeIgniter.php(913): App\Controllers\HomeController->__construct()
 2 SYSTEMPATH\CodeIgniter.php(493): CodeIgniter\CodeIgniter->createController()
 3 SYSTEMPATH\CodeIgniter.php(361): CodeIgniter\CodeIgniter->handleRequest(null, Object(Config\Cache), false)
 4 FCPATH\index.php(79): CodeIgniter\CodeIgniter->run()
WARNING - 2024-12-24 08:16:34 --> [DEPRECATED] Creation of dynamic property App\Controllers\HomeController::$blogModel is deprecated in APPPATH\Controllers\HomeController.php on line 24.
 1 SYSTEMPATH\CodeIgniter.php(913): App\Controllers\HomeController->__construct()
 2 SYSTEMPATH\CodeIgniter.php(493): CodeIgniter\CodeIgniter->createController()
 3 SYSTEMPATH\CodeIgniter.php(361): CodeIgniter\CodeIgniter->handleRequest(null, Object(Config\Cache), false)
 4 FCPATH\index.php(79): CodeIgniter\CodeIgniter->run()
WARNING - 2024-12-24 08:17:00 --> [DEPRECATED] Creation of dynamic property App\Controllers\HomeController::$citiesModel is deprecated in APPPATH\Controllers\HomeController.php on line 19.
 1 SYSTEMPATH\CodeIgniter.php(913): App\Controllers\HomeController->__construct()
 2 SYSTEMPATH\CodeIgniter.php(493): CodeIgniter\CodeIgniter->createController()
 3 SYSTEMPATH\CodeIgniter.php(361): CodeIgniter\CodeIgniter->handleRequest(null, Object(Config\Cache), false)
 4 FCPATH\index.php(79): CodeIgniter\CodeIgniter->run()
WARNING - 2024-12-24 08:17:00 --> [DEPRECATED] Creation of dynamic property App\Controllers\HomeController::$uttarakhandModel is deprecated in APPPATH\Controllers\HomeController.php on line 20.
 1 SYSTEMPATH\CodeIgniter.php(913): App\Controllers\HomeController->__construct()
 2 SYSTEMPATH\CodeIgniter.php(493): CodeIgniter\CodeIgniter->createController()
 3 SYSTEMPATH\CodeIgniter.php(361): CodeIgniter\CodeIgniter->handleRequest(null, Object(Config\Cache), false)
 4 FCPATH\index.php(79): CodeIgniter\CodeIgniter->run()
WARNING - 2024-12-24 08:17:00 --> [DEPRECATED] Creation of dynamic property App\Controllers\HomeController::$imageModel is deprecated in APPPATH\Controllers\HomeController.php on line 21.
 1 SYSTEMPATH\CodeIgniter.php(913): App\Controllers\HomeController->__construct()
 2 SYSTEMPATH\CodeIgniter.php(493): CodeIgniter\CodeIgniter->createController()
 3 SYSTEMPATH\CodeIgniter.php(361): CodeIgniter\CodeIgniter->handleRequest(null, Object(Config\Cache), false)
 4 FCPATH\index.php(79): CodeIgniter\CodeIgniter->run()
WARNING - 2024-12-24 08:17:00 --> [DEPRECATED] Creation of dynamic property App\Controllers\HomeController::$areaModel is deprecated in APPPATH\Controllers\HomeController.php on line 22.
 1 SYSTEMPATH\CodeIgniter.php(913): App\Controllers\HomeController->__construct()
 2 SYSTEMPATH\CodeIgniter.php(493): CodeIgniter\CodeIgniter->createController()
 3 SYSTEMPATH\CodeIgniter.php(361): CodeIgniter\CodeIgniter->handleRequest(null, Object(Config\Cache), false)
 4 FCPATH\index.php(79): CodeIgniter\CodeIgniter->run()
WARNING - 2024-12-24 08:17:00 --> [DEPRECATED] Creation of dynamic property App\Controllers\HomeController::$foodModel is deprecated in APPPATH\Controllers\HomeController.php on line 23.
 1 SYSTEMPATH\CodeIgniter.php(913): App\Controllers\HomeController->__construct()
 2 SYSTEMPATH\CodeIgniter.php(493): CodeIgniter\CodeIgniter->createController()
 3 SYSTEMPATH\CodeIgniter.php(361): CodeIgniter\CodeIgniter->handleRequest(null, Object(Config\Cache), false)
 4 FCPATH\index.php(79): CodeIgniter\CodeIgniter->run()
WARNING - 2024-12-24 08:17:00 --> [DEPRECATED] Creation of dynamic property App\Controllers\HomeController::$blogModel is deprecated in APPPATH\Controllers\HomeController.php on line 24.
 1 SYSTEMPATH\CodeIgniter.php(913): App\Controllers\HomeController->__construct()
 2 SYSTEMPATH\CodeIgniter.php(493): CodeIgniter\CodeIgniter->createController()
 3 SYSTEMPATH\CodeIgniter.php(361): CodeIgniter\CodeIgniter->handleRequest(null, Object(Config\Cache), false)
 4 FCPATH\index.php(79): CodeIgniter\CodeIgniter->run()
CRITICAL - 2024-12-24 08:17:00 --> ErrorException: Trying to access array offset on value of type null
in APPPATH\Controllers\HomeController.php on line 80.
 1 APPPATH\Controllers\HomeController.php(80): CodeIgniter\Debug\Exceptions->errorHandler(2, 'Trying to access array offset on value of type null', 'C:\\xampp\\htdocs\\uttrakhand\\app\\Controllers\\HomeController.php', 80)
 2 SYSTEMPATH\CodeIgniter.php(941): App\Controllers\HomeController->page('uploads', 'no_image.jpg')
 3 SYSTEMPATH\CodeIgniter.php(502): CodeIgniter\CodeIgniter->runController(Object(App\Controllers\HomeController))
 4 SYSTEMPATH\CodeIgniter.php(361): CodeIgniter\CodeIgniter->handleRequest(null, Object(Config\Cache), false)
 5 FCPATH\index.php(79): CodeIgniter\CodeIgniter->run()
WARNING - 2024-12-24 08:19:22 --> [DEPRECATED] Creation of dynamic property App\Controllers\HomeController::$citiesModel is deprecated in APPPATH\Controllers\HomeController.php on line 19.
 1 SYSTEMPATH\CodeIgniter.php(913): App\Controllers\HomeController->__construct()
 2 SYSTEMPATH\CodeIgniter.php(493): CodeIgniter\CodeIgniter->createController()
 3 SYSTEMPATH\CodeIgniter.php(361): CodeIgniter\CodeIgniter->handleRequest(null, Object(Config\Cache), false)
 4 FCPATH\index.php(79): CodeIgniter\CodeIgniter->run()
WARNING - 2024-12-24 08:19:22 --> [DEPRECATED] Creation of dynamic property App\Controllers\HomeController::$uttarakhandModel is deprecated in APPPATH\Controllers\HomeController.php on line 20.
 1 SYSTEMPATH\CodeIgniter.php(913): App\Controllers\HomeController->__construct()
 2 SYSTEMPATH\CodeIgniter.php(493): CodeIgniter\CodeIgniter->createController()
 3 SYSTEMPATH\CodeIgniter.php(361): CodeIgniter\CodeIgniter->handleRequest(null, Object(Config\Cache), false)
 4 FCPATH\index.php(79): CodeIgniter\CodeIgniter->run()
WARNING - 2024-12-24 08:19:22 --> [DEPRECATED] Creation of dynamic property App\Controllers\HomeController::$imageModel is deprecated in APPPATH\Controllers\HomeController.php on line 21.
 1 SYSTEMPATH\CodeIgniter.php(913): App\Controllers\HomeController->__construct()
 2 SYSTEMPATH\CodeIgniter.php(493): CodeIgniter\CodeIgniter->createController()
 3 SYSTEMPATH\CodeIgniter.php(361): CodeIgniter\CodeIgniter->handleRequest(null, Object(Config\Cache), false)
 4 FCPATH\index.php(79): CodeIgniter\CodeIgniter->run()
WARNING - 2024-12-24 08:19:22 --> [DEPRECATED] Creation of dynamic property App\Controllers\HomeController::$areaModel is deprecated in APPPATH\Controllers\HomeController.php on line 22.
 1 SYSTEMPATH\CodeIgniter.php(913): App\Controllers\HomeController->__construct()
 2 SYSTEMPATH\CodeIgniter.php(493): CodeIgniter\CodeIgniter->createController()
 3 SYSTEMPATH\CodeIgniter.php(361): CodeIgniter\CodeIgniter->handleRequest(null, Object(Config\Cache), false)
 4 FCPATH\index.php(79): CodeIgniter\CodeIgniter->run()
WARNING - 2024-12-24 08:19:22 --> [DEPRECATED] Creation of dynamic property App\Controllers\HomeController::$foodModel is deprecated in APPPATH\Controllers\HomeController.php on line 23.
 1 SYSTEMPATH\CodeIgniter.php(913): App\Controllers\HomeController->__construct()
 2 SYSTEMPATH\CodeIgniter.php(493): CodeIgniter\CodeIgniter->createController()
 3 SYSTEMPATH\CodeIgniter.php(361): CodeIgniter\CodeIgniter->handleRequest(null, Object(Config\Cache), false)
 4 FCPATH\index.php(79): CodeIgniter\CodeIgniter->run()
WARNING - 2024-12-24 08:19:22 --> [DEPRECATED] Creation of dynamic property App\Controllers\HomeController::$blogModel is deprecated in APPPATH\Controllers\HomeController.php on line 24.
 1 SYSTEMPATH\CodeIgniter.php(913): App\Controllers\HomeController->__construct()
 2 SYSTEMPATH\CodeIgniter.php(493): CodeIgniter\CodeIgniter->createController()
 3 SYSTEMPATH\CodeIgniter.php(361): CodeIgniter\CodeIgniter->handleRequest(null, Object(Config\Cache), false)
 4 FCPATH\index.php(79): CodeIgniter\CodeIgniter->run()
WARNING - 2024-12-24 08:19:30 --> [DEPRECATED] Creation of dynamic property App\Controllers\AboutController::$citiesModel is deprecated in APPPATH\Controllers\AboutController.php on line 16.
 1 SYSTEMPATH\CodeIgniter.php(913): App\Controllers\AboutController->__construct()
 2 SYSTEMPATH\CodeIgniter.php(493): CodeIgniter\CodeIgniter->createController()
 3 SYSTEMPATH\CodeIgniter.php(361): CodeIgniter\CodeIgniter->handleRequest(null, Object(Config\Cache), false)
 4 FCPATH\index.php(79): CodeIgniter\CodeIgniter->run()
WARNING - 2024-12-24 08:19:30 --> [DEPRECATED] Creation of dynamic property App\Controllers\AboutController::$uttarakhandModel is deprecated in APPPATH\Controllers\AboutController.php on line 17.
 1 SYSTEMPATH\CodeIgniter.php(913): App\Controllers\AboutController->__construct()
 2 SYSTEMPATH\CodeIgniter.php(493): CodeIgniter\CodeIgniter->createController()
 3 SYSTEMPATH\CodeIgniter.php(361): CodeIgniter\CodeIgniter->handleRequest(null, Object(Config\Cache), false)
 4 FCPATH\index.php(79): CodeIgniter\CodeIgniter->run()
WARNING - 2024-12-24 08:19:30 --> [DEPRECATED] Creation of dynamic property App\Controllers\AboutController::$imageModel is deprecated in APPPATH\Controllers\AboutController.php on line 18.
 1 SYSTEMPATH\CodeIgniter.php(913): App\Controllers\AboutController->__construct()
 2 SYSTEMPATH\CodeIgniter.php(493): CodeIgniter\CodeIgniter->createController()
 3 SYSTEMPATH\CodeIgniter.php(361): CodeIgniter\CodeIgniter->handleRequest(null, Object(Config\Cache), false)
 4 FCPATH\index.php(79): CodeIgniter\CodeIgniter->run()
WARNING - 2024-12-24 08:19:30 --> [DEPRECATED] Creation of dynamic property App\Controllers\AboutController::$areaModel is deprecated in APPPATH\Controllers\AboutController.php on line 19.
 1 SYSTEMPATH\CodeIgniter.php(913): App\Controllers\AboutController->__construct()
 2 SYSTEMPATH\CodeIgniter.php(493): CodeIgniter\CodeIgniter->createController()
 3 SYSTEMPATH\CodeIgniter.php(361): CodeIgniter\CodeIgniter->handleRequest(null, Object(Config\Cache), false)
 4 FCPATH\index.php(79): CodeIgniter\CodeIgniter->run()
WARNING - 2024-12-24 08:19:30 --> [DEPRECATED] Creation of dynamic property App\Controllers\AboutController::$foodModel is deprecated in APPPATH\Controllers\AboutController.php on line 20.
 1 SYSTEMPATH\CodeIgniter.php(913): App\Controllers\AboutController->__construct()
 2 SYSTEMPATH\CodeIgniter.php(493): CodeIgniter\CodeIgniter->createController()
 3 SYSTEMPATH\CodeIgniter.php(361): CodeIgniter\CodeIgniter->handleRequest(null, Object(Config\Cache), false)
 4 FCPATH\index.php(79): CodeIgniter\CodeIgniter->run()
WARNING - 2024-12-24 08:19:30 --> [DEPRECATED] Creation of dynamic property App\Controllers\AboutController::$blogModel is deprecated in APPPATH\Controllers\AboutController.php on line 21.
 1 SYSTEMPATH\CodeIgniter.php(913): App\Controllers\AboutController->__construct()
 2 SYSTEMPATH\CodeIgniter.php(493): CodeIgniter\CodeIgniter->createController()
 3 SYSTEMPATH\CodeIgniter.php(361): CodeIgniter\CodeIgniter->handleRequest(null, Object(Config\Cache), false)
 4 FCPATH\index.php(79): CodeIgniter\CodeIgniter->run()
WARNING - 2024-12-24 08:19:44 --> [DEPRECATED] Creation of dynamic property App\Controllers\HomeController::$citiesModel is deprecated in APPPATH\Controllers\HomeController.php on line 19.
 1 SYSTEMPATH\CodeIgniter.php(913): App\Controllers\HomeController->__construct()
 2 SYSTEMPATH\CodeIgniter.php(493): CodeIgniter\CodeIgniter->createController()
 3 SYSTEMPATH\CodeIgniter.php(361): CodeIgniter\CodeIgniter->handleRequest(null, Object(Config\Cache), false)
 4 FCPATH\index.php(79): CodeIgniter\CodeIgniter->run()
WARNING - 2024-12-24 08:19:44 --> [DEPRECATED] Creation of dynamic property App\Controllers\HomeController::$uttarakhandModel is deprecated in APPPATH\Controllers\HomeController.php on line 20.
 1 SYSTEMPATH\CodeIgniter.php(913): App\Controllers\HomeController->__construct()
 2 SYSTEMPATH\CodeIgniter.php(493): CodeIgniter\CodeIgniter->createController()
 3 SYSTEMPATH\CodeIgniter.php(361): CodeIgniter\CodeIgniter->handleRequest(null, Object(Config\Cache), false)
 4 FCPATH\index.php(79): CodeIgniter\CodeIgniter->run()
WARNING - 2024-12-24 08:19:44 --> [DEPRECATED] Creation of dynamic property App\Controllers\HomeController::$imageModel is deprecated in APPPATH\Controllers\HomeController.php on line 21.
 1 SYSTEMPATH\CodeIgniter.php(913): App\Controllers\HomeController->__construct()
 2 SYSTEMPATH\CodeIgniter.php(493): CodeIgniter\CodeIgniter->createController()
 3 SYSTEMPATH\CodeIgniter.php(361): CodeIgniter\CodeIgniter->handleRequest(null, Object(Config\Cache), false)
 4 FCPATH\index.php(79): CodeIgniter\CodeIgniter->run()
WARNING - 2024-12-24 08:19:44 --> [DEPRECATED] Creation of dynamic property App\Controllers\HomeController::$areaModel is deprecated in APPPATH\Controllers\HomeController.php on line 22.
 1 SYSTEMPATH\CodeIgniter.php(913): App\Controllers\HomeController->__construct()
 2 SYSTEMPATH\CodeIgniter.php(493): CodeIgniter\CodeIgniter->createController()
 3 SYSTEMPATH\CodeIgniter.php(361): CodeIgniter\CodeIgniter->handleRequest(null, Object(Config\Cache), false)
 4 FCPATH\index.php(79): CodeIgniter\CodeIgniter->run()
WARNING - 2024-12-24 08:19:44 --> [DEPRECATED] Creation of dynamic property App\Controllers\HomeController::$foodModel is deprecated in APPPATH\Controllers\HomeController.php on line 23.
 1 SYSTEMPATH\CodeIgniter.php(913): App\Controllers\HomeController->__construct()
 2 SYSTEMPATH\CodeIgniter.php(493): CodeIgniter\CodeIgniter->createController()
 3 SYSTEMPATH\CodeIgniter.php(361): CodeIgniter\CodeIgniter->handleRequest(null, Object(Config\Cache), false)
 4 FCPATH\index.php(79): CodeIgniter\CodeIgniter->run()
WARNING - 2024-12-24 08:19:44 --> [DEPRECATED] Creation of dynamic property App\Controllers\HomeController::$blogModel is deprecated in APPPATH\Controllers\HomeController.php on line 24.
 1 SYSTEMPATH\CodeIgniter.php(913): App\Controllers\HomeController->__construct()
 2 SYSTEMPATH\CodeIgniter.php(493): CodeIgniter\CodeIgniter->createController()
 3 SYSTEMPATH\CodeIgniter.php(361): CodeIgniter\CodeIgniter->handleRequest(null, Object(Config\Cache), false)
 4 FCPATH\index.php(79): CodeIgniter\CodeIgniter->run()
CRITICAL - 2024-12-24 08:19:44 --> ErrorException: Trying to access array offset on value of type null
in APPPATH\Controllers\HomeController.php on line 61.
 1 APPPATH\Controllers\HomeController.php(61): CodeIgniter\Debug\Exceptions->errorHandler(2, 'Trying to access array offset on value of type null', 'C:\\xampp\\htdocs\\uttrakhand\\app\\Controllers\\HomeController.php', 61)
 2 SYSTEMPATH\CodeIgniter.php(941): App\Controllers\HomeController->Mainpage('hotel')
 3 SYSTEMPATH\CodeIgniter.php(502): CodeIgniter\CodeIgniter->runController(Object(App\Controllers\HomeController))
 4 SYSTEMPATH\CodeIgniter.php(361): CodeIgniter\CodeIgniter->handleRequest(null, Object(Config\Cache), false)
 5 FCPATH\index.php(79): CodeIgniter\CodeIgniter->run()
WARNING - 2024-12-24 08:19:47 --> [DEPRECATED] Creation of dynamic property App\Controllers\AboutController::$citiesModel is deprecated in APPPATH\Controllers\AboutController.php on line 16.
 1 SYSTEMPATH\CodeIgniter.php(913): App\Controllers\AboutController->__construct()
 2 SYSTEMPATH\CodeIgniter.php(493): CodeIgniter\CodeIgniter->createController()
 3 SYSTEMPATH\CodeIgniter.php(361): CodeIgniter\CodeIgniter->handleRequest(null, Object(Config\Cache), false)
 4 FCPATH\index.php(79): CodeIgniter\CodeIgniter->run()
WARNING - 2024-12-24 08:19:47 --> [DEPRECATED] Creation of dynamic property App\Controllers\AboutController::$uttarakhandModel is deprecated in APPPATH\Controllers\AboutController.php on line 17.
 1 SYSTEMPATH\CodeIgniter.php(913): App\Controllers\AboutController->__construct()
 2 SYSTEMPATH\CodeIgniter.php(493): CodeIgniter\CodeIgniter->createController()
 3 SYSTEMPATH\CodeIgniter.php(361): CodeIgniter\CodeIgniter->handleRequest(null, Object(Config\Cache), false)
 4 FCPATH\index.php(79): CodeIgniter\CodeIgniter->run()
WARNING - 2024-12-24 08:19:47 --> [DEPRECATED] Creation of dynamic property App\Controllers\AboutController::$imageModel is deprecated in APPPATH\Controllers\AboutController.php on line 18.
 1 SYSTEMPATH\CodeIgniter.php(913): App\Controllers\AboutController->__construct()
 2 SYSTEMPATH\CodeIgniter.php(493): CodeIgniter\CodeIgniter->createController()
 3 SYSTEMPATH\CodeIgniter.php(361): CodeIgniter\CodeIgniter->handleRequest(null, Object(Config\Cache), false)
 4 FCPATH\index.php(79): CodeIgniter\CodeIgniter->run()
WARNING - 2024-12-24 08:19:47 --> [DEPRECATED] Creation of dynamic property App\Controllers\AboutController::$areaModel is deprecated in APPPATH\Controllers\AboutController.php on line 19.
 1 SYSTEMPATH\CodeIgniter.php(913): App\Controllers\AboutController->__construct()
 2 SYSTEMPATH\CodeIgniter.php(493): CodeIgniter\CodeIgniter->createController()
 3 SYSTEMPATH\CodeIgniter.php(361): CodeIgniter\CodeIgniter->handleRequest(null, Object(Config\Cache), false)
 4 FCPATH\index.php(79): CodeIgniter\CodeIgniter->run()
WARNING - 2024-12-24 08:19:47 --> [DEPRECATED] Creation of dynamic property App\Controllers\AboutController::$foodModel is deprecated in APPPATH\Controllers\AboutController.php on line 20.
 1 SYSTEMPATH\CodeIgniter.php(913): App\Controllers\AboutController->__construct()
 2 SYSTEMPATH\CodeIgniter.php(493): CodeIgniter\CodeIgniter->createController()
 3 SYSTEMPATH\CodeIgniter.php(361): CodeIgniter\CodeIgniter->handleRequest(null, Object(Config\Cache), false)
 4 FCPATH\index.php(79): CodeIgniter\CodeIgniter->run()
WARNING - 2024-12-24 08:19:47 --> [DEPRECATED] Creation of dynamic property App\Controllers\AboutController::$blogModel is deprecated in APPPATH\Controllers\AboutController.php on line 21.
 1 SYSTEMPATH\CodeIgniter.php(913): App\Controllers\AboutController->__construct()
 2 SYSTEMPATH\CodeIgniter.php(493): CodeIgniter\CodeIgniter->createController()
 3 SYSTEMPATH\CodeIgniter.php(361): CodeIgniter\CodeIgniter->handleRequest(null, Object(Config\Cache), false)
 4 FCPATH\index.php(79): CodeIgniter\CodeIgniter->run()
WARNING - 2024-12-24 08:19:48 --> [DEPRECATED] Creation of dynamic property App\Controllers\BlogController::$blogcategoryModel is deprecated in APPPATH\Controllers\BlogController.php on line 14.
 1 SYSTEMPATH\CodeIgniter.php(913): App\Controllers\BlogController->__construct()
 2 SYSTEMPATH\CodeIgniter.php(493): CodeIgniter\CodeIgniter->createController()
 3 SYSTEMPATH\CodeIgniter.php(361): CodeIgniter\CodeIgniter->handleRequest(null, Object(Config\Cache), false)
 4 FCPATH\index.php(79): CodeIgniter\CodeIgniter->run()
WARNING - 2024-12-24 08:19:48 --> [DEPRECATED] Creation of dynamic property App\Controllers\BlogController::$blogModel is deprecated in APPPATH\Controllers\BlogController.php on line 15.
 1 SYSTEMPATH\CodeIgniter.php(913): App\Controllers\BlogController->__construct()
 2 SYSTEMPATH\CodeIgniter.php(493): CodeIgniter\CodeIgniter->createController()
 3 SYSTEMPATH\CodeIgniter.php(361): CodeIgniter\CodeIgniter->handleRequest(null, Object(Config\Cache), false)
 4 FCPATH\index.php(79): CodeIgniter\CodeIgniter->run()
WARNING - 2024-12-24 08:19:48 --> [DEPRECATED] Creation of dynamic property App\Controllers\BlogController::$citiesModel is deprecated in APPPATH\Controllers\BlogController.php on line 16.
 1 SYSTEMPATH\CodeIgniter.php(913): App\Controllers\BlogController->__construct()
 2 SYSTEMPATH\CodeIgniter.php(493): CodeIgniter\CodeIgniter->createController()
 3 SYSTEMPATH\CodeIgniter.php(361): CodeIgniter\CodeIgniter->handleRequest(null, Object(Config\Cache), false)
 4 FCPATH\index.php(79): CodeIgniter\CodeIgniter->run()
WARNING - 2024-12-24 08:19:48 --> [DEPRECATED] Creation of dynamic property App\Controllers\BlogController::$commentModel is deprecated in APPPATH\Controllers\BlogController.php on line 17.
 1 SYSTEMPATH\CodeIgniter.php(913): App\Controllers\BlogController->__construct()
 2 SYSTEMPATH\CodeIgniter.php(493): CodeIgniter\CodeIgniter->createController()
 3 SYSTEMPATH\CodeIgniter.php(361): CodeIgniter\CodeIgniter->handleRequest(null, Object(Config\Cache), false)
 4 FCPATH\index.php(79): CodeIgniter\CodeIgniter->run()
WARNING - 2024-12-24 08:19:48 --> [DEPRECATED] Creation of dynamic property App\Controllers\BlogController::$likesModel is deprecated in APPPATH\Controllers\BlogController.php on line 18.
 1 SYSTEMPATH\CodeIgniter.php(913): App\Controllers\BlogController->__construct()
 2 SYSTEMPATH\CodeIgniter.php(493): CodeIgniter\CodeIgniter->createController()
 3 SYSTEMPATH\CodeIgniter.php(361): CodeIgniter\CodeIgniter->handleRequest(null, Object(Config\Cache), false)
 4 FCPATH\index.php(79): CodeIgniter\CodeIgniter->run()
WARNING - 2024-12-24 08:20:00 --> [DEPRECATED] Creation of dynamic property App\Controllers\BlogController::$blogcategoryModel is deprecated in APPPATH\Controllers\BlogController.php on line 14.
 1 SYSTEMPATH\CodeIgniter.php(913): App\Controllers\BlogController->__construct()
 2 SYSTEMPATH\CodeIgniter.php(493): CodeIgniter\CodeIgniter->createController()
 3 SYSTEMPATH\CodeIgniter.php(361): CodeIgniter\CodeIgniter->handleRequest(null, Object(Config\Cache), false)
 4 FCPATH\index.php(79): CodeIgniter\CodeIgniter->run()
WARNING - 2024-12-24 08:20:00 --> [DEPRECATED] Creation of dynamic property App\Controllers\BlogController::$blogModel is deprecated in APPPATH\Controllers\BlogController.php on line 15.
 1 SYSTEMPATH\CodeIgniter.php(913): App\Controllers\BlogController->__construct()
 2 SYSTEMPATH\CodeIgniter.php(493): CodeIgniter\CodeIgniter->createController()
 3 SYSTEMPATH\CodeIgniter.php(361): CodeIgniter\CodeIgniter->handleRequest(null, Object(Config\Cache), false)
 4 FCPATH\index.php(79): CodeIgniter\CodeIgniter->run()
WARNING - 2024-12-24 08:20:00 --> [DEPRECATED] Creation of dynamic property App\Controllers\BlogController::$citiesModel is deprecated in APPPATH\Controllers\BlogController.php on line 16.
 1 SYSTEMPATH\CodeIgniter.php(913): App\Controllers\BlogController->__construct()
 2 SYSTEMPATH\CodeIgniter.php(493): CodeIgniter\CodeIgniter->createController()
 3 SYSTEMPATH\CodeIgniter.php(361): CodeIgniter\CodeIgniter->handleRequest(null, Object(Config\Cache), false)
 4 FCPATH\index.php(79): CodeIgniter\CodeIgniter->run()
WARNING - 2024-12-24 08:20:00 --> [DEPRECATED] Creation of dynamic property App\Controllers\BlogController::$commentModel is deprecated in APPPATH\Controllers\BlogController.php on line 17.
 1 SYSTEMPATH\CodeIgniter.php(913): App\Controllers\BlogController->__construct()
 2 SYSTEMPATH\CodeIgniter.php(493): CodeIgniter\CodeIgniter->createController()
 3 SYSTEMPATH\CodeIgniter.php(361): CodeIgniter\CodeIgniter->handleRequest(null, Object(Config\Cache), false)
 4 FCPATH\index.php(79): CodeIgniter\CodeIgniter->run()
WARNING - 2024-12-24 08:20:00 --> [DEPRECATED] Creation of dynamic property App\Controllers\BlogController::$likesModel is deprecated in APPPATH\Controllers\BlogController.php on line 18.
 1 SYSTEMPATH\CodeIgniter.php(913): App\Controllers\BlogController->__construct()
 2 SYSTEMPATH\CodeIgniter.php(493): CodeIgniter\CodeIgniter->createController()
 3 SYSTEMPATH\CodeIgniter.php(361): CodeIgniter\CodeIgniter->handleRequest(null, Object(Config\Cache), false)
 4 FCPATH\index.php(79): CodeIgniter\CodeIgniter->run()
WARNING - 2024-12-24 08:20:00 --> [DEPRECATED] preg_match(): Passing null to parameter #2 ($subject) of type string is deprecated in APPPATH\Helpers\custom_helper.php on line 44.
 1 APPPATH\Helpers\custom_helper.php(44): preg_match('/IPv4 Address.*?: ([\\d\\.]+)/', null, null)
 2 APPPATH\Controllers\BlogController.php(212): getuserIpAddress()
 3 SYSTEMPATH\CodeIgniter.php(941): App\Controllers\BlogController->Showblogdetails('Exploring-Tungnath:-The-Highest-Shiva-Temple-and-Trekking-Paradise-in-Uttarakhand')
 4 SYSTEMPATH\CodeIgniter.php(502): CodeIgniter\CodeIgniter->runController(Object(App\Controllers\BlogController))
 5 SYSTEMPATH\CodeIgniter.php(361): CodeIgniter\CodeIgniter->handleRequest(null, Object(Config\Cache), false)
 6 FCPATH\index.php(79): CodeIgniter\CodeIgniter->run()
WARNING - 2024-12-24 08:21:44 --> [DEPRECATED] Creation of dynamic property App\Controllers\BlogController::$blogcategoryModel is deprecated in APPPATH\Controllers\BlogController.php on line 14.
 1 SYSTEMPATH\CodeIgniter.php(913): App\Controllers\BlogController->__construct()
 2 SYSTEMPATH\CodeIgniter.php(493): CodeIgniter\CodeIgniter->createController()
 3 SYSTEMPATH\CodeIgniter.php(361): CodeIgniter\CodeIgniter->handleRequest(null, Object(Config\Cache), false)
 4 FCPATH\index.php(79): CodeIgniter\CodeIgniter->run()
WARNING - 2024-12-24 08:21:44 --> [DEPRECATED] Creation of dynamic property App\Controllers\BlogController::$blogModel is deprecated in APPPATH\Controllers\BlogController.php on line 15.
 1 SYSTEMPATH\CodeIgniter.php(913): App\Controllers\BlogController->__construct()
 2 SYSTEMPATH\CodeIgniter.php(493): CodeIgniter\CodeIgniter->createController()
 3 SYSTEMPATH\CodeIgniter.php(361): CodeIgniter\CodeIgniter->handleRequest(null, Object(Config\Cache), false)
 4 FCPATH\index.php(79): CodeIgniter\CodeIgniter->run()
WARNING - 2024-12-24 08:21:44 --> [DEPRECATED] Creation of dynamic property App\Controllers\BlogController::$citiesModel is deprecated in APPPATH\Controllers\BlogController.php on line 16.
 1 SYSTEMPATH\CodeIgniter.php(913): App\Controllers\BlogController->__construct()
 2 SYSTEMPATH\CodeIgniter.php(493): CodeIgniter\CodeIgniter->createController()
 3 SYSTEMPATH\CodeIgniter.php(361): CodeIgniter\CodeIgniter->handleRequest(null, Object(Config\Cache), false)
 4 FCPATH\index.php(79): CodeIgniter\CodeIgniter->run()
WARNING - 2024-12-24 08:21:44 --> [DEPRECATED] Creation of dynamic property App\Controllers\BlogController::$commentModel is deprecated in APPPATH\Controllers\BlogController.php on line 17.
 1 SYSTEMPATH\CodeIgniter.php(913): App\Controllers\BlogController->__construct()
 2 SYSTEMPATH\CodeIgniter.php(493): CodeIgniter\CodeIgniter->createController()
 3 SYSTEMPATH\CodeIgniter.php(361): CodeIgniter\CodeIgniter->handleRequest(null, Object(Config\Cache), false)
 4 FCPATH\index.php(79): CodeIgniter\CodeIgniter->run()
WARNING - 2024-12-24 08:21:44 --> [DEPRECATED] Creation of dynamic property App\Controllers\BlogController::$likesModel is deprecated in APPPATH\Controllers\BlogController.php on line 18.
 1 SYSTEMPATH\CodeIgniter.php(913): App\Controllers\BlogController->__construct()
 2 SYSTEMPATH\CodeIgniter.php(493): CodeIgniter\CodeIgniter->createController()
 3 SYSTEMPATH\CodeIgniter.php(361): CodeIgniter\CodeIgniter->handleRequest(null, Object(Config\Cache), false)
 4 FCPATH\index.php(79): CodeIgniter\CodeIgniter->run()
WARNING - 2024-12-24 08:21:44 --> [DEPRECATED] preg_match(): Passing null to parameter #2 ($subject) of type string is deprecated in APPPATH\Helpers\custom_helper.php on line 44.
 1 APPPATH\Helpers\custom_helper.php(44): preg_match('/IPv4 Address.*?: ([\\d\\.]+)/', null, null)
 2 APPPATH\Controllers\BlogController.php(212): getuserIpAddress()
 3 SYSTEMPATH\CodeIgniter.php(941): App\Controllers\BlogController->Showblogdetails('Exploring-Tungnath:-The-Highest-Shiva-Temple-and-Trekking-Paradise-in-Uttarakhand')
 4 SYSTEMPATH\CodeIgniter.php(502): CodeIgniter\CodeIgniter->runController(Object(App\Controllers\BlogController))
 5 SYSTEMPATH\CodeIgniter.php(361): CodeIgniter\CodeIgniter->handleRequest(null, Object(Config\Cache), false)
 6 FCPATH\index.php(79): CodeIgniter\CodeIgniter->run()
WARNING - 2024-12-24 08:22:20 --> [DEPRECATED] Creation of dynamic property App\Controllers\HomeController::$citiesModel is deprecated in APPPATH\Controllers\HomeController.php on line 19.
 1 SYSTEMPATH\CodeIgniter.php(913): App\Controllers\HomeController->__construct()
 2 SYSTEMPATH\CodeIgniter.php(493): CodeIgniter\CodeIgniter->createController()
 3 SYSTEMPATH\CodeIgniter.php(361): CodeIgniter\CodeIgniter->handleRequest(null, Object(Config\Cache), false)
 4 FCPATH\index.php(79): CodeIgniter\CodeIgniter->run()
WARNING - 2024-12-24 08:22:20 --> [DEPRECATED] Creation of dynamic property App\Controllers\HomeController::$uttarakhandModel is deprecated in APPPATH\Controllers\HomeController.php on line 20.
 1 SYSTEMPATH\CodeIgniter.php(913): App\Controllers\HomeController->__construct()
 2 SYSTEMPATH\CodeIgniter.php(493): CodeIgniter\CodeIgniter->createController()
 3 SYSTEMPATH\CodeIgniter.php(361): CodeIgniter\CodeIgniter->handleRequest(null, Object(Config\Cache), false)
 4 FCPATH\index.php(79): CodeIgniter\CodeIgniter->run()
WARNING - 2024-12-24 08:22:20 --> [DEPRECATED] Creation of dynamic property App\Controllers\HomeController::$imageModel is deprecated in APPPATH\Controllers\HomeController.php on line 21.
 1 SYSTEMPATH\CodeIgniter.php(913): App\Controllers\HomeController->__construct()
 2 SYSTEMPATH\CodeIgniter.php(493): CodeIgniter\CodeIgniter->createController()
 3 SYSTEMPATH\CodeIgniter.php(361): CodeIgniter\CodeIgniter->handleRequest(null, Object(Config\Cache), false)
 4 FCPATH\index.php(79): CodeIgniter\CodeIgniter->run()
WARNING - 2024-12-24 08:22:20 --> [DEPRECATED] Creation of dynamic property App\Controllers\HomeController::$areaModel is deprecated in APPPATH\Controllers\HomeController.php on line 22.
 1 SYSTEMPATH\CodeIgniter.php(913): App\Controllers\HomeController->__construct()
 2 SYSTEMPATH\CodeIgniter.php(493): CodeIgniter\CodeIgniter->createController()
 3 SYSTEMPATH\CodeIgniter.php(361): CodeIgniter\CodeIgniter->handleRequest(null, Object(Config\Cache), false)
 4 FCPATH\index.php(79): CodeIgniter\CodeIgniter->run()
WARNING - 2024-12-24 08:22:20 --> [DEPRECATED] Creation of dynamic property App\Controllers\HomeController::$foodModel is deprecated in APPPATH\Controllers\HomeController.php on line 23.
 1 SYSTEMPATH\CodeIgniter.php(913): App\Controllers\HomeController->__construct()
 2 SYSTEMPATH\CodeIgniter.php(493): CodeIgniter\CodeIgniter->createController()
 3 SYSTEMPATH\CodeIgniter.php(361): CodeIgniter\CodeIgniter->handleRequest(null, Object(Config\Cache), false)
 4 FCPATH\index.php(79): CodeIgniter\CodeIgniter->run()
WARNING - 2024-12-24 08:22:20 --> [DEPRECATED] Creation of dynamic property App\Controllers\HomeController::$blogModel is deprecated in APPPATH\Controllers\HomeController.php on line 24.
 1 SYSTEMPATH\CodeIgniter.php(913): App\Controllers\HomeController->__construct()
 2 SYSTEMPATH\CodeIgniter.php(493): CodeIgniter\CodeIgniter->createController()
 3 SYSTEMPATH\CodeIgniter.php(361): CodeIgniter\CodeIgniter->handleRequest(null, Object(Config\Cache), false)
 4 FCPATH\index.php(79): CodeIgniter\CodeIgniter->run()
WARNING - 2024-12-24 08:25:52 --> [DEPRECATED] Creation of dynamic property App\Controllers\AboutController::$citiesModel is deprecated in APPPATH\Controllers\AboutController.php on line 16.
 1 SYSTEMPATH\CodeIgniter.php(913): App\Controllers\AboutController->__construct()
 2 SYSTEMPATH\CodeIgniter.php(493): CodeIgniter\CodeIgniter->createController()
 3 SYSTEMPATH\CodeIgniter.php(361): CodeIgniter\CodeIgniter->handleRequest(null, Object(Config\Cache), false)
 4 FCPATH\index.php(79): CodeIgniter\CodeIgniter->run()
WARNING - 2024-12-24 08:25:52 --> [DEPRECATED] Creation of dynamic property App\Controllers\AboutController::$uttarakhandModel is deprecated in APPPATH\Controllers\AboutController.php on line 17.
 1 SYSTEMPATH\CodeIgniter.php(913): App\Controllers\AboutController->__construct()
 2 SYSTEMPATH\CodeIgniter.php(493): CodeIgniter\CodeIgniter->createController()
 3 SYSTEMPATH\CodeIgniter.php(361): CodeIgniter\CodeIgniter->handleRequest(null, Object(Config\Cache), false)
 4 FCPATH\index.php(79): CodeIgniter\CodeIgniter->run()
WARNING - 2024-12-24 08:25:52 --> [DEPRECATED] Creation of dynamic property App\Controllers\AboutController::$imageModel is deprecated in APPPATH\Controllers\AboutController.php on line 18.
 1 SYSTEMPATH\CodeIgniter.php(913): App\Controllers\AboutController->__construct()
 2 SYSTEMPATH\CodeIgniter.php(493): CodeIgniter\CodeIgniter->createController()
 3 SYSTEMPATH\CodeIgniter.php(361): CodeIgniter\CodeIgniter->handleRequest(null, Object(Config\Cache), false)
 4 FCPATH\index.php(79): CodeIgniter\CodeIgniter->run()
WARNING - 2024-12-24 08:25:52 --> [DEPRECATED] Creation of dynamic property App\Controllers\AboutController::$areaModel is deprecated in APPPATH\Controllers\AboutController.php on line 19.
 1 SYSTEMPATH\CodeIgniter.php(913): App\Controllers\AboutController->__construct()
 2 SYSTEMPATH\CodeIgniter.php(493): CodeIgniter\CodeIgniter->createController()
 3 SYSTEMPATH\CodeIgniter.php(361): CodeIgniter\CodeIgniter->handleRequest(null, Object(Config\Cache), false)
 4 FCPATH\index.php(79): CodeIgniter\CodeIgniter->run()
WARNING - 2024-12-24 08:25:52 --> [DEPRECATED] Creation of dynamic property App\Controllers\AboutController::$foodModel is deprecated in APPPATH\Controllers\AboutController.php on line 20.
 1 SYSTEMPATH\CodeIgniter.php(913): App\Controllers\AboutController->__construct()
 2 SYSTEMPATH\CodeIgniter.php(493): CodeIgniter\CodeIgniter->createController()
 3 SYSTEMPATH\CodeIgniter.php(361): CodeIgniter\CodeIgniter->handleRequest(null, Object(Config\Cache), false)
 4 FCPATH\index.php(79): CodeIgniter\CodeIgniter->run()
WARNING - 2024-12-24 08:25:52 --> [DEPRECATED] Creation of dynamic property App\Controllers\AboutController::$blogModel is deprecated in APPPATH\Controllers\AboutController.php on line 21.
 1 SYSTEMPATH\CodeIgniter.php(913): App\Controllers\AboutController->__construct()
 2 SYSTEMPATH\CodeIgniter.php(493): CodeIgniter\CodeIgniter->createController()
 3 SYSTEMPATH\CodeIgniter.php(361): CodeIgniter\CodeIgniter->handleRequest(null, Object(Config\Cache), false)
 4 FCPATH\index.php(79): CodeIgniter\CodeIgniter->run()
WARNING - 2024-12-24 08:26:15 --> [DEPRECATED] Creation of dynamic property App\Controllers\BlogController::$blogcategoryModel is deprecated in APPPATH\Controllers\BlogController.php on line 14.
 1 SYSTEMPATH\CodeIgniter.php(913): App\Controllers\BlogController->__construct()
 2 SYSTEMPATH\CodeIgniter.php(493): CodeIgniter\CodeIgniter->createController()
 3 SYSTEMPATH\CodeIgniter.php(361): CodeIgniter\CodeIgniter->handleRequest(null, Object(Config\Cache), false)
 4 FCPATH\index.php(79): CodeIgniter\CodeIgniter->run()
WARNING - 2024-12-24 08:26:15 --> [DEPRECATED] Creation of dynamic property App\Controllers\BlogController::$blogModel is deprecated in APPPATH\Controllers\BlogController.php on line 15.
 1 SYSTEMPATH\CodeIgniter.php(913): App\Controllers\BlogController->__construct()
 2 SYSTEMPATH\CodeIgniter.php(493): CodeIgniter\CodeIgniter->createController()
 3 SYSTEMPATH\CodeIgniter.php(361): CodeIgniter\CodeIgniter->handleRequest(null, Object(Config\Cache), false)
 4 FCPATH\index.php(79): CodeIgniter\CodeIgniter->run()
WARNING - 2024-12-24 08:26:15 --> [DEPRECATED] Creation of dynamic property App\Controllers\BlogController::$citiesModel is deprecated in APPPATH\Controllers\BlogController.php on line 16.
 1 SYSTEMPATH\CodeIgniter.php(913): App\Controllers\BlogController->__construct()
 2 SYSTEMPATH\CodeIgniter.php(493): CodeIgniter\CodeIgniter->createController()
 3 SYSTEMPATH\CodeIgniter.php(361): CodeIgniter\CodeIgniter->handleRequest(null, Object(Config\Cache), false)
 4 FCPATH\index.php(79): CodeIgniter\CodeIgniter->run()
WARNING - 2024-12-24 08:26:15 --> [DEPRECATED] Creation of dynamic property App\Controllers\BlogController::$commentModel is deprecated in APPPATH\Controllers\BlogController.php on line 17.
 1 SYSTEMPATH\CodeIgniter.php(913): App\Controllers\BlogController->__construct()
 2 SYSTEMPATH\CodeIgniter.php(493): CodeIgniter\CodeIgniter->createController()
 3 SYSTEMPATH\CodeIgniter.php(361): CodeIgniter\CodeIgniter->handleRequest(null, Object(Config\Cache), false)
 4 FCPATH\index.php(79): CodeIgniter\CodeIgniter->run()
WARNING - 2024-12-24 08:26:15 --> [DEPRECATED] Creation of dynamic property App\Controllers\BlogController::$likesModel is deprecated in APPPATH\Controllers\BlogController.php on line 18.
 1 SYSTEMPATH\CodeIgniter.php(913): App\Controllers\BlogController->__construct()
 2 SYSTEMPATH\CodeIgniter.php(493): CodeIgniter\CodeIgniter->createController()
 3 SYSTEMPATH\CodeIgniter.php(361): CodeIgniter\CodeIgniter->handleRequest(null, Object(Config\Cache), false)
 4 FCPATH\index.php(79): CodeIgniter\CodeIgniter->run()
WARNING - 2024-12-24 08:26:27 --> [DEPRECATED] Creation of dynamic property App\Controllers\PlacesController::$citiesModel is deprecated in APPPATH\Controllers\PlacesController.php on line 19.
 1 SYSTEMPATH\CodeIgniter.php(913): App\Controllers\PlacesController->__construct()
 2 SYSTEMPATH\CodeIgniter.php(493): CodeIgniter\CodeIgniter->createController()
 3 SYSTEMPATH\CodeIgniter.php(361): CodeIgniter\CodeIgniter->handleRequest(null, Object(Config\Cache), false)
 4 FCPATH\index.php(79): CodeIgniter\CodeIgniter->run()
WARNING - 2024-12-24 08:26:27 --> [DEPRECATED] Creation of dynamic property App\Controllers\PlacesController::$uttarakhandModel is deprecated in APPPATH\Controllers\PlacesController.php on line 20.
 1 SYSTEMPATH\CodeIgniter.php(913): App\Controllers\PlacesController->__construct()
 2 SYSTEMPATH\CodeIgniter.php(493): CodeIgniter\CodeIgniter->createController()
 3 SYSTEMPATH\CodeIgniter.php(361): CodeIgniter\CodeIgniter->handleRequest(null, Object(Config\Cache), false)
 4 FCPATH\index.php(79): CodeIgniter\CodeIgniter->run()
WARNING - 2024-12-24 08:26:27 --> [DEPRECATED] Creation of dynamic property App\Controllers\PlacesController::$imageModel is deprecated in APPPATH\Controllers\PlacesController.php on line 21.
 1 SYSTEMPATH\CodeIgniter.php(913): App\Controllers\PlacesController->__construct()
 2 SYSTEMPATH\CodeIgniter.php(493): CodeIgniter\CodeIgniter->createController()
 3 SYSTEMPATH\CodeIgniter.php(361): CodeIgniter\CodeIgniter->handleRequest(null, Object(Config\Cache), false)
 4 FCPATH\index.php(79): CodeIgniter\CodeIgniter->run()
WARNING - 2024-12-24 08:26:27 --> [DEPRECATED] Creation of dynamic property App\Controllers\PlacesController::$areaModel is deprecated in APPPATH\Controllers\PlacesController.php on line 22.
 1 SYSTEMPATH\CodeIgniter.php(913): App\Controllers\PlacesController->__construct()
 2 SYSTEMPATH\CodeIgniter.php(493): CodeIgniter\CodeIgniter->createController()
 3 SYSTEMPATH\CodeIgniter.php(361): CodeIgniter\CodeIgniter->handleRequest(null, Object(Config\Cache), false)
 4 FCPATH\index.php(79): CodeIgniter\CodeIgniter->run()
WARNING - 2024-12-24 08:26:27 --> [DEPRECATED] Creation of dynamic property App\Controllers\PlacesController::$foodModel is deprecated in APPPATH\Controllers\PlacesController.php on line 23.
 1 SYSTEMPATH\CodeIgniter.php(913): App\Controllers\PlacesController->__construct()
 2 SYSTEMPATH\CodeIgniter.php(493): CodeIgniter\CodeIgniter->createController()
 3 SYSTEMPATH\CodeIgniter.php(361): CodeIgniter\CodeIgniter->handleRequest(null, Object(Config\Cache), false)
 4 FCPATH\index.php(79): CodeIgniter\CodeIgniter->run()
WARNING - 2024-12-24 08:26:27 --> [DEPRECATED] Creation of dynamic property App\Controllers\PlacesController::$blogModel is deprecated in APPPATH\Controllers\PlacesController.php on line 24.
 1 SYSTEMPATH\CodeIgniter.php(913): App\Controllers\PlacesController->__construct()
 2 SYSTEMPATH\CodeIgniter.php(493): CodeIgniter\CodeIgniter->createController()
 3 SYSTEMPATH\CodeIgniter.php(361): CodeIgniter\CodeIgniter->handleRequest(null, Object(Config\Cache), false)
 4 FCPATH\index.php(79): CodeIgniter\CodeIgniter->run()
WARNING - 2024-12-24 08:26:27 --> [DEPRECATED] Creation of dynamic property App\Controllers\HomeController::$citiesModel is deprecated in APPPATH\Controllers\HomeController.php on line 19.
 1 SYSTEMPATH\CodeIgniter.php(913): App\Controllers\HomeController->__construct()
 2 SYSTEMPATH\CodeIgniter.php(493): CodeIgniter\CodeIgniter->createController()
 3 SYSTEMPATH\CodeIgniter.php(361): CodeIgniter\CodeIgniter->handleRequest(null, Object(Config\Cache), false)
 4 FCPATH\index.php(79): CodeIgniter\CodeIgniter->run()
WARNING - 2024-12-24 08:26:27 --> [DEPRECATED] Creation of dynamic property App\Controllers\HomeController::$uttarakhandModel is deprecated in APPPATH\Controllers\HomeController.php on line 20.
 1 SYSTEMPATH\CodeIgniter.php(913): App\Controllers\HomeController->__construct()
 2 SYSTEMPATH\CodeIgniter.php(493): CodeIgniter\CodeIgniter->createController()
 3 SYSTEMPATH\CodeIgniter.php(361): CodeIgniter\CodeIgniter->handleRequest(null, Object(Config\Cache), false)
 4 FCPATH\index.php(79): CodeIgniter\CodeIgniter->run()
WARNING - 2024-12-24 08:26:27 --> [DEPRECATED] Creation of dynamic property App\Controllers\HomeController::$imageModel is deprecated in APPPATH\Controllers\HomeController.php on line 21.
 1 SYSTEMPATH\CodeIgniter.php(913): App\Controllers\HomeController->__construct()
 2 SYSTEMPATH\CodeIgniter.php(493): CodeIgniter\CodeIgniter->createController()
 3 SYSTEMPATH\CodeIgniter.php(361): CodeIgniter\CodeIgniter->handleRequest(null, Object(Config\Cache), false)
 4 FCPATH\index.php(79): CodeIgniter\CodeIgniter->run()
WARNING - 2024-12-24 08:26:27 --> [DEPRECATED] Creation of dynamic property App\Controllers\HomeController::$areaModel is deprecated in APPPATH\Controllers\HomeController.php on line 22.
 1 SYSTEMPATH\CodeIgniter.php(913): App\Controllers\HomeController->__construct()
 2 SYSTEMPATH\CodeIgniter.php(493): CodeIgniter\CodeIgniter->createController()
 3 SYSTEMPATH\CodeIgniter.php(361): CodeIgniter\CodeIgniter->handleRequest(null, Object(Config\Cache), false)
 4 FCPATH\index.php(79): CodeIgniter\CodeIgniter->run()
WARNING - 2024-12-24 08:26:27 --> [DEPRECATED] Creation of dynamic property App\Controllers\HomeController::$foodModel is deprecated in APPPATH\Controllers\HomeController.php on line 23.
 1 SYSTEMPATH\CodeIgniter.php(913): App\Controllers\HomeController->__construct()
 2 SYSTEMPATH\CodeIgniter.php(493): CodeIgniter\CodeIgniter->createController()
 3 SYSTEMPATH\CodeIgniter.php(361): CodeIgniter\CodeIgniter->handleRequest(null, Object(Config\Cache), false)
 4 FCPATH\index.php(79): CodeIgniter\CodeIgniter->run()
WARNING - 2024-12-24 08:26:27 --> [DEPRECATED] Creation of dynamic property App\Controllers\HomeController::$blogModel is deprecated in APPPATH\Controllers\HomeController.php on line 24.
 1 SYSTEMPATH\CodeIgniter.php(913): App\Controllers\HomeController->__construct()
 2 SYSTEMPATH\CodeIgniter.php(493): CodeIgniter\CodeIgniter->createController()
 3 SYSTEMPATH\CodeIgniter.php(361): CodeIgniter\CodeIgniter->handleRequest(null, Object(Config\Cache), false)
 4 FCPATH\index.php(79): CodeIgniter\CodeIgniter->run()
CRITICAL - 2024-12-24 08:26:27 --> ErrorException: Trying to access array offset on value of type null
in APPPATH\Controllers\HomeController.php on line 80.
 1 APPPATH\Controllers\HomeController.php(80): CodeIgniter\Debug\Exceptions->errorHandler(2, 'Trying to access array offset on value of type null', 'C:\\xampp\\htdocs\\uttrakhand\\app\\Controllers\\HomeController.php', 80)
 2 SYSTEMPATH\CodeIgniter.php(941): App\Controllers\HomeController->page('uploads', 'no_image.jpg')
 3 SYSTEMPATH\CodeIgniter.php(502): CodeIgniter\CodeIgniter->runController(Object(App\Controllers\HomeController))
 4 SYSTEMPATH\CodeIgniter.php(361): CodeIgniter\CodeIgniter->handleRequest(null, Object(Config\Cache), false)
 5 FCPATH\index.php(79): CodeIgniter\CodeIgniter->run()
WARNING - 2024-12-24 08:26:35 --> [DEPRECATED] Creation of dynamic property App\Controllers\BlogController::$blogcategoryModel is deprecated in APPPATH\Controllers\BlogController.php on line 14.
 1 SYSTEMPATH\CodeIgniter.php(913): App\Controllers\BlogController->__construct()
 2 SYSTEMPATH\CodeIgniter.php(493): CodeIgniter\CodeIgniter->createController()
 3 SYSTEMPATH\CodeIgniter.php(361): CodeIgniter\CodeIgniter->handleRequest(null, Object(Config\Cache), false)
 4 FCPATH\index.php(79): CodeIgniter\CodeIgniter->run()
WARNING - 2024-12-24 08:26:35 --> [DEPRECATED] Creation of dynamic property App\Controllers\BlogController::$blogModel is deprecated in APPPATH\Controllers\BlogController.php on line 15.
 1 SYSTEMPATH\CodeIgniter.php(913): App\Controllers\BlogController->__construct()
 2 SYSTEMPATH\CodeIgniter.php(493): CodeIgniter\CodeIgniter->createController()
 3 SYSTEMPATH\CodeIgniter.php(361): CodeIgniter\CodeIgniter->handleRequest(null, Object(Config\Cache), false)
 4 FCPATH\index.php(79): CodeIgniter\CodeIgniter->run()
WARNING - 2024-12-24 08:26:35 --> [DEPRECATED] Creation of dynamic property App\Controllers\BlogController::$citiesModel is deprecated in APPPATH\Controllers\BlogController.php on line 16.
 1 SYSTEMPATH\CodeIgniter.php(913): App\Controllers\BlogController->__construct()
 2 SYSTEMPATH\CodeIgniter.php(493): CodeIgniter\CodeIgniter->createController()
 3 SYSTEMPATH\CodeIgniter.php(361): CodeIgniter\CodeIgniter->handleRequest(null, Object(Config\Cache), false)
 4 FCPATH\index.php(79): CodeIgniter\CodeIgniter->run()
WARNING - 2024-12-24 08:26:35 --> [DEPRECATED] Creation of dynamic property App\Controllers\BlogController::$commentModel is deprecated in APPPATH\Controllers\BlogController.php on line 17.
 1 SYSTEMPATH\CodeIgniter.php(913): App\Controllers\BlogController->__construct()
 2 SYSTEMPATH\CodeIgniter.php(493): CodeIgniter\CodeIgniter->createController()
 3 SYSTEMPATH\CodeIgniter.php(361): CodeIgniter\CodeIgniter->handleRequest(null, Object(Config\Cache), false)
 4 FCPATH\index.php(79): CodeIgniter\CodeIgniter->run()
WARNING - 2024-12-24 08:26:35 --> [DEPRECATED] Creation of dynamic property App\Controllers\BlogController::$likesModel is deprecated in APPPATH\Controllers\BlogController.php on line 18.
 1 SYSTEMPATH\CodeIgniter.php(913): App\Controllers\BlogController->__construct()
 2 SYSTEMPATH\CodeIgniter.php(493): CodeIgniter\CodeIgniter->createController()
 3 SYSTEMPATH\CodeIgniter.php(361): CodeIgniter\CodeIgniter->handleRequest(null, Object(Config\Cache), false)
 4 FCPATH\index.php(79): CodeIgniter\CodeIgniter->run()
WARNING - 2024-12-24 08:26:35 --> [DEPRECATED] preg_match(): Passing null to parameter #2 ($subject) of type string is deprecated in APPPATH\Helpers\custom_helper.php on line 44.
 1 APPPATH\Helpers\custom_helper.php(44): preg_match('/IPv4 Address.*?: ([\\d\\.]+)/', null, null)
 2 APPPATH\Controllers\BlogController.php(212): getuserIpAddress()
 3 SYSTEMPATH\CodeIgniter.php(941): App\Controllers\BlogController->Showblogdetails('Exploring-Tungnath:-The-Highest-Shiva-Temple-and-Trekking-Paradise-in-Uttarakhand')
 4 SYSTEMPATH\CodeIgniter.php(502): CodeIgniter\CodeIgniter->runController(Object(App\Controllers\BlogController))
 5 SYSTEMPATH\CodeIgniter.php(361): CodeIgniter\CodeIgniter->handleRequest(null, Object(Config\Cache), false)
 6 FCPATH\index.php(79): CodeIgniter\CodeIgniter->run()
WARNING - 2024-12-24 08:39:42 --> [DEPRECATED] Creation of dynamic property App\Controllers\BlogController::$blogcategoryModel is deprecated in APPPATH\Controllers\BlogController.php on line 14.
 1 SYSTEMPATH\CodeIgniter.php(913): App\Controllers\BlogController->__construct()
 2 SYSTEMPATH\CodeIgniter.php(493): CodeIgniter\CodeIgniter->createController()
 3 SYSTEMPATH\CodeIgniter.php(361): CodeIgniter\CodeIgniter->handleRequest(null, Object(Config\Cache), false)
 4 FCPATH\index.php(79): CodeIgniter\CodeIgniter->run()
WARNING - 2024-12-24 08:39:42 --> [DEPRECATED] Creation of dynamic property App\Controllers\BlogController::$blogModel is deprecated in APPPATH\Controllers\BlogController.php on line 15.
 1 SYSTEMPATH\CodeIgniter.php(913): App\Controllers\BlogController->__construct()
 2 SYSTEMPATH\CodeIgniter.php(493): CodeIgniter\CodeIgniter->createController()
 3 SYSTEMPATH\CodeIgniter.php(361): CodeIgniter\CodeIgniter->handleRequest(null, Object(Config\Cache), false)
 4 FCPATH\index.php(79): CodeIgniter\CodeIgniter->run()
WARNING - 2024-12-24 08:39:42 --> [DEPRECATED] Creation of dynamic property App\Controllers\BlogController::$citiesModel is deprecated in APPPATH\Controllers\BlogController.php on line 16.
 1 SYSTEMPATH\CodeIgniter.php(913): App\Controllers\BlogController->__construct()
 2 SYSTEMPATH\CodeIgniter.php(493): CodeIgniter\CodeIgniter->createController()
 3 SYSTEMPATH\CodeIgniter.php(361): CodeIgniter\CodeIgniter->handleRequest(null, Object(Config\Cache), false)
 4 FCPATH\index.php(79): CodeIgniter\CodeIgniter->run()
WARNING - 2024-12-24 08:39:42 --> [DEPRECATED] Creation of dynamic property App\Controllers\BlogController::$commentModel is deprecated in APPPATH\Controllers\BlogController.php on line 17.
 1 SYSTEMPATH\CodeIgniter.php(913): App\Controllers\BlogController->__construct()
 2 SYSTEMPATH\CodeIgniter.php(493): CodeIgniter\CodeIgniter->createController()
 3 SYSTEMPATH\CodeIgniter.php(361): CodeIgniter\CodeIgniter->handleRequest(null, Object(Config\Cache), false)
 4 FCPATH\index.php(79): CodeIgniter\CodeIgniter->run()
WARNING - 2024-12-24 08:39:42 --> [DEPRECATED] Creation of dynamic property App\Controllers\BlogController::$likesModel is deprecated in APPPATH\Controllers\BlogController.php on line 18.
 1 SYSTEMPATH\CodeIgniter.php(913): App\Controllers\BlogController->__construct()
 2 SYSTEMPATH\CodeIgniter.php(493): CodeIgniter\CodeIgniter->createController()
 3 SYSTEMPATH\CodeIgniter.php(361): CodeIgniter\CodeIgniter->handleRequest(null, Object(Config\Cache), false)
 4 FCPATH\index.php(79): CodeIgniter\CodeIgniter->run()
WARNING - 2024-12-24 08:39:42 --> [DEPRECATED] preg_match(): Passing null to parameter #2 ($subject) of type string is deprecated in APPPATH\Helpers\custom_helper.php on line 44.
 1 APPPATH\Helpers\custom_helper.php(44): preg_match('/IPv4 Address.*?: ([\\d\\.]+)/', null, null)
 2 APPPATH\Controllers\BlogController.php(212): getuserIpAddress()
 3 SYSTEMPATH\CodeIgniter.php(941): App\Controllers\BlogController->Showblogdetails('Exploring-Chamoli:-A-Journey-Through-the-Heart-of-Uttarakhand’s-Himalayas')
 4 SYSTEMPATH\CodeIgniter.php(502): CodeIgniter\CodeIgniter->runController(Object(App\Controllers\BlogController))
 5 SYSTEMPATH\CodeIgniter.php(361): CodeIgniter\CodeIgniter->handleRequest(null, Object(Config\Cache), false)
 6 FCPATH\index.php(79): CodeIgniter\CodeIgniter->run()
WARNING - 2024-12-24 08:39:48 --> [DEPRECATED] Creation of dynamic property App\Controllers\HomeController::$citiesModel is deprecated in APPPATH\Controllers\HomeController.php on line 19.
 1 SYSTEMPATH\CodeIgniter.php(913): App\Controllers\HomeController->__construct()
 2 SYSTEMPATH\CodeIgniter.php(493): CodeIgniter\CodeIgniter->createController()
 3 SYSTEMPATH\CodeIgniter.php(361): CodeIgniter\CodeIgniter->handleRequest(null, Object(Config\Cache), false)
 4 FCPATH\index.php(79): CodeIgniter\CodeIgniter->run()
WARNING - 2024-12-24 08:39:48 --> [DEPRECATED] Creation of dynamic property App\Controllers\HomeController::$uttarakhandModel is deprecated in APPPATH\Controllers\HomeController.php on line 20.
 1 SYSTEMPATH\CodeIgniter.php(913): App\Controllers\HomeController->__construct()
 2 SYSTEMPATH\CodeIgniter.php(493): CodeIgniter\CodeIgniter->createController()
 3 SYSTEMPATH\CodeIgniter.php(361): CodeIgniter\CodeIgniter->handleRequest(null, Object(Config\Cache), false)
 4 FCPATH\index.php(79): CodeIgniter\CodeIgniter->run()
WARNING - 2024-12-24 08:39:48 --> [DEPRECATED] Creation of dynamic property App\Controllers\HomeController::$imageModel is deprecated in APPPATH\Controllers\HomeController.php on line 21.
 1 SYSTEMPATH\CodeIgniter.php(913): App\Controllers\HomeController->__construct()
 2 SYSTEMPATH\CodeIgniter.php(493): CodeIgniter\CodeIgniter->createController()
 3 SYSTEMPATH\CodeIgniter.php(361): CodeIgniter\CodeIgniter->handleRequest(null, Object(Config\Cache), false)
 4 FCPATH\index.php(79): CodeIgniter\CodeIgniter->run()
WARNING - 2024-12-24 08:39:48 --> [DEPRECATED] Creation of dynamic property App\Controllers\HomeController::$areaModel is deprecated in APPPATH\Controllers\HomeController.php on line 22.
 1 SYSTEMPATH\CodeIgniter.php(913): App\Controllers\HomeController->__construct()
 2 SYSTEMPATH\CodeIgniter.php(493): CodeIgniter\CodeIgniter->createController()
 3 SYSTEMPATH\CodeIgniter.php(361): CodeIgniter\CodeIgniter->handleRequest(null, Object(Config\Cache), false)
 4 FCPATH\index.php(79): CodeIgniter\CodeIgniter->run()
WARNING - 2024-12-24 08:39:48 --> [DEPRECATED] Creation of dynamic property App\Controllers\HomeController::$foodModel is deprecated in APPPATH\Controllers\HomeController.php on line 23.
 1 SYSTEMPATH\CodeIgniter.php(913): App\Controllers\HomeController->__construct()
 2 SYSTEMPATH\CodeIgniter.php(493): CodeIgniter\CodeIgniter->createController()
 3 SYSTEMPATH\CodeIgniter.php(361): CodeIgniter\CodeIgniter->handleRequest(null, Object(Config\Cache), false)
 4 FCPATH\index.php(79): CodeIgniter\CodeIgniter->run()
WARNING - 2024-12-24 08:39:48 --> [DEPRECATED] Creation of dynamic property App\Controllers\HomeController::$blogModel is deprecated in APPPATH\Controllers\HomeController.php on line 24.
 1 SYSTEMPATH\CodeIgniter.php(913): App\Controllers\HomeController->__construct()
 2 SYSTEMPATH\CodeIgniter.php(493): CodeIgniter\CodeIgniter->createController()
 3 SYSTEMPATH\CodeIgniter.php(361): CodeIgniter\CodeIgniter->handleRequest(null, Object(Config\Cache), false)
 4 FCPATH\index.php(79): CodeIgniter\CodeIgniter->run()
WARNING - 2024-12-24 08:48:12 --> [DEPRECATED] Creation of dynamic property App\Controllers\HomeController::$citiesModel is deprecated in APPPATH\Controllers\HomeController.php on line 19.
 1 SYSTEMPATH\CodeIgniter.php(913): App\Controllers\HomeController->__construct()
 2 SYSTEMPATH\CodeIgniter.php(493): CodeIgniter\CodeIgniter->createController()
 3 SYSTEMPATH\CodeIgniter.php(361): CodeIgniter\CodeIgniter->handleRequest(null, Object(Config\Cache), false)
 4 FCPATH\index.php(79): CodeIgniter\CodeIgniter->run()
WARNING - 2024-12-24 08:48:12 --> [DEPRECATED] Creation of dynamic property App\Controllers\HomeController::$uttarakhandModel is deprecated in APPPATH\Controllers\HomeController.php on line 20.
 1 SYSTEMPATH\CodeIgniter.php(913): App\Controllers\HomeController->__construct()
 2 SYSTEMPATH\CodeIgniter.php(493): CodeIgniter\CodeIgniter->createController()
 3 SYSTEMPATH\CodeIgniter.php(361): CodeIgniter\CodeIgniter->handleRequest(null, Object(Config\Cache), false)
 4 FCPATH\index.php(79): CodeIgniter\CodeIgniter->run()
WARNING - 2024-12-24 08:48:12 --> [DEPRECATED] Creation of dynamic property App\Controllers\HomeController::$imageModel is deprecated in APPPATH\Controllers\HomeController.php on line 21.
 1 SYSTEMPATH\CodeIgniter.php(913): App\Controllers\HomeController->__construct()
 2 SYSTEMPATH\CodeIgniter.php(493): CodeIgniter\CodeIgniter->createController()
 3 SYSTEMPATH\CodeIgniter.php(361): CodeIgniter\CodeIgniter->handleRequest(null, Object(Config\Cache), false)
 4 FCPATH\index.php(79): CodeIgniter\CodeIgniter->run()
WARNING - 2024-12-24 08:48:12 --> [DEPRECATED] Creation of dynamic property App\Controllers\HomeController::$areaModel is deprecated in APPPATH\Controllers\HomeController.php on line 22.
 1 SYSTEMPATH\CodeIgniter.php(913): App\Controllers\HomeController->__construct()
 2 SYSTEMPATH\CodeIgniter.php(493): CodeIgniter\CodeIgniter->createController()
 3 SYSTEMPATH\CodeIgniter.php(361): CodeIgniter\CodeIgniter->handleRequest(null, Object(Config\Cache), false)
 4 FCPATH\index.php(79): CodeIgniter\CodeIgniter->run()
WARNING - 2024-12-24 08:48:12 --> [DEPRECATED] Creation of dynamic property App\Controllers\HomeController::$foodModel is deprecated in APPPATH\Controllers\HomeController.php on line 23.
 1 SYSTEMPATH\CodeIgniter.php(913): App\Controllers\HomeController->__construct()
 2 SYSTEMPATH\CodeIgniter.php(493): CodeIgniter\CodeIgniter->createController()
 3 SYSTEMPATH\CodeIgniter.php(361): CodeIgniter\CodeIgniter->handleRequest(null, Object(Config\Cache), false)
 4 FCPATH\index.php(79): CodeIgniter\CodeIgniter->run()
WARNING - 2024-12-24 08:48:12 --> [DEPRECATED] Creation of dynamic property App\Controllers\HomeController::$blogModel is deprecated in APPPATH\Controllers\HomeController.php on line 24.
 1 SYSTEMPATH\CodeIgniter.php(913): App\Controllers\HomeController->__construct()
 2 SYSTEMPATH\CodeIgniter.php(493): CodeIgniter\CodeIgniter->createController()
 3 SYSTEMPATH\CodeIgniter.php(361): CodeIgniter\CodeIgniter->handleRequest(null, Object(Config\Cache), false)
 4 FCPATH\index.php(79): CodeIgniter\CodeIgniter->run()
WARNING - 2024-12-24 08:48:12 --> [DEPRECATED] Creation of dynamic property App\Controllers\HomeController::$citiesModel is deprecated in APPPATH\Controllers\HomeController.php on line 19.
 1 SYSTEMPATH\CodeIgniter.php(913): App\Controllers\HomeController->__construct()
 2 SYSTEMPATH\CodeIgniter.php(493): CodeIgniter\CodeIgniter->createController()
 3 SYSTEMPATH\CodeIgniter.php(361): CodeIgniter\CodeIgniter->handleRequest(null, Object(Config\Cache), false)
 4 FCPATH\index.php(79): CodeIgniter\CodeIgniter->run()
WARNING - 2024-12-24 08:48:12 --> [DEPRECATED] Creation of dynamic property App\Controllers\HomeController::$uttarakhandModel is deprecated in APPPATH\Controllers\HomeController.php on line 20.
 1 SYSTEMPATH\CodeIgniter.php(913): App\Controllers\HomeController->__construct()
 2 SYSTEMPATH\CodeIgniter.php(493): CodeIgniter\CodeIgniter->createController()
 3 SYSTEMPATH\CodeIgniter.php(361): CodeIgniter\CodeIgniter->handleRequest(null, Object(Config\Cache), false)
 4 FCPATH\index.php(79): CodeIgniter\CodeIgniter->run()
WARNING - 2024-12-24 08:48:12 --> [DEPRECATED] Creation of dynamic property App\Controllers\HomeController::$imageModel is deprecated in APPPATH\Controllers\HomeController.php on line 21.
 1 SYSTEMPATH\CodeIgniter.php(913): App\Controllers\HomeController->__construct()
 2 SYSTEMPATH\CodeIgniter.php(493): CodeIgniter\CodeIgniter->createController()
 3 SYSTEMPATH\CodeIgniter.php(361): CodeIgniter\CodeIgniter->handleRequest(null, Object(Config\Cache), false)
 4 FCPATH\index.php(79): CodeIgniter\CodeIgniter->run()
WARNING - 2024-12-24 08:48:12 --> [DEPRECATED] Creation of dynamic property App\Controllers\HomeController::$areaModel is deprecated in APPPATH\Controllers\HomeController.php on line 22.
 1 SYSTEMPATH\CodeIgniter.php(913): App\Controllers\HomeController->__construct()
 2 SYSTEMPATH\CodeIgniter.php(493): CodeIgniter\CodeIgniter->createController()
 3 SYSTEMPATH\CodeIgniter.php(361): CodeIgniter\CodeIgniter->handleRequest(null, Object(Config\Cache), false)
 4 FCPATH\index.php(79): CodeIgniter\CodeIgniter->run()
WARNING - 2024-12-24 08:48:12 --> [DEPRECATED] Creation of dynamic property App\Controllers\HomeController::$foodModel is deprecated in APPPATH\Controllers\HomeController.php on line 23.
 1 SYSTEMPATH\CodeIgniter.php(913): App\Controllers\HomeController->__construct()
 2 SYSTEMPATH\CodeIgniter.php(493): CodeIgniter\CodeIgniter->createController()
 3 SYSTEMPATH\CodeIgniter.php(361): CodeIgniter\CodeIgniter->handleRequest(null, Object(Config\Cache), false)
 4 FCPATH\index.php(79): CodeIgniter\CodeIgniter->run()
WARNING - 2024-12-24 08:48:12 --> [DEPRECATED] Creation of dynamic property App\Controllers\HomeController::$blogModel is deprecated in APPPATH\Controllers\HomeController.php on line 24.
 1 SYSTEMPATH\CodeIgniter.php(913): App\Controllers\HomeController->__construct()
 2 SYSTEMPATH\CodeIgniter.php(493): CodeIgniter\CodeIgniter->createController()
 3 SYSTEMPATH\CodeIgniter.php(361): CodeIgniter\CodeIgniter->handleRequest(null, Object(Config\Cache), false)
 4 FCPATH\index.php(79): CodeIgniter\CodeIgniter->run()
WARNING - 2024-12-24 08:48:13 --> [DEPRECATED] Creation of dynamic property App\Controllers\HomeController::$citiesModel is deprecated in APPPATH\Controllers\HomeController.php on line 19.
 1 SYSTEMPATH\CodeIgniter.php(913): App\Controllers\HomeController->__construct()
 2 SYSTEMPATH\CodeIgniter.php(493): CodeIgniter\CodeIgniter->createController()
 3 SYSTEMPATH\CodeIgniter.php(361): CodeIgniter\CodeIgniter->handleRequest(null, Object(Config\Cache), false)
 4 FCPATH\index.php(79): CodeIgniter\CodeIgniter->run()
WARNING - 2024-12-24 08:48:13 --> [DEPRECATED] Creation of dynamic property App\Controllers\HomeController::$uttarakhandModel is deprecated in APPPATH\Controllers\HomeController.php on line 20.
 1 SYSTEMPATH\CodeIgniter.php(913): App\Controllers\HomeController->__construct()
 2 SYSTEMPATH\CodeIgniter.php(493): CodeIgniter\CodeIgniter->createController()
 3 SYSTEMPATH\CodeIgniter.php(361): CodeIgniter\CodeIgniter->handleRequest(null, Object(Config\Cache), false)
 4 FCPATH\index.php(79): CodeIgniter\CodeIgniter->run()
WARNING - 2024-12-24 08:48:13 --> [DEPRECATED] Creation of dynamic property App\Controllers\HomeController::$imageModel is deprecated in APPPATH\Controllers\HomeController.php on line 21.
 1 SYSTEMPATH\CodeIgniter.php(913): App\Controllers\HomeController->__construct()
 2 SYSTEMPATH\CodeIgniter.php(493): CodeIgniter\CodeIgniter->createController()
 3 SYSTEMPATH\CodeIgniter.php(361): CodeIgniter\CodeIgniter->handleRequest(null, Object(Config\Cache), false)
 4 FCPATH\index.php(79): CodeIgniter\CodeIgniter->run()
WARNING - 2024-12-24 08:48:13 --> [DEPRECATED] Creation of dynamic property App\Controllers\HomeController::$areaModel is deprecated in APPPATH\Controllers\HomeController.php on line 22.
 1 SYSTEMPATH\CodeIgniter.php(913): App\Controllers\HomeController->__construct()
 2 SYSTEMPATH\CodeIgniter.php(493): CodeIgniter\CodeIgniter->createController()
 3 SYSTEMPATH\CodeIgniter.php(361): CodeIgniter\CodeIgniter->handleRequest(null, Object(Config\Cache), false)
 4 FCPATH\index.php(79): CodeIgniter\CodeIgniter->run()
WARNING - 2024-12-24 08:48:13 --> [DEPRECATED] Creation of dynamic property App\Controllers\HomeController::$foodModel is deprecated in APPPATH\Controllers\HomeController.php on line 23.
 1 SYSTEMPATH\CodeIgniter.php(913): App\Controllers\HomeController->__construct()
 2 SYSTEMPATH\CodeIgniter.php(493): CodeIgniter\CodeIgniter->createController()
 3 SYSTEMPATH\CodeIgniter.php(361): CodeIgniter\CodeIgniter->handleRequest(null, Object(Config\Cache), false)
 4 FCPATH\index.php(79): CodeIgniter\CodeIgniter->run()
WARNING - 2024-12-24 08:48:13 --> [DEPRECATED] Creation of dynamic property App\Controllers\HomeController::$blogModel is deprecated in APPPATH\Controllers\HomeController.php on line 24.
 1 SYSTEMPATH\CodeIgniter.php(913): App\Controllers\HomeController->__construct()
 2 SYSTEMPATH\CodeIgniter.php(493): CodeIgniter\CodeIgniter->createController()
 3 SYSTEMPATH\CodeIgniter.php(361): CodeIgniter\CodeIgniter->handleRequest(null, Object(Config\Cache), false)
 4 FCPATH\index.php(79): CodeIgniter\CodeIgniter->run()
WARNING - 2024-12-24 08:48:13 --> [DEPRECATED] Creation of dynamic property App\Controllers\HomeController::$citiesModel is deprecated in APPPATH\Controllers\HomeController.php on line 19.
 1 SYSTEMPATH\CodeIgniter.php(913): App\Controllers\HomeController->__construct()
 2 SYSTEMPATH\CodeIgniter.php(493): CodeIgniter\CodeIgniter->createController()
 3 SYSTEMPATH\CodeIgniter.php(361): CodeIgniter\CodeIgniter->handleRequest(null, Object(Config\Cache), false)
 4 FCPATH\index.php(79): CodeIgniter\CodeIgniter->run()
WARNING - 2024-12-24 08:48:13 --> [DEPRECATED] Creation of dynamic property App\Controllers\HomeController::$uttarakhandModel is deprecated in APPPATH\Controllers\HomeController.php on line 20.
 1 SYSTEMPATH\CodeIgniter.php(913): App\Controllers\HomeController->__construct()
 2 SYSTEMPATH\CodeIgniter.php(493): CodeIgniter\CodeIgniter->createController()
 3 SYSTEMPATH\CodeIgniter.php(361): CodeIgniter\CodeIgniter->handleRequest(null, Object(Config\Cache), false)
 4 FCPATH\index.php(79): CodeIgniter\CodeIgniter->run()
WARNING - 2024-12-24 08:48:13 --> [DEPRECATED] Creation of dynamic property App\Controllers\HomeController::$imageModel is deprecated in APPPATH\Controllers\HomeController.php on line 21.
 1 SYSTEMPATH\CodeIgniter.php(913): App\Controllers\HomeController->__construct()
 2 SYSTEMPATH\CodeIgniter.php(493): CodeIgniter\CodeIgniter->createController()
 3 SYSTEMPATH\CodeIgniter.php(361): CodeIgniter\CodeIgniter->handleRequest(null, Object(Config\Cache), false)
 4 FCPATH\index.php(79): CodeIgniter\CodeIgniter->run()
WARNING - 2024-12-24 08:48:13 --> [DEPRECATED] Creation of dynamic property App\Controllers\HomeController::$areaModel is deprecated in APPPATH\Controllers\HomeController.php on line 22.
 1 SYSTEMPATH\CodeIgniter.php(913): App\Controllers\HomeController->__construct()
 2 SYSTEMPATH\CodeIgniter.php(493): CodeIgniter\CodeIgniter->createController()
 3 SYSTEMPATH\CodeIgniter.php(361): CodeIgniter\CodeIgniter->handleRequest(null, Object(Config\Cache), false)
 4 FCPATH\index.php(79): CodeIgniter\CodeIgniter->run()
WARNING - 2024-12-24 08:48:13 --> [DEPRECATED] Creation of dynamic property App\Controllers\HomeController::$foodModel is deprecated in APPPATH\Controllers\HomeController.php on line 23.
 1 SYSTEMPATH\CodeIgniter.php(913): App\Controllers\HomeController->__construct()
 2 SYSTEMPATH\CodeIgniter.php(493): CodeIgniter\CodeIgniter->createController()
 3 SYSTEMPATH\CodeIgniter.php(361): CodeIgniter\CodeIgniter->handleRequest(null, Object(Config\Cache), false)
 4 FCPATH\index.php(79): CodeIgniter\CodeIgniter->run()
WARNING - 2024-12-24 08:48:13 --> [DEPRECATED] Creation of dynamic property App\Controllers\HomeController::$blogModel is deprecated in APPPATH\Controllers\HomeController.php on line 24.
 1 SYSTEMPATH\CodeIgniter.php(913): App\Controllers\HomeController->__construct()
 2 SYSTEMPATH\CodeIgniter.php(493): CodeIgniter\CodeIgniter->createController()
 3 SYSTEMPATH\CodeIgniter.php(361): CodeIgniter\CodeIgniter->handleRequest(null, Object(Config\Cache), false)
 4 FCPATH\index.php(79): CodeIgniter\CodeIgniter->run()
WARNING - 2024-12-24 08:48:16 --> [DEPRECATED] Creation of dynamic property App\Controllers\HomeController::$citiesModel is deprecated in APPPATH\Controllers\HomeController.php on line 19.
 1 SYSTEMPATH\CodeIgniter.php(913): App\Controllers\HomeController->__construct()
 2 SYSTEMPATH\CodeIgniter.php(493): CodeIgniter\CodeIgniter->createController()
 3 SYSTEMPATH\CodeIgniter.php(361): CodeIgniter\CodeIgniter->handleRequest(null, Object(Config\Cache), false)
 4 FCPATH\index.php(79): CodeIgniter\CodeIgniter->run()
WARNING - 2024-12-24 08:48:16 --> [DEPRECATED] Creation of dynamic property App\Controllers\HomeController::$uttarakhandModel is deprecated in APPPATH\Controllers\HomeController.php on line 20.
 1 SYSTEMPATH\CodeIgniter.php(913): App\Controllers\HomeController->__construct()
 2 SYSTEMPATH\CodeIgniter.php(493): CodeIgniter\CodeIgniter->createController()
 3 SYSTEMPATH\CodeIgniter.php(361): CodeIgniter\CodeIgniter->handleRequest(null, Object(Config\Cache), false)
 4 FCPATH\index.php(79): CodeIgniter\CodeIgniter->run()
WARNING - 2024-12-24 08:48:16 --> [DEPRECATED] Creation of dynamic property App\Controllers\HomeController::$imageModel is deprecated in APPPATH\Controllers\HomeController.php on line 21.
 1 SYSTEMPATH\CodeIgniter.php(913): App\Controllers\HomeController->__construct()
 2 SYSTEMPATH\CodeIgniter.php(493): CodeIgniter\CodeIgniter->createController()
 3 SYSTEMPATH\CodeIgniter.php(361): CodeIgniter\CodeIgniter->handleRequest(null, Object(Config\Cache), false)
 4 FCPATH\index.php(79): CodeIgniter\CodeIgniter->run()
WARNING - 2024-12-24 08:48:16 --> [DEPRECATED] Creation of dynamic property App\Controllers\HomeController::$areaModel is deprecated in APPPATH\Controllers\HomeController.php on line 22.
 1 SYSTEMPATH\CodeIgniter.php(913): App\Controllers\HomeController->__construct()
 2 SYSTEMPATH\CodeIgniter.php(493): CodeIgniter\CodeIgniter->createController()
 3 SYSTEMPATH\CodeIgniter.php(361): CodeIgniter\CodeIgniter->handleRequest(null, Object(Config\Cache), false)
 4 FCPATH\index.php(79): CodeIgniter\CodeIgniter->run()
WARNING - 2024-12-24 08:48:16 --> [DEPRECATED] Creation of dynamic property App\Controllers\HomeController::$foodModel is deprecated in APPPATH\Controllers\HomeController.php on line 23.
 1 SYSTEMPATH\CodeIgniter.php(913): App\Controllers\HomeController->__construct()
 2 SYSTEMPATH\CodeIgniter.php(493): CodeIgniter\CodeIgniter->createController()
 3 SYSTEMPATH\CodeIgniter.php(361): CodeIgniter\CodeIgniter->handleRequest(null, Object(Config\Cache), false)
 4 FCPATH\index.php(79): CodeIgniter\CodeIgniter->run()
WARNING - 2024-12-24 08:48:16 --> [DEPRECATED] Creation of dynamic property App\Controllers\HomeController::$blogModel is deprecated in APPPATH\Controllers\HomeController.php on line 24.
 1 SYSTEMPATH\CodeIgniter.php(913): App\Controllers\HomeController->__construct()
 2 SYSTEMPATH\CodeIgniter.php(493): CodeIgniter\CodeIgniter->createController()
 3 SYSTEMPATH\CodeIgniter.php(361): CodeIgniter\CodeIgniter->handleRequest(null, Object(Config\Cache), false)
 4 FCPATH\index.php(79): CodeIgniter\CodeIgniter->run()
WARNING - 2024-12-24 08:49:16 --> [DEPRECATED] Creation of dynamic property App\Controllers\HomeController::$citiesModel is deprecated in APPPATH\Controllers\HomeController.php on line 19.
 1 SYSTEMPATH\CodeIgniter.php(913): App\Controllers\HomeController->__construct()
 2 SYSTEMPATH\CodeIgniter.php(493): CodeIgniter\CodeIgniter->createController()
 3 SYSTEMPATH\CodeIgniter.php(361): CodeIgniter\CodeIgniter->handleRequest(null, Object(Config\Cache), false)
 4 FCPATH\index.php(79): CodeIgniter\CodeIgniter->run()
WARNING - 2024-12-24 08:49:16 --> [DEPRECATED] Creation of dynamic property App\Controllers\HomeController::$uttarakhandModel is deprecated in APPPATH\Controllers\HomeController.php on line 20.
 1 SYSTEMPATH\CodeIgniter.php(913): App\Controllers\HomeController->__construct()
 2 SYSTEMPATH\CodeIgniter.php(493): CodeIgniter\CodeIgniter->createController()
 3 SYSTEMPATH\CodeIgniter.php(361): CodeIgniter\CodeIgniter->handleRequest(null, Object(Config\Cache), false)
 4 FCPATH\index.php(79): CodeIgniter\CodeIgniter->run()
WARNING - 2024-12-24 08:49:16 --> [DEPRECATED] Creation of dynamic property App\Controllers\HomeController::$imageModel is deprecated in APPPATH\Controllers\HomeController.php on line 21.
 1 SYSTEMPATH\CodeIgniter.php(913): App\Controllers\HomeController->__construct()
 2 SYSTEMPATH\CodeIgniter.php(493): CodeIgniter\CodeIgniter->createController()
 3 SYSTEMPATH\CodeIgniter.php(361): CodeIgniter\CodeIgniter->handleRequest(null, Object(Config\Cache), false)
 4 FCPATH\index.php(79): CodeIgniter\CodeIgniter->run()
WARNING - 2024-12-24 08:49:16 --> [DEPRECATED] Creation of dynamic property App\Controllers\HomeController::$areaModel is deprecated in APPPATH\Controllers\HomeController.php on line 22.
 1 SYSTEMPATH\CodeIgniter.php(913): App\Controllers\HomeController->__construct()
 2 SYSTEMPATH\CodeIgniter.php(493): CodeIgniter\CodeIgniter->createController()
 3 SYSTEMPATH\CodeIgniter.php(361): CodeIgniter\CodeIgniter->handleRequest(null, Object(Config\Cache), false)
 4 FCPATH\index.php(79): CodeIgniter\CodeIgniter->run()
WARNING - 2024-12-24 08:49:16 --> [DEPRECATED] Creation of dynamic property App\Controllers\HomeController::$foodModel is deprecated in APPPATH\Controllers\HomeController.php on line 23.
 1 SYSTEMPATH\CodeIgniter.php(913): App\Controllers\HomeController->__construct()
 2 SYSTEMPATH\CodeIgniter.php(493): CodeIgniter\CodeIgniter->createController()
 3 SYSTEMPATH\CodeIgniter.php(361): CodeIgniter\CodeIgniter->handleRequest(null, Object(Config\Cache), false)
 4 FCPATH\index.php(79): CodeIgniter\CodeIgniter->run()
WARNING - 2024-12-24 08:49:16 --> [DEPRECATED] Creation of dynamic property App\Controllers\HomeController::$blogModel is deprecated in APPPATH\Controllers\HomeController.php on line 24.
 1 SYSTEMPATH\CodeIgniter.php(913): App\Controllers\HomeController->__construct()
 2 SYSTEMPATH\CodeIgniter.php(493): CodeIgniter\CodeIgniter->createController()
 3 SYSTEMPATH\CodeIgniter.php(361): CodeIgniter\CodeIgniter->handleRequest(null, Object(Config\Cache), false)
 4 FCPATH\index.php(79): CodeIgniter\CodeIgniter->run()
WARNING - 2024-12-24 08:49:16 --> [DEPRECATED] Creation of dynamic property App\Controllers\HomeController::$citiesModel is deprecated in APPPATH\Controllers\HomeController.php on line 19.
 1 SYSTEMPATH\CodeIgniter.php(913): App\Controllers\HomeController->__construct()
 2 SYSTEMPATH\CodeIgniter.php(493): CodeIgniter\CodeIgniter->createController()
 3 SYSTEMPATH\CodeIgniter.php(361): CodeIgniter\CodeIgniter->handleRequest(null, Object(Config\Cache), false)
 4 FCPATH\index.php(79): CodeIgniter\CodeIgniter->run()
WARNING - 2024-12-24 08:49:16 --> [DEPRECATED] Creation of dynamic property App\Controllers\HomeController::$uttarakhandModel is deprecated in APPPATH\Controllers\HomeController.php on line 20.
 1 SYSTEMPATH\CodeIgniter.php(913): App\Controllers\HomeController->__construct()
 2 SYSTEMPATH\CodeIgniter.php(493): CodeIgniter\CodeIgniter->createController()
 3 SYSTEMPATH\CodeIgniter.php(361): CodeIgniter\CodeIgniter->handleRequest(null, Object(Config\Cache), false)
 4 FCPATH\index.php(79): CodeIgniter\CodeIgniter->run()
WARNING - 2024-12-24 08:49:16 --> [DEPRECATED] Creation of dynamic property App\Controllers\HomeController::$imageModel is deprecated in APPPATH\Controllers\HomeController.php on line 21.
 1 SYSTEMPATH\CodeIgniter.php(913): App\Controllers\HomeController->__construct()
 2 SYSTEMPATH\CodeIgniter.php(493): CodeIgniter\CodeIgniter->createController()
 3 SYSTEMPATH\CodeIgniter.php(361): CodeIgniter\CodeIgniter->handleRequest(null, Object(Config\Cache), false)
 4 FCPATH\index.php(79): CodeIgniter\CodeIgniter->run()
WARNING - 2024-12-24 08:49:16 --> [DEPRECATED] Creation of dynamic property App\Controllers\HomeController::$areaModel is deprecated in APPPATH\Controllers\HomeController.php on line 22.
 1 SYSTEMPATH\CodeIgniter.php(913): App\Controllers\HomeController->__construct()
 2 SYSTEMPATH\CodeIgniter.php(493): CodeIgniter\CodeIgniter->createController()
 3 SYSTEMPATH\CodeIgniter.php(361): CodeIgniter\CodeIgniter->handleRequest(null, Object(Config\Cache), false)
 4 FCPATH\index.php(79): CodeIgniter\CodeIgniter->run()
WARNING - 2024-12-24 08:49:16 --> [DEPRECATED] Creation of dynamic property App\Controllers\HomeController::$foodModel is deprecated in APPPATH\Controllers\HomeController.php on line 23.
 1 SYSTEMPATH\CodeIgniter.php(913): App\Controllers\HomeController->__construct()
 2 SYSTEMPATH\CodeIgniter.php(493): CodeIgniter\CodeIgniter->createController()
 3 SYSTEMPATH\CodeIgniter.php(361): CodeIgniter\CodeIgniter->handleRequest(null, Object(Config\Cache), false)
 4 FCPATH\index.php(79): CodeIgniter\CodeIgniter->run()
WARNING - 2024-12-24 08:49:16 --> [DEPRECATED] Creation of dynamic property App\Controllers\HomeController::$blogModel is deprecated in APPPATH\Controllers\HomeController.php on line 24.
 1 SYSTEMPATH\CodeIgniter.php(913): App\Controllers\HomeController->__construct()
 2 SYSTEMPATH\CodeIgniter.php(493): CodeIgniter\CodeIgniter->createController()
 3 SYSTEMPATH\CodeIgniter.php(361): CodeIgniter\CodeIgniter->handleRequest(null, Object(Config\Cache), false)
 4 FCPATH\index.php(79): CodeIgniter\CodeIgniter->run()
WARNING - 2024-12-24 09:37:51 --> [DEPRECATED] Creation of dynamic property App\Controllers\HomeController::$citiesModel is deprecated in APPPATH\Controllers\HomeController.php on line 19.
 1 SYSTEMPATH\CodeIgniter.php(913): App\Controllers\HomeController->__construct()
 2 SYSTEMPATH\CodeIgniter.php(493): CodeIgniter\CodeIgniter->createController()
 3 SYSTEMPATH\CodeIgniter.php(361): CodeIgniter\CodeIgniter->handleRequest(null, Object(Config\Cache), false)
 4 FCPATH\index.php(79): CodeIgniter\CodeIgniter->run()
WARNING - 2024-12-24 09:37:51 --> [DEPRECATED] Creation of dynamic property App\Controllers\HomeController::$uttarakhandModel is deprecated in APPPATH\Controllers\HomeController.php on line 20.
 1 SYSTEMPATH\CodeIgniter.php(913): App\Controllers\HomeController->__construct()
 2 SYSTEMPATH\CodeIgniter.php(493): CodeIgniter\CodeIgniter->createController()
 3 SYSTEMPATH\CodeIgniter.php(361): CodeIgniter\CodeIgniter->handleRequest(null, Object(Config\Cache), false)
 4 FCPATH\index.php(79): CodeIgniter\CodeIgniter->run()
WARNING - 2024-12-24 09:37:51 --> [DEPRECATED] Creation of dynamic property App\Controllers\HomeController::$imageModel is deprecated in APPPATH\Controllers\HomeController.php on line 21.
 1 SYSTEMPATH\CodeIgniter.php(913): App\Controllers\HomeController->__construct()
 2 SYSTEMPATH\CodeIgniter.php(493): CodeIgniter\CodeIgniter->createController()
 3 SYSTEMPATH\CodeIgniter.php(361): CodeIgniter\CodeIgniter->handleRequest(null, Object(Config\Cache), false)
 4 FCPATH\index.php(79): CodeIgniter\CodeIgniter->run()
WARNING - 2024-12-24 09:37:51 --> [DEPRECATED] Creation of dynamic property App\Controllers\HomeController::$areaModel is deprecated in APPPATH\Controllers\HomeController.php on line 22.
 1 SYSTEMPATH\CodeIgniter.php(913): App\Controllers\HomeController->__construct()
 2 SYSTEMPATH\CodeIgniter.php(493): CodeIgniter\CodeIgniter->createController()
 3 SYSTEMPATH\CodeIgniter.php(361): CodeIgniter\CodeIgniter->handleRequest(null, Object(Config\Cache), false)
 4 FCPATH\index.php(79): CodeIgniter\CodeIgniter->run()
WARNING - 2024-12-24 09:37:51 --> [DEPRECATED] Creation of dynamic property App\Controllers\HomeController::$foodModel is deprecated in APPPATH\Controllers\HomeController.php on line 23.
 1 SYSTEMPATH\CodeIgniter.php(913): App\Controllers\HomeController->__construct()
 2 SYSTEMPATH\CodeIgniter.php(493): CodeIgniter\CodeIgniter->createController()
 3 SYSTEMPATH\CodeIgniter.php(361): CodeIgniter\CodeIgniter->handleRequest(null, Object(Config\Cache), false)
 4 FCPATH\index.php(79): CodeIgniter\CodeIgniter->run()
WARNING - 2024-12-24 09:37:51 --> [DEPRECATED] Creation of dynamic property App\Controllers\HomeController::$blogModel is deprecated in APPPATH\Controllers\HomeController.php on line 24.
 1 SYSTEMPATH\CodeIgniter.php(913): App\Controllers\HomeController->__construct()
 2 SYSTEMPATH\CodeIgniter.php(493): CodeIgniter\CodeIgniter->createController()
 3 SYSTEMPATH\CodeIgniter.php(361): CodeIgniter\CodeIgniter->handleRequest(null, Object(Config\Cache), false)
 4 FCPATH\index.php(79): CodeIgniter\CodeIgniter->run()
WARNING - 2024-12-24 09:48:48 --> [DEPRECATED] Creation of dynamic property App\Controllers\PlacesController::$citiesModel is deprecated in APPPATH\Controllers\PlacesController.php on line 19.
 1 SYSTEMPATH\CodeIgniter.php(913): App\Controllers\PlacesController->__construct()
 2 SYSTEMPATH\CodeIgniter.php(493): CodeIgniter\CodeIgniter->createController()
 3 SYSTEMPATH\CodeIgniter.php(361): CodeIgniter\CodeIgniter->handleRequest(null, Object(Config\Cache), false)
 4 FCPATH\index.php(79): CodeIgniter\CodeIgniter->run()
WARNING - 2024-12-24 09:48:48 --> [DEPRECATED] Creation of dynamic property App\Controllers\PlacesController::$uttarakhandModel is deprecated in APPPATH\Controllers\PlacesController.php on line 20.
 1 SYSTEMPATH\CodeIgniter.php(913): App\Controllers\PlacesController->__construct()
 2 SYSTEMPATH\CodeIgniter.php(493): CodeIgniter\CodeIgniter->createController()
 3 SYSTEMPATH\CodeIgniter.php(361): CodeIgniter\CodeIgniter->handleRequest(null, Object(Config\Cache), false)
 4 FCPATH\index.php(79): CodeIgniter\CodeIgniter->run()
WARNING - 2024-12-24 09:48:48 --> [DEPRECATED] Creation of dynamic property App\Controllers\PlacesController::$imageModel is deprecated in APPPATH\Controllers\PlacesController.php on line 21.
 1 SYSTEMPATH\CodeIgniter.php(913): App\Controllers\PlacesController->__construct()
 2 SYSTEMPATH\CodeIgniter.php(493): CodeIgniter\CodeIgniter->createController()
 3 SYSTEMPATH\CodeIgniter.php(361): CodeIgniter\CodeIgniter->handleRequest(null, Object(Config\Cache), false)
 4 FCPATH\index.php(79): CodeIgniter\CodeIgniter->run()
WARNING - 2024-12-24 09:48:48 --> [DEPRECATED] Creation of dynamic property App\Controllers\PlacesController::$areaModel is deprecated in APPPATH\Controllers\PlacesController.php on line 22.
 1 SYSTEMPATH\CodeIgniter.php(913): App\Controllers\PlacesController->__construct()
 2 SYSTEMPATH\CodeIgniter.php(493): CodeIgniter\CodeIgniter->createController()
 3 SYSTEMPATH\CodeIgniter.php(361): CodeIgniter\CodeIgniter->handleRequest(null, Object(Config\Cache), false)
 4 FCPATH\index.php(79): CodeIgniter\CodeIgniter->run()
WARNING - 2024-12-24 09:48:48 --> [DEPRECATED] Creation of dynamic property App\Controllers\PlacesController::$foodModel is deprecated in APPPATH\Controllers\PlacesController.php on line 23.
 1 SYSTEMPATH\CodeIgniter.php(913): App\Controllers\PlacesController->__construct()
 2 SYSTEMPATH\CodeIgniter.php(493): CodeIgniter\CodeIgniter->createController()
 3 SYSTEMPATH\CodeIgniter.php(361): CodeIgniter\CodeIgniter->handleRequest(null, Object(Config\Cache), false)
 4 FCPATH\index.php(79): CodeIgniter\CodeIgniter->run()
WARNING - 2024-12-24 09:48:48 --> [DEPRECATED] Creation of dynamic property App\Controllers\PlacesController::$blogModel is deprecated in APPPATH\Controllers\PlacesController.php on line 24.
 1 SYSTEMPATH\CodeIgniter.php(913): App\Controllers\PlacesController->__construct()
 2 SYSTEMPATH\CodeIgniter.php(493): CodeIgniter\CodeIgniter->createController()
 3 SYSTEMPATH\CodeIgniter.php(361): CodeIgniter\CodeIgniter->handleRequest(null, Object(Config\Cache), false)
 4 FCPATH\index.php(79): CodeIgniter\CodeIgniter->run()
WARNING - 2024-12-24 09:48:48 --> [DEPRECATED] Creation of dynamic property App\Controllers\HomeController::$citiesModel is deprecated in APPPATH\Controllers\HomeController.php on line 19.
 1 SYSTEMPATH\CodeIgniter.php(913): App\Controllers\HomeController->__construct()
 2 SYSTEMPATH\CodeIgniter.php(493): CodeIgniter\CodeIgniter->createController()
 3 SYSTEMPATH\CodeIgniter.php(361): CodeIgniter\CodeIgniter->handleRequest(null, Object(Config\Cache), false)
 4 FCPATH\index.php(79): CodeIgniter\CodeIgniter->run()
WARNING - 2024-12-24 09:48:48 --> [DEPRECATED] Creation of dynamic property App\Controllers\HomeController::$uttarakhandModel is deprecated in APPPATH\Controllers\HomeController.php on line 20.
 1 SYSTEMPATH\CodeIgniter.php(913): App\Controllers\HomeController->__construct()
 2 SYSTEMPATH\CodeIgniter.php(493): CodeIgniter\CodeIgniter->createController()
 3 SYSTEMPATH\CodeIgniter.php(361): CodeIgniter\CodeIgniter->handleRequest(null, Object(Config\Cache), false)
 4 FCPATH\index.php(79): CodeIgniter\CodeIgniter->run()
WARNING - 2024-12-24 09:48:48 --> [DEPRECATED] Creation of dynamic property App\Controllers\HomeController::$imageModel is deprecated in APPPATH\Controllers\HomeController.php on line 21.
 1 SYSTEMPATH\CodeIgniter.php(913): App\Controllers\HomeController->__construct()
 2 SYSTEMPATH\CodeIgniter.php(493): CodeIgniter\CodeIgniter->createController()
 3 SYSTEMPATH\CodeIgniter.php(361): CodeIgniter\CodeIgniter->handleRequest(null, Object(Config\Cache), false)
 4 FCPATH\index.php(79): CodeIgniter\CodeIgniter->run()
WARNING - 2024-12-24 09:48:48 --> [DEPRECATED] Creation of dynamic property App\Controllers\HomeController::$areaModel is deprecated in APPPATH\Controllers\HomeController.php on line 22.
 1 SYSTEMPATH\CodeIgniter.php(913): App\Controllers\HomeController->__construct()
 2 SYSTEMPATH\CodeIgniter.php(493): CodeIgniter\CodeIgniter->createController()
 3 SYSTEMPATH\CodeIgniter.php(361): CodeIgniter\CodeIgniter->handleRequest(null, Object(Config\Cache), false)
 4 FCPATH\index.php(79): CodeIgniter\CodeIgniter->run()
WARNING - 2024-12-24 09:48:48 --> [DEPRECATED] Creation of dynamic property App\Controllers\HomeController::$foodModel is deprecated in APPPATH\Controllers\HomeController.php on line 23.
 1 SYSTEMPATH\CodeIgniter.php(913): App\Controllers\HomeController->__construct()
 2 SYSTEMPATH\CodeIgniter.php(493): CodeIgniter\CodeIgniter->createController()
 3 SYSTEMPATH\CodeIgniter.php(361): CodeIgniter\CodeIgniter->handleRequest(null, Object(Config\Cache), false)
 4 FCPATH\index.php(79): CodeIgniter\CodeIgniter->run()
WARNING - 2024-12-24 09:48:48 --> [DEPRECATED] Creation of dynamic property App\Controllers\HomeController::$blogModel is deprecated in APPPATH\Controllers\HomeController.php on line 24.
 1 SYSTEMPATH\CodeIgniter.php(913): App\Controllers\HomeController->__construct()
 2 SYSTEMPATH\CodeIgniter.php(493): CodeIgniter\CodeIgniter->createController()
 3 SYSTEMPATH\CodeIgniter.php(361): CodeIgniter\CodeIgniter->handleRequest(null, Object(Config\Cache), false)
 4 FCPATH\index.php(79): CodeIgniter\CodeIgniter->run()
CRITICAL - 2024-12-24 09:48:48 --> ErrorException: Trying to access array offset on value of type null
in APPPATH\Controllers\HomeController.php on line 80.
 1 APPPATH\Controllers\HomeController.php(80): CodeIgniter\Debug\Exceptions->errorHandler(2, 'Trying to access array offset on value of type null', 'C:\\xampp\\htdocs\\uttrakhand\\app\\Controllers\\HomeController.php', 80)
 2 SYSTEMPATH\CodeIgniter.php(941): App\Controllers\HomeController->page('uploads', 'no_image.jpg')
 3 SYSTEMPATH\CodeIgniter.php(502): CodeIgniter\CodeIgniter->runController(Object(App\Controllers\HomeController))
 4 SYSTEMPATH\CodeIgniter.php(361): CodeIgniter\CodeIgniter->handleRequest(null, Object(Config\Cache), false)
 5 FCPATH\index.php(79): CodeIgniter\CodeIgniter->run()
WARNING - 2024-12-24 10:07:21 --> [DEPRECATED] Creation of dynamic property App\Controllers\HomeController::$citiesModel is deprecated in APPPATH\Controllers\HomeController.php on line 19.
 1 SYSTEMPATH\CodeIgniter.php(913): App\Controllers\HomeController->__construct()
 2 SYSTEMPATH\CodeIgniter.php(493): CodeIgniter\CodeIgniter->createController()
 3 SYSTEMPATH\CodeIgniter.php(361): CodeIgniter\CodeIgniter->handleRequest(null, Object(Config\Cache), false)
 4 FCPATH\index.php(79): CodeIgniter\CodeIgniter->run()
WARNING - 2024-12-24 10:07:21 --> [DEPRECATED] Creation of dynamic property App\Controllers\HomeController::$uttarakhandModel is deprecated in APPPATH\Controllers\HomeController.php on line 20.
 1 SYSTEMPATH\CodeIgniter.php(913): App\Controllers\HomeController->__construct()
 2 SYSTEMPATH\CodeIgniter.php(493): CodeIgniter\CodeIgniter->createController()
 3 SYSTEMPATH\CodeIgniter.php(361): CodeIgniter\CodeIgniter->handleRequest(null, Object(Config\Cache), false)
 4 FCPATH\index.php(79): CodeIgniter\CodeIgniter->run()
WARNING - 2024-12-24 10:07:21 --> [DEPRECATED] Creation of dynamic property App\Controllers\HomeController::$imageModel is deprecated in APPPATH\Controllers\HomeController.php on line 21.
 1 SYSTEMPATH\CodeIgniter.php(913): App\Controllers\HomeController->__construct()
 2 SYSTEMPATH\CodeIgniter.php(493): CodeIgniter\CodeIgniter->createController()
 3 SYSTEMPATH\CodeIgniter.php(361): CodeIgniter\CodeIgniter->handleRequest(null, Object(Config\Cache), false)
 4 FCPATH\index.php(79): CodeIgniter\CodeIgniter->run()
WARNING - 2024-12-24 10:07:21 --> [DEPRECATED] Creation of dynamic property App\Controllers\HomeController::$areaModel is deprecated in APPPATH\Controllers\HomeController.php on line 22.
 1 SYSTEMPATH\CodeIgniter.php(913): App\Controllers\HomeController->__construct()
 2 SYSTEMPATH\CodeIgniter.php(493): CodeIgniter\CodeIgniter->createController()
 3 SYSTEMPATH\CodeIgniter.php(361): CodeIgniter\CodeIgniter->handleRequest(null, Object(Config\Cache), false)
 4 FCPATH\index.php(79): CodeIgniter\CodeIgniter->run()
WARNING - 2024-12-24 10:07:21 --> [DEPRECATED] Creation of dynamic property App\Controllers\HomeController::$foodModel is deprecated in APPPATH\Controllers\HomeController.php on line 23.
 1 SYSTEMPATH\CodeIgniter.php(913): App\Controllers\HomeController->__construct()
 2 SYSTEMPATH\CodeIgniter.php(493): CodeIgniter\CodeIgniter->createController()
 3 SYSTEMPATH\CodeIgniter.php(361): CodeIgniter\CodeIgniter->handleRequest(null, Object(Config\Cache), false)
 4 FCPATH\index.php(79): CodeIgniter\CodeIgniter->run()
WARNING - 2024-12-24 10:07:21 --> [DEPRECATED] Creation of dynamic property App\Controllers\HomeController::$blogModel is deprecated in APPPATH\Controllers\HomeController.php on line 24.
 1 SYSTEMPATH\CodeIgniter.php(913): App\Controllers\HomeController->__construct()
 2 SYSTEMPATH\CodeIgniter.php(493): CodeIgniter\CodeIgniter->createController()
 3 SYSTEMPATH\CodeIgniter.php(361): CodeIgniter\CodeIgniter->handleRequest(null, Object(Config\Cache), false)
 4 FCPATH\index.php(79): CodeIgniter\CodeIgniter->run()
WARNING - 2024-12-24 10:08:14 --> [DEPRECATED] Creation of dynamic property App\Controllers\HomeController::$citiesModel is deprecated in APPPATH\Controllers\HomeController.php on line 19.
 1 SYSTEMPATH\CodeIgniter.php(913): App\Controllers\HomeController->__construct()
 2 SYSTEMPATH\CodeIgniter.php(493): CodeIgniter\CodeIgniter->createController()
 3 SYSTEMPATH\CodeIgniter.php(361): CodeIgniter\CodeIgniter->handleRequest(null, Object(Config\Cache), false)
 4 FCPATH\index.php(79): CodeIgniter\CodeIgniter->run()
WARNING - 2024-12-24 10:08:14 --> [DEPRECATED] Creation of dynamic property App\Controllers\HomeController::$uttarakhandModel is deprecated in APPPATH\Controllers\HomeController.php on line 20.
 1 SYSTEMPATH\CodeIgniter.php(913): App\Controllers\HomeController->__construct()
 2 SYSTEMPATH\CodeIgniter.php(493): CodeIgniter\CodeIgniter->createController()
 3 SYSTEMPATH\CodeIgniter.php(361): CodeIgniter\CodeIgniter->handleRequest(null, Object(Config\Cache), false)
 4 FCPATH\index.php(79): CodeIgniter\CodeIgniter->run()
WARNING - 2024-12-24 10:08:14 --> [DEPRECATED] Creation of dynamic property App\Controllers\HomeController::$imageModel is deprecated in APPPATH\Controllers\HomeController.php on line 21.
 1 SYSTEMPATH\CodeIgniter.php(913): App\Controllers\HomeController->__construct()
 2 SYSTEMPATH\CodeIgniter.php(493): CodeIgniter\CodeIgniter->createController()
 3 SYSTEMPATH\CodeIgniter.php(361): CodeIgniter\CodeIgniter->handleRequest(null, Object(Config\Cache), false)
 4 FCPATH\index.php(79): CodeIgniter\CodeIgniter->run()
WARNING - 2024-12-24 10:08:14 --> [DEPRECATED] Creation of dynamic property App\Controllers\HomeController::$areaModel is deprecated in APPPATH\Controllers\HomeController.php on line 22.
 1 SYSTEMPATH\CodeIgniter.php(913): App\Controllers\HomeController->__construct()
 2 SYSTEMPATH\CodeIgniter.php(493): CodeIgniter\CodeIgniter->createController()
 3 SYSTEMPATH\CodeIgniter.php(361): CodeIgniter\CodeIgniter->handleRequest(null, Object(Config\Cache), false)
 4 FCPATH\index.php(79): CodeIgniter\CodeIgniter->run()
WARNING - 2024-12-24 10:08:14 --> [DEPRECATED] Creation of dynamic property App\Controllers\HomeController::$foodModel is deprecated in APPPATH\Controllers\HomeController.php on line 23.
 1 SYSTEMPATH\CodeIgniter.php(913): App\Controllers\HomeController->__construct()
 2 SYSTEMPATH\CodeIgniter.php(493): CodeIgniter\CodeIgniter->createController()
 3 SYSTEMPATH\CodeIgniter.php(361): CodeIgniter\CodeIgniter->handleRequest(null, Object(Config\Cache), false)
 4 FCPATH\index.php(79): CodeIgniter\CodeIgniter->run()
WARNING - 2024-12-24 10:08:14 --> [DEPRECATED] Creation of dynamic property App\Controllers\HomeController::$blogModel is deprecated in APPPATH\Controllers\HomeController.php on line 24.
 1 SYSTEMPATH\CodeIgniter.php(913): App\Controllers\HomeController->__construct()
 2 SYSTEMPATH\CodeIgniter.php(493): CodeIgniter\CodeIgniter->createController()
 3 SYSTEMPATH\CodeIgniter.php(361): CodeIgniter\CodeIgniter->handleRequest(null, Object(Config\Cache), false)
 4 FCPATH\index.php(79): CodeIgniter\CodeIgniter->run()
WARNING - 2024-12-24 10:08:26 --> [DEPRECATED] Creation of dynamic property App\Controllers\HomeController::$citiesModel is deprecated in APPPATH\Controllers\HomeController.php on line 19.
 1 SYSTEMPATH\CodeIgniter.php(913): App\Controllers\HomeController->__construct()
 2 SYSTEMPATH\CodeIgniter.php(493): CodeIgniter\CodeIgniter->createController()
 3 SYSTEMPATH\CodeIgniter.php(361): CodeIgniter\CodeIgniter->handleRequest(null, Object(Config\Cache), false)
 4 FCPATH\index.php(79): CodeIgniter\CodeIgniter->run()
WARNING - 2024-12-24 10:08:26 --> [DEPRECATED] Creation of dynamic property App\Controllers\HomeController::$uttarakhandModel is deprecated in APPPATH\Controllers\HomeController.php on line 20.
 1 SYSTEMPATH\CodeIgniter.php(913): App\Controllers\HomeController->__construct()
 2 SYSTEMPATH\CodeIgniter.php(493): CodeIgniter\CodeIgniter->createController()
 3 SYSTEMPATH\CodeIgniter.php(361): CodeIgniter\CodeIgniter->handleRequest(null, Object(Config\Cache), false)
 4 FCPATH\index.php(79): CodeIgniter\CodeIgniter->run()
WARNING - 2024-12-24 10:08:26 --> [DEPRECATED] Creation of dynamic property App\Controllers\HomeController::$imageModel is deprecated in APPPATH\Controllers\HomeController.php on line 21.
 1 SYSTEMPATH\CodeIgniter.php(913): App\Controllers\HomeController->__construct()
 2 SYSTEMPATH\CodeIgniter.php(493): CodeIgniter\CodeIgniter->createController()
 3 SYSTEMPATH\CodeIgniter.php(361): CodeIgniter\CodeIgniter->handleRequest(null, Object(Config\Cache), false)
 4 FCPATH\index.php(79): CodeIgniter\CodeIgniter->run()
WARNING - 2024-12-24 10:08:26 --> [DEPRECATED] Creation of dynamic property App\Controllers\HomeController::$areaModel is deprecated in APPPATH\Controllers\HomeController.php on line 22.
 1 SYSTEMPATH\CodeIgniter.php(913): App\Controllers\HomeController->__construct()
 2 SYSTEMPATH\CodeIgniter.php(493): CodeIgniter\CodeIgniter->createController()
 3 SYSTEMPATH\CodeIgniter.php(361): CodeIgniter\CodeIgniter->handleRequest(null, Object(Config\Cache), false)
 4 FCPATH\index.php(79): CodeIgniter\CodeIgniter->run()
WARNING - 2024-12-24 10:08:26 --> [DEPRECATED] Creation of dynamic property App\Controllers\HomeController::$foodModel is deprecated in APPPATH\Controllers\HomeController.php on line 23.
 1 SYSTEMPATH\CodeIgniter.php(913): App\Controllers\HomeController->__construct()
 2 SYSTEMPATH\CodeIgniter.php(493): CodeIgniter\CodeIgniter->createController()
 3 SYSTEMPATH\CodeIgniter.php(361): CodeIgniter\CodeIgniter->handleRequest(null, Object(Config\Cache), false)
 4 FCPATH\index.php(79): CodeIgniter\CodeIgniter->run()
WARNING - 2024-12-24 10:08:26 --> [DEPRECATED] Creation of dynamic property App\Controllers\HomeController::$blogModel is deprecated in APPPATH\Controllers\HomeController.php on line 24.
 1 SYSTEMPATH\CodeIgniter.php(913): App\Controllers\HomeController->__construct()
 2 SYSTEMPATH\CodeIgniter.php(493): CodeIgniter\CodeIgniter->createController()
 3 SYSTEMPATH\CodeIgniter.php(361): CodeIgniter\CodeIgniter->handleRequest(null, Object(Config\Cache), false)
 4 FCPATH\index.php(79): CodeIgniter\CodeIgniter->run()
CRITICAL - 2024-12-24 10:08:26 --> ErrorException: Trying to access array offset on value of type null
in APPPATH\Controllers\HomeController.php on line 80.
 1 APPPATH\Controllers\HomeController.php(80): CodeIgniter\Debug\Exceptions->errorHandler(2, 'Trying to access array offset on value of type null', 'C:\\xampp\\htdocs\\uttrakhand\\app\\Controllers\\HomeController.php', 80)
 2 SYSTEMPATH\CodeIgniter.php(941): App\Controllers\HomeController->page('uploads', 'no_image.jpg')
 3 SYSTEMPATH\CodeIgniter.php(502): CodeIgniter\CodeIgniter->runController(Object(App\Controllers\HomeController))
 4 SYSTEMPATH\CodeIgniter.php(361): CodeIgniter\CodeIgniter->handleRequest(null, Object(Config\Cache), false)
 5 FCPATH\index.php(79): CodeIgniter\CodeIgniter->run()
WARNING - 2024-12-24 10:12:22 --> [DEPRECATED] Creation of dynamic property App\Controllers\HomeController::$citiesModel is deprecated in APPPATH\Controllers\HomeController.php on line 19.
 1 SYSTEMPATH\CodeIgniter.php(913): App\Controllers\HomeController->__construct()
 2 SYSTEMPATH\CodeIgniter.php(493): CodeIgniter\CodeIgniter->createController()
 3 SYSTEMPATH\CodeIgniter.php(361): CodeIgniter\CodeIgniter->handleRequest(null, Object(Config\Cache), false)
 4 FCPATH\index.php(79): CodeIgniter\CodeIgniter->run()
WARNING - 2024-12-24 10:12:22 --> [DEPRECATED] Creation of dynamic property App\Controllers\HomeController::$uttarakhandModel is deprecated in APPPATH\Controllers\HomeController.php on line 20.
 1 SYSTEMPATH\CodeIgniter.php(913): App\Controllers\HomeController->__construct()
 2 SYSTEMPATH\CodeIgniter.php(493): CodeIgniter\CodeIgniter->createController()
 3 SYSTEMPATH\CodeIgniter.php(361): CodeIgniter\CodeIgniter->handleRequest(null, Object(Config\Cache), false)
 4 FCPATH\index.php(79): CodeIgniter\CodeIgniter->run()
WARNING - 2024-12-24 10:12:22 --> [DEPRECATED] Creation of dynamic property App\Controllers\HomeController::$imageModel is deprecated in APPPATH\Controllers\HomeController.php on line 21.
 1 SYSTEMPATH\CodeIgniter.php(913): App\Controllers\HomeController->__construct()
 2 SYSTEMPATH\CodeIgniter.php(493): CodeIgniter\CodeIgniter->createController()
 3 SYSTEMPATH\CodeIgniter.php(361): CodeIgniter\CodeIgniter->handleRequest(null, Object(Config\Cache), false)
 4 FCPATH\index.php(79): CodeIgniter\CodeIgniter->run()
WARNING - 2024-12-24 10:12:22 --> [DEPRECATED] Creation of dynamic property App\Controllers\HomeController::$areaModel is deprecated in APPPATH\Controllers\HomeController.php on line 22.
 1 SYSTEMPATH\CodeIgniter.php(913): App\Controllers\HomeController->__construct()
 2 SYSTEMPATH\CodeIgniter.php(493): CodeIgniter\CodeIgniter->createController()
 3 SYSTEMPATH\CodeIgniter.php(361): CodeIgniter\CodeIgniter->handleRequest(null, Object(Config\Cache), false)
 4 FCPATH\index.php(79): CodeIgniter\CodeIgniter->run()
WARNING - 2024-12-24 10:12:22 --> [DEPRECATED] Creation of dynamic property App\Controllers\HomeController::$foodModel is deprecated in APPPATH\Controllers\HomeController.php on line 23.
 1 SYSTEMPATH\CodeIgniter.php(913): App\Controllers\HomeController->__construct()
 2 SYSTEMPATH\CodeIgniter.php(493): CodeIgniter\CodeIgniter->createController()
 3 SYSTEMPATH\CodeIgniter.php(361): CodeIgniter\CodeIgniter->handleRequest(null, Object(Config\Cache), false)
 4 FCPATH\index.php(79): CodeIgniter\CodeIgniter->run()
WARNING - 2024-12-24 10:12:22 --> [DEPRECATED] Creation of dynamic property App\Controllers\HomeController::$blogModel is deprecated in APPPATH\Controllers\HomeController.php on line 24.
 1 SYSTEMPATH\CodeIgniter.php(913): App\Controllers\HomeController->__construct()
 2 SYSTEMPATH\CodeIgniter.php(493): CodeIgniter\CodeIgniter->createController()
 3 SYSTEMPATH\CodeIgniter.php(361): CodeIgniter\CodeIgniter->handleRequest(null, Object(Config\Cache), false)
 4 FCPATH\index.php(79): CodeIgniter\CodeIgniter->run()
WARNING - 2024-12-24 10:12:23 --> [DEPRECATED] Creation of dynamic property App\Controllers\HomeController::$citiesModel is deprecated in APPPATH\Controllers\HomeController.php on line 19.
 1 SYSTEMPATH\CodeIgniter.php(913): App\Controllers\HomeController->__construct()
 2 SYSTEMPATH\CodeIgniter.php(493): CodeIgniter\CodeIgniter->createController()
 3 SYSTEMPATH\CodeIgniter.php(361): CodeIgniter\CodeIgniter->handleRequest(null, Object(Config\Cache), false)
 4 FCPATH\index.php(79): CodeIgniter\CodeIgniter->run()
WARNING - 2024-12-24 10:12:23 --> [DEPRECATED] Creation of dynamic property App\Controllers\HomeController::$uttarakhandModel is deprecated in APPPATH\Controllers\HomeController.php on line 20.
 1 SYSTEMPATH\CodeIgniter.php(913): App\Controllers\HomeController->__construct()
 2 SYSTEMPATH\CodeIgniter.php(493): CodeIgniter\CodeIgniter->createController()
 3 SYSTEMPATH\CodeIgniter.php(361): CodeIgniter\CodeIgniter->handleRequest(null, Object(Config\Cache), false)
 4 FCPATH\index.php(79): CodeIgniter\CodeIgniter->run()
WARNING - 2024-12-24 10:12:23 --> [DEPRECATED] Creation of dynamic property App\Controllers\HomeController::$imageModel is deprecated in APPPATH\Controllers\HomeController.php on line 21.
 1 SYSTEMPATH\CodeIgniter.php(913): App\Controllers\HomeController->__construct()
 2 SYSTEMPATH\CodeIgniter.php(493): CodeIgniter\CodeIgniter->createController()
 3 SYSTEMPATH\CodeIgniter.php(361): CodeIgniter\CodeIgniter->handleRequest(null, Object(Config\Cache), false)
 4 FCPATH\index.php(79): CodeIgniter\CodeIgniter->run()
WARNING - 2024-12-24 10:12:23 --> [DEPRECATED] Creation of dynamic property App\Controllers\HomeController::$areaModel is deprecated in APPPATH\Controllers\HomeController.php on line 22.
 1 SYSTEMPATH\CodeIgniter.php(913): App\Controllers\HomeController->__construct()
 2 SYSTEMPATH\CodeIgniter.php(493): CodeIgniter\CodeIgniter->createController()
 3 SYSTEMPATH\CodeIgniter.php(361): CodeIgniter\CodeIgniter->handleRequest(null, Object(Config\Cache), false)
 4 FCPATH\index.php(79): CodeIgniter\CodeIgniter->run()
WARNING - 2024-12-24 10:12:23 --> [DEPRECATED] Creation of dynamic property App\Controllers\HomeController::$foodModel is deprecated in APPPATH\Controllers\HomeController.php on line 23.
 1 SYSTEMPATH\CodeIgniter.php(913): App\Controllers\HomeController->__construct()
 2 SYSTEMPATH\CodeIgniter.php(493): CodeIgniter\CodeIgniter->createController()
 3 SYSTEMPATH\CodeIgniter.php(361): CodeIgniter\CodeIgniter->handleRequest(null, Object(Config\Cache), false)
 4 FCPATH\index.php(79): CodeIgniter\CodeIgniter->run()
WARNING - 2024-12-24 10:12:23 --> [DEPRECATED] Creation of dynamic property App\Controllers\HomeController::$blogModel is deprecated in APPPATH\Controllers\HomeController.php on line 24.
 1 SYSTEMPATH\CodeIgniter.php(913): App\Controllers\HomeController->__construct()
 2 SYSTEMPATH\CodeIgniter.php(493): CodeIgniter\CodeIgniter->createController()
 3 SYSTEMPATH\CodeIgniter.php(361): CodeIgniter\CodeIgniter->handleRequest(null, Object(Config\Cache), false)
 4 FCPATH\index.php(79): CodeIgniter\CodeIgniter->run()
CRITICAL - 2024-12-24 10:12:23 --> ErrorException: Trying to access array offset on value of type null
in APPPATH\Controllers\HomeController.php on line 80.
 1 APPPATH\Controllers\HomeController.php(80): CodeIgniter\Debug\Exceptions->errorHandler(2, 'Trying to access array offset on value of type null', 'C:\\xampp\\htdocs\\uttrakhand\\app\\Controllers\\HomeController.php', 80)
 2 SYSTEMPATH\CodeIgniter.php(941): App\Controllers\HomeController->page('uploads', 'no_image.jpg')
 3 SYSTEMPATH\CodeIgniter.php(502): CodeIgniter\CodeIgniter->runController(Object(App\Controllers\HomeController))
 4 SYSTEMPATH\CodeIgniter.php(361): CodeIgniter\CodeIgniter->handleRequest(null, Object(Config\Cache), false)
 5 FCPATH\index.php(79): CodeIgniter\CodeIgniter->run()
WARNING - 2024-12-24 10:12:59 --> [DEPRECATED] Creation of dynamic property App\Controllers\HomeController::$citiesModel is deprecated in APPPATH\Controllers\HomeController.php on line 19.
 1 SYSTEMPATH\CodeIgniter.php(913): App\Controllers\HomeController->__construct()
 2 SYSTEMPATH\CodeIgniter.php(493): CodeIgniter\CodeIgniter->createController()
 3 SYSTEMPATH\CodeIgniter.php(361): CodeIgniter\CodeIgniter->handleRequest(null, Object(Config\Cache), false)
 4 FCPATH\index.php(79): CodeIgniter\CodeIgniter->run()
WARNING - 2024-12-24 10:12:59 --> [DEPRECATED] Creation of dynamic property App\Controllers\HomeController::$uttarakhandModel is deprecated in APPPATH\Controllers\HomeController.php on line 20.
 1 SYSTEMPATH\CodeIgniter.php(913): App\Controllers\HomeController->__construct()
 2 SYSTEMPATH\CodeIgniter.php(493): CodeIgniter\CodeIgniter->createController()
 3 SYSTEMPATH\CodeIgniter.php(361): CodeIgniter\CodeIgniter->handleRequest(null, Object(Config\Cache), false)
 4 FCPATH\index.php(79): CodeIgniter\CodeIgniter->run()
WARNING - 2024-12-24 10:12:59 --> [DEPRECATED] Creation of dynamic property App\Controllers\HomeController::$imageModel is deprecated in APPPATH\Controllers\HomeController.php on line 21.
 1 SYSTEMPATH\CodeIgniter.php(913): App\Controllers\HomeController->__construct()
 2 SYSTEMPATH\CodeIgniter.php(493): CodeIgniter\CodeIgniter->createController()
 3 SYSTEMPATH\CodeIgniter.php(361): CodeIgniter\CodeIgniter->handleRequest(null, Object(Config\Cache), false)
 4 FCPATH\index.php(79): CodeIgniter\CodeIgniter->run()
WARNING - 2024-12-24 10:12:59 --> [DEPRECATED] Creation of dynamic property App\Controllers\HomeController::$areaModel is deprecated in APPPATH\Controllers\HomeController.php on line 22.
 1 SYSTEMPATH\CodeIgniter.php(913): App\Controllers\HomeController->__construct()
 2 SYSTEMPATH\CodeIgniter.php(493): CodeIgniter\CodeIgniter->createController()
 3 SYSTEMPATH\CodeIgniter.php(361): CodeIgniter\CodeIgniter->handleRequest(null, Object(Config\Cache), false)
 4 FCPATH\index.php(79): CodeIgniter\CodeIgniter->run()
WARNING - 2024-12-24 10:12:59 --> [DEPRECATED] Creation of dynamic property App\Controllers\HomeController::$foodModel is deprecated in APPPATH\Controllers\HomeController.php on line 23.
 1 SYSTEMPATH\CodeIgniter.php(913): App\Controllers\HomeController->__construct()
 2 SYSTEMPATH\CodeIgniter.php(493): CodeIgniter\CodeIgniter->createController()
 3 SYSTEMPATH\CodeIgniter.php(361): CodeIgniter\CodeIgniter->handleRequest(null, Object(Config\Cache), false)
 4 FCPATH\index.php(79): CodeIgniter\CodeIgniter->run()
WARNING - 2024-12-24 10:12:59 --> [DEPRECATED] Creation of dynamic property App\Controllers\HomeController::$blogModel is deprecated in APPPATH\Controllers\HomeController.php on line 24.
 1 SYSTEMPATH\CodeIgniter.php(913): App\Controllers\HomeController->__construct()
 2 SYSTEMPATH\CodeIgniter.php(493): CodeIgniter\CodeIgniter->createController()
 3 SYSTEMPATH\CodeIgniter.php(361): CodeIgniter\CodeIgniter->handleRequest(null, Object(Config\Cache), false)
 4 FCPATH\index.php(79): CodeIgniter\CodeIgniter->run()
WARNING - 2024-12-24 10:12:59 --> [DEPRECATED] Creation of dynamic property App\Controllers\HomeController::$citiesModel is deprecated in APPPATH\Controllers\HomeController.php on line 19.
 1 SYSTEMPATH\CodeIgniter.php(913): App\Controllers\HomeController->__construct()
 2 SYSTEMPATH\CodeIgniter.php(493): CodeIgniter\CodeIgniter->createController()
 3 SYSTEMPATH\CodeIgniter.php(361): CodeIgniter\CodeIgniter->handleRequest(null, Object(Config\Cache), false)
 4 FCPATH\index.php(79): CodeIgniter\CodeIgniter->run()
WARNING - 2024-12-24 10:12:59 --> [DEPRECATED] Creation of dynamic property App\Controllers\HomeController::$uttarakhandModel is deprecated in APPPATH\Controllers\HomeController.php on line 20.
 1 SYSTEMPATH\CodeIgniter.php(913): App\Controllers\HomeController->__construct()
 2 SYSTEMPATH\CodeIgniter.php(493): CodeIgniter\CodeIgniter->createController()
 3 SYSTEMPATH\CodeIgniter.php(361): CodeIgniter\CodeIgniter->handleRequest(null, Object(Config\Cache), false)
 4 FCPATH\index.php(79): CodeIgniter\CodeIgniter->run()
WARNING - 2024-12-24 10:12:59 --> [DEPRECATED] Creation of dynamic property App\Controllers\HomeController::$imageModel is deprecated in APPPATH\Controllers\HomeController.php on line 21.
 1 SYSTEMPATH\CodeIgniter.php(913): App\Controllers\HomeController->__construct()
 2 SYSTEMPATH\CodeIgniter.php(493): CodeIgniter\CodeIgniter->createController()
 3 SYSTEMPATH\CodeIgniter.php(361): CodeIgniter\CodeIgniter->handleRequest(null, Object(Config\Cache), false)
 4 FCPATH\index.php(79): CodeIgniter\CodeIgniter->run()
WARNING - 2024-12-24 10:12:59 --> [DEPRECATED] Creation of dynamic property App\Controllers\HomeController::$areaModel is deprecated in APPPATH\Controllers\HomeController.php on line 22.
 1 SYSTEMPATH\CodeIgniter.php(913): App\Controllers\HomeController->__construct()
 2 SYSTEMPATH\CodeIgniter.php(493): CodeIgniter\CodeIgniter->createController()
 3 SYSTEMPATH\CodeIgniter.php(361): CodeIgniter\CodeIgniter->handleRequest(null, Object(Config\Cache), false)
 4 FCPATH\index.php(79): CodeIgniter\CodeIgniter->run()
WARNING - 2024-12-24 10:12:59 --> [DEPRECATED] Creation of dynamic property App\Controllers\HomeController::$foodModel is deprecated in APPPATH\Controllers\HomeController.php on line 23.
 1 SYSTEMPATH\CodeIgniter.php(913): App\Controllers\HomeController->__construct()
 2 SYSTEMPATH\CodeIgniter.php(493): CodeIgniter\CodeIgniter->createController()
 3 SYSTEMPATH\CodeIgniter.php(361): CodeIgniter\CodeIgniter->handleRequest(null, Object(Config\Cache), false)
 4 FCPATH\index.php(79): CodeIgniter\CodeIgniter->run()
WARNING - 2024-12-24 10:12:59 --> [DEPRECATED] Creation of dynamic property App\Controllers\HomeController::$blogModel is deprecated in APPPATH\Controllers\HomeController.php on line 24.
 1 SYSTEMPATH\CodeIgniter.php(913): App\Controllers\HomeController->__construct()
 2 SYSTEMPATH\CodeIgniter.php(493): CodeIgniter\CodeIgniter->createController()
 3 SYSTEMPATH\CodeIgniter.php(361): CodeIgniter\CodeIgniter->handleRequest(null, Object(Config\Cache), false)
 4 FCPATH\index.php(79): CodeIgniter\CodeIgniter->run()
CRITICAL - 2024-12-24 10:12:59 --> ErrorException: Trying to access array offset on value of type null
in APPPATH\Controllers\HomeController.php on line 80.
 1 APPPATH\Controllers\HomeController.php(80): CodeIgniter\Debug\Exceptions->errorHandler(2, 'Trying to access array offset on value of type null', 'C:\\xampp\\htdocs\\uttrakhand\\app\\Controllers\\HomeController.php', 80)
 2 SYSTEMPATH\CodeIgniter.php(941): App\Controllers\HomeController->page('uploads', 'no_image.jpg')
 3 SYSTEMPATH\CodeIgniter.php(502): CodeIgniter\CodeIgniter->runController(Object(App\Controllers\HomeController))
 4 SYSTEMPATH\CodeIgniter.php(361): CodeIgniter\CodeIgniter->handleRequest(null, Object(Config\Cache), false)
 5 FCPATH\index.php(79): CodeIgniter\CodeIgniter->run()
WARNING - 2024-12-24 10:27:29 --> [DEPRECATED] Creation of dynamic property App\Controllers\HomeController::$citiesModel is deprecated in APPPATH\Controllers\HomeController.php on line 19.
 1 SYSTEMPATH\CodeIgniter.php(913): App\Controllers\HomeController->__construct()
 2 SYSTEMPATH\CodeIgniter.php(493): CodeIgniter\CodeIgniter->createController()
 3 SYSTEMPATH\CodeIgniter.php(361): CodeIgniter\CodeIgniter->handleRequest(null, Object(Config\Cache), false)
 4 FCPATH\index.php(79): CodeIgniter\CodeIgniter->run()
WARNING - 2024-12-24 10:27:29 --> [DEPRECATED] Creation of dynamic property App\Controllers\HomeController::$uttarakhandModel is deprecated in APPPATH\Controllers\HomeController.php on line 20.
 1 SYSTEMPATH\CodeIgniter.php(913): App\Controllers\HomeController->__construct()
 2 SYSTEMPATH\CodeIgniter.php(493): CodeIgniter\CodeIgniter->createController()
 3 SYSTEMPATH\CodeIgniter.php(361): CodeIgniter\CodeIgniter->handleRequest(null, Object(Config\Cache), false)
 4 FCPATH\index.php(79): CodeIgniter\CodeIgniter->run()
WARNING - 2024-12-24 10:27:29 --> [DEPRECATED] Creation of dynamic property App\Controllers\HomeController::$imageModel is deprecated in APPPATH\Controllers\HomeController.php on line 21.
 1 SYSTEMPATH\CodeIgniter.php(913): App\Controllers\HomeController->__construct()
 2 SYSTEMPATH\CodeIgniter.php(493): CodeIgniter\CodeIgniter->createController()
 3 SYSTEMPATH\CodeIgniter.php(361): CodeIgniter\CodeIgniter->handleRequest(null, Object(Config\Cache), false)
 4 FCPATH\index.php(79): CodeIgniter\CodeIgniter->run()
WARNING - 2024-12-24 10:27:29 --> [DEPRECATED] Creation of dynamic property App\Controllers\HomeController::$areaModel is deprecated in APPPATH\Controllers\HomeController.php on line 22.
 1 SYSTEMPATH\CodeIgniter.php(913): App\Controllers\HomeController->__construct()
 2 SYSTEMPATH\CodeIgniter.php(493): CodeIgniter\CodeIgniter->createController()
 3 SYSTEMPATH\CodeIgniter.php(361): CodeIgniter\CodeIgniter->handleRequest(null, Object(Config\Cache), false)
 4 FCPATH\index.php(79): CodeIgniter\CodeIgniter->run()
WARNING - 2024-12-24 10:27:29 --> [DEPRECATED] Creation of dynamic property App\Controllers\HomeController::$foodModel is deprecated in APPPATH\Controllers\HomeController.php on line 23.
 1 SYSTEMPATH\CodeIgniter.php(913): App\Controllers\HomeController->__construct()
 2 SYSTEMPATH\CodeIgniter.php(493): CodeIgniter\CodeIgniter->createController()
 3 SYSTEMPATH\CodeIgniter.php(361): CodeIgniter\CodeIgniter->handleRequest(null, Object(Config\Cache), false)
 4 FCPATH\index.php(79): CodeIgniter\CodeIgniter->run()
WARNING - 2024-12-24 10:27:29 --> [DEPRECATED] Creation of dynamic property App\Controllers\HomeController::$blogModel is deprecated in APPPATH\Controllers\HomeController.php on line 24.
 1 SYSTEMPATH\CodeIgniter.php(913): App\Controllers\HomeController->__construct()
 2 SYSTEMPATH\CodeIgniter.php(493): CodeIgniter\CodeIgniter->createController()
 3 SYSTEMPATH\CodeIgniter.php(361): CodeIgniter\CodeIgniter->handleRequest(null, Object(Config\Cache), false)
 4 FCPATH\index.php(79): CodeIgniter\CodeIgniter->run()
WARNING - 2024-12-24 10:27:29 --> [DEPRECATED] Creation of dynamic property App\Controllers\HomeController::$citiesModel is deprecated in APPPATH\Controllers\HomeController.php on line 19.
 1 SYSTEMPATH\CodeIgniter.php(913): App\Controllers\HomeController->__construct()
 2 SYSTEMPATH\CodeIgniter.php(493): CodeIgniter\CodeIgniter->createController()
 3 SYSTEMPATH\CodeIgniter.php(361): CodeIgniter\CodeIgniter->handleRequest(null, Object(Config\Cache), false)
 4 FCPATH\index.php(79): CodeIgniter\CodeIgniter->run()
WARNING - 2024-12-24 10:27:29 --> [DEPRECATED] Creation of dynamic property App\Controllers\HomeController::$uttarakhandModel is deprecated in APPPATH\Controllers\HomeController.php on line 20.
 1 SYSTEMPATH\CodeIgniter.php(913): App\Controllers\HomeController->__construct()
 2 SYSTEMPATH\CodeIgniter.php(493): CodeIgniter\CodeIgniter->createController()
 3 SYSTEMPATH\CodeIgniter.php(361): CodeIgniter\CodeIgniter->handleRequest(null, Object(Config\Cache), false)
 4 FCPATH\index.php(79): CodeIgniter\CodeIgniter->run()
WARNING - 2024-12-24 10:27:29 --> [DEPRECATED] Creation of dynamic property App\Controllers\HomeController::$imageModel is deprecated in APPPATH\Controllers\HomeController.php on line 21.
 1 SYSTEMPATH\CodeIgniter.php(913): App\Controllers\HomeController->__construct()
 2 SYSTEMPATH\CodeIgniter.php(493): CodeIgniter\CodeIgniter->createController()
 3 SYSTEMPATH\CodeIgniter.php(361): CodeIgniter\CodeIgniter->handleRequest(null, Object(Config\Cache), false)
 4 FCPATH\index.php(79): CodeIgniter\CodeIgniter->run()
WARNING - 2024-12-24 10:27:29 --> [DEPRECATED] Creation of dynamic property App\Controllers\HomeController::$areaModel is deprecated in APPPATH\Controllers\HomeController.php on line 22.
 1 SYSTEMPATH\CodeIgniter.php(913): App\Controllers\HomeController->__construct()
 2 SYSTEMPATH\CodeIgniter.php(493): CodeIgniter\CodeIgniter->createController()
 3 SYSTEMPATH\CodeIgniter.php(361): CodeIgniter\CodeIgniter->handleRequest(null, Object(Config\Cache), false)
 4 FCPATH\index.php(79): CodeIgniter\CodeIgniter->run()
WARNING - 2024-12-24 10:27:29 --> [DEPRECATED] Creation of dynamic property App\Controllers\HomeController::$foodModel is deprecated in APPPATH\Controllers\HomeController.php on line 23.
 1 SYSTEMPATH\CodeIgniter.php(913): App\Controllers\HomeController->__construct()
 2 SYSTEMPATH\CodeIgniter.php(493): CodeIgniter\CodeIgniter->createController()
 3 SYSTEMPATH\CodeIgniter.php(361): CodeIgniter\CodeIgniter->handleRequest(null, Object(Config\Cache), false)
 4 FCPATH\index.php(79): CodeIgniter\CodeIgniter->run()
WARNING - 2024-12-24 10:27:29 --> [DEPRECATED] Creation of dynamic property App\Controllers\HomeController::$blogModel is deprecated in APPPATH\Controllers\HomeController.php on line 24.
 1 SYSTEMPATH\CodeIgniter.php(913): App\Controllers\HomeController->__construct()
 2 SYSTEMPATH\CodeIgniter.php(493): CodeIgniter\CodeIgniter->createController()
 3 SYSTEMPATH\CodeIgniter.php(361): CodeIgniter\CodeIgniter->handleRequest(null, Object(Config\Cache), false)
 4 FCPATH\index.php(79): CodeIgniter\CodeIgniter->run()
WARNING - 2024-12-24 10:27:29 --> [DEPRECATED] Creation of dynamic property App\Controllers\HomeController::$citiesModel is deprecated in APPPATH\Controllers\HomeController.php on line 19.
 1 SYSTEMPATH\CodeIgniter.php(913): App\Controllers\HomeController->__construct()
 2 SYSTEMPATH\CodeIgniter.php(493): CodeIgniter\CodeIgniter->createController()
 3 SYSTEMPATH\CodeIgniter.php(361): CodeIgniter\CodeIgniter->handleRequest(null, Object(Config\Cache), false)
 4 FCPATH\index.php(79): CodeIgniter\CodeIgniter->run()
WARNING - 2024-12-24 10:27:29 --> [DEPRECATED] Creation of dynamic property App\Controllers\HomeController::$uttarakhandModel is deprecated in APPPATH\Controllers\HomeController.php on line 20.
 1 SYSTEMPATH\CodeIgniter.php(913): App\Controllers\HomeController->__construct()
 2 SYSTEMPATH\CodeIgniter.php(493): CodeIgniter\CodeIgniter->createController()
 3 SYSTEMPATH\CodeIgniter.php(361): CodeIgniter\CodeIgniter->handleRequest(null, Object(Config\Cache), false)
 4 FCPATH\index.php(79): CodeIgniter\CodeIgniter->run()
WARNING - 2024-12-24 10:27:29 --> [DEPRECATED] Creation of dynamic property App\Controllers\HomeController::$imageModel is deprecated in APPPATH\Controllers\HomeController.php on line 21.
 1 SYSTEMPATH\CodeIgniter.php(913): App\Controllers\HomeController->__construct()
 2 SYSTEMPATH\CodeIgniter.php(493): CodeIgniter\CodeIgniter->createController()
 3 SYSTEMPATH\CodeIgniter.php(361): CodeIgniter\CodeIgniter->handleRequest(null, Object(Config\Cache), false)
 4 FCPATH\index.php(79): CodeIgniter\CodeIgniter->run()
WARNING - 2024-12-24 10:27:29 --> [DEPRECATED] Creation of dynamic property App\Controllers\HomeController::$areaModel is deprecated in APPPATH\Controllers\HomeController.php on line 22.
 1 SYSTEMPATH\CodeIgniter.php(913): App\Controllers\HomeController->__construct()
 2 SYSTEMPATH\CodeIgniter.php(493): CodeIgniter\CodeIgniter->createController()
 3 SYSTEMPATH\CodeIgniter.php(361): CodeIgniter\CodeIgniter->handleRequest(null, Object(Config\Cache), false)
 4 FCPATH\index.php(79): CodeIgniter\CodeIgniter->run()
WARNING - 2024-12-24 10:27:29 --> [DEPRECATED] Creation of dynamic property App\Controllers\HomeController::$foodModel is deprecated in APPPATH\Controllers\HomeController.php on line 23.
 1 SYSTEMPATH\CodeIgniter.php(913): App\Controllers\HomeController->__construct()
 2 SYSTEMPATH\CodeIgniter.php(493): CodeIgniter\CodeIgniter->createController()
 3 SYSTEMPATH\CodeIgniter.php(361): CodeIgniter\CodeIgniter->handleRequest(null, Object(Config\Cache), false)
 4 FCPATH\index.php(79): CodeIgniter\CodeIgniter->run()
WARNING - 2024-12-24 10:27:29 --> [DEPRECATED] Creation of dynamic property App\Controllers\HomeController::$blogModel is deprecated in APPPATH\Controllers\HomeController.php on line 24.
 1 SYSTEMPATH\CodeIgniter.php(913): App\Controllers\HomeController->__construct()
 2 SYSTEMPATH\CodeIgniter.php(493): CodeIgniter\CodeIgniter->createController()
 3 SYSTEMPATH\CodeIgniter.php(361): CodeIgniter\CodeIgniter->handleRequest(null, Object(Config\Cache), false)
 4 FCPATH\index.php(79): CodeIgniter\CodeIgniter->run()
CRITICAL - 2024-12-24 10:27:29 --> ErrorException: Trying to access array offset on value of type null
in APPPATH\Controllers\HomeController.php on line 80.
 1 APPPATH\Controllers\HomeController.php(80): CodeIgniter\Debug\Exceptions->errorHandler(2, 'Trying to access array offset on value of type null', 'C:\\xampp\\htdocs\\uttrakhand\\app\\Controllers\\HomeController.php', 80)
 2 SYSTEMPATH\CodeIgniter.php(941): App\Controllers\HomeController->page('uploads', 'no_image.jpg')
 3 SYSTEMPATH\CodeIgniter.php(502): CodeIgniter\CodeIgniter->runController(Object(App\Controllers\HomeController))
 4 SYSTEMPATH\CodeIgniter.php(361): CodeIgniter\CodeIgniter->handleRequest(null, Object(Config\Cache), false)
 5 FCPATH\index.php(79): CodeIgniter\CodeIgniter->run()
WARNING - 2024-12-24 10:27:29 --> [DEPRECATED] Creation of dynamic property App\Controllers\HomeController::$citiesModel is deprecated in APPPATH\Controllers\HomeController.php on line 19.
 1 SYSTEMPATH\CodeIgniter.php(913): App\Controllers\HomeController->__construct()
 2 SYSTEMPATH\CodeIgniter.php(493): CodeIgniter\CodeIgniter->createController()
 3 SYSTEMPATH\CodeIgniter.php(361): CodeIgniter\CodeIgniter->handleRequest(null, Object(Config\Cache), false)
 4 FCPATH\index.php(79): CodeIgniter\CodeIgniter->run()
WARNING - 2024-12-24 10:27:29 --> [DEPRECATED] Creation of dynamic property App\Controllers\HomeController::$uttarakhandModel is deprecated in APPPATH\Controllers\HomeController.php on line 20.
 1 SYSTEMPATH\CodeIgniter.php(913): App\Controllers\HomeController->__construct()
 2 SYSTEMPATH\CodeIgniter.php(493): CodeIgniter\CodeIgniter->createController()
 3 SYSTEMPATH\CodeIgniter.php(361): CodeIgniter\CodeIgniter->handleRequest(null, Object(Config\Cache), false)
 4 FCPATH\index.php(79): CodeIgniter\CodeIgniter->run()
WARNING - 2024-12-24 10:27:29 --> [DEPRECATED] Creation of dynamic property App\Controllers\HomeController::$imageModel is deprecated in APPPATH\Controllers\HomeController.php on line 21.
 1 SYSTEMPATH\CodeIgniter.php(913): App\Controllers\HomeController->__construct()
 2 SYSTEMPATH\CodeIgniter.php(493): CodeIgniter\CodeIgniter->createController()
 3 SYSTEMPATH\CodeIgniter.php(361): CodeIgniter\CodeIgniter->handleRequest(null, Object(Config\Cache), false)
 4 FCPATH\index.php(79): CodeIgniter\CodeIgniter->run()
WARNING - 2024-12-24 10:27:29 --> [DEPRECATED] Creation of dynamic property App\Controllers\HomeController::$areaModel is deprecated in APPPATH\Controllers\HomeController.php on line 22.
 1 SYSTEMPATH\CodeIgniter.php(913): App\Controllers\HomeController->__construct()
 2 SYSTEMPATH\CodeIgniter.php(493): CodeIgniter\CodeIgniter->createController()
 3 SYSTEMPATH\CodeIgniter.php(361): CodeIgniter\CodeIgniter->handleRequest(null, Object(Config\Cache), false)
 4 FCPATH\index.php(79): CodeIgniter\CodeIgniter->run()
WARNING - 2024-12-24 10:27:29 --> [DEPRECATED] Creation of dynamic property App\Controllers\HomeController::$foodModel is deprecated in APPPATH\Controllers\HomeController.php on line 23.
 1 SYSTEMPATH\CodeIgniter.php(913): App\Controllers\HomeController->__construct()
 2 SYSTEMPATH\CodeIgniter.php(493): CodeIgniter\CodeIgniter->createController()
 3 SYSTEMPATH\CodeIgniter.php(361): CodeIgniter\CodeIgniter->handleRequest(null, Object(Config\Cache), false)
 4 FCPATH\index.php(79): CodeIgniter\CodeIgniter->run()
WARNING - 2024-12-24 10:27:29 --> [DEPRECATED] Creation of dynamic property App\Controllers\HomeController::$citiesModel is deprecated in APPPATH\Controllers\HomeController.php on line 19.
 1 SYSTEMPATH\CodeIgniter.php(913): App\Controllers\HomeController->__construct()
 2 SYSTEMPATH\CodeIgniter.php(493): CodeIgniter\CodeIgniter->createController()
 3 SYSTEMPATH\CodeIgniter.php(361): CodeIgniter\CodeIgniter->handleRequest(null, Object(Config\Cache), false)
 4 FCPATH\index.php(79): CodeIgniter\CodeIgniter->run()
WARNING - 2024-12-24 10:27:29 --> [DEPRECATED] Creation of dynamic property App\Controllers\HomeController::$blogModel is deprecated in APPPATH\Controllers\HomeController.php on line 24.
 1 SYSTEMPATH\CodeIgniter.php(913): App\Controllers\HomeController->__construct()
 2 SYSTEMPATH\CodeIgniter.php(493): CodeIgniter\CodeIgniter->createController()
 3 SYSTEMPATH\CodeIgniter.php(361): CodeIgniter\CodeIgniter->handleRequest(null, Object(Config\Cache), false)
 4 FCPATH\index.php(79): CodeIgniter\CodeIgniter->run()
WARNING - 2024-12-24 10:27:29 --> [DEPRECATED] Creation of dynamic property App\Controllers\HomeController::$uttarakhandModel is deprecated in APPPATH\Controllers\HomeController.php on line 20.
 1 SYSTEMPATH\CodeIgniter.php(913): App\Controllers\HomeController->__construct()
 2 SYSTEMPATH\CodeIgniter.php(493): CodeIgniter\CodeIgniter->createController()
 3 SYSTEMPATH\CodeIgniter.php(361): CodeIgniter\CodeIgniter->handleRequest(null, Object(Config\Cache), false)
 4 FCPATH\index.php(79): CodeIgniter\CodeIgniter->run()
WARNING - 2024-12-24 10:27:29 --> [DEPRECATED] Creation of dynamic property App\Controllers\HomeController::$imageModel is deprecated in APPPATH\Controllers\HomeController.php on line 21.
 1 SYSTEMPATH\CodeIgniter.php(913): App\Controllers\HomeController->__construct()
 2 SYSTEMPATH\CodeIgniter.php(493): CodeIgniter\CodeIgniter->createController()
 3 SYSTEMPATH\CodeIgniter.php(361): CodeIgniter\CodeIgniter->handleRequest(null, Object(Config\Cache), false)
 4 FCPATH\index.php(79): CodeIgniter\CodeIgniter->run()
WARNING - 2024-12-24 10:27:29 --> [DEPRECATED] Creation of dynamic property App\Controllers\HomeController::$areaModel is deprecated in APPPATH\Controllers\HomeController.php on line 22.
 1 SYSTEMPATH\CodeIgniter.php(913): App\Controllers\HomeController->__construct()
 2 SYSTEMPATH\CodeIgniter.php(493): CodeIgniter\CodeIgniter->createController()
 3 SYSTEMPATH\CodeIgniter.php(361): CodeIgniter\CodeIgniter->handleRequest(null, Object(Config\Cache), false)
 4 FCPATH\index.php(79): CodeIgniter\CodeIgniter->run()
WARNING - 2024-12-24 10:27:29 --> [DEPRECATED] Creation of dynamic property App\Controllers\HomeController::$foodModel is deprecated in APPPATH\Controllers\HomeController.php on line 23.
 1 SYSTEMPATH\CodeIgniter.php(913): App\Controllers\HomeController->__construct()
 2 SYSTEMPATH\CodeIgniter.php(493): CodeIgniter\CodeIgniter->createController()
 3 SYSTEMPATH\CodeIgniter.php(361): CodeIgniter\CodeIgniter->handleRequest(null, Object(Config\Cache), false)
 4 FCPATH\index.php(79): CodeIgniter\CodeIgniter->run()
WARNING - 2024-12-24 10:27:29 --> [DEPRECATED] Creation of dynamic property App\Controllers\HomeController::$blogModel is deprecated in APPPATH\Controllers\HomeController.php on line 24.
 1 SYSTEMPATH\CodeIgniter.php(913): App\Controllers\HomeController->__construct()
 2 SYSTEMPATH\CodeIgniter.php(493): CodeIgniter\CodeIgniter->createController()
 3 SYSTEMPATH\CodeIgniter.php(361): CodeIgniter\CodeIgniter->handleRequest(null, Object(Config\Cache), false)
 4 FCPATH\index.php(79): CodeIgniter\CodeIgniter->run()
WARNING - 2024-12-24 10:27:30 --> [DEPRECATED] Creation of dynamic property App\Controllers\HomeController::$citiesModel is deprecated in APPPATH\Controllers\HomeController.php on line 19.
 1 SYSTEMPATH\CodeIgniter.php(913): App\Controllers\HomeController->__construct()
 2 SYSTEMPATH\CodeIgniter.php(493): CodeIgniter\CodeIgniter->createController()
 3 SYSTEMPATH\CodeIgniter.php(361): CodeIgniter\CodeIgniter->handleRequest(null, Object(Config\Cache), false)
 4 FCPATH\index.php(79): CodeIgniter\CodeIgniter->run()
WARNING - 2024-12-24 10:27:30 --> [DEPRECATED] Creation of dynamic property App\Controllers\HomeController::$uttarakhandModel is deprecated in APPPATH\Controllers\HomeController.php on line 20.
 1 SYSTEMPATH\CodeIgniter.php(913): App\Controllers\HomeController->__construct()
 2 SYSTEMPATH\CodeIgniter.php(493): CodeIgniter\CodeIgniter->createController()
 3 SYSTEMPATH\CodeIgniter.php(361): CodeIgniter\CodeIgniter->handleRequest(null, Object(Config\Cache), false)
 4 FCPATH\index.php(79): CodeIgniter\CodeIgniter->run()
WARNING - 2024-12-24 10:27:30 --> [DEPRECATED] Creation of dynamic property App\Controllers\HomeController::$imageModel is deprecated in APPPATH\Controllers\HomeController.php on line 21.
 1 SYSTEMPATH\CodeIgniter.php(913): App\Controllers\HomeController->__construct()
 2 SYSTEMPATH\CodeIgniter.php(493): CodeIgniter\CodeIgniter->createController()
 3 SYSTEMPATH\CodeIgniter.php(361): CodeIgniter\CodeIgniter->handleRequest(null, Object(Config\Cache), false)
 4 FCPATH\index.php(79): CodeIgniter\CodeIgniter->run()
WARNING - 2024-12-24 10:27:30 --> [DEPRECATED] Creation of dynamic property App\Controllers\HomeController::$areaModel is deprecated in APPPATH\Controllers\HomeController.php on line 22.
 1 SYSTEMPATH\CodeIgniter.php(913): App\Controllers\HomeController->__construct()
 2 SYSTEMPATH\CodeIgniter.php(493): CodeIgniter\CodeIgniter->createController()
 3 SYSTEMPATH\CodeIgniter.php(361): CodeIgniter\CodeIgniter->handleRequest(null, Object(Config\Cache), false)
 4 FCPATH\index.php(79): CodeIgniter\CodeIgniter->run()
WARNING - 2024-12-24 10:27:30 --> [DEPRECATED] Creation of dynamic property App\Controllers\HomeController::$foodModel is deprecated in APPPATH\Controllers\HomeController.php on line 23.
 1 SYSTEMPATH\CodeIgniter.php(913): App\Controllers\HomeController->__construct()
 2 SYSTEMPATH\CodeIgniter.php(493): CodeIgniter\CodeIgniter->createController()
 3 SYSTEMPATH\CodeIgniter.php(361): CodeIgniter\CodeIgniter->handleRequest(null, Object(Config\Cache), false)
 4 FCPATH\index.php(79): CodeIgniter\CodeIgniter->run()
WARNING - 2024-12-24 10:27:30 --> [DEPRECATED] Creation of dynamic property App\Controllers\HomeController::$blogModel is deprecated in APPPATH\Controllers\HomeController.php on line 24.
 1 SYSTEMPATH\CodeIgniter.php(913): App\Controllers\HomeController->__construct()
 2 SYSTEMPATH\CodeIgniter.php(493): CodeIgniter\CodeIgniter->createController()
 3 SYSTEMPATH\CodeIgniter.php(361): CodeIgniter\CodeIgniter->handleRequest(null, Object(Config\Cache), false)
 4 FCPATH\index.php(79): CodeIgniter\CodeIgniter->run()
WARNING - 2024-12-24 10:27:30 --> [DEPRECATED] Creation of dynamic property App\Controllers\HomeController::$citiesModel is deprecated in APPPATH\Controllers\HomeController.php on line 19.
 1 SYSTEMPATH\CodeIgniter.php(913): App\Controllers\HomeController->__construct()
 2 SYSTEMPATH\CodeIgniter.php(493): CodeIgniter\CodeIgniter->createController()
 3 SYSTEMPATH\CodeIgniter.php(361): CodeIgniter\CodeIgniter->handleRequest(null, Object(Config\Cache), false)
 4 FCPATH\index.php(79): CodeIgniter\CodeIgniter->run()
WARNING - 2024-12-24 10:27:30 --> [DEPRECATED] Creation of dynamic property App\Controllers\HomeController::$uttarakhandModel is deprecated in APPPATH\Controllers\HomeController.php on line 20.
 1 SYSTEMPATH\CodeIgniter.php(913): App\Controllers\HomeController->__construct()
 2 SYSTEMPATH\CodeIgniter.php(493): CodeIgniter\CodeIgniter->createController()
 3 SYSTEMPATH\CodeIgniter.php(361): CodeIgniter\CodeIgniter->handleRequest(null, Object(Config\Cache), false)
 4 FCPATH\index.php(79): CodeIgniter\CodeIgniter->run()
WARNING - 2024-12-24 10:27:30 --> [DEPRECATED] Creation of dynamic property App\Controllers\HomeController::$imageModel is deprecated in APPPATH\Controllers\HomeController.php on line 21.
 1 SYSTEMPATH\CodeIgniter.php(913): App\Controllers\HomeController->__construct()
 2 SYSTEMPATH\CodeIgniter.php(493): CodeIgniter\CodeIgniter->createController()
 3 SYSTEMPATH\CodeIgniter.php(361): CodeIgniter\CodeIgniter->handleRequest(null, Object(Config\Cache), false)
 4 FCPATH\index.php(79): CodeIgniter\CodeIgniter->run()
WARNING - 2024-12-24 10:27:30 --> [DEPRECATED] Creation of dynamic property App\Controllers\HomeController::$areaModel is deprecated in APPPATH\Controllers\HomeController.php on line 22.
 1 SYSTEMPATH\CodeIgniter.php(913): App\Controllers\HomeController->__construct()
 2 SYSTEMPATH\CodeIgniter.php(493): CodeIgniter\CodeIgniter->createController()
 3 SYSTEMPATH\CodeIgniter.php(361): CodeIgniter\CodeIgniter->handleRequest(null, Object(Config\Cache), false)
 4 FCPATH\index.php(79): CodeIgniter\CodeIgniter->run()
WARNING - 2024-12-24 10:27:30 --> [DEPRECATED] Creation of dynamic property App\Controllers\HomeController::$foodModel is deprecated in APPPATH\Controllers\HomeController.php on line 23.
 1 SYSTEMPATH\CodeIgniter.php(913): App\Controllers\HomeController->__construct()
 2 SYSTEMPATH\CodeIgniter.php(493): CodeIgniter\CodeIgniter->createController()
 3 SYSTEMPATH\CodeIgniter.php(361): CodeIgniter\CodeIgniter->handleRequest(null, Object(Config\Cache), false)
 4 FCPATH\index.php(79): CodeIgniter\CodeIgniter->run()
WARNING - 2024-12-24 10:27:30 --> [DEPRECATED] Creation of dynamic property App\Controllers\HomeController::$blogModel is deprecated in APPPATH\Controllers\HomeController.php on line 24.
 1 SYSTEMPATH\CodeIgniter.php(913): App\Controllers\HomeController->__construct()
 2 SYSTEMPATH\CodeIgniter.php(493): CodeIgniter\CodeIgniter->createController()
 3 SYSTEMPATH\CodeIgniter.php(361): CodeIgniter\CodeIgniter->handleRequest(null, Object(Config\Cache), false)
 4 FCPATH\index.php(79): CodeIgniter\CodeIgniter->run()
CRITICAL - 2024-12-24 10:27:30 --> ErrorException: Trying to access array offset on value of type null
in APPPATH\Controllers\HomeController.php on line 80.
 1 APPPATH\Controllers\HomeController.php(80): CodeIgniter\Debug\Exceptions->errorHandler(2, 'Trying to access array offset on value of type null', 'C:\\xampp\\htdocs\\uttrakhand\\app\\Controllers\\HomeController.php', 80)
 2 SYSTEMPATH\CodeIgniter.php(941): App\Controllers\HomeController->page('uploads', 'no_image.jpg')
 3 SYSTEMPATH\CodeIgniter.php(502): CodeIgniter\CodeIgniter->runController(Object(App\Controllers\HomeController))
 4 SYSTEMPATH\CodeIgniter.php(361): CodeIgniter\CodeIgniter->handleRequest(null, Object(Config\Cache), false)
 5 FCPATH\index.php(79): CodeIgniter\CodeIgniter->run()
WARNING - 2024-12-24 10:34:51 --> [DEPRECATED] Creation of dynamic property App\Controllers\PlacesController::$citiesModel is deprecated in APPPATH\Controllers\PlacesController.php on line 19.
 1 SYSTEMPATH\CodeIgniter.php(913): App\Controllers\PlacesController->__construct()
 2 SYSTEMPATH\CodeIgniter.php(493): CodeIgniter\CodeIgniter->createController()
 3 SYSTEMPATH\CodeIgniter.php(361): CodeIgniter\CodeIgniter->handleRequest(null, Object(Config\Cache), false)
 4 FCPATH\index.php(79): CodeIgniter\CodeIgniter->run()
WARNING - 2024-12-24 10:34:51 --> [DEPRECATED] Creation of dynamic property App\Controllers\PlacesController::$uttarakhandModel is deprecated in APPPATH\Controllers\PlacesController.php on line 20.
 1 SYSTEMPATH\CodeIgniter.php(913): App\Controllers\PlacesController->__construct()
 2 SYSTEMPATH\CodeIgniter.php(493): CodeIgniter\CodeIgniter->createController()
 3 SYSTEMPATH\CodeIgniter.php(361): CodeIgniter\CodeIgniter->handleRequest(null, Object(Config\Cache), false)
 4 FCPATH\index.php(79): CodeIgniter\CodeIgniter->run()
WARNING - 2024-12-24 10:34:51 --> [DEPRECATED] Creation of dynamic property App\Controllers\PlacesController::$imageModel is deprecated in APPPATH\Controllers\PlacesController.php on line 21.
 1 SYSTEMPATH\CodeIgniter.php(913): App\Controllers\PlacesController->__construct()
 2 SYSTEMPATH\CodeIgniter.php(493): CodeIgniter\CodeIgniter->createController()
 3 SYSTEMPATH\CodeIgniter.php(361): CodeIgniter\CodeIgniter->handleRequest(null, Object(Config\Cache), false)
 4 FCPATH\index.php(79): CodeIgniter\CodeIgniter->run()
WARNING - 2024-12-24 10:34:51 --> [DEPRECATED] Creation of dynamic property App\Controllers\PlacesController::$areaModel is deprecated in APPPATH\Controllers\PlacesController.php on line 22.
 1 SYSTEMPATH\CodeIgniter.php(913): App\Controllers\PlacesController->__construct()
 2 SYSTEMPATH\CodeIgniter.php(493): CodeIgniter\CodeIgniter->createController()
 3 SYSTEMPATH\CodeIgniter.php(361): CodeIgniter\CodeIgniter->handleRequest(null, Object(Config\Cache), false)
 4 FCPATH\index.php(79): CodeIgniter\CodeIgniter->run()
WARNING - 2024-12-24 10:34:51 --> [DEPRECATED] Creation of dynamic property App\Controllers\PlacesController::$foodModel is deprecated in APPPATH\Controllers\PlacesController.php on line 23.
 1 SYSTEMPATH\CodeIgniter.php(913): App\Controllers\PlacesController->__construct()
 2 SYSTEMPATH\CodeIgniter.php(493): CodeIgniter\CodeIgniter->createController()
 3 SYSTEMPATH\CodeIgniter.php(361): CodeIgniter\CodeIgniter->handleRequest(null, Object(Config\Cache), false)
 4 FCPATH\index.php(79): CodeIgniter\CodeIgniter->run()
WARNING - 2024-12-24 10:34:51 --> [DEPRECATED] Creation of dynamic property App\Controllers\PlacesController::$blogModel is deprecated in APPPATH\Controllers\PlacesController.php on line 24.
 1 SYSTEMPATH\CodeIgniter.php(913): App\Controllers\PlacesController->__construct()
 2 SYSTEMPATH\CodeIgniter.php(493): CodeIgniter\CodeIgniter->createController()
 3 SYSTEMPATH\CodeIgniter.php(361): CodeIgniter\CodeIgniter->handleRequest(null, Object(Config\Cache), false)
 4 FCPATH\index.php(79): CodeIgniter\CodeIgniter->run()
WARNING - 2024-12-24 10:34:52 --> [DEPRECATED] Creation of dynamic property App\Controllers\HomeController::$citiesModel is deprecated in APPPATH\Controllers\HomeController.php on line 19.
 1 SYSTEMPATH\CodeIgniter.php(913): App\Controllers\HomeController->__construct()
 2 SYSTEMPATH\CodeIgniter.php(493): CodeIgniter\CodeIgniter->createController()
 3 SYSTEMPATH\CodeIgniter.php(361): CodeIgniter\CodeIgniter->handleRequest(null, Object(Config\Cache), false)
 4 FCPATH\index.php(79): CodeIgniter\CodeIgniter->run()
WARNING - 2024-12-24 10:34:52 --> [DEPRECATED] Creation of dynamic property App\Controllers\HomeController::$uttarakhandModel is deprecated in APPPATH\Controllers\HomeController.php on line 20.
 1 SYSTEMPATH\CodeIgniter.php(913): App\Controllers\HomeController->__construct()
 2 SYSTEMPATH\CodeIgniter.php(493): CodeIgniter\CodeIgniter->createController()
 3 SYSTEMPATH\CodeIgniter.php(361): CodeIgniter\CodeIgniter->handleRequest(null, Object(Config\Cache), false)
 4 FCPATH\index.php(79): CodeIgniter\CodeIgniter->run()
WARNING - 2024-12-24 10:34:52 --> [DEPRECATED] Creation of dynamic property App\Controllers\HomeController::$imageModel is deprecated in APPPATH\Controllers\HomeController.php on line 21.
 1 SYSTEMPATH\CodeIgniter.php(913): App\Controllers\HomeController->__construct()
 2 SYSTEMPATH\CodeIgniter.php(493): CodeIgniter\CodeIgniter->createController()
 3 SYSTEMPATH\CodeIgniter.php(361): CodeIgniter\CodeIgniter->handleRequest(null, Object(Config\Cache), false)
 4 FCPATH\index.php(79): CodeIgniter\CodeIgniter->run()
WARNING - 2024-12-24 10:34:52 --> [DEPRECATED] Creation of dynamic property App\Controllers\HomeController::$areaModel is deprecated in APPPATH\Controllers\HomeController.php on line 22.
 1 SYSTEMPATH\CodeIgniter.php(913): App\Controllers\HomeController->__construct()
 2 SYSTEMPATH\CodeIgniter.php(493): CodeIgniter\CodeIgniter->createController()
 3 SYSTEMPATH\CodeIgniter.php(361): CodeIgniter\CodeIgniter->handleRequest(null, Object(Config\Cache), false)
 4 FCPATH\index.php(79): CodeIgniter\CodeIgniter->run()
WARNING - 2024-12-24 10:34:52 --> [DEPRECATED] Creation of dynamic property App\Controllers\HomeController::$foodModel is deprecated in APPPATH\Controllers\HomeController.php on line 23.
 1 SYSTEMPATH\CodeIgniter.php(913): App\Controllers\HomeController->__construct()
 2 SYSTEMPATH\CodeIgniter.php(493): CodeIgniter\CodeIgniter->createController()
 3 SYSTEMPATH\CodeIgniter.php(361): CodeIgniter\CodeIgniter->handleRequest(null, Object(Config\Cache), false)
 4 FCPATH\index.php(79): CodeIgniter\CodeIgniter->run()
WARNING - 2024-12-24 10:34:52 --> [DEPRECATED] Creation of dynamic property App\Controllers\HomeController::$blogModel is deprecated in APPPATH\Controllers\HomeController.php on line 24.
 1 SYSTEMPATH\CodeIgniter.php(913): App\Controllers\HomeController->__construct()
 2 SYSTEMPATH\CodeIgniter.php(493): CodeIgniter\CodeIgniter->createController()
 3 SYSTEMPATH\CodeIgniter.php(361): CodeIgniter\CodeIgniter->handleRequest(null, Object(Config\Cache), false)
 4 FCPATH\index.php(79): CodeIgniter\CodeIgniter->run()
CRITICAL - 2024-12-24 10:34:52 --> ErrorException: Trying to access array offset on value of type null
in APPPATH\Controllers\HomeController.php on line 80.
 1 APPPATH\Controllers\HomeController.php(80): CodeIgniter\Debug\Exceptions->errorHandler(2, 'Trying to access array offset on value of type null', 'C:\\xampp\\htdocs\\uttrakhand\\app\\Controllers\\HomeController.php', 80)
 2 SYSTEMPATH\CodeIgniter.php(941): App\Controllers\HomeController->page('uploads', 'no_image.jpg')
 3 SYSTEMPATH\CodeIgniter.php(502): CodeIgniter\CodeIgniter->runController(Object(App\Controllers\HomeController))
 4 SYSTEMPATH\CodeIgniter.php(361): CodeIgniter\CodeIgniter->handleRequest(null, Object(Config\Cache), false)
 5 FCPATH\index.php(79): CodeIgniter\CodeIgniter->run()
WARNING - 2024-12-24 10:37:53 --> [DEPRECATED] Creation of dynamic property App\Controllers\HomeController::$citiesModel is deprecated in APPPATH\Controllers\HomeController.php on line 19.
 1 SYSTEMPATH\CodeIgniter.php(913): App\Controllers\HomeController->__construct()
 2 SYSTEMPATH\CodeIgniter.php(493): CodeIgniter\CodeIgniter->createController()
 3 SYSTEMPATH\CodeIgniter.php(361): CodeIgniter\CodeIgniter->handleRequest(null, Object(Config\Cache), false)
 4 FCPATH\index.php(79): CodeIgniter\CodeIgniter->run()
WARNING - 2024-12-24 10:37:53 --> [DEPRECATED] Creation of dynamic property App\Controllers\HomeController::$uttarakhandModel is deprecated in APPPATH\Controllers\HomeController.php on line 20.
 1 SYSTEMPATH\CodeIgniter.php(913): App\Controllers\HomeController->__construct()
 2 SYSTEMPATH\CodeIgniter.php(493): CodeIgniter\CodeIgniter->createController()
 3 SYSTEMPATH\CodeIgniter.php(361): CodeIgniter\CodeIgniter->handleRequest(null, Object(Config\Cache), false)
 4 FCPATH\index.php(79): CodeIgniter\CodeIgniter->run()
WARNING - 2024-12-24 10:37:53 --> [DEPRECATED] Creation of dynamic property App\Controllers\HomeController::$imageModel is deprecated in APPPATH\Controllers\HomeController.php on line 21.
 1 SYSTEMPATH\CodeIgniter.php(913): App\Controllers\HomeController->__construct()
 2 SYSTEMPATH\CodeIgniter.php(493): CodeIgniter\CodeIgniter->createController()
 3 SYSTEMPATH\CodeIgniter.php(361): CodeIgniter\CodeIgniter->handleRequest(null, Object(Config\Cache), false)
 4 FCPATH\index.php(79): CodeIgniter\CodeIgniter->run()
WARNING - 2024-12-24 10:37:53 --> [DEPRECATED] Creation of dynamic property App\Controllers\HomeController::$areaModel is deprecated in APPPATH\Controllers\HomeController.php on line 22.
 1 SYSTEMPATH\CodeIgniter.php(913): App\Controllers\HomeController->__construct()
 2 SYSTEMPATH\CodeIgniter.php(493): CodeIgniter\CodeIgniter->createController()
 3 SYSTEMPATH\CodeIgniter.php(361): CodeIgniter\CodeIgniter->handleRequest(null, Object(Config\Cache), false)
 4 FCPATH\index.php(79): CodeIgniter\CodeIgniter->run()
WARNING - 2024-12-24 10:37:53 --> [DEPRECATED] Creation of dynamic property App\Controllers\HomeController::$foodModel is deprecated in APPPATH\Controllers\HomeController.php on line 23.
 1 SYSTEMPATH\CodeIgniter.php(913): App\Controllers\HomeController->__construct()
 2 SYSTEMPATH\CodeIgniter.php(493): CodeIgniter\CodeIgniter->createController()
 3 SYSTEMPATH\CodeIgniter.php(361): CodeIgniter\CodeIgniter->handleRequest(null, Object(Config\Cache), false)
 4 FCPATH\index.php(79): CodeIgniter\CodeIgniter->run()
WARNING - 2024-12-24 10:37:53 --> [DEPRECATED] Creation of dynamic property App\Controllers\HomeController::$blogModel is deprecated in APPPATH\Controllers\HomeController.php on line 24.
 1 SYSTEMPATH\CodeIgniter.php(913): App\Controllers\HomeController->__construct()
 2 SYSTEMPATH\CodeIgniter.php(493): CodeIgniter\CodeIgniter->createController()
 3 SYSTEMPATH\CodeIgniter.php(361): CodeIgniter\CodeIgniter->handleRequest(null, Object(Config\Cache), false)
 4 FCPATH\index.php(79): CodeIgniter\CodeIgniter->run()
WARNING - 2024-12-24 10:37:54 --> [DEPRECATED] Creation of dynamic property App\Controllers\HomeController::$citiesModel is deprecated in APPPATH\Controllers\HomeController.php on line 19.
 1 SYSTEMPATH\CodeIgniter.php(913): App\Controllers\HomeController->__construct()
 2 SYSTEMPATH\CodeIgniter.php(493): CodeIgniter\CodeIgniter->createController()
 3 SYSTEMPATH\CodeIgniter.php(361): CodeIgniter\CodeIgniter->handleRequest(null, Object(Config\Cache), false)
 4 FCPATH\index.php(79): CodeIgniter\CodeIgniter->run()
WARNING - 2024-12-24 10:37:54 --> [DEPRECATED] Creation of dynamic property App\Controllers\HomeController::$uttarakhandModel is deprecated in APPPATH\Controllers\HomeController.php on line 20.
 1 SYSTEMPATH\CodeIgniter.php(913): App\Controllers\HomeController->__construct()
 2 SYSTEMPATH\CodeIgniter.php(493): CodeIgniter\CodeIgniter->createController()
 3 SYSTEMPATH\CodeIgniter.php(361): CodeIgniter\CodeIgniter->handleRequest(null, Object(Config\Cache), false)
 4 FCPATH\index.php(79): CodeIgniter\CodeIgniter->run()
WARNING - 2024-12-24 10:37:54 --> [DEPRECATED] Creation of dynamic property App\Controllers\HomeController::$imageModel is deprecated in APPPATH\Controllers\HomeController.php on line 21.
 1 SYSTEMPATH\CodeIgniter.php(913): App\Controllers\HomeController->__construct()
 2 SYSTEMPATH\CodeIgniter.php(493): CodeIgniter\CodeIgniter->createController()
 3 SYSTEMPATH\CodeIgniter.php(361): CodeIgniter\CodeIgniter->handleRequest(null, Object(Config\Cache), false)
 4 FCPATH\index.php(79): CodeIgniter\CodeIgniter->run()
WARNING - 2024-12-24 10:37:54 --> [DEPRECATED] Creation of dynamic property App\Controllers\HomeController::$areaModel is deprecated in APPPATH\Controllers\HomeController.php on line 22.
 1 SYSTEMPATH\CodeIgniter.php(913): App\Controllers\HomeController->__construct()
 2 SYSTEMPATH\CodeIgniter.php(493): CodeIgniter\CodeIgniter->createController()
 3 SYSTEMPATH\CodeIgniter.php(361): CodeIgniter\CodeIgniter->handleRequest(null, Object(Config\Cache), false)
 4 FCPATH\index.php(79): CodeIgniter\CodeIgniter->run()
WARNING - 2024-12-24 10:37:54 --> [DEPRECATED] Creation of dynamic property App\Controllers\HomeController::$foodModel is deprecated in APPPATH\Controllers\HomeController.php on line 23.
 1 SYSTEMPATH\CodeIgniter.php(913): App\Controllers\HomeController->__construct()
 2 SYSTEMPATH\CodeIgniter.php(493): CodeIgniter\CodeIgniter->createController()
 3 SYSTEMPATH\CodeIgniter.php(361): CodeIgniter\CodeIgniter->handleRequest(null, Object(Config\Cache), false)
 4 FCPATH\index.php(79): CodeIgniter\CodeIgniter->run()
WARNING - 2024-12-24 10:37:54 --> [DEPRECATED] Creation of dynamic property App\Controllers\HomeController::$blogModel is deprecated in APPPATH\Controllers\HomeController.php on line 24.
 1 SYSTEMPATH\CodeIgniter.php(913): App\Controllers\HomeController->__construct()
 2 SYSTEMPATH\CodeIgniter.php(493): CodeIgniter\CodeIgniter->createController()
 3 SYSTEMPATH\CodeIgniter.php(361): CodeIgniter\CodeIgniter->handleRequest(null, Object(Config\Cache), false)
 4 FCPATH\index.php(79): CodeIgniter\CodeIgniter->run()
CRITICAL - 2024-12-24 10:37:54 --> ErrorException: Trying to access array offset on value of type null
in APPPATH\Controllers\HomeController.php on line 80.
 1 APPPATH\Controllers\HomeController.php(80): CodeIgniter\Debug\Exceptions->errorHandler(2, 'Trying to access array offset on value of type null', 'C:\\xampp\\htdocs\\uttrakhand\\app\\Controllers\\HomeController.php', 80)
 2 SYSTEMPATH\CodeIgniter.php(941): App\Controllers\HomeController->page('uploads', 'no_image.jpg')
 3 SYSTEMPATH\CodeIgniter.php(502): CodeIgniter\CodeIgniter->runController(Object(App\Controllers\HomeController))
 4 SYSTEMPATH\CodeIgniter.php(361): CodeIgniter\CodeIgniter->handleRequest(null, Object(Config\Cache), false)
 5 FCPATH\index.php(79): CodeIgniter\CodeIgniter->run()
WARNING - 2024-12-24 10:38:18 --> [DEPRECATED] Creation of dynamic property App\Controllers\HomeController::$citiesModel is deprecated in APPPATH\Controllers\HomeController.php on line 19.
 1 SYSTEMPATH\CodeIgniter.php(913): App\Controllers\HomeController->__construct()
 2 SYSTEMPATH\CodeIgniter.php(493): CodeIgniter\CodeIgniter->createController()
 3 SYSTEMPATH\CodeIgniter.php(361): CodeIgniter\CodeIgniter->handleRequest(null, Object(Config\Cache), false)
 4 FCPATH\index.php(79): CodeIgniter\CodeIgniter->run()
WARNING - 2024-12-24 10:38:18 --> [DEPRECATED] Creation of dynamic property App\Controllers\HomeController::$uttarakhandModel is deprecated in APPPATH\Controllers\HomeController.php on line 20.
 1 SYSTEMPATH\CodeIgniter.php(913): App\Controllers\HomeController->__construct()
 2 SYSTEMPATH\CodeIgniter.php(493): CodeIgniter\CodeIgniter->createController()
 3 SYSTEMPATH\CodeIgniter.php(361): CodeIgniter\CodeIgniter->handleRequest(null, Object(Config\Cache), false)
 4 FCPATH\index.php(79): CodeIgniter\CodeIgniter->run()
WARNING - 2024-12-24 10:38:18 --> [DEPRECATED] Creation of dynamic property App\Controllers\HomeController::$imageModel is deprecated in APPPATH\Controllers\HomeController.php on line 21.
 1 SYSTEMPATH\CodeIgniter.php(913): App\Controllers\HomeController->__construct()
 2 SYSTEMPATH\CodeIgniter.php(493): CodeIgniter\CodeIgniter->createController()
 3 SYSTEMPATH\CodeIgniter.php(361): CodeIgniter\CodeIgniter->handleRequest(null, Object(Config\Cache), false)
 4 FCPATH\index.php(79): CodeIgniter\CodeIgniter->run()
WARNING - 2024-12-24 10:38:18 --> [DEPRECATED] Creation of dynamic property App\Controllers\HomeController::$areaModel is deprecated in APPPATH\Controllers\HomeController.php on line 22.
 1 SYSTEMPATH\CodeIgniter.php(913): App\Controllers\HomeController->__construct()
 2 SYSTEMPATH\CodeIgniter.php(493): CodeIgniter\CodeIgniter->createController()
 3 SYSTEMPATH\CodeIgniter.php(361): CodeIgniter\CodeIgniter->handleRequest(null, Object(Config\Cache), false)
 4 FCPATH\index.php(79): CodeIgniter\CodeIgniter->run()
WARNING - 2024-12-24 10:38:18 --> [DEPRECATED] Creation of dynamic property App\Controllers\HomeController::$foodModel is deprecated in APPPATH\Controllers\HomeController.php on line 23.
 1 SYSTEMPATH\CodeIgniter.php(913): App\Controllers\HomeController->__construct()
 2 SYSTEMPATH\CodeIgniter.php(493): CodeIgniter\CodeIgniter->createController()
 3 SYSTEMPATH\CodeIgniter.php(361): CodeIgniter\CodeIgniter->handleRequest(null, Object(Config\Cache), false)
 4 FCPATH\index.php(79): CodeIgniter\CodeIgniter->run()
WARNING - 2024-12-24 10:38:18 --> [DEPRECATED] Creation of dynamic property App\Controllers\HomeController::$blogModel is deprecated in APPPATH\Controllers\HomeController.php on line 24.
 1 SYSTEMPATH\CodeIgniter.php(913): App\Controllers\HomeController->__construct()
 2 SYSTEMPATH\CodeIgniter.php(493): CodeIgniter\CodeIgniter->createController()
 3 SYSTEMPATH\CodeIgniter.php(361): CodeIgniter\CodeIgniter->handleRequest(null, Object(Config\Cache), false)
 4 FCPATH\index.php(79): CodeIgniter\CodeIgniter->run()
WARNING - 2024-12-24 10:38:19 --> [DEPRECATED] Creation of dynamic property App\Controllers\HomeController::$citiesModel is deprecated in APPPATH\Controllers\HomeController.php on line 19.
 1 SYSTEMPATH\CodeIgniter.php(913): App\Controllers\HomeController->__construct()
 2 SYSTEMPATH\CodeIgniter.php(493): CodeIgniter\CodeIgniter->createController()
 3 SYSTEMPATH\CodeIgniter.php(361): CodeIgniter\CodeIgniter->handleRequest(null, Object(Config\Cache), false)
 4 FCPATH\index.php(79): CodeIgniter\CodeIgniter->run()
WARNING - 2024-12-24 10:38:19 --> [DEPRECATED] Creation of dynamic property App\Controllers\HomeController::$uttarakhandModel is deprecated in APPPATH\Controllers\HomeController.php on line 20.
 1 SYSTEMPATH\CodeIgniter.php(913): App\Controllers\HomeController->__construct()
 2 SYSTEMPATH\CodeIgniter.php(493): CodeIgniter\CodeIgniter->createController()
 3 SYSTEMPATH\CodeIgniter.php(361): CodeIgniter\CodeIgniter->handleRequest(null, Object(Config\Cache), false)
 4 FCPATH\index.php(79): CodeIgniter\CodeIgniter->run()
WARNING - 2024-12-24 10:38:19 --> [DEPRECATED] Creation of dynamic property App\Controllers\HomeController::$imageModel is deprecated in APPPATH\Controllers\HomeController.php on line 21.
 1 SYSTEMPATH\CodeIgniter.php(913): App\Controllers\HomeController->__construct()
 2 SYSTEMPATH\CodeIgniter.php(493): CodeIgniter\CodeIgniter->createController()
 3 SYSTEMPATH\CodeIgniter.php(361): CodeIgniter\CodeIgniter->handleRequest(null, Object(Config\Cache), false)
 4 FCPATH\index.php(79): CodeIgniter\CodeIgniter->run()
WARNING - 2024-12-24 10:38:19 --> [DEPRECATED] Creation of dynamic property App\Controllers\HomeController::$areaModel is deprecated in APPPATH\Controllers\HomeController.php on line 22.
 1 SYSTEMPATH\CodeIgniter.php(913): App\Controllers\HomeController->__construct()
 2 SYSTEMPATH\CodeIgniter.php(493): CodeIgniter\CodeIgniter->createController()
 3 SYSTEMPATH\CodeIgniter.php(361): CodeIgniter\CodeIgniter->handleRequest(null, Object(Config\Cache), false)
 4 FCPATH\index.php(79): CodeIgniter\CodeIgniter->run()
WARNING - 2024-12-24 10:38:19 --> [DEPRECATED] Creation of dynamic property App\Controllers\HomeController::$foodModel is deprecated in APPPATH\Controllers\HomeController.php on line 23.
 1 SYSTEMPATH\CodeIgniter.php(913): App\Controllers\HomeController->__construct()
 2 SYSTEMPATH\CodeIgniter.php(493): CodeIgniter\CodeIgniter->createController()
 3 SYSTEMPATH\CodeIgniter.php(361): CodeIgniter\CodeIgniter->handleRequest(null, Object(Config\Cache), false)
 4 FCPATH\index.php(79): CodeIgniter\CodeIgniter->run()
WARNING - 2024-12-24 10:38:19 --> [DEPRECATED] Creation of dynamic property App\Controllers\HomeController::$blogModel is deprecated in APPPATH\Controllers\HomeController.php on line 24.
 1 SYSTEMPATH\CodeIgniter.php(913): App\Controllers\HomeController->__construct()
 2 SYSTEMPATH\CodeIgniter.php(493): CodeIgniter\CodeIgniter->createController()
 3 SYSTEMPATH\CodeIgniter.php(361): CodeIgniter\CodeIgniter->handleRequest(null, Object(Config\Cache), false)
 4 FCPATH\index.php(79): CodeIgniter\CodeIgniter->run()
CRITICAL - 2024-12-24 10:38:19 --> ErrorException: Trying to access array offset on value of type null
in APPPATH\Controllers\HomeController.php on line 80.
 1 APPPATH\Controllers\HomeController.php(80): CodeIgniter\Debug\Exceptions->errorHandler(2, 'Trying to access array offset on value of type null', 'C:\\xampp\\htdocs\\uttrakhand\\app\\Controllers\\HomeController.php', 80)
 2 SYSTEMPATH\CodeIgniter.php(941): App\Controllers\HomeController->page('uploads', 'no_image.jpg')
 3 SYSTEMPATH\CodeIgniter.php(502): CodeIgniter\CodeIgniter->runController(Object(App\Controllers\HomeController))
 4 SYSTEMPATH\CodeIgniter.php(361): CodeIgniter\CodeIgniter->handleRequest(null, Object(Config\Cache), false)
 5 FCPATH\index.php(79): CodeIgniter\CodeIgniter->run()
WARNING - 2024-12-24 10:38:48 --> [DEPRECATED] Creation of dynamic property App\Controllers\HomeController::$citiesModel is deprecated in APPPATH\Controllers\HomeController.php on line 19.
 1 SYSTEMPATH\CodeIgniter.php(913): App\Controllers\HomeController->__construct()
 2 SYSTEMPATH\CodeIgniter.php(493): CodeIgniter\CodeIgniter->createController()
 3 SYSTEMPATH\CodeIgniter.php(361): CodeIgniter\CodeIgniter->handleRequest(null, Object(Config\Cache), false)
 4 FCPATH\index.php(79): CodeIgniter\CodeIgniter->run()
WARNING - 2024-12-24 10:38:48 --> [DEPRECATED] Creation of dynamic property App\Controllers\HomeController::$uttarakhandModel is deprecated in APPPATH\Controllers\HomeController.php on line 20.
 1 SYSTEMPATH\CodeIgniter.php(913): App\Controllers\HomeController->__construct()
 2 SYSTEMPATH\CodeIgniter.php(493): CodeIgniter\CodeIgniter->createController()
 3 SYSTEMPATH\CodeIgniter.php(361): CodeIgniter\CodeIgniter->handleRequest(null, Object(Config\Cache), false)
 4 FCPATH\index.php(79): CodeIgniter\CodeIgniter->run()
WARNING - 2024-12-24 10:38:48 --> [DEPRECATED] Creation of dynamic property App\Controllers\HomeController::$imageModel is deprecated in APPPATH\Controllers\HomeController.php on line 21.
 1 SYSTEMPATH\CodeIgniter.php(913): App\Controllers\HomeController->__construct()
 2 SYSTEMPATH\CodeIgniter.php(493): CodeIgniter\CodeIgniter->createController()
 3 SYSTEMPATH\CodeIgniter.php(361): CodeIgniter\CodeIgniter->handleRequest(null, Object(Config\Cache), false)
 4 FCPATH\index.php(79): CodeIgniter\CodeIgniter->run()
WARNING - 2024-12-24 10:38:48 --> [DEPRECATED] Creation of dynamic property App\Controllers\HomeController::$areaModel is deprecated in APPPATH\Controllers\HomeController.php on line 22.
 1 SYSTEMPATH\CodeIgniter.php(913): App\Controllers\HomeController->__construct()
 2 SYSTEMPATH\CodeIgniter.php(493): CodeIgniter\CodeIgniter->createController()
 3 SYSTEMPATH\CodeIgniter.php(361): CodeIgniter\CodeIgniter->handleRequest(null, Object(Config\Cache), false)
 4 FCPATH\index.php(79): CodeIgniter\CodeIgniter->run()
WARNING - 2024-12-24 10:38:48 --> [DEPRECATED] Creation of dynamic property App\Controllers\HomeController::$foodModel is deprecated in APPPATH\Controllers\HomeController.php on line 23.
 1 SYSTEMPATH\CodeIgniter.php(913): App\Controllers\HomeController->__construct()
 2 SYSTEMPATH\CodeIgniter.php(493): CodeIgniter\CodeIgniter->createController()
 3 SYSTEMPATH\CodeIgniter.php(361): CodeIgniter\CodeIgniter->handleRequest(null, Object(Config\Cache), false)
 4 FCPATH\index.php(79): CodeIgniter\CodeIgniter->run()
WARNING - 2024-12-24 10:38:48 --> [DEPRECATED] Creation of dynamic property App\Controllers\HomeController::$blogModel is deprecated in APPPATH\Controllers\HomeController.php on line 24.
 1 SYSTEMPATH\CodeIgniter.php(913): App\Controllers\HomeController->__construct()
 2 SYSTEMPATH\CodeIgniter.php(493): CodeIgniter\CodeIgniter->createController()
 3 SYSTEMPATH\CodeIgniter.php(361): CodeIgniter\CodeIgniter->handleRequest(null, Object(Config\Cache), false)
 4 FCPATH\index.php(79): CodeIgniter\CodeIgniter->run()
WARNING - 2024-12-24 10:38:50 --> [DEPRECATED] Creation of dynamic property App\Controllers\HomeController::$citiesModel is deprecated in APPPATH\Controllers\HomeController.php on line 19.
 1 SYSTEMPATH\CodeIgniter.php(913): App\Controllers\HomeController->__construct()
 2 SYSTEMPATH\CodeIgniter.php(493): CodeIgniter\CodeIgniter->createController()
 3 SYSTEMPATH\CodeIgniter.php(361): CodeIgniter\CodeIgniter->handleRequest(null, Object(Config\Cache), false)
 4 FCPATH\index.php(79): CodeIgniter\CodeIgniter->run()
WARNING - 2024-12-24 10:38:50 --> [DEPRECATED] Creation of dynamic property App\Controllers\HomeController::$uttarakhandModel is deprecated in APPPATH\Controllers\HomeController.php on line 20.
 1 SYSTEMPATH\CodeIgniter.php(913): App\Controllers\HomeController->__construct()
 2 SYSTEMPATH\CodeIgniter.php(493): CodeIgniter\CodeIgniter->createController()
 3 SYSTEMPATH\CodeIgniter.php(361): CodeIgniter\CodeIgniter->handleRequest(null, Object(Config\Cache), false)
 4 FCPATH\index.php(79): CodeIgniter\CodeIgniter->run()
WARNING - 2024-12-24 10:38:50 --> [DEPRECATED] Creation of dynamic property App\Controllers\HomeController::$imageModel is deprecated in APPPATH\Controllers\HomeController.php on line 21.
 1 SYSTEMPATH\CodeIgniter.php(913): App\Controllers\HomeController->__construct()
 2 SYSTEMPATH\CodeIgniter.php(493): CodeIgniter\CodeIgniter->createController()
 3 SYSTEMPATH\CodeIgniter.php(361): CodeIgniter\CodeIgniter->handleRequest(null, Object(Config\Cache), false)
 4 FCPATH\index.php(79): CodeIgniter\CodeIgniter->run()
WARNING - 2024-12-24 10:38:50 --> [DEPRECATED] Creation of dynamic property App\Controllers\HomeController::$areaModel is deprecated in APPPATH\Controllers\HomeController.php on line 22.
 1 SYSTEMPATH\CodeIgniter.php(913): App\Controllers\HomeController->__construct()
 2 SYSTEMPATH\CodeIgniter.php(493): CodeIgniter\CodeIgniter->createController()
 3 SYSTEMPATH\CodeIgniter.php(361): CodeIgniter\CodeIgniter->handleRequest(null, Object(Config\Cache), false)
 4 FCPATH\index.php(79): CodeIgniter\CodeIgniter->run()
WARNING - 2024-12-24 10:38:50 --> [DEPRECATED] Creation of dynamic property App\Controllers\HomeController::$foodModel is deprecated in APPPATH\Controllers\HomeController.php on line 23.
 1 SYSTEMPATH\CodeIgniter.php(913): App\Controllers\HomeController->__construct()
 2 SYSTEMPATH\CodeIgniter.php(493): CodeIgniter\CodeIgniter->createController()
 3 SYSTEMPATH\CodeIgniter.php(361): CodeIgniter\CodeIgniter->handleRequest(null, Object(Config\Cache), false)
 4 FCPATH\index.php(79): CodeIgniter\CodeIgniter->run()
WARNING - 2024-12-24 10:38:50 --> [DEPRECATED] Creation of dynamic property App\Controllers\HomeController::$blogModel is deprecated in APPPATH\Controllers\HomeController.php on line 24.
 1 SYSTEMPATH\CodeIgniter.php(913): App\Controllers\HomeController->__construct()
 2 SYSTEMPATH\CodeIgniter.php(493): CodeIgniter\CodeIgniter->createController()
 3 SYSTEMPATH\CodeIgniter.php(361): CodeIgniter\CodeIgniter->handleRequest(null, Object(Config\Cache), false)
 4 FCPATH\index.php(79): CodeIgniter\CodeIgniter->run()
WARNING - 2024-12-24 10:40:50 --> [DEPRECATED] Creation of dynamic property App\Controllers\HomeController::$citiesModel is deprecated in APPPATH\Controllers\HomeController.php on line 19.
 1 SYSTEMPATH\CodeIgniter.php(913): App\Controllers\HomeController->__construct()
 2 SYSTEMPATH\CodeIgniter.php(493): CodeIgniter\CodeIgniter->createController()
 3 SYSTEMPATH\CodeIgniter.php(361): CodeIgniter\CodeIgniter->handleRequest(null, Object(Config\Cache), false)
 4 FCPATH\index.php(79): CodeIgniter\CodeIgniter->run()
WARNING - 2024-12-24 10:40:50 --> [DEPRECATED] Creation of dynamic property App\Controllers\HomeController::$uttarakhandModel is deprecated in APPPATH\Controllers\HomeController.php on line 20.
 1 SYSTEMPATH\CodeIgniter.php(913): App\Controllers\HomeController->__construct()
 2 SYSTEMPATH\CodeIgniter.php(493): CodeIgniter\CodeIgniter->createController()
 3 SYSTEMPATH\CodeIgniter.php(361): CodeIgniter\CodeIgniter->handleRequest(null, Object(Config\Cache), false)
 4 FCPATH\index.php(79): CodeIgniter\CodeIgniter->run()
WARNING - 2024-12-24 10:40:50 --> [DEPRECATED] Creation of dynamic property App\Controllers\HomeController::$imageModel is deprecated in APPPATH\Controllers\HomeController.php on line 21.
 1 SYSTEMPATH\CodeIgniter.php(913): App\Controllers\HomeController->__construct()
 2 SYSTEMPATH\CodeIgniter.php(493): CodeIgniter\CodeIgniter->createController()
 3 SYSTEMPATH\CodeIgniter.php(361): CodeIgniter\CodeIgniter->handleRequest(null, Object(Config\Cache), false)
 4 FCPATH\index.php(79): CodeIgniter\CodeIgniter->run()
WARNING - 2024-12-24 10:40:50 --> [DEPRECATED] Creation of dynamic property App\Controllers\HomeController::$areaModel is deprecated in APPPATH\Controllers\HomeController.php on line 22.
 1 SYSTEMPATH\CodeIgniter.php(913): App\Controllers\HomeController->__construct()
 2 SYSTEMPATH\CodeIgniter.php(493): CodeIgniter\CodeIgniter->createController()
 3 SYSTEMPATH\CodeIgniter.php(361): CodeIgniter\CodeIgniter->handleRequest(null, Object(Config\Cache), false)
 4 FCPATH\index.php(79): CodeIgniter\CodeIgniter->run()
WARNING - 2024-12-24 10:40:50 --> [DEPRECATED] Creation of dynamic property App\Controllers\HomeController::$foodModel is deprecated in APPPATH\Controllers\HomeController.php on line 23.
 1 SYSTEMPATH\CodeIgniter.php(913): App\Controllers\HomeController->__construct()
 2 SYSTEMPATH\CodeIgniter.php(493): CodeIgniter\CodeIgniter->createController()
 3 SYSTEMPATH\CodeIgniter.php(361): CodeIgniter\CodeIgniter->handleRequest(null, Object(Config\Cache), false)
 4 FCPATH\index.php(79): CodeIgniter\CodeIgniter->run()
WARNING - 2024-12-24 10:40:50 --> [DEPRECATED] Creation of dynamic property App\Controllers\HomeController::$blogModel is deprecated in APPPATH\Controllers\HomeController.php on line 24.
 1 SYSTEMPATH\CodeIgniter.php(913): App\Controllers\HomeController->__construct()
 2 SYSTEMPATH\CodeIgniter.php(493): CodeIgniter\CodeIgniter->createController()
 3 SYSTEMPATH\CodeIgniter.php(361): CodeIgniter\CodeIgniter->handleRequest(null, Object(Config\Cache), false)
 4 FCPATH\index.php(79): CodeIgniter\CodeIgniter->run()
WARNING - 2024-12-24 10:41:00 --> [DEPRECATED] Creation of dynamic property App\Controllers\HomeController::$citiesModel is deprecated in APPPATH\Controllers\HomeController.php on line 19.
 1 SYSTEMPATH\CodeIgniter.php(913): App\Controllers\HomeController->__construct()
 2 SYSTEMPATH\CodeIgniter.php(493): CodeIgniter\CodeIgniter->createController()
 3 SYSTEMPATH\CodeIgniter.php(361): CodeIgniter\CodeIgniter->handleRequest(null, Object(Config\Cache), false)
 4 FCPATH\index.php(79): CodeIgniter\CodeIgniter->run()
WARNING - 2024-12-24 10:41:00 --> [DEPRECATED] Creation of dynamic property App\Controllers\HomeController::$uttarakhandModel is deprecated in APPPATH\Controllers\HomeController.php on line 20.
 1 SYSTEMPATH\CodeIgniter.php(913): App\Controllers\HomeController->__construct()
 2 SYSTEMPATH\CodeIgniter.php(493): CodeIgniter\CodeIgniter->createController()
 3 SYSTEMPATH\CodeIgniter.php(361): CodeIgniter\CodeIgniter->handleRequest(null, Object(Config\Cache), false)
 4 FCPATH\index.php(79): CodeIgniter\CodeIgniter->run()
WARNING - 2024-12-24 10:41:00 --> [DEPRECATED] Creation of dynamic property App\Controllers\HomeController::$imageModel is deprecated in APPPATH\Controllers\HomeController.php on line 21.
 1 SYSTEMPATH\CodeIgniter.php(913): App\Controllers\HomeController->__construct()
 2 SYSTEMPATH\CodeIgniter.php(493): CodeIgniter\CodeIgniter->createController()
 3 SYSTEMPATH\CodeIgniter.php(361): CodeIgniter\CodeIgniter->handleRequest(null, Object(Config\Cache), false)
 4 FCPATH\index.php(79): CodeIgniter\CodeIgniter->run()
WARNING - 2024-12-24 10:41:00 --> [DEPRECATED] Creation of dynamic property App\Controllers\HomeController::$areaModel is deprecated in APPPATH\Controllers\HomeController.php on line 22.
 1 SYSTEMPATH\CodeIgniter.php(913): App\Controllers\HomeController->__construct()
 2 SYSTEMPATH\CodeIgniter.php(493): CodeIgniter\CodeIgniter->createController()
 3 SYSTEMPATH\CodeIgniter.php(361): CodeIgniter\CodeIgniter->handleRequest(null, Object(Config\Cache), false)
 4 FCPATH\index.php(79): CodeIgniter\CodeIgniter->run()
WARNING - 2024-12-24 10:41:00 --> [DEPRECATED] Creation of dynamic property App\Controllers\HomeController::$foodModel is deprecated in APPPATH\Controllers\HomeController.php on line 23.
 1 SYSTEMPATH\CodeIgniter.php(913): App\Controllers\HomeController->__construct()
 2 SYSTEMPATH\CodeIgniter.php(493): CodeIgniter\CodeIgniter->createController()
 3 SYSTEMPATH\CodeIgniter.php(361): CodeIgniter\CodeIgniter->handleRequest(null, Object(Config\Cache), false)
 4 FCPATH\index.php(79): CodeIgniter\CodeIgniter->run()
WARNING - 2024-12-24 10:41:00 --> [DEPRECATED] Creation of dynamic property App\Controllers\HomeController::$blogModel is deprecated in APPPATH\Controllers\HomeController.php on line 24.
 1 SYSTEMPATH\CodeIgniter.php(913): App\Controllers\HomeController->__construct()
 2 SYSTEMPATH\CodeIgniter.php(493): CodeIgniter\CodeIgniter->createController()
 3 SYSTEMPATH\CodeIgniter.php(361): CodeIgniter\CodeIgniter->handleRequest(null, Object(Config\Cache), false)
 4 FCPATH\index.php(79): CodeIgniter\CodeIgniter->run()
WARNING - 2024-12-24 10:41:39 --> [DEPRECATED] Creation of dynamic property App\Controllers\HomeController::$citiesModel is deprecated in APPPATH\Controllers\HomeController.php on line 19.
 1 SYSTEMPATH\CodeIgniter.php(913): App\Controllers\HomeController->__construct()
 2 SYSTEMPATH\CodeIgniter.php(493): CodeIgniter\CodeIgniter->createController()
 3 SYSTEMPATH\CodeIgniter.php(361): CodeIgniter\CodeIgniter->handleRequest(null, Object(Config\Cache), false)
 4 FCPATH\index.php(79): CodeIgniter\CodeIgniter->run()
WARNING - 2024-12-24 10:41:39 --> [DEPRECATED] Creation of dynamic property App\Controllers\HomeController::$uttarakhandModel is deprecated in APPPATH\Controllers\HomeController.php on line 20.
 1 SYSTEMPATH\CodeIgniter.php(913): App\Controllers\HomeController->__construct()
 2 SYSTEMPATH\CodeIgniter.php(493): CodeIgniter\CodeIgniter->createController()
 3 SYSTEMPATH\CodeIgniter.php(361): CodeIgniter\CodeIgniter->handleRequest(null, Object(Config\Cache), false)
 4 FCPATH\index.php(79): CodeIgniter\CodeIgniter->run()
WARNING - 2024-12-24 10:41:39 --> [DEPRECATED] Creation of dynamic property App\Controllers\HomeController::$imageModel is deprecated in APPPATH\Controllers\HomeController.php on line 21.
 1 SYSTEMPATH\CodeIgniter.php(913): App\Controllers\HomeController->__construct()
 2 SYSTEMPATH\CodeIgniter.php(493): CodeIgniter\CodeIgniter->createController()
 3 SYSTEMPATH\CodeIgniter.php(361): CodeIgniter\CodeIgniter->handleRequest(null, Object(Config\Cache), false)
 4 FCPATH\index.php(79): CodeIgniter\CodeIgniter->run()
WARNING - 2024-12-24 10:41:39 --> [DEPRECATED] Creation of dynamic property App\Controllers\HomeController::$areaModel is deprecated in APPPATH\Controllers\HomeController.php on line 22.
 1 SYSTEMPATH\CodeIgniter.php(913): App\Controllers\HomeController->__construct()
 2 SYSTEMPATH\CodeIgniter.php(493): CodeIgniter\CodeIgniter->createController()
 3 SYSTEMPATH\CodeIgniter.php(361): CodeIgniter\CodeIgniter->handleRequest(null, Object(Config\Cache), false)
 4 FCPATH\index.php(79): CodeIgniter\CodeIgniter->run()
WARNING - 2024-12-24 10:41:39 --> [DEPRECATED] Creation of dynamic property App\Controllers\HomeController::$foodModel is deprecated in APPPATH\Controllers\HomeController.php on line 23.
 1 SYSTEMPATH\CodeIgniter.php(913): App\Controllers\HomeController->__construct()
 2 SYSTEMPATH\CodeIgniter.php(493): CodeIgniter\CodeIgniter->createController()
 3 SYSTEMPATH\CodeIgniter.php(361): CodeIgniter\CodeIgniter->handleRequest(null, Object(Config\Cache), false)
 4 FCPATH\index.php(79): CodeIgniter\CodeIgniter->run()
WARNING - 2024-12-24 10:41:39 --> [DEPRECATED] Creation of dynamic property App\Controllers\HomeController::$blogModel is deprecated in APPPATH\Controllers\HomeController.php on line 24.
 1 SYSTEMPATH\CodeIgniter.php(913): App\Controllers\HomeController->__construct()
 2 SYSTEMPATH\CodeIgniter.php(493): CodeIgniter\CodeIgniter->createController()
 3 SYSTEMPATH\CodeIgniter.php(361): CodeIgniter\CodeIgniter->handleRequest(null, Object(Config\Cache), false)
 4 FCPATH\index.php(79): CodeIgniter\CodeIgniter->run()
WARNING - 2024-12-24 10:45:04 --> [DEPRECATED] Creation of dynamic property App\Controllers\HomeController::$citiesModel is deprecated in APPPATH\Controllers\HomeController.php on line 19.
 1 SYSTEMPATH\CodeIgniter.php(913): App\Controllers\HomeController->__construct()
 2 SYSTEMPATH\CodeIgniter.php(493): CodeIgniter\CodeIgniter->createController()
 3 SYSTEMPATH\CodeIgniter.php(361): CodeIgniter\CodeIgniter->handleRequest(null, Object(Config\Cache), false)
 4 FCPATH\index.php(79): CodeIgniter\CodeIgniter->run()
WARNING - 2024-12-24 10:45:04 --> [DEPRECATED] Creation of dynamic property App\Controllers\HomeController::$uttarakhandModel is deprecated in APPPATH\Controllers\HomeController.php on line 20.
 1 SYSTEMPATH\CodeIgniter.php(913): App\Controllers\HomeController->__construct()
 2 SYSTEMPATH\CodeIgniter.php(493): CodeIgniter\CodeIgniter->createController()
 3 SYSTEMPATH\CodeIgniter.php(361): CodeIgniter\CodeIgniter->handleRequest(null, Object(Config\Cache), false)
 4 FCPATH\index.php(79): CodeIgniter\CodeIgniter->run()
WARNING - 2024-12-24 10:45:04 --> [DEPRECATED] Creation of dynamic property App\Controllers\HomeController::$imageModel is deprecated in APPPATH\Controllers\HomeController.php on line 21.
 1 SYSTEMPATH\CodeIgniter.php(913): App\Controllers\HomeController->__construct()
 2 SYSTEMPATH\CodeIgniter.php(493): CodeIgniter\CodeIgniter->createController()
 3 SYSTEMPATH\CodeIgniter.php(361): CodeIgniter\CodeIgniter->handleRequest(null, Object(Config\Cache), false)
 4 FCPATH\index.php(79): CodeIgniter\CodeIgniter->run()
WARNING - 2024-12-24 10:45:04 --> [DEPRECATED] Creation of dynamic property App\Controllers\HomeController::$areaModel is deprecated in APPPATH\Controllers\HomeController.php on line 22.
 1 SYSTEMPATH\CodeIgniter.php(913): App\Controllers\HomeController->__construct()
 2 SYSTEMPATH\CodeIgniter.php(493): CodeIgniter\CodeIgniter->createController()
 3 SYSTEMPATH\CodeIgniter.php(361): CodeIgniter\CodeIgniter->handleRequest(null, Object(Config\Cache), false)
 4 FCPATH\index.php(79): CodeIgniter\CodeIgniter->run()
WARNING - 2024-12-24 10:45:04 --> [DEPRECATED] Creation of dynamic property App\Controllers\HomeController::$foodModel is deprecated in APPPATH\Controllers\HomeController.php on line 23.
 1 SYSTEMPATH\CodeIgniter.php(913): App\Controllers\HomeController->__construct()
 2 SYSTEMPATH\CodeIgniter.php(493): CodeIgniter\CodeIgniter->createController()
 3 SYSTEMPATH\CodeIgniter.php(361): CodeIgniter\CodeIgniter->handleRequest(null, Object(Config\Cache), false)
 4 FCPATH\index.php(79): CodeIgniter\CodeIgniter->run()
WARNING - 2024-12-24 10:45:04 --> [DEPRECATED] Creation of dynamic property App\Controllers\HomeController::$blogModel is deprecated in APPPATH\Controllers\HomeController.php on line 24.
 1 SYSTEMPATH\CodeIgniter.php(913): App\Controllers\HomeController->__construct()
 2 SYSTEMPATH\CodeIgniter.php(493): CodeIgniter\CodeIgniter->createController()
 3 SYSTEMPATH\CodeIgniter.php(361): CodeIgniter\CodeIgniter->handleRequest(null, Object(Config\Cache), false)
 4 FCPATH\index.php(79): CodeIgniter\CodeIgniter->run()
WARNING - 2024-12-24 10:45:17 --> [DEPRECATED] Creation of dynamic property App\Controllers\HomeController::$citiesModel is deprecated in APPPATH\Controllers\HomeController.php on line 19.
 1 SYSTEMPATH\CodeIgniter.php(913): App\Controllers\HomeController->__construct()
 2 SYSTEMPATH\CodeIgniter.php(493): CodeIgniter\CodeIgniter->createController()
 3 SYSTEMPATH\CodeIgniter.php(361): CodeIgniter\CodeIgniter->handleRequest(null, Object(Config\Cache), false)
 4 FCPATH\index.php(79): CodeIgniter\CodeIgniter->run()
WARNING - 2024-12-24 10:45:17 --> [DEPRECATED] Creation of dynamic property App\Controllers\HomeController::$uttarakhandModel is deprecated in APPPATH\Controllers\HomeController.php on line 20.
 1 SYSTEMPATH\CodeIgniter.php(913): App\Controllers\HomeController->__construct()
 2 SYSTEMPATH\CodeIgniter.php(493): CodeIgniter\CodeIgniter->createController()
 3 SYSTEMPATH\CodeIgniter.php(361): CodeIgniter\CodeIgniter->handleRequest(null, Object(Config\Cache), false)
 4 FCPATH\index.php(79): CodeIgniter\CodeIgniter->run()
WARNING - 2024-12-24 10:45:17 --> [DEPRECATED] Creation of dynamic property App\Controllers\HomeController::$imageModel is deprecated in APPPATH\Controllers\HomeController.php on line 21.
 1 SYSTEMPATH\CodeIgniter.php(913): App\Controllers\HomeController->__construct()
 2 SYSTEMPATH\CodeIgniter.php(493): CodeIgniter\CodeIgniter->createController()
 3 SYSTEMPATH\CodeIgniter.php(361): CodeIgniter\CodeIgniter->handleRequest(null, Object(Config\Cache), false)
 4 FCPATH\index.php(79): CodeIgniter\CodeIgniter->run()
WARNING - 2024-12-24 10:45:17 --> [DEPRECATED] Creation of dynamic property App\Controllers\HomeController::$areaModel is deprecated in APPPATH\Controllers\HomeController.php on line 22.
 1 SYSTEMPATH\CodeIgniter.php(913): App\Controllers\HomeController->__construct()
 2 SYSTEMPATH\CodeIgniter.php(493): CodeIgniter\CodeIgniter->createController()
 3 SYSTEMPATH\CodeIgniter.php(361): CodeIgniter\CodeIgniter->handleRequest(null, Object(Config\Cache), false)
 4 FCPATH\index.php(79): CodeIgniter\CodeIgniter->run()
WARNING - 2024-12-24 10:45:17 --> [DEPRECATED] Creation of dynamic property App\Controllers\HomeController::$foodModel is deprecated in APPPATH\Controllers\HomeController.php on line 23.
 1 SYSTEMPATH\CodeIgniter.php(913): App\Controllers\HomeController->__construct()
 2 SYSTEMPATH\CodeIgniter.php(493): CodeIgniter\CodeIgniter->createController()
 3 SYSTEMPATH\CodeIgniter.php(361): CodeIgniter\CodeIgniter->handleRequest(null, Object(Config\Cache), false)
 4 FCPATH\index.php(79): CodeIgniter\CodeIgniter->run()
WARNING - 2024-12-24 10:45:17 --> [DEPRECATED] Creation of dynamic property App\Controllers\HomeController::$blogModel is deprecated in APPPATH\Controllers\HomeController.php on line 24.
 1 SYSTEMPATH\CodeIgniter.php(913): App\Controllers\HomeController->__construct()
 2 SYSTEMPATH\CodeIgniter.php(493): CodeIgniter\CodeIgniter->createController()
 3 SYSTEMPATH\CodeIgniter.php(361): CodeIgniter\CodeIgniter->handleRequest(null, Object(Config\Cache), false)
 4 FCPATH\index.php(79): CodeIgniter\CodeIgniter->run()
WARNING - 2024-12-24 10:45:40 --> [DEPRECATED] Creation of dynamic property App\Controllers\HomeController::$citiesModel is deprecated in APPPATH\Controllers\HomeController.php on line 19.
 1 SYSTEMPATH\CodeIgniter.php(913): App\Controllers\HomeController->__construct()
 2 SYSTEMPATH\CodeIgniter.php(493): CodeIgniter\CodeIgniter->createController()
 3 SYSTEMPATH\CodeIgniter.php(361): CodeIgniter\CodeIgniter->handleRequest(null, Object(Config\Cache), false)
 4 FCPATH\index.php(79): CodeIgniter\CodeIgniter->run()
WARNING - 2024-12-24 10:45:40 --> [DEPRECATED] Creation of dynamic property App\Controllers\HomeController::$uttarakhandModel is deprecated in APPPATH\Controllers\HomeController.php on line 20.
 1 SYSTEMPATH\CodeIgniter.php(913): App\Controllers\HomeController->__construct()
 2 SYSTEMPATH\CodeIgniter.php(493): CodeIgniter\CodeIgniter->createController()
 3 SYSTEMPATH\CodeIgniter.php(361): CodeIgniter\CodeIgniter->handleRequest(null, Object(Config\Cache), false)
 4 FCPATH\index.php(79): CodeIgniter\CodeIgniter->run()
WARNING - 2024-12-24 10:45:40 --> [DEPRECATED] Creation of dynamic property App\Controllers\HomeController::$imageModel is deprecated in APPPATH\Controllers\HomeController.php on line 21.
 1 SYSTEMPATH\CodeIgniter.php(913): App\Controllers\HomeController->__construct()
 2 SYSTEMPATH\CodeIgniter.php(493): CodeIgniter\CodeIgniter->createController()
 3 SYSTEMPATH\CodeIgniter.php(361): CodeIgniter\CodeIgniter->handleRequest(null, Object(Config\Cache), false)
 4 FCPATH\index.php(79): CodeIgniter\CodeIgniter->run()
WARNING - 2024-12-24 10:45:40 --> [DEPRECATED] Creation of dynamic property App\Controllers\HomeController::$areaModel is deprecated in APPPATH\Controllers\HomeController.php on line 22.
 1 SYSTEMPATH\CodeIgniter.php(913): App\Controllers\HomeController->__construct()
 2 SYSTEMPATH\CodeIgniter.php(493): CodeIgniter\CodeIgniter->createController()
 3 SYSTEMPATH\CodeIgniter.php(361): CodeIgniter\CodeIgniter->handleRequest(null, Object(Config\Cache), false)
 4 FCPATH\index.php(79): CodeIgniter\CodeIgniter->run()
WARNING - 2024-12-24 10:45:40 --> [DEPRECATED] Creation of dynamic property App\Controllers\HomeController::$foodModel is deprecated in APPPATH\Controllers\HomeController.php on line 23.
 1 SYSTEMPATH\CodeIgniter.php(913): App\Controllers\HomeController->__construct()
 2 SYSTEMPATH\CodeIgniter.php(493): CodeIgniter\CodeIgniter->createController()
 3 SYSTEMPATH\CodeIgniter.php(361): CodeIgniter\CodeIgniter->handleRequest(null, Object(Config\Cache), false)
 4 FCPATH\index.php(79): CodeIgniter\CodeIgniter->run()
WARNING - 2024-12-24 10:45:40 --> [DEPRECATED] Creation of dynamic property App\Controllers\HomeController::$blogModel is deprecated in APPPATH\Controllers\HomeController.php on line 24.
 1 SYSTEMPATH\CodeIgniter.php(913): App\Controllers\HomeController->__construct()
 2 SYSTEMPATH\CodeIgniter.php(493): CodeIgniter\CodeIgniter->createController()
 3 SYSTEMPATH\CodeIgniter.php(361): CodeIgniter\CodeIgniter->handleRequest(null, Object(Config\Cache), false)
 4 FCPATH\index.php(79): CodeIgniter\CodeIgniter->run()
WARNING - 2024-12-24 10:47:01 --> [DEPRECATED] Creation of dynamic property App\Controllers\HomeController::$citiesModel is deprecated in APPPATH\Controllers\HomeController.php on line 19.
 1 SYSTEMPATH\CodeIgniter.php(913): App\Controllers\HomeController->__construct()
 2 SYSTEMPATH\CodeIgniter.php(493): CodeIgniter\CodeIgniter->createController()
 3 SYSTEMPATH\CodeIgniter.php(361): CodeIgniter\CodeIgniter->handleRequest(null, Object(Config\Cache), false)
 4 FCPATH\index.php(79): CodeIgniter\CodeIgniter->run()
WARNING - 2024-12-24 10:47:01 --> [DEPRECATED] Creation of dynamic property App\Controllers\HomeController::$uttarakhandModel is deprecated in APPPATH\Controllers\HomeController.php on line 20.
 1 SYSTEMPATH\CodeIgniter.php(913): App\Controllers\HomeController->__construct()
 2 SYSTEMPATH\CodeIgniter.php(493): CodeIgniter\CodeIgniter->createController()
 3 SYSTEMPATH\CodeIgniter.php(361): CodeIgniter\CodeIgniter->handleRequest(null, Object(Config\Cache), false)
 4 FCPATH\index.php(79): CodeIgniter\CodeIgniter->run()
WARNING - 2024-12-24 10:47:01 --> [DEPRECATED] Creation of dynamic property App\Controllers\HomeController::$imageModel is deprecated in APPPATH\Controllers\HomeController.php on line 21.
 1 SYSTEMPATH\CodeIgniter.php(913): App\Controllers\HomeController->__construct()
 2 SYSTEMPATH\CodeIgniter.php(493): CodeIgniter\CodeIgniter->createController()
 3 SYSTEMPATH\CodeIgniter.php(361): CodeIgniter\CodeIgniter->handleRequest(null, Object(Config\Cache), false)
 4 FCPATH\index.php(79): CodeIgniter\CodeIgniter->run()
WARNING - 2024-12-24 10:47:01 --> [DEPRECATED] Creation of dynamic property App\Controllers\HomeController::$areaModel is deprecated in APPPATH\Controllers\HomeController.php on line 22.
 1 SYSTEMPATH\CodeIgniter.php(913): App\Controllers\HomeController->__construct()
 2 SYSTEMPATH\CodeIgniter.php(493): CodeIgniter\CodeIgniter->createController()
 3 SYSTEMPATH\CodeIgniter.php(361): CodeIgniter\CodeIgniter->handleRequest(null, Object(Config\Cache), false)
 4 FCPATH\index.php(79): CodeIgniter\CodeIgniter->run()
WARNING - 2024-12-24 10:47:01 --> [DEPRECATED] Creation of dynamic property App\Controllers\HomeController::$foodModel is deprecated in APPPATH\Controllers\HomeController.php on line 23.
 1 SYSTEMPATH\CodeIgniter.php(913): App\Controllers\HomeController->__construct()
 2 SYSTEMPATH\CodeIgniter.php(493): CodeIgniter\CodeIgniter->createController()
 3 SYSTEMPATH\CodeIgniter.php(361): CodeIgniter\CodeIgniter->handleRequest(null, Object(Config\Cache), false)
 4 FCPATH\index.php(79): CodeIgniter\CodeIgniter->run()
WARNING - 2024-12-24 10:47:01 --> [DEPRECATED] Creation of dynamic property App\Controllers\HomeController::$blogModel is deprecated in APPPATH\Controllers\HomeController.php on line 24.
 1 SYSTEMPATH\CodeIgniter.php(913): App\Controllers\HomeController->__construct()
 2 SYSTEMPATH\CodeIgniter.php(493): CodeIgniter\CodeIgniter->createController()
 3 SYSTEMPATH\CodeIgniter.php(361): CodeIgniter\CodeIgniter->handleRequest(null, Object(Config\Cache), false)
 4 FCPATH\index.php(79): CodeIgniter\CodeIgniter->run()
WARNING - 2024-12-24 10:57:10 --> [DEPRECATED] Creation of dynamic property App\Controllers\HomeController::$citiesModel is deprecated in APPPATH\Controllers\HomeController.php on line 19.
 1 SYSTEMPATH\CodeIgniter.php(913): App\Controllers\HomeController->__construct()
 2 SYSTEMPATH\CodeIgniter.php(493): CodeIgniter\CodeIgniter->createController()
 3 SYSTEMPATH\CodeIgniter.php(361): CodeIgniter\CodeIgniter->handleRequest(null, Object(Config\Cache), false)
 4 FCPATH\index.php(79): CodeIgniter\CodeIgniter->run()
WARNING - 2024-12-24 10:57:10 --> [DEPRECATED] Creation of dynamic property App\Controllers\HomeController::$uttarakhandModel is deprecated in APPPATH\Controllers\HomeController.php on line 20.
 1 SYSTEMPATH\CodeIgniter.php(913): App\Controllers\HomeController->__construct()
 2 SYSTEMPATH\CodeIgniter.php(493): CodeIgniter\CodeIgniter->createController()
 3 SYSTEMPATH\CodeIgniter.php(361): CodeIgniter\CodeIgniter->handleRequest(null, Object(Config\Cache), false)
 4 FCPATH\index.php(79): CodeIgniter\CodeIgniter->run()
WARNING - 2024-12-24 10:57:10 --> [DEPRECATED] Creation of dynamic property App\Controllers\HomeController::$imageModel is deprecated in APPPATH\Controllers\HomeController.php on line 21.
 1 SYSTEMPATH\CodeIgniter.php(913): App\Controllers\HomeController->__construct()
 2 SYSTEMPATH\CodeIgniter.php(493): CodeIgniter\CodeIgniter->createController()
 3 SYSTEMPATH\CodeIgniter.php(361): CodeIgniter\CodeIgniter->handleRequest(null, Object(Config\Cache), false)
 4 FCPATH\index.php(79): CodeIgniter\CodeIgniter->run()
WARNING - 2024-12-24 10:57:10 --> [DEPRECATED] Creation of dynamic property App\Controllers\HomeController::$areaModel is deprecated in APPPATH\Controllers\HomeController.php on line 22.
 1 SYSTEMPATH\CodeIgniter.php(913): App\Controllers\HomeController->__construct()
 2 SYSTEMPATH\CodeIgniter.php(493): CodeIgniter\CodeIgniter->createController()
 3 SYSTEMPATH\CodeIgniter.php(361): CodeIgniter\CodeIgniter->handleRequest(null, Object(Config\Cache), false)
 4 FCPATH\index.php(79): CodeIgniter\CodeIgniter->run()
WARNING - 2024-12-24 10:57:10 --> [DEPRECATED] Creation of dynamic property App\Controllers\HomeController::$foodModel is deprecated in APPPATH\Controllers\HomeController.php on line 23.
 1 SYSTEMPATH\CodeIgniter.php(913): App\Controllers\HomeController->__construct()
 2 SYSTEMPATH\CodeIgniter.php(493): CodeIgniter\CodeIgniter->createController()
 3 SYSTEMPATH\CodeIgniter.php(361): CodeIgniter\CodeIgniter->handleRequest(null, Object(Config\Cache), false)
 4 FCPATH\index.php(79): CodeIgniter\CodeIgniter->run()
WARNING - 2024-12-24 10:57:10 --> [DEPRECATED] Creation of dynamic property App\Controllers\HomeController::$blogModel is deprecated in APPPATH\Controllers\HomeController.php on line 24.
 1 SYSTEMPATH\CodeIgniter.php(913): App\Controllers\HomeController->__construct()
 2 SYSTEMPATH\CodeIgniter.php(493): CodeIgniter\CodeIgniter->createController()
 3 SYSTEMPATH\CodeIgniter.php(361): CodeIgniter\CodeIgniter->handleRequest(null, Object(Config\Cache), false)
 4 FCPATH\index.php(79): CodeIgniter\CodeIgniter->run()
WARNING - 2024-12-24 10:58:06 --> [DEPRECATED] Creation of dynamic property App\Controllers\HomeController::$citiesModel is deprecated in APPPATH\Controllers\HomeController.php on line 19.
 1 SYSTEMPATH\CodeIgniter.php(913): App\Controllers\HomeController->__construct()
 2 SYSTEMPATH\CodeIgniter.php(493): CodeIgniter\CodeIgniter->createController()
 3 SYSTEMPATH\CodeIgniter.php(361): CodeIgniter\CodeIgniter->handleRequest(null, Object(Config\Cache), false)
 4 FCPATH\index.php(79): CodeIgniter\CodeIgniter->run()
WARNING - 2024-12-24 10:58:06 --> [DEPRECATED] Creation of dynamic property App\Controllers\HomeController::$uttarakhandModel is deprecated in APPPATH\Controllers\HomeController.php on line 20.
 1 SYSTEMPATH\CodeIgniter.php(913): App\Controllers\HomeController->__construct()
 2 SYSTEMPATH\CodeIgniter.php(493): CodeIgniter\CodeIgniter->createController()
 3 SYSTEMPATH\CodeIgniter.php(361): CodeIgniter\CodeIgniter->handleRequest(null, Object(Config\Cache), false)
 4 FCPATH\index.php(79): CodeIgniter\CodeIgniter->run()
WARNING - 2024-12-24 10:58:06 --> [DEPRECATED] Creation of dynamic property App\Controllers\HomeController::$imageModel is deprecated in APPPATH\Controllers\HomeController.php on line 21.
 1 SYSTEMPATH\CodeIgniter.php(913): App\Controllers\HomeController->__construct()
 2 SYSTEMPATH\CodeIgniter.php(493): CodeIgniter\CodeIgniter->createController()
 3 SYSTEMPATH\CodeIgniter.php(361): CodeIgniter\CodeIgniter->handleRequest(null, Object(Config\Cache), false)
 4 FCPATH\index.php(79): CodeIgniter\CodeIgniter->run()
WARNING - 2024-12-24 10:58:06 --> [DEPRECATED] Creation of dynamic property App\Controllers\HomeController::$areaModel is deprecated in APPPATH\Controllers\HomeController.php on line 22.
 1 SYSTEMPATH\CodeIgniter.php(913): App\Controllers\HomeController->__construct()
 2 SYSTEMPATH\CodeIgniter.php(493): CodeIgniter\CodeIgniter->createController()
 3 SYSTEMPATH\CodeIgniter.php(361): CodeIgniter\CodeIgniter->handleRequest(null, Object(Config\Cache), false)
 4 FCPATH\index.php(79): CodeIgniter\CodeIgniter->run()
WARNING - 2024-12-24 10:58:06 --> [DEPRECATED] Creation of dynamic property App\Controllers\HomeController::$foodModel is deprecated in APPPATH\Controllers\HomeController.php on line 23.
 1 SYSTEMPATH\CodeIgniter.php(913): App\Controllers\HomeController->__construct()
 2 SYSTEMPATH\CodeIgniter.php(493): CodeIgniter\CodeIgniter->createController()
 3 SYSTEMPATH\CodeIgniter.php(361): CodeIgniter\CodeIgniter->handleRequest(null, Object(Config\Cache), false)
 4 FCPATH\index.php(79): CodeIgniter\CodeIgniter->run()
WARNING - 2024-12-24 10:58:06 --> [DEPRECATED] Creation of dynamic property App\Controllers\HomeController::$blogModel is deprecated in APPPATH\Controllers\HomeController.php on line 24.
 1 SYSTEMPATH\CodeIgniter.php(913): App\Controllers\HomeController->__construct()
 2 SYSTEMPATH\CodeIgniter.php(493): CodeIgniter\CodeIgniter->createController()
 3 SYSTEMPATH\CodeIgniter.php(361): CodeIgniter\CodeIgniter->handleRequest(null, Object(Config\Cache), false)
 4 FCPATH\index.php(79): CodeIgniter\CodeIgniter->run()
WARNING - 2024-12-24 10:59:10 --> [DEPRECATED] Creation of dynamic property App\Controllers\HomeController::$citiesModel is deprecated in APPPATH\Controllers\HomeController.php on line 19.
 1 SYSTEMPATH\CodeIgniter.php(913): App\Controllers\HomeController->__construct()
 2 SYSTEMPATH\CodeIgniter.php(493): CodeIgniter\CodeIgniter->createController()
 3 SYSTEMPATH\CodeIgniter.php(361): CodeIgniter\CodeIgniter->handleRequest(null, Object(Config\Cache), false)
 4 FCPATH\index.php(79): CodeIgniter\CodeIgniter->run()
WARNING - 2024-12-24 10:59:10 --> [DEPRECATED] Creation of dynamic property App\Controllers\HomeController::$uttarakhandModel is deprecated in APPPATH\Controllers\HomeController.php on line 20.
 1 SYSTEMPATH\CodeIgniter.php(913): App\Controllers\HomeController->__construct()
 2 SYSTEMPATH\CodeIgniter.php(493): CodeIgniter\CodeIgniter->createController()
 3 SYSTEMPATH\CodeIgniter.php(361): CodeIgniter\CodeIgniter->handleRequest(null, Object(Config\Cache), false)
 4 FCPATH\index.php(79): CodeIgniter\CodeIgniter->run()
WARNING - 2024-12-24 10:59:10 --> [DEPRECATED] Creation of dynamic property App\Controllers\HomeController::$imageModel is deprecated in APPPATH\Controllers\HomeController.php on line 21.
 1 SYSTEMPATH\CodeIgniter.php(913): App\Controllers\HomeController->__construct()
 2 SYSTEMPATH\CodeIgniter.php(493): CodeIgniter\CodeIgniter->createController()
 3 SYSTEMPATH\CodeIgniter.php(361): CodeIgniter\CodeIgniter->handleRequest(null, Object(Config\Cache), false)
 4 FCPATH\index.php(79): CodeIgniter\CodeIgniter->run()
WARNING - 2024-12-24 10:59:10 --> [DEPRECATED] Creation of dynamic property App\Controllers\HomeController::$areaModel is deprecated in APPPATH\Controllers\HomeController.php on line 22.
 1 SYSTEMPATH\CodeIgniter.php(913): App\Controllers\HomeController->__construct()
 2 SYSTEMPATH\CodeIgniter.php(493): CodeIgniter\CodeIgniter->createController()
 3 SYSTEMPATH\CodeIgniter.php(361): CodeIgniter\CodeIgniter->handleRequest(null, Object(Config\Cache), false)
 4 FCPATH\index.php(79): CodeIgniter\CodeIgniter->run()
WARNING - 2024-12-24 10:59:10 --> [DEPRECATED] Creation of dynamic property App\Controllers\HomeController::$foodModel is deprecated in APPPATH\Controllers\HomeController.php on line 23.
 1 SYSTEMPATH\CodeIgniter.php(913): App\Controllers\HomeController->__construct()
 2 SYSTEMPATH\CodeIgniter.php(493): CodeIgniter\CodeIgniter->createController()
 3 SYSTEMPATH\CodeIgniter.php(361): CodeIgniter\CodeIgniter->handleRequest(null, Object(Config\Cache), false)
 4 FCPATH\index.php(79): CodeIgniter\CodeIgniter->run()
WARNING - 2024-12-24 10:59:10 --> [DEPRECATED] Creation of dynamic property App\Controllers\HomeController::$blogModel is deprecated in APPPATH\Controllers\HomeController.php on line 24.
 1 SYSTEMPATH\CodeIgniter.php(913): App\Controllers\HomeController->__construct()
 2 SYSTEMPATH\CodeIgniter.php(493): CodeIgniter\CodeIgniter->createController()
 3 SYSTEMPATH\CodeIgniter.php(361): CodeIgniter\CodeIgniter->handleRequest(null, Object(Config\Cache), false)
 4 FCPATH\index.php(79): CodeIgniter\CodeIgniter->run()
WARNING - 2024-12-24 11:01:54 --> [DEPRECATED] Creation of dynamic property App\Controllers\PlacesController::$citiesModel is deprecated in APPPATH\Controllers\PlacesController.php on line 19.
 1 SYSTEMPATH\CodeIgniter.php(913): App\Controllers\PlacesController->__construct()
 2 SYSTEMPATH\CodeIgniter.php(493): CodeIgniter\CodeIgniter->createController()
 3 SYSTEMPATH\CodeIgniter.php(361): CodeIgniter\CodeIgniter->handleRequest(null, Object(Config\Cache), false)
 4 FCPATH\index.php(79): CodeIgniter\CodeIgniter->run()
WARNING - 2024-12-24 11:01:54 --> [DEPRECATED] Creation of dynamic property App\Controllers\PlacesController::$uttarakhandModel is deprecated in APPPATH\Controllers\PlacesController.php on line 20.
 1 SYSTEMPATH\CodeIgniter.php(913): App\Controllers\PlacesController->__construct()
 2 SYSTEMPATH\CodeIgniter.php(493): CodeIgniter\CodeIgniter->createController()
 3 SYSTEMPATH\CodeIgniter.php(361): CodeIgniter\CodeIgniter->handleRequest(null, Object(Config\Cache), false)
 4 FCPATH\index.php(79): CodeIgniter\CodeIgniter->run()
WARNING - 2024-12-24 11:01:54 --> [DEPRECATED] Creation of dynamic property App\Controllers\PlacesController::$imageModel is deprecated in APPPATH\Controllers\PlacesController.php on line 21.
 1 SYSTEMPATH\CodeIgniter.php(913): App\Controllers\PlacesController->__construct()
 2 SYSTEMPATH\CodeIgniter.php(493): CodeIgniter\CodeIgniter->createController()
 3 SYSTEMPATH\CodeIgniter.php(361): CodeIgniter\CodeIgniter->handleRequest(null, Object(Config\Cache), false)
 4 FCPATH\index.php(79): CodeIgniter\CodeIgniter->run()
WARNING - 2024-12-24 11:01:54 --> [DEPRECATED] Creation of dynamic property App\Controllers\PlacesController::$areaModel is deprecated in APPPATH\Controllers\PlacesController.php on line 22.
 1 SYSTEMPATH\CodeIgniter.php(913): App\Controllers\PlacesController->__construct()
 2 SYSTEMPATH\CodeIgniter.php(493): CodeIgniter\CodeIgniter->createController()
 3 SYSTEMPATH\CodeIgniter.php(361): CodeIgniter\CodeIgniter->handleRequest(null, Object(Config\Cache), false)
 4 FCPATH\index.php(79): CodeIgniter\CodeIgniter->run()
WARNING - 2024-12-24 11:01:54 --> [DEPRECATED] Creation of dynamic property App\Controllers\PlacesController::$foodModel is deprecated in APPPATH\Controllers\PlacesController.php on line 23.
 1 SYSTEMPATH\CodeIgniter.php(913): App\Controllers\PlacesController->__construct()
 2 SYSTEMPATH\CodeIgniter.php(493): CodeIgniter\CodeIgniter->createController()
 3 SYSTEMPATH\CodeIgniter.php(361): CodeIgniter\CodeIgniter->handleRequest(null, Object(Config\Cache), false)
 4 FCPATH\index.php(79): CodeIgniter\CodeIgniter->run()
WARNING - 2024-12-24 11:01:54 --> [DEPRECATED] Creation of dynamic property App\Controllers\PlacesController::$blogModel is deprecated in APPPATH\Controllers\PlacesController.php on line 24.
 1 SYSTEMPATH\CodeIgniter.php(913): App\Controllers\PlacesController->__construct()
 2 SYSTEMPATH\CodeIgniter.php(493): CodeIgniter\CodeIgniter->createController()
 3 SYSTEMPATH\CodeIgniter.php(361): CodeIgniter\CodeIgniter->handleRequest(null, Object(Config\Cache), false)
 4 FCPATH\index.php(79): CodeIgniter\CodeIgniter->run()
WARNING - 2024-12-24 11:01:55 --> [DEPRECATED] Creation of dynamic property App\Controllers\HomeController::$citiesModel is deprecated in APPPATH\Controllers\HomeController.php on line 19.
 1 SYSTEMPATH\CodeIgniter.php(913): App\Controllers\HomeController->__construct()
 2 SYSTEMPATH\CodeIgniter.php(493): CodeIgniter\CodeIgniter->createController()
 3 SYSTEMPATH\CodeIgniter.php(361): CodeIgniter\CodeIgniter->handleRequest(null, Object(Config\Cache), false)
 4 FCPATH\index.php(79): CodeIgniter\CodeIgniter->run()
WARNING - 2024-12-24 11:01:55 --> [DEPRECATED] Creation of dynamic property App\Controllers\HomeController::$uttarakhandModel is deprecated in APPPATH\Controllers\HomeController.php on line 20.
 1 SYSTEMPATH\CodeIgniter.php(913): App\Controllers\HomeController->__construct()
 2 SYSTEMPATH\CodeIgniter.php(493): CodeIgniter\CodeIgniter->createController()
 3 SYSTEMPATH\CodeIgniter.php(361): CodeIgniter\CodeIgniter->handleRequest(null, Object(Config\Cache), false)
 4 FCPATH\index.php(79): CodeIgniter\CodeIgniter->run()
WARNING - 2024-12-24 11:01:55 --> [DEPRECATED] Creation of dynamic property App\Controllers\HomeController::$imageModel is deprecated in APPPATH\Controllers\HomeController.php on line 21.
 1 SYSTEMPATH\CodeIgniter.php(913): App\Controllers\HomeController->__construct()
 2 SYSTEMPATH\CodeIgniter.php(493): CodeIgniter\CodeIgniter->createController()
 3 SYSTEMPATH\CodeIgniter.php(361): CodeIgniter\CodeIgniter->handleRequest(null, Object(Config\Cache), false)
 4 FCPATH\index.php(79): CodeIgniter\CodeIgniter->run()
WARNING - 2024-12-24 11:01:55 --> [DEPRECATED] Creation of dynamic property App\Controllers\HomeController::$areaModel is deprecated in APPPATH\Controllers\HomeController.php on line 22.
 1 SYSTEMPATH\CodeIgniter.php(913): App\Controllers\HomeController->__construct()
 2 SYSTEMPATH\CodeIgniter.php(493): CodeIgniter\CodeIgniter->createController()
 3 SYSTEMPATH\CodeIgniter.php(361): CodeIgniter\CodeIgniter->handleRequest(null, Object(Config\Cache), false)
 4 FCPATH\index.php(79): CodeIgniter\CodeIgniter->run()
WARNING - 2024-12-24 11:01:55 --> [DEPRECATED] Creation of dynamic property App\Controllers\HomeController::$foodModel is deprecated in APPPATH\Controllers\HomeController.php on line 23.
 1 SYSTEMPATH\CodeIgniter.php(913): App\Controllers\HomeController->__construct()
 2 SYSTEMPATH\CodeIgniter.php(493): CodeIgniter\CodeIgniter->createController()
 3 SYSTEMPATH\CodeIgniter.php(361): CodeIgniter\CodeIgniter->handleRequest(null, Object(Config\Cache), false)
 4 FCPATH\index.php(79): CodeIgniter\CodeIgniter->run()
WARNING - 2024-12-24 11:01:55 --> [DEPRECATED] Creation of dynamic property App\Controllers\HomeController::$blogModel is deprecated in APPPATH\Controllers\HomeController.php on line 24.
 1 SYSTEMPATH\CodeIgniter.php(913): App\Controllers\HomeController->__construct()
 2 SYSTEMPATH\CodeIgniter.php(493): CodeIgniter\CodeIgniter->createController()
 3 SYSTEMPATH\CodeIgniter.php(361): CodeIgniter\CodeIgniter->handleRequest(null, Object(Config\Cache), false)
 4 FCPATH\index.php(79): CodeIgniter\CodeIgniter->run()
CRITICAL - 2024-12-24 11:01:55 --> ErrorException: Trying to access array offset on value of type null
in APPPATH\Controllers\HomeController.php on line 80.
 1 APPPATH\Controllers\HomeController.php(80): CodeIgniter\Debug\Exceptions->errorHandler(2, 'Trying to access array offset on value of type null', 'C:\\xampp\\htdocs\\uttrakhand\\app\\Controllers\\HomeController.php', 80)
 2 SYSTEMPATH\CodeIgniter.php(941): App\Controllers\HomeController->page('uploads', 'no_image.jpg')
 3 SYSTEMPATH\CodeIgniter.php(502): CodeIgniter\CodeIgniter->runController(Object(App\Controllers\HomeController))
 4 SYSTEMPATH\CodeIgniter.php(361): CodeIgniter\CodeIgniter->handleRequest(null, Object(Config\Cache), false)
 5 FCPATH\index.php(79): CodeIgniter\CodeIgniter->run()
WARNING - 2024-12-24 11:03:37 --> [DEPRECATED] Creation of dynamic property App\Controllers\HomeController::$citiesModel is deprecated in APPPATH\Controllers\HomeController.php on line 19.
 1 SYSTEMPATH\CodeIgniter.php(913): App\Controllers\HomeController->__construct()
 2 SYSTEMPATH\CodeIgniter.php(493): CodeIgniter\CodeIgniter->createController()
 3 SYSTEMPATH\CodeIgniter.php(361): CodeIgniter\CodeIgniter->handleRequest(null, Object(Config\Cache), false)
 4 FCPATH\index.php(79): CodeIgniter\CodeIgniter->run()
WARNING - 2024-12-24 11:03:37 --> [DEPRECATED] Creation of dynamic property App\Controllers\HomeController::$uttarakhandModel is deprecated in APPPATH\Controllers\HomeController.php on line 20.
 1 SYSTEMPATH\CodeIgniter.php(913): App\Controllers\HomeController->__construct()
 2 SYSTEMPATH\CodeIgniter.php(493): CodeIgniter\CodeIgniter->createController()
 3 SYSTEMPATH\CodeIgniter.php(361): CodeIgniter\CodeIgniter->handleRequest(null, Object(Config\Cache), false)
 4 FCPATH\index.php(79): CodeIgniter\CodeIgniter->run()
WARNING - 2024-12-24 11:03:37 --> [DEPRECATED] Creation of dynamic property App\Controllers\HomeController::$imageModel is deprecated in APPPATH\Controllers\HomeController.php on line 21.
 1 SYSTEMPATH\CodeIgniter.php(913): App\Controllers\HomeController->__construct()
 2 SYSTEMPATH\CodeIgniter.php(493): CodeIgniter\CodeIgniter->createController()
 3 SYSTEMPATH\CodeIgniter.php(361): CodeIgniter\CodeIgniter->handleRequest(null, Object(Config\Cache), false)
 4 FCPATH\index.php(79): CodeIgniter\CodeIgniter->run()
WARNING - 2024-12-24 11:03:37 --> [DEPRECATED] Creation of dynamic property App\Controllers\HomeController::$areaModel is deprecated in APPPATH\Controllers\HomeController.php on line 22.
 1 SYSTEMPATH\CodeIgniter.php(913): App\Controllers\HomeController->__construct()
 2 SYSTEMPATH\CodeIgniter.php(493): CodeIgniter\CodeIgniter->createController()
 3 SYSTEMPATH\CodeIgniter.php(361): CodeIgniter\CodeIgniter->handleRequest(null, Object(Config\Cache), false)
 4 FCPATH\index.php(79): CodeIgniter\CodeIgniter->run()
WARNING - 2024-12-24 11:03:37 --> [DEPRECATED] Creation of dynamic property App\Controllers\HomeController::$foodModel is deprecated in APPPATH\Controllers\HomeController.php on line 23.
 1 SYSTEMPATH\CodeIgniter.php(913): App\Controllers\HomeController->__construct()
 2 SYSTEMPATH\CodeIgniter.php(493): CodeIgniter\CodeIgniter->createController()
 3 SYSTEMPATH\CodeIgniter.php(361): CodeIgniter\CodeIgniter->handleRequest(null, Object(Config\Cache), false)
 4 FCPATH\index.php(79): CodeIgniter\CodeIgniter->run()
WARNING - 2024-12-24 11:03:37 --> [DEPRECATED] Creation of dynamic property App\Controllers\HomeController::$blogModel is deprecated in APPPATH\Controllers\HomeController.php on line 24.
 1 SYSTEMPATH\CodeIgniter.php(913): App\Controllers\HomeController->__construct()
 2 SYSTEMPATH\CodeIgniter.php(493): CodeIgniter\CodeIgniter->createController()
 3 SYSTEMPATH\CodeIgniter.php(361): CodeIgniter\CodeIgniter->handleRequest(null, Object(Config\Cache), false)
 4 FCPATH\index.php(79): CodeIgniter\CodeIgniter->run()
WARNING - 2024-12-24 11:04:58 --> [DEPRECATED] Creation of dynamic property App\Controllers\HomeController::$citiesModel is deprecated in APPPATH\Controllers\HomeController.php on line 19.
 1 SYSTEMPATH\CodeIgniter.php(913): App\Controllers\HomeController->__construct()
 2 SYSTEMPATH\CodeIgniter.php(493): CodeIgniter\CodeIgniter->createController()
 3 SYSTEMPATH\CodeIgniter.php(361): CodeIgniter\CodeIgniter->handleRequest(null, Object(Config\Cache), false)
 4 FCPATH\index.php(79): CodeIgniter\CodeIgniter->run()
WARNING - 2024-12-24 11:04:58 --> [DEPRECATED] Creation of dynamic property App\Controllers\HomeController::$uttarakhandModel is deprecated in APPPATH\Controllers\HomeController.php on line 20.
 1 SYSTEMPATH\CodeIgniter.php(913): App\Controllers\HomeController->__construct()
 2 SYSTEMPATH\CodeIgniter.php(493): CodeIgniter\CodeIgniter->createController()
 3 SYSTEMPATH\CodeIgniter.php(361): CodeIgniter\CodeIgniter->handleRequest(null, Object(Config\Cache), false)
 4 FCPATH\index.php(79): CodeIgniter\CodeIgniter->run()
WARNING - 2024-12-24 11:04:58 --> [DEPRECATED] Creation of dynamic property App\Controllers\HomeController::$imageModel is deprecated in APPPATH\Controllers\HomeController.php on line 21.
 1 SYSTEMPATH\CodeIgniter.php(913): App\Controllers\HomeController->__construct()
 2 SYSTEMPATH\CodeIgniter.php(493): CodeIgniter\CodeIgniter->createController()
 3 SYSTEMPATH\CodeIgniter.php(361): CodeIgniter\CodeIgniter->handleRequest(null, Object(Config\Cache), false)
 4 FCPATH\index.php(79): CodeIgniter\CodeIgniter->run()
WARNING - 2024-12-24 11:04:58 --> [DEPRECATED] Creation of dynamic property App\Controllers\HomeController::$areaModel is deprecated in APPPATH\Controllers\HomeController.php on line 22.
 1 SYSTEMPATH\CodeIgniter.php(913): App\Controllers\HomeController->__construct()
 2 SYSTEMPATH\CodeIgniter.php(493): CodeIgniter\CodeIgniter->createController()
 3 SYSTEMPATH\CodeIgniter.php(361): CodeIgniter\CodeIgniter->handleRequest(null, Object(Config\Cache), false)
 4 FCPATH\index.php(79): CodeIgniter\CodeIgniter->run()
WARNING - 2024-12-24 11:04:58 --> [DEPRECATED] Creation of dynamic property App\Controllers\HomeController::$foodModel is deprecated in APPPATH\Controllers\HomeController.php on line 23.
 1 SYSTEMPATH\CodeIgniter.php(913): App\Controllers\HomeController->__construct()
 2 SYSTEMPATH\CodeIgniter.php(493): CodeIgniter\CodeIgniter->createController()
 3 SYSTEMPATH\CodeIgniter.php(361): CodeIgniter\CodeIgniter->handleRequest(null, Object(Config\Cache), false)
 4 FCPATH\index.php(79): CodeIgniter\CodeIgniter->run()
WARNING - 2024-12-24 11:04:58 --> [DEPRECATED] Creation of dynamic property App\Controllers\HomeController::$blogModel is deprecated in APPPATH\Controllers\HomeController.php on line 24.
 1 SYSTEMPATH\CodeIgniter.php(913): App\Controllers\HomeController->__construct()
 2 SYSTEMPATH\CodeIgniter.php(493): CodeIgniter\CodeIgniter->createController()
 3 SYSTEMPATH\CodeIgniter.php(361): CodeIgniter\CodeIgniter->handleRequest(null, Object(Config\Cache), false)
 4 FCPATH\index.php(79): CodeIgniter\CodeIgniter->run()
WARNING - 2024-12-24 11:04:59 --> [DEPRECATED] Creation of dynamic property App\Controllers\HomeController::$citiesModel is deprecated in APPPATH\Controllers\HomeController.php on line 19.
 1 SYSTEMPATH\CodeIgniter.php(913): App\Controllers\HomeController->__construct()
 2 SYSTEMPATH\CodeIgniter.php(493): CodeIgniter\CodeIgniter->createController()
 3 SYSTEMPATH\CodeIgniter.php(361): CodeIgniter\CodeIgniter->handleRequest(null, Object(Config\Cache), false)
 4 FCPATH\index.php(79): CodeIgniter\CodeIgniter->run()
WARNING - 2024-12-24 11:04:59 --> [DEPRECATED] Creation of dynamic property App\Controllers\HomeController::$uttarakhandModel is deprecated in APPPATH\Controllers\HomeController.php on line 20.
 1 SYSTEMPATH\CodeIgniter.php(913): App\Controllers\HomeController->__construct()
 2 SYSTEMPATH\CodeIgniter.php(493): CodeIgniter\CodeIgniter->createController()
 3 SYSTEMPATH\CodeIgniter.php(361): CodeIgniter\CodeIgniter->handleRequest(null, Object(Config\Cache), false)
 4 FCPATH\index.php(79): CodeIgniter\CodeIgniter->run()
WARNING - 2024-12-24 11:04:59 --> [DEPRECATED] Creation of dynamic property App\Controllers\HomeController::$imageModel is deprecated in APPPATH\Controllers\HomeController.php on line 21.
 1 SYSTEMPATH\CodeIgniter.php(913): App\Controllers\HomeController->__construct()
 2 SYSTEMPATH\CodeIgniter.php(493): CodeIgniter\CodeIgniter->createController()
 3 SYSTEMPATH\CodeIgniter.php(361): CodeIgniter\CodeIgniter->handleRequest(null, Object(Config\Cache), false)
 4 FCPATH\index.php(79): CodeIgniter\CodeIgniter->run()
WARNING - 2024-12-24 11:04:59 --> [DEPRECATED] Creation of dynamic property App\Controllers\HomeController::$areaModel is deprecated in APPPATH\Controllers\HomeController.php on line 22.
 1 SYSTEMPATH\CodeIgniter.php(913): App\Controllers\HomeController->__construct()
 2 SYSTEMPATH\CodeIgniter.php(493): CodeIgniter\CodeIgniter->createController()
 3 SYSTEMPATH\CodeIgniter.php(361): CodeIgniter\CodeIgniter->handleRequest(null, Object(Config\Cache), false)
 4 FCPATH\index.php(79): CodeIgniter\CodeIgniter->run()
WARNING - 2024-12-24 11:04:59 --> [DEPRECATED] Creation of dynamic property App\Controllers\HomeController::$foodModel is deprecated in APPPATH\Controllers\HomeController.php on line 23.
 1 SYSTEMPATH\CodeIgniter.php(913): App\Controllers\HomeController->__construct()
 2 SYSTEMPATH\CodeIgniter.php(493): CodeIgniter\CodeIgniter->createController()
 3 SYSTEMPATH\CodeIgniter.php(361): CodeIgniter\CodeIgniter->handleRequest(null, Object(Config\Cache), false)
 4 FCPATH\index.php(79): CodeIgniter\CodeIgniter->run()
WARNING - 2024-12-24 11:04:59 --> [DEPRECATED] Creation of dynamic property App\Controllers\HomeController::$blogModel is deprecated in APPPATH\Controllers\HomeController.php on line 24.
 1 SYSTEMPATH\CodeIgniter.php(913): App\Controllers\HomeController->__construct()
 2 SYSTEMPATH\CodeIgniter.php(493): CodeIgniter\CodeIgniter->createController()
 3 SYSTEMPATH\CodeIgniter.php(361): CodeIgniter\CodeIgniter->handleRequest(null, Object(Config\Cache), false)
 4 FCPATH\index.php(79): CodeIgniter\CodeIgniter->run()
WARNING - 2024-12-24 11:04:59 --> [DEPRECATED] Creation of dynamic property App\Controllers\HomeController::$citiesModel is deprecated in APPPATH\Controllers\HomeController.php on line 19.
 1 SYSTEMPATH\CodeIgniter.php(913): App\Controllers\HomeController->__construct()
 2 SYSTEMPATH\CodeIgniter.php(493): CodeIgniter\CodeIgniter->createController()
 3 SYSTEMPATH\CodeIgniter.php(361): CodeIgniter\CodeIgniter->handleRequest(null, Object(Config\Cache), false)
 4 FCPATH\index.php(79): CodeIgniter\CodeIgniter->run()
WARNING - 2024-12-24 11:04:59 --> [DEPRECATED] Creation of dynamic property App\Controllers\HomeController::$uttarakhandModel is deprecated in APPPATH\Controllers\HomeController.php on line 20.
 1 SYSTEMPATH\CodeIgniter.php(913): App\Controllers\HomeController->__construct()
 2 SYSTEMPATH\CodeIgniter.php(493): CodeIgniter\CodeIgniter->createController()
 3 SYSTEMPATH\CodeIgniter.php(361): CodeIgniter\CodeIgniter->handleRequest(null, Object(Config\Cache), false)
 4 FCPATH\index.php(79): CodeIgniter\CodeIgniter->run()
WARNING - 2024-12-24 11:04:59 --> [DEPRECATED] Creation of dynamic property App\Controllers\HomeController::$imageModel is deprecated in APPPATH\Controllers\HomeController.php on line 21.
 1 SYSTEMPATH\CodeIgniter.php(913): App\Controllers\HomeController->__construct()
 2 SYSTEMPATH\CodeIgniter.php(493): CodeIgniter\CodeIgniter->createController()
 3 SYSTEMPATH\CodeIgniter.php(361): CodeIgniter\CodeIgniter->handleRequest(null, Object(Config\Cache), false)
 4 FCPATH\index.php(79): CodeIgniter\CodeIgniter->run()
WARNING - 2024-12-24 11:04:59 --> [DEPRECATED] Creation of dynamic property App\Controllers\HomeController::$areaModel is deprecated in APPPATH\Controllers\HomeController.php on line 22.
 1 SYSTEMPATH\CodeIgniter.php(913): App\Controllers\HomeController->__construct()
 2 SYSTEMPATH\CodeIgniter.php(493): CodeIgniter\CodeIgniter->createController()
 3 SYSTEMPATH\CodeIgniter.php(361): CodeIgniter\CodeIgniter->handleRequest(null, Object(Config\Cache), false)
 4 FCPATH\index.php(79): CodeIgniter\CodeIgniter->run()
WARNING - 2024-12-24 11:04:59 --> [DEPRECATED] Creation of dynamic property App\Controllers\HomeController::$foodModel is deprecated in APPPATH\Controllers\HomeController.php on line 23.
 1 SYSTEMPATH\CodeIgniter.php(913): App\Controllers\HomeController->__construct()
 2 SYSTEMPATH\CodeIgniter.php(493): CodeIgniter\CodeIgniter->createController()
 3 SYSTEMPATH\CodeIgniter.php(361): CodeIgniter\CodeIgniter->handleRequest(null, Object(Config\Cache), false)
 4 FCPATH\index.php(79): CodeIgniter\CodeIgniter->run()
WARNING - 2024-12-24 11:04:59 --> [DEPRECATED] Creation of dynamic property App\Controllers\HomeController::$blogModel is deprecated in APPPATH\Controllers\HomeController.php on line 24.
 1 SYSTEMPATH\CodeIgniter.php(913): App\Controllers\HomeController->__construct()
 2 SYSTEMPATH\CodeIgniter.php(493): CodeIgniter\CodeIgniter->createController()
 3 SYSTEMPATH\CodeIgniter.php(361): CodeIgniter\CodeIgniter->handleRequest(null, Object(Config\Cache), false)
 4 FCPATH\index.php(79): CodeIgniter\CodeIgniter->run()
WARNING - 2024-12-24 11:04:59 --> [DEPRECATED] Creation of dynamic property App\Controllers\HomeController::$citiesModel is deprecated in APPPATH\Controllers\HomeController.php on line 19.
 1 SYSTEMPATH\CodeIgniter.php(913): App\Controllers\HomeController->__construct()
 2 SYSTEMPATH\CodeIgniter.php(493): CodeIgniter\CodeIgniter->createController()
 3 SYSTEMPATH\CodeIgniter.php(361): CodeIgniter\CodeIgniter->handleRequest(null, Object(Config\Cache), false)
 4 FCPATH\index.php(79): CodeIgniter\CodeIgniter->run()
WARNING - 2024-12-24 11:04:59 --> [DEPRECATED] Creation of dynamic property App\Controllers\HomeController::$uttarakhandModel is deprecated in APPPATH\Controllers\HomeController.php on line 20.
 1 SYSTEMPATH\CodeIgniter.php(913): App\Controllers\HomeController->__construct()
 2 SYSTEMPATH\CodeIgniter.php(493): CodeIgniter\CodeIgniter->createController()
 3 SYSTEMPATH\CodeIgniter.php(361): CodeIgniter\CodeIgniter->handleRequest(null, Object(Config\Cache), false)
 4 FCPATH\index.php(79): CodeIgniter\CodeIgniter->run()
WARNING - 2024-12-24 11:05:00 --> [DEPRECATED] Creation of dynamic property App\Controllers\HomeController::$imageModel is deprecated in APPPATH\Controllers\HomeController.php on line 21.
 1 SYSTEMPATH\CodeIgniter.php(913): App\Controllers\HomeController->__construct()
 2 SYSTEMPATH\CodeIgniter.php(493): CodeIgniter\CodeIgniter->createController()
 3 SYSTEMPATH\CodeIgniter.php(361): CodeIgniter\CodeIgniter->handleRequest(null, Object(Config\Cache), false)
 4 FCPATH\index.php(79): CodeIgniter\CodeIgniter->run()
WARNING - 2024-12-24 11:05:00 --> [DEPRECATED] Creation of dynamic property App\Controllers\HomeController::$areaModel is deprecated in APPPATH\Controllers\HomeController.php on line 22.
 1 SYSTEMPATH\CodeIgniter.php(913): App\Controllers\HomeController->__construct()
 2 SYSTEMPATH\CodeIgniter.php(493): CodeIgniter\CodeIgniter->createController()
 3 SYSTEMPATH\CodeIgniter.php(361): CodeIgniter\CodeIgniter->handleRequest(null, Object(Config\Cache), false)
 4 FCPATH\index.php(79): CodeIgniter\CodeIgniter->run()
WARNING - 2024-12-24 11:05:00 --> [DEPRECATED] Creation of dynamic property App\Controllers\HomeController::$foodModel is deprecated in APPPATH\Controllers\HomeController.php on line 23.
 1 SYSTEMPATH\CodeIgniter.php(913): App\Controllers\HomeController->__construct()
 2 SYSTEMPATH\CodeIgniter.php(493): CodeIgniter\CodeIgniter->createController()
 3 SYSTEMPATH\CodeIgniter.php(361): CodeIgniter\CodeIgniter->handleRequest(null, Object(Config\Cache), false)
 4 FCPATH\index.php(79): CodeIgniter\CodeIgniter->run()
WARNING - 2024-12-24 11:05:00 --> [DEPRECATED] Creation of dynamic property App\Controllers\HomeController::$blogModel is deprecated in APPPATH\Controllers\HomeController.php on line 24.
 1 SYSTEMPATH\CodeIgniter.php(913): App\Controllers\HomeController->__construct()
 2 SYSTEMPATH\CodeIgniter.php(493): CodeIgniter\CodeIgniter->createController()
 3 SYSTEMPATH\CodeIgniter.php(361): CodeIgniter\CodeIgniter->handleRequest(null, Object(Config\Cache), false)
 4 FCPATH\index.php(79): CodeIgniter\CodeIgniter->run()
WARNING - 2024-12-24 11:05:00 --> [DEPRECATED] Creation of dynamic property App\Controllers\HomeController::$citiesModel is deprecated in APPPATH\Controllers\HomeController.php on line 19.
 1 SYSTEMPATH\CodeIgniter.php(913): App\Controllers\HomeController->__construct()
 2 SYSTEMPATH\CodeIgniter.php(493): CodeIgniter\CodeIgniter->createController()
 3 SYSTEMPATH\CodeIgniter.php(361): CodeIgniter\CodeIgniter->handleRequest(null, Object(Config\Cache), false)
 4 FCPATH\index.php(79): CodeIgniter\CodeIgniter->run()
WARNING - 2024-12-24 11:05:00 --> [DEPRECATED] Creation of dynamic property App\Controllers\HomeController::$uttarakhandModel is deprecated in APPPATH\Controllers\HomeController.php on line 20.
 1 SYSTEMPATH\CodeIgniter.php(913): App\Controllers\HomeController->__construct()
 2 SYSTEMPATH\CodeIgniter.php(493): CodeIgniter\CodeIgniter->createController()
 3 SYSTEMPATH\CodeIgniter.php(361): CodeIgniter\CodeIgniter->handleRequest(null, Object(Config\Cache), false)
 4 FCPATH\index.php(79): CodeIgniter\CodeIgniter->run()
WARNING - 2024-12-24 11:05:00 --> [DEPRECATED] Creation of dynamic property App\Controllers\HomeController::$imageModel is deprecated in APPPATH\Controllers\HomeController.php on line 21.
 1 SYSTEMPATH\CodeIgniter.php(913): App\Controllers\HomeController->__construct()
 2 SYSTEMPATH\CodeIgniter.php(493): CodeIgniter\CodeIgniter->createController()
 3 SYSTEMPATH\CodeIgniter.php(361): CodeIgniter\CodeIgniter->handleRequest(null, Object(Config\Cache), false)
 4 FCPATH\index.php(79): CodeIgniter\CodeIgniter->run()
WARNING - 2024-12-24 11:05:00 --> [DEPRECATED] Creation of dynamic property App\Controllers\HomeController::$areaModel is deprecated in APPPATH\Controllers\HomeController.php on line 22.
 1 SYSTEMPATH\CodeIgniter.php(913): App\Controllers\HomeController->__construct()
 2 SYSTEMPATH\CodeIgniter.php(493): CodeIgniter\CodeIgniter->createController()
 3 SYSTEMPATH\CodeIgniter.php(361): CodeIgniter\CodeIgniter->handleRequest(null, Object(Config\Cache), false)
 4 FCPATH\index.php(79): CodeIgniter\CodeIgniter->run()
WARNING - 2024-12-24 11:05:00 --> [DEPRECATED] Creation of dynamic property App\Controllers\HomeController::$foodModel is deprecated in APPPATH\Controllers\HomeController.php on line 23.
 1 SYSTEMPATH\CodeIgniter.php(913): App\Controllers\HomeController->__construct()
 2 SYSTEMPATH\CodeIgniter.php(493): CodeIgniter\CodeIgniter->createController()
 3 SYSTEMPATH\CodeIgniter.php(361): CodeIgniter\CodeIgniter->handleRequest(null, Object(Config\Cache), false)
 4 FCPATH\index.php(79): CodeIgniter\CodeIgniter->run()
WARNING - 2024-12-24 11:05:00 --> [DEPRECATED] Creation of dynamic property App\Controllers\HomeController::$blogModel is deprecated in APPPATH\Controllers\HomeController.php on line 24.
 1 SYSTEMPATH\CodeIgniter.php(913): App\Controllers\HomeController->__construct()
 2 SYSTEMPATH\CodeIgniter.php(493): CodeIgniter\CodeIgniter->createController()
 3 SYSTEMPATH\CodeIgniter.php(361): CodeIgniter\CodeIgniter->handleRequest(null, Object(Config\Cache), false)
 4 FCPATH\index.php(79): CodeIgniter\CodeIgniter->run()
WARNING - 2024-12-24 11:05:00 --> [DEPRECATED] Creation of dynamic property App\Controllers\HomeController::$citiesModel is deprecated in APPPATH\Controllers\HomeController.php on line 19.
 1 SYSTEMPATH\CodeIgniter.php(913): App\Controllers\HomeController->__construct()
 2 SYSTEMPATH\CodeIgniter.php(493): CodeIgniter\CodeIgniter->createController()
 3 SYSTEMPATH\CodeIgniter.php(361): CodeIgniter\CodeIgniter->handleRequest(null, Object(Config\Cache), false)
 4 FCPATH\index.php(79): CodeIgniter\CodeIgniter->run()
WARNING - 2024-12-24 11:05:00 --> [DEPRECATED] Creation of dynamic property App\Controllers\HomeController::$uttarakhandModel is deprecated in APPPATH\Controllers\HomeController.php on line 20.
 1 SYSTEMPATH\CodeIgniter.php(913): App\Controllers\HomeController->__construct()
 2 SYSTEMPATH\CodeIgniter.php(493): CodeIgniter\CodeIgniter->createController()
 3 SYSTEMPATH\CodeIgniter.php(361): CodeIgniter\CodeIgniter->handleRequest(null, Object(Config\Cache), false)
 4 FCPATH\index.php(79): CodeIgniter\CodeIgniter->run()
WARNING - 2024-12-24 11:05:00 --> [DEPRECATED] Creation of dynamic property App\Controllers\HomeController::$imageModel is deprecated in APPPATH\Controllers\HomeController.php on line 21.
 1 SYSTEMPATH\CodeIgniter.php(913): App\Controllers\HomeController->__construct()
 2 SYSTEMPATH\CodeIgniter.php(493): CodeIgniter\CodeIgniter->createController()
 3 SYSTEMPATH\CodeIgniter.php(361): CodeIgniter\CodeIgniter->handleRequest(null, Object(Config\Cache), false)
 4 FCPATH\index.php(79): CodeIgniter\CodeIgniter->run()
WARNING - 2024-12-24 11:05:00 --> [DEPRECATED] Creation of dynamic property App\Controllers\HomeController::$areaModel is deprecated in APPPATH\Controllers\HomeController.php on line 22.
 1 SYSTEMPATH\CodeIgniter.php(913): App\Controllers\HomeController->__construct()
 2 SYSTEMPATH\CodeIgniter.php(493): CodeIgniter\CodeIgniter->createController()
 3 SYSTEMPATH\CodeIgniter.php(361): CodeIgniter\CodeIgniter->handleRequest(null, Object(Config\Cache), false)
 4 FCPATH\index.php(79): CodeIgniter\CodeIgniter->run()
WARNING - 2024-12-24 11:05:00 --> [DEPRECATED] Creation of dynamic property App\Controllers\HomeController::$foodModel is deprecated in APPPATH\Controllers\HomeController.php on line 23.
 1 SYSTEMPATH\CodeIgniter.php(913): App\Controllers\HomeController->__construct()
 2 SYSTEMPATH\CodeIgniter.php(493): CodeIgniter\CodeIgniter->createController()
 3 SYSTEMPATH\CodeIgniter.php(361): CodeIgniter\CodeIgniter->handleRequest(null, Object(Config\Cache), false)
 4 FCPATH\index.php(79): CodeIgniter\CodeIgniter->run()
WARNING - 2024-12-24 11:05:00 --> [DEPRECATED] Creation of dynamic property App\Controllers\HomeController::$blogModel is deprecated in APPPATH\Controllers\HomeController.php on line 24.
 1 SYSTEMPATH\CodeIgniter.php(913): App\Controllers\HomeController->__construct()
 2 SYSTEMPATH\CodeIgniter.php(493): CodeIgniter\CodeIgniter->createController()
 3 SYSTEMPATH\CodeIgniter.php(361): CodeIgniter\CodeIgniter->handleRequest(null, Object(Config\Cache), false)
 4 FCPATH\index.php(79): CodeIgniter\CodeIgniter->run()
WARNING - 2024-12-24 11:05:05 --> [DEPRECATED] Creation of dynamic property App\Controllers\HomeController::$citiesModel is deprecated in APPPATH\Controllers\HomeController.php on line 19.
 1 SYSTEMPATH\CodeIgniter.php(913): App\Controllers\HomeController->__construct()
 2 SYSTEMPATH\CodeIgniter.php(493): CodeIgniter\CodeIgniter->createController()
 3 SYSTEMPATH\CodeIgniter.php(361): CodeIgniter\CodeIgniter->handleRequest(null, Object(Config\Cache), false)
 4 FCPATH\index.php(79): CodeIgniter\CodeIgniter->run()
WARNING - 2024-12-24 11:05:06 --> [DEPRECATED] Creation of dynamic property App\Controllers\HomeController::$uttarakhandModel is deprecated in APPPATH\Controllers\HomeController.php on line 20.
 1 SYSTEMPATH\CodeIgniter.php(913): App\Controllers\HomeController->__construct()
 2 SYSTEMPATH\CodeIgniter.php(493): CodeIgniter\CodeIgniter->createController()
 3 SYSTEMPATH\CodeIgniter.php(361): CodeIgniter\CodeIgniter->handleRequest(null, Object(Config\Cache), false)
 4 FCPATH\index.php(79): CodeIgniter\CodeIgniter->run()
WARNING - 2024-12-24 11:05:06 --> [DEPRECATED] Creation of dynamic property App\Controllers\HomeController::$imageModel is deprecated in APPPATH\Controllers\HomeController.php on line 21.
 1 SYSTEMPATH\CodeIgniter.php(913): App\Controllers\HomeController->__construct()
 2 SYSTEMPATH\CodeIgniter.php(493): CodeIgniter\CodeIgniter->createController()
 3 SYSTEMPATH\CodeIgniter.php(361): CodeIgniter\CodeIgniter->handleRequest(null, Object(Config\Cache), false)
 4 FCPATH\index.php(79): CodeIgniter\CodeIgniter->run()
WARNING - 2024-12-24 11:05:06 --> [DEPRECATED] Creation of dynamic property App\Controllers\HomeController::$areaModel is deprecated in APPPATH\Controllers\HomeController.php on line 22.
 1 SYSTEMPATH\CodeIgniter.php(913): App\Controllers\HomeController->__construct()
 2 SYSTEMPATH\CodeIgniter.php(493): CodeIgniter\CodeIgniter->createController()
 3 SYSTEMPATH\CodeIgniter.php(361): CodeIgniter\CodeIgniter->handleRequest(null, Object(Config\Cache), false)
 4 FCPATH\index.php(79): CodeIgniter\CodeIgniter->run()
WARNING - 2024-12-24 11:05:06 --> [DEPRECATED] Creation of dynamic property App\Controllers\HomeController::$foodModel is deprecated in APPPATH\Controllers\HomeController.php on line 23.
 1 SYSTEMPATH\CodeIgniter.php(913): App\Controllers\HomeController->__construct()
 2 SYSTEMPATH\CodeIgniter.php(493): CodeIgniter\CodeIgniter->createController()
 3 SYSTEMPATH\CodeIgniter.php(361): CodeIgniter\CodeIgniter->handleRequest(null, Object(Config\Cache), false)
 4 FCPATH\index.php(79): CodeIgniter\CodeIgniter->run()
WARNING - 2024-12-24 11:05:06 --> [DEPRECATED] Creation of dynamic property App\Controllers\HomeController::$blogModel is deprecated in APPPATH\Controllers\HomeController.php on line 24.
 1 SYSTEMPATH\CodeIgniter.php(913): App\Controllers\HomeController->__construct()
 2 SYSTEMPATH\CodeIgniter.php(493): CodeIgniter\CodeIgniter->createController()
 3 SYSTEMPATH\CodeIgniter.php(361): CodeIgniter\CodeIgniter->handleRequest(null, Object(Config\Cache), false)
 4 FCPATH\index.php(79): CodeIgniter\CodeIgniter->run()
WARNING - 2024-12-24 11:05:06 --> [DEPRECATED] Creation of dynamic property App\Controllers\HomeController::$citiesModel is deprecated in APPPATH\Controllers\HomeController.php on line 19.
 1 SYSTEMPATH\CodeIgniter.php(913): App\Controllers\HomeController->__construct()
 2 SYSTEMPATH\CodeIgniter.php(493): CodeIgniter\CodeIgniter->createController()
 3 SYSTEMPATH\CodeIgniter.php(361): CodeIgniter\CodeIgniter->handleRequest(null, Object(Config\Cache), false)
 4 FCPATH\index.php(79): CodeIgniter\CodeIgniter->run()
WARNING - 2024-12-24 11:05:06 --> [DEPRECATED] Creation of dynamic property App\Controllers\HomeController::$uttarakhandModel is deprecated in APPPATH\Controllers\HomeController.php on line 20.
 1 SYSTEMPATH\CodeIgniter.php(913): App\Controllers\HomeController->__construct()
 2 SYSTEMPATH\CodeIgniter.php(493): CodeIgniter\CodeIgniter->createController()
 3 SYSTEMPATH\CodeIgniter.php(361): CodeIgniter\CodeIgniter->handleRequest(null, Object(Config\Cache), false)
 4 FCPATH\index.php(79): CodeIgniter\CodeIgniter->run()
WARNING - 2024-12-24 11:05:06 --> [DEPRECATED] Creation of dynamic property App\Controllers\HomeController::$imageModel is deprecated in APPPATH\Controllers\HomeController.php on line 21.
 1 SYSTEMPATH\CodeIgniter.php(913): App\Controllers\HomeController->__construct()
 2 SYSTEMPATH\CodeIgniter.php(493): CodeIgniter\CodeIgniter->createController()
 3 SYSTEMPATH\CodeIgniter.php(361): CodeIgniter\CodeIgniter->handleRequest(null, Object(Config\Cache), false)
 4 FCPATH\index.php(79): CodeIgniter\CodeIgniter->run()
WARNING - 2024-12-24 11:05:06 --> [DEPRECATED] Creation of dynamic property App\Controllers\HomeController::$areaModel is deprecated in APPPATH\Controllers\HomeController.php on line 22.
 1 SYSTEMPATH\CodeIgniter.php(913): App\Controllers\HomeController->__construct()
 2 SYSTEMPATH\CodeIgniter.php(493): CodeIgniter\CodeIgniter->createController()
 3 SYSTEMPATH\CodeIgniter.php(361): CodeIgniter\CodeIgniter->handleRequest(null, Object(Config\Cache), false)
 4 FCPATH\index.php(79): CodeIgniter\CodeIgniter->run()
WARNING - 2024-12-24 11:05:06 --> [DEPRECATED] Creation of dynamic property App\Controllers\HomeController::$foodModel is deprecated in APPPATH\Controllers\HomeController.php on line 23.
 1 SYSTEMPATH\CodeIgniter.php(913): App\Controllers\HomeController->__construct()
 2 SYSTEMPATH\CodeIgniter.php(493): CodeIgniter\CodeIgniter->createController()
 3 SYSTEMPATH\CodeIgniter.php(361): CodeIgniter\CodeIgniter->handleRequest(null, Object(Config\Cache), false)
 4 FCPATH\index.php(79): CodeIgniter\CodeIgniter->run()
WARNING - 2024-12-24 11:05:06 --> [DEPRECATED] Creation of dynamic property App\Controllers\HomeController::$blogModel is deprecated in APPPATH\Controllers\HomeController.php on line 24.
 1 SYSTEMPATH\CodeIgniter.php(913): App\Controllers\HomeController->__construct()
 2 SYSTEMPATH\CodeIgniter.php(493): CodeIgniter\CodeIgniter->createController()
 3 SYSTEMPATH\CodeIgniter.php(361): CodeIgniter\CodeIgniter->handleRequest(null, Object(Config\Cache), false)
 4 FCPATH\index.php(79): CodeIgniter\CodeIgniter->run()
WARNING - 2024-12-24 11:05:06 --> [DEPRECATED] Creation of dynamic property App\Controllers\HomeController::$citiesModel is deprecated in APPPATH\Controllers\HomeController.php on line 19.
 1 SYSTEMPATH\CodeIgniter.php(913): App\Controllers\HomeController->__construct()
 2 SYSTEMPATH\CodeIgniter.php(493): CodeIgniter\CodeIgniter->createController()
 3 SYSTEMPATH\CodeIgniter.php(361): CodeIgniter\CodeIgniter->handleRequest(null, Object(Config\Cache), false)
 4 FCPATH\index.php(79): CodeIgniter\CodeIgniter->run()
WARNING - 2024-12-24 11:05:06 --> [DEPRECATED] Creation of dynamic property App\Controllers\HomeController::$uttarakhandModel is deprecated in APPPATH\Controllers\HomeController.php on line 20.
 1 SYSTEMPATH\CodeIgniter.php(913): App\Controllers\HomeController->__construct()
 2 SYSTEMPATH\CodeIgniter.php(493): CodeIgniter\CodeIgniter->createController()
 3 SYSTEMPATH\CodeIgniter.php(361): CodeIgniter\CodeIgniter->handleRequest(null, Object(Config\Cache), false)
 4 FCPATH\index.php(79): CodeIgniter\CodeIgniter->run()
WARNING - 2024-12-24 11:05:06 --> [DEPRECATED] Creation of dynamic property App\Controllers\HomeController::$imageModel is deprecated in APPPATH\Controllers\HomeController.php on line 21.
 1 SYSTEMPATH\CodeIgniter.php(913): App\Controllers\HomeController->__construct()
 2 SYSTEMPATH\CodeIgniter.php(493): CodeIgniter\CodeIgniter->createController()
 3 SYSTEMPATH\CodeIgniter.php(361): CodeIgniter\CodeIgniter->handleRequest(null, Object(Config\Cache), false)
 4 FCPATH\index.php(79): CodeIgniter\CodeIgniter->run()
WARNING - 2024-12-24 11:05:06 --> [DEPRECATED] Creation of dynamic property App\Controllers\HomeController::$areaModel is deprecated in APPPATH\Controllers\HomeController.php on line 22.
 1 SYSTEMPATH\CodeIgniter.php(913): App\Controllers\HomeController->__construct()
 2 SYSTEMPATH\CodeIgniter.php(493): CodeIgniter\CodeIgniter->createController()
 3 SYSTEMPATH\CodeIgniter.php(361): CodeIgniter\CodeIgniter->handleRequest(null, Object(Config\Cache), false)
 4 FCPATH\index.php(79): CodeIgniter\CodeIgniter->run()
WARNING - 2024-12-24 11:05:06 --> [DEPRECATED] Creation of dynamic property App\Controllers\HomeController::$foodModel is deprecated in APPPATH\Controllers\HomeController.php on line 23.
 1 SYSTEMPATH\CodeIgniter.php(913): App\Controllers\HomeController->__construct()
 2 SYSTEMPATH\CodeIgniter.php(493): CodeIgniter\CodeIgniter->createController()
 3 SYSTEMPATH\CodeIgniter.php(361): CodeIgniter\CodeIgniter->handleRequest(null, Object(Config\Cache), false)
 4 FCPATH\index.php(79): CodeIgniter\CodeIgniter->run()
WARNING - 2024-12-24 11:05:06 --> [DEPRECATED] Creation of dynamic property App\Controllers\HomeController::$blogModel is deprecated in APPPATH\Controllers\HomeController.php on line 24.
 1 SYSTEMPATH\CodeIgniter.php(913): App\Controllers\HomeController->__construct()
 2 SYSTEMPATH\CodeIgniter.php(493): CodeIgniter\CodeIgniter->createController()
 3 SYSTEMPATH\CodeIgniter.php(361): CodeIgniter\CodeIgniter->handleRequest(null, Object(Config\Cache), false)
 4 FCPATH\index.php(79): CodeIgniter\CodeIgniter->run()
WARNING - 2024-12-24 11:05:10 --> [DEPRECATED] Creation of dynamic property App\Controllers\HomeController::$citiesModel is deprecated in APPPATH\Controllers\HomeController.php on line 19.
 1 SYSTEMPATH\CodeIgniter.php(913): App\Controllers\HomeController->__construct()
 2 SYSTEMPATH\CodeIgniter.php(493): CodeIgniter\CodeIgniter->createController()
 3 SYSTEMPATH\CodeIgniter.php(361): CodeIgniter\CodeIgniter->handleRequest(null, Object(Config\Cache), false)
 4 FCPATH\index.php(79): CodeIgniter\CodeIgniter->run()
WARNING - 2024-12-24 11:05:10 --> [DEPRECATED] Creation of dynamic property App\Controllers\HomeController::$uttarakhandModel is deprecated in APPPATH\Controllers\HomeController.php on line 20.
 1 SYSTEMPATH\CodeIgniter.php(913): App\Controllers\HomeController->__construct()
 2 SYSTEMPATH\CodeIgniter.php(493): CodeIgniter\CodeIgniter->createController()
 3 SYSTEMPATH\CodeIgniter.php(361): CodeIgniter\CodeIgniter->handleRequest(null, Object(Config\Cache), false)
 4 FCPATH\index.php(79): CodeIgniter\CodeIgniter->run()
WARNING - 2024-12-24 11:05:10 --> [DEPRECATED] Creation of dynamic property App\Controllers\HomeController::$imageModel is deprecated in APPPATH\Controllers\HomeController.php on line 21.
 1 SYSTEMPATH\CodeIgniter.php(913): App\Controllers\HomeController->__construct()
 2 SYSTEMPATH\CodeIgniter.php(493): CodeIgniter\CodeIgniter->createController()
 3 SYSTEMPATH\CodeIgniter.php(361): CodeIgniter\CodeIgniter->handleRequest(null, Object(Config\Cache), false)
 4 FCPATH\index.php(79): CodeIgniter\CodeIgniter->run()
WARNING - 2024-12-24 11:05:10 --> [DEPRECATED] Creation of dynamic property App\Controllers\HomeController::$areaModel is deprecated in APPPATH\Controllers\HomeController.php on line 22.
 1 SYSTEMPATH\CodeIgniter.php(913): App\Controllers\HomeController->__construct()
 2 SYSTEMPATH\CodeIgniter.php(493): CodeIgniter\CodeIgniter->createController()
 3 SYSTEMPATH\CodeIgniter.php(361): CodeIgniter\CodeIgniter->handleRequest(null, Object(Config\Cache), false)
 4 FCPATH\index.php(79): CodeIgniter\CodeIgniter->run()
WARNING - 2024-12-24 11:05:10 --> [DEPRECATED] Creation of dynamic property App\Controllers\HomeController::$foodModel is deprecated in APPPATH\Controllers\HomeController.php on line 23.
 1 SYSTEMPATH\CodeIgniter.php(913): App\Controllers\HomeController->__construct()
 2 SYSTEMPATH\CodeIgniter.php(493): CodeIgniter\CodeIgniter->createController()
 3 SYSTEMPATH\CodeIgniter.php(361): CodeIgniter\CodeIgniter->handleRequest(null, Object(Config\Cache), false)
 4 FCPATH\index.php(79): CodeIgniter\CodeIgniter->run()
WARNING - 2024-12-24 11:05:10 --> [DEPRECATED] Creation of dynamic property App\Controllers\HomeController::$blogModel is deprecated in APPPATH\Controllers\HomeController.php on line 24.
 1 SYSTEMPATH\CodeIgniter.php(913): App\Controllers\HomeController->__construct()
 2 SYSTEMPATH\CodeIgniter.php(493): CodeIgniter\CodeIgniter->createController()
 3 SYSTEMPATH\CodeIgniter.php(361): CodeIgniter\CodeIgniter->handleRequest(null, Object(Config\Cache), false)
 4 FCPATH\index.php(79): CodeIgniter\CodeIgniter->run()
WARNING - 2024-12-24 11:05:47 --> [DEPRECATED] Creation of dynamic property App\Controllers\HomeController::$citiesModel is deprecated in APPPATH\Controllers\HomeController.php on line 19.
 1 SYSTEMPATH\CodeIgniter.php(913): App\Controllers\HomeController->__construct()
 2 SYSTEMPATH\CodeIgniter.php(493): CodeIgniter\CodeIgniter->createController()
 3 SYSTEMPATH\CodeIgniter.php(361): CodeIgniter\CodeIgniter->handleRequest(null, Object(Config\Cache), false)
 4 FCPATH\index.php(79): CodeIgniter\CodeIgniter->run()
WARNING - 2024-12-24 11:05:47 --> [DEPRECATED] Creation of dynamic property App\Controllers\HomeController::$uttarakhandModel is deprecated in APPPATH\Controllers\HomeController.php on line 20.
 1 SYSTEMPATH\CodeIgniter.php(913): App\Controllers\HomeController->__construct()
 2 SYSTEMPATH\CodeIgniter.php(493): CodeIgniter\CodeIgniter->createController()
 3 SYSTEMPATH\CodeIgniter.php(361): CodeIgniter\CodeIgniter->handleRequest(null, Object(Config\Cache), false)
 4 FCPATH\index.php(79): CodeIgniter\CodeIgniter->run()
WARNING - 2024-12-24 11:05:47 --> [DEPRECATED] Creation of dynamic property App\Controllers\HomeController::$imageModel is deprecated in APPPATH\Controllers\HomeController.php on line 21.
 1 SYSTEMPATH\CodeIgniter.php(913): App\Controllers\HomeController->__construct()
 2 SYSTEMPATH\CodeIgniter.php(493): CodeIgniter\CodeIgniter->createController()
 3 SYSTEMPATH\CodeIgniter.php(361): CodeIgniter\CodeIgniter->handleRequest(null, Object(Config\Cache), false)
 4 FCPATH\index.php(79): CodeIgniter\CodeIgniter->run()
WARNING - 2024-12-24 11:05:47 --> [DEPRECATED] Creation of dynamic property App\Controllers\HomeController::$areaModel is deprecated in APPPATH\Controllers\HomeController.php on line 22.
 1 SYSTEMPATH\CodeIgniter.php(913): App\Controllers\HomeController->__construct()
 2 SYSTEMPATH\CodeIgniter.php(493): CodeIgniter\CodeIgniter->createController()
 3 SYSTEMPATH\CodeIgniter.php(361): CodeIgniter\CodeIgniter->handleRequest(null, Object(Config\Cache), false)
 4 FCPATH\index.php(79): CodeIgniter\CodeIgniter->run()
WARNING - 2024-12-24 11:05:47 --> [DEPRECATED] Creation of dynamic property App\Controllers\HomeController::$foodModel is deprecated in APPPATH\Controllers\HomeController.php on line 23.
 1 SYSTEMPATH\CodeIgniter.php(913): App\Controllers\HomeController->__construct()
 2 SYSTEMPATH\CodeIgniter.php(493): CodeIgniter\CodeIgniter->createController()
 3 SYSTEMPATH\CodeIgniter.php(361): CodeIgniter\CodeIgniter->handleRequest(null, Object(Config\Cache), false)
 4 FCPATH\index.php(79): CodeIgniter\CodeIgniter->run()
WARNING - 2024-12-24 11:05:47 --> [DEPRECATED] Creation of dynamic property App\Controllers\HomeController::$blogModel is deprecated in APPPATH\Controllers\HomeController.php on line 24.
 1 SYSTEMPATH\CodeIgniter.php(913): App\Controllers\HomeController->__construct()
 2 SYSTEMPATH\CodeIgniter.php(493): CodeIgniter\CodeIgniter->createController()
 3 SYSTEMPATH\CodeIgniter.php(361): CodeIgniter\CodeIgniter->handleRequest(null, Object(Config\Cache), false)
 4 FCPATH\index.php(79): CodeIgniter\CodeIgniter->run()
WARNING - 2024-12-24 11:05:53 --> [DEPRECATED] Creation of dynamic property App\Controllers\HomeController::$citiesModel is deprecated in APPPATH\Controllers\HomeController.php on line 19.
 1 SYSTEMPATH\CodeIgniter.php(913): App\Controllers\HomeController->__construct()
 2 SYSTEMPATH\CodeIgniter.php(493): CodeIgniter\CodeIgniter->createController()
 3 SYSTEMPATH\CodeIgniter.php(361): CodeIgniter\CodeIgniter->handleRequest(null, Object(Config\Cache), false)
 4 FCPATH\index.php(79): CodeIgniter\CodeIgniter->run()
WARNING - 2024-12-24 11:05:53 --> [DEPRECATED] Creation of dynamic property App\Controllers\HomeController::$uttarakhandModel is deprecated in APPPATH\Controllers\HomeController.php on line 20.
 1 SYSTEMPATH\CodeIgniter.php(913): App\Controllers\HomeController->__construct()
 2 SYSTEMPATH\CodeIgniter.php(493): CodeIgniter\CodeIgniter->createController()
 3 SYSTEMPATH\CodeIgniter.php(361): CodeIgniter\CodeIgniter->handleRequest(null, Object(Config\Cache), false)
 4 FCPATH\index.php(79): CodeIgniter\CodeIgniter->run()
WARNING - 2024-12-24 11:05:53 --> [DEPRECATED] Creation of dynamic property App\Controllers\HomeController::$imageModel is deprecated in APPPATH\Controllers\HomeController.php on line 21.
 1 SYSTEMPATH\CodeIgniter.php(913): App\Controllers\HomeController->__construct()
 2 SYSTEMPATH\CodeIgniter.php(493): CodeIgniter\CodeIgniter->createController()
 3 SYSTEMPATH\CodeIgniter.php(361): CodeIgniter\CodeIgniter->handleRequest(null, Object(Config\Cache), false)
 4 FCPATH\index.php(79): CodeIgniter\CodeIgniter->run()
WARNING - 2024-12-24 11:05:53 --> [DEPRECATED] Creation of dynamic property App\Controllers\HomeController::$areaModel is deprecated in APPPATH\Controllers\HomeController.php on line 22.
 1 SYSTEMPATH\CodeIgniter.php(913): App\Controllers\HomeController->__construct()
 2 SYSTEMPATH\CodeIgniter.php(493): CodeIgniter\CodeIgniter->createController()
 3 SYSTEMPATH\CodeIgniter.php(361): CodeIgniter\CodeIgniter->handleRequest(null, Object(Config\Cache), false)
 4 FCPATH\index.php(79): CodeIgniter\CodeIgniter->run()
WARNING - 2024-12-24 11:05:53 --> [DEPRECATED] Creation of dynamic property App\Controllers\HomeController::$foodModel is deprecated in APPPATH\Controllers\HomeController.php on line 23.
 1 SYSTEMPATH\CodeIgniter.php(913): App\Controllers\HomeController->__construct()
 2 SYSTEMPATH\CodeIgniter.php(493): CodeIgniter\CodeIgniter->createController()
 3 SYSTEMPATH\CodeIgniter.php(361): CodeIgniter\CodeIgniter->handleRequest(null, Object(Config\Cache), false)
 4 FCPATH\index.php(79): CodeIgniter\CodeIgniter->run()
WARNING - 2024-12-24 11:05:53 --> [DEPRECATED] Creation of dynamic property App\Controllers\HomeController::$blogModel is deprecated in APPPATH\Controllers\HomeController.php on line 24.
 1 SYSTEMPATH\CodeIgniter.php(913): App\Controllers\HomeController->__construct()
 2 SYSTEMPATH\CodeIgniter.php(493): CodeIgniter\CodeIgniter->createController()
 3 SYSTEMPATH\CodeIgniter.php(361): CodeIgniter\CodeIgniter->handleRequest(null, Object(Config\Cache), false)
 4 FCPATH\index.php(79): CodeIgniter\CodeIgniter->run()
WARNING - 2024-12-24 11:05:53 --> [DEPRECATED] Creation of dynamic property App\Controllers\HomeController::$citiesModel is deprecated in APPPATH\Controllers\HomeController.php on line 19.
 1 SYSTEMPATH\CodeIgniter.php(913): App\Controllers\HomeController->__construct()
 2 SYSTEMPATH\CodeIgniter.php(493): CodeIgniter\CodeIgniter->createController()
 3 SYSTEMPATH\CodeIgniter.php(361): CodeIgniter\CodeIgniter->handleRequest(null, Object(Config\Cache), false)
 4 FCPATH\index.php(79): CodeIgniter\CodeIgniter->run()
WARNING - 2024-12-24 11:05:53 --> [DEPRECATED] Creation of dynamic property App\Controllers\HomeController::$uttarakhandModel is deprecated in APPPATH\Controllers\HomeController.php on line 20.
 1 SYSTEMPATH\CodeIgniter.php(913): App\Controllers\HomeController->__construct()
 2 SYSTEMPATH\CodeIgniter.php(493): CodeIgniter\CodeIgniter->createController()
 3 SYSTEMPATH\CodeIgniter.php(361): CodeIgniter\CodeIgniter->handleRequest(null, Object(Config\Cache), false)
 4 FCPATH\index.php(79): CodeIgniter\CodeIgniter->run()
WARNING - 2024-12-24 11:05:53 --> [DEPRECATED] Creation of dynamic property App\Controllers\HomeController::$imageModel is deprecated in APPPATH\Controllers\HomeController.php on line 21.
 1 SYSTEMPATH\CodeIgniter.php(913): App\Controllers\HomeController->__construct()
 2 SYSTEMPATH\CodeIgniter.php(493): CodeIgniter\CodeIgniter->createController()
 3 SYSTEMPATH\CodeIgniter.php(361): CodeIgniter\CodeIgniter->handleRequest(null, Object(Config\Cache), false)
 4 FCPATH\index.php(79): CodeIgniter\CodeIgniter->run()
WARNING - 2024-12-24 11:05:53 --> [DEPRECATED] Creation of dynamic property App\Controllers\HomeController::$areaModel is deprecated in APPPATH\Controllers\HomeController.php on line 22.
 1 SYSTEMPATH\CodeIgniter.php(913): App\Controllers\HomeController->__construct()
 2 SYSTEMPATH\CodeIgniter.php(493): CodeIgniter\CodeIgniter->createController()
 3 SYSTEMPATH\CodeIgniter.php(361): CodeIgniter\CodeIgniter->handleRequest(null, Object(Config\Cache), false)
 4 FCPATH\index.php(79): CodeIgniter\CodeIgniter->run()
WARNING - 2024-12-24 11:05:53 --> [DEPRECATED] Creation of dynamic property App\Controllers\HomeController::$foodModel is deprecated in APPPATH\Controllers\HomeController.php on line 23.
 1 SYSTEMPATH\CodeIgniter.php(913): App\Controllers\HomeController->__construct()
 2 SYSTEMPATH\CodeIgniter.php(493): CodeIgniter\CodeIgniter->createController()
 3 SYSTEMPATH\CodeIgniter.php(361): CodeIgniter\CodeIgniter->handleRequest(null, Object(Config\Cache), false)
 4 FCPATH\index.php(79): CodeIgniter\CodeIgniter->run()
WARNING - 2024-12-24 11:05:53 --> [DEPRECATED] Creation of dynamic property App\Controllers\HomeController::$blogModel is deprecated in APPPATH\Controllers\HomeController.php on line 24.
 1 SYSTEMPATH\CodeIgniter.php(913): App\Controllers\HomeController->__construct()
 2 SYSTEMPATH\CodeIgniter.php(493): CodeIgniter\CodeIgniter->createController()
 3 SYSTEMPATH\CodeIgniter.php(361): CodeIgniter\CodeIgniter->handleRequest(null, Object(Config\Cache), false)
 4 FCPATH\index.php(79): CodeIgniter\CodeIgniter->run()
WARNING - 2024-12-24 11:05:53 --> [DEPRECATED] Creation of dynamic property App\Controllers\HomeController::$citiesModel is deprecated in APPPATH\Controllers\HomeController.php on line 19.
 1 SYSTEMPATH\CodeIgniter.php(913): App\Controllers\HomeController->__construct()
 2 SYSTEMPATH\CodeIgniter.php(493): CodeIgniter\CodeIgniter->createController()
 3 SYSTEMPATH\CodeIgniter.php(361): CodeIgniter\CodeIgniter->handleRequest(null, Object(Config\Cache), false)
 4 FCPATH\index.php(79): CodeIgniter\CodeIgniter->run()
WARNING - 2024-12-24 11:05:53 --> [DEPRECATED] Creation of dynamic property App\Controllers\HomeController::$uttarakhandModel is deprecated in APPPATH\Controllers\HomeController.php on line 20.
 1 SYSTEMPATH\CodeIgniter.php(913): App\Controllers\HomeController->__construct()
 2 SYSTEMPATH\CodeIgniter.php(493): CodeIgniter\CodeIgniter->createController()
 3 SYSTEMPATH\CodeIgniter.php(361): CodeIgniter\CodeIgniter->handleRequest(null, Object(Config\Cache), false)
 4 FCPATH\index.php(79): CodeIgniter\CodeIgniter->run()
WARNING - 2024-12-24 11:05:53 --> [DEPRECATED] Creation of dynamic property App\Controllers\HomeController::$imageModel is deprecated in APPPATH\Controllers\HomeController.php on line 21.
 1 SYSTEMPATH\CodeIgniter.php(913): App\Controllers\HomeController->__construct()
 2 SYSTEMPATH\CodeIgniter.php(493): CodeIgniter\CodeIgniter->createController()
 3 SYSTEMPATH\CodeIgniter.php(361): CodeIgniter\CodeIgniter->handleRequest(null, Object(Config\Cache), false)
 4 FCPATH\index.php(79): CodeIgniter\CodeIgniter->run()
WARNING - 2024-12-24 11:05:53 --> [DEPRECATED] Creation of dynamic property App\Controllers\HomeController::$areaModel is deprecated in APPPATH\Controllers\HomeController.php on line 22.
 1 SYSTEMPATH\CodeIgniter.php(913): App\Controllers\HomeController->__construct()
 2 SYSTEMPATH\CodeIgniter.php(493): CodeIgniter\CodeIgniter->createController()
 3 SYSTEMPATH\CodeIgniter.php(361): CodeIgniter\CodeIgniter->handleRequest(null, Object(Config\Cache), false)
 4 FCPATH\index.php(79): CodeIgniter\CodeIgniter->run()
WARNING - 2024-12-24 11:05:53 --> [DEPRECATED] Creation of dynamic property App\Controllers\HomeController::$foodModel is deprecated in APPPATH\Controllers\HomeController.php on line 23.
 1 SYSTEMPATH\CodeIgniter.php(913): App\Controllers\HomeController->__construct()
 2 SYSTEMPATH\CodeIgniter.php(493): CodeIgniter\CodeIgniter->createController()
 3 SYSTEMPATH\CodeIgniter.php(361): CodeIgniter\CodeIgniter->handleRequest(null, Object(Config\Cache), false)
 4 FCPATH\index.php(79): CodeIgniter\CodeIgniter->run()
WARNING - 2024-12-24 11:05:53 --> [DEPRECATED] Creation of dynamic property App\Controllers\HomeController::$blogModel is deprecated in APPPATH\Controllers\HomeController.php on line 24.
 1 SYSTEMPATH\CodeIgniter.php(913): App\Controllers\HomeController->__construct()
 2 SYSTEMPATH\CodeIgniter.php(493): CodeIgniter\CodeIgniter->createController()
 3 SYSTEMPATH\CodeIgniter.php(361): CodeIgniter\CodeIgniter->handleRequest(null, Object(Config\Cache), false)
 4 FCPATH\index.php(79): CodeIgniter\CodeIgniter->run()
WARNING - 2024-12-24 11:07:46 --> [DEPRECATED] Creation of dynamic property App\Controllers\HomeController::$citiesModel is deprecated in APPPATH\Controllers\HomeController.php on line 19.
 1 SYSTEMPATH\CodeIgniter.php(913): App\Controllers\HomeController->__construct()
 2 SYSTEMPATH\CodeIgniter.php(493): CodeIgniter\CodeIgniter->createController()
 3 SYSTEMPATH\CodeIgniter.php(361): CodeIgniter\CodeIgniter->handleRequest(null, Object(Config\Cache), false)
 4 FCPATH\index.php(79): CodeIgniter\CodeIgniter->run()
WARNING - 2024-12-24 11:07:46 --> [DEPRECATED] Creation of dynamic property App\Controllers\HomeController::$uttarakhandModel is deprecated in APPPATH\Controllers\HomeController.php on line 20.
 1 SYSTEMPATH\CodeIgniter.php(913): App\Controllers\HomeController->__construct()
 2 SYSTEMPATH\CodeIgniter.php(493): CodeIgniter\CodeIgniter->createController()
 3 SYSTEMPATH\CodeIgniter.php(361): CodeIgniter\CodeIgniter->handleRequest(null, Object(Config\Cache), false)
 4 FCPATH\index.php(79): CodeIgniter\CodeIgniter->run()
WARNING - 2024-12-24 11:07:46 --> [DEPRECATED] Creation of dynamic property App\Controllers\HomeController::$imageModel is deprecated in APPPATH\Controllers\HomeController.php on line 21.
 1 SYSTEMPATH\CodeIgniter.php(913): App\Controllers\HomeController->__construct()
 2 SYSTEMPATH\CodeIgniter.php(493): CodeIgniter\CodeIgniter->createController()
 3 SYSTEMPATH\CodeIgniter.php(361): CodeIgniter\CodeIgniter->handleRequest(null, Object(Config\Cache), false)
 4 FCPATH\index.php(79): CodeIgniter\CodeIgniter->run()
WARNING - 2024-12-24 11:07:46 --> [DEPRECATED] Creation of dynamic property App\Controllers\HomeController::$areaModel is deprecated in APPPATH\Controllers\HomeController.php on line 22.
 1 SYSTEMPATH\CodeIgniter.php(913): App\Controllers\HomeController->__construct()
 2 SYSTEMPATH\CodeIgniter.php(493): CodeIgniter\CodeIgniter->createController()
 3 SYSTEMPATH\CodeIgniter.php(361): CodeIgniter\CodeIgniter->handleRequest(null, Object(Config\Cache), false)
 4 FCPATH\index.php(79): CodeIgniter\CodeIgniter->run()
WARNING - 2024-12-24 11:07:46 --> [DEPRECATED] Creation of dynamic property App\Controllers\HomeController::$foodModel is deprecated in APPPATH\Controllers\HomeController.php on line 23.
 1 SYSTEMPATH\CodeIgniter.php(913): App\Controllers\HomeController->__construct()
 2 SYSTEMPATH\CodeIgniter.php(493): CodeIgniter\CodeIgniter->createController()
 3 SYSTEMPATH\CodeIgniter.php(361): CodeIgniter\CodeIgniter->handleRequest(null, Object(Config\Cache), false)
 4 FCPATH\index.php(79): CodeIgniter\CodeIgniter->run()
WARNING - 2024-12-24 11:07:46 --> [DEPRECATED] Creation of dynamic property App\Controllers\HomeController::$blogModel is deprecated in APPPATH\Controllers\HomeController.php on line 24.
 1 SYSTEMPATH\CodeIgniter.php(913): App\Controllers\HomeController->__construct()
 2 SYSTEMPATH\CodeIgniter.php(493): CodeIgniter\CodeIgniter->createController()
 3 SYSTEMPATH\CodeIgniter.php(361): CodeIgniter\CodeIgniter->handleRequest(null, Object(Config\Cache), false)
 4 FCPATH\index.php(79): CodeIgniter\CodeIgniter->run()
WARNING - 2024-12-24 11:07:46 --> [DEPRECATED] Creation of dynamic property App\Controllers\HomeController::$citiesModel is deprecated in APPPATH\Controllers\HomeController.php on line 19.
 1 SYSTEMPATH\CodeIgniter.php(913): App\Controllers\HomeController->__construct()
 2 SYSTEMPATH\CodeIgniter.php(493): CodeIgniter\CodeIgniter->createController()
 3 SYSTEMPATH\CodeIgniter.php(361): CodeIgniter\CodeIgniter->handleRequest(null, Object(Config\Cache), false)
 4 FCPATH\index.php(79): CodeIgniter\CodeIgniter->run()
WARNING - 2024-12-24 11:07:46 --> [DEPRECATED] Creation of dynamic property App\Controllers\HomeController::$uttarakhandModel is deprecated in APPPATH\Controllers\HomeController.php on line 20.
 1 SYSTEMPATH\CodeIgniter.php(913): App\Controllers\HomeController->__construct()
 2 SYSTEMPATH\CodeIgniter.php(493): CodeIgniter\CodeIgniter->createController()
 3 SYSTEMPATH\CodeIgniter.php(361): CodeIgniter\CodeIgniter->handleRequest(null, Object(Config\Cache), false)
 4 FCPATH\index.php(79): CodeIgniter\CodeIgniter->run()
WARNING - 2024-12-24 11:07:46 --> [DEPRECATED] Creation of dynamic property App\Controllers\HomeController::$imageModel is deprecated in APPPATH\Controllers\HomeController.php on line 21.
 1 SYSTEMPATH\CodeIgniter.php(913): App\Controllers\HomeController->__construct()
 2 SYSTEMPATH\CodeIgniter.php(493): CodeIgniter\CodeIgniter->createController()
 3 SYSTEMPATH\CodeIgniter.php(361): CodeIgniter\CodeIgniter->handleRequest(null, Object(Config\Cache), false)
 4 FCPATH\index.php(79): CodeIgniter\CodeIgniter->run()
WARNING - 2024-12-24 11:07:46 --> [DEPRECATED] Creation of dynamic property App\Controllers\HomeController::$areaModel is deprecated in APPPATH\Controllers\HomeController.php on line 22.
 1 SYSTEMPATH\CodeIgniter.php(913): App\Controllers\HomeController->__construct()
 2 SYSTEMPATH\CodeIgniter.php(493): CodeIgniter\CodeIgniter->createController()
 3 SYSTEMPATH\CodeIgniter.php(361): CodeIgniter\CodeIgniter->handleRequest(null, Object(Config\Cache), false)
 4 FCPATH\index.php(79): CodeIgniter\CodeIgniter->run()
WARNING - 2024-12-24 11:07:46 --> [DEPRECATED] Creation of dynamic property App\Controllers\HomeController::$foodModel is deprecated in APPPATH\Controllers\HomeController.php on line 23.
 1 SYSTEMPATH\CodeIgniter.php(913): App\Controllers\HomeController->__construct()
 2 SYSTEMPATH\CodeIgniter.php(493): CodeIgniter\CodeIgniter->createController()
 3 SYSTEMPATH\CodeIgniter.php(361): CodeIgniter\CodeIgniter->handleRequest(null, Object(Config\Cache), false)
 4 FCPATH\index.php(79): CodeIgniter\CodeIgniter->run()
WARNING - 2024-12-24 11:07:46 --> [DEPRECATED] Creation of dynamic property App\Controllers\HomeController::$blogModel is deprecated in APPPATH\Controllers\HomeController.php on line 24.
 1 SYSTEMPATH\CodeIgniter.php(913): App\Controllers\HomeController->__construct()
 2 SYSTEMPATH\CodeIgniter.php(493): CodeIgniter\CodeIgniter->createController()
 3 SYSTEMPATH\CodeIgniter.php(361): CodeIgniter\CodeIgniter->handleRequest(null, Object(Config\Cache), false)
 4 FCPATH\index.php(79): CodeIgniter\CodeIgniter->run()
WARNING - 2024-12-24 11:07:55 --> [DEPRECATED] Creation of dynamic property App\Controllers\HomeController::$citiesModel is deprecated in APPPATH\Controllers\HomeController.php on line 19.
 1 SYSTEMPATH\CodeIgniter.php(913): App\Controllers\HomeController->__construct()
 2 SYSTEMPATH\CodeIgniter.php(493): CodeIgniter\CodeIgniter->createController()
 3 SYSTEMPATH\CodeIgniter.php(361): CodeIgniter\CodeIgniter->handleRequest(null, Object(Config\Cache), false)
 4 FCPATH\index.php(79): CodeIgniter\CodeIgniter->run()
WARNING - 2024-12-24 11:07:55 --> [DEPRECATED] Creation of dynamic property App\Controllers\HomeController::$uttarakhandModel is deprecated in APPPATH\Controllers\HomeController.php on line 20.
 1 SYSTEMPATH\CodeIgniter.php(913): App\Controllers\HomeController->__construct()
 2 SYSTEMPATH\CodeIgniter.php(493): CodeIgniter\CodeIgniter->createController()
 3 SYSTEMPATH\CodeIgniter.php(361): CodeIgniter\CodeIgniter->handleRequest(null, Object(Config\Cache), false)
 4 FCPATH\index.php(79): CodeIgniter\CodeIgniter->run()
WARNING - 2024-12-24 11:07:55 --> [DEPRECATED] Creation of dynamic property App\Controllers\HomeController::$imageModel is deprecated in APPPATH\Controllers\HomeController.php on line 21.
 1 SYSTEMPATH\CodeIgniter.php(913): App\Controllers\HomeController->__construct()
 2 SYSTEMPATH\CodeIgniter.php(493): CodeIgniter\CodeIgniter->createController()
 3 SYSTEMPATH\CodeIgniter.php(361): CodeIgniter\CodeIgniter->handleRequest(null, Object(Config\Cache), false)
 4 FCPATH\index.php(79): CodeIgniter\CodeIgniter->run()
WARNING - 2024-12-24 11:07:55 --> [DEPRECATED] Creation of dynamic property App\Controllers\HomeController::$areaModel is deprecated in APPPATH\Controllers\HomeController.php on line 22.
 1 SYSTEMPATH\CodeIgniter.php(913): App\Controllers\HomeController->__construct()
 2 SYSTEMPATH\CodeIgniter.php(493): CodeIgniter\CodeIgniter->createController()
 3 SYSTEMPATH\CodeIgniter.php(361): CodeIgniter\CodeIgniter->handleRequest(null, Object(Config\Cache), false)
 4 FCPATH\index.php(79): CodeIgniter\CodeIgniter->run()
WARNING - 2024-12-24 11:07:55 --> [DEPRECATED] Creation of dynamic property App\Controllers\HomeController::$foodModel is deprecated in APPPATH\Controllers\HomeController.php on line 23.
 1 SYSTEMPATH\CodeIgniter.php(913): App\Controllers\HomeController->__construct()
 2 SYSTEMPATH\CodeIgniter.php(493): CodeIgniter\CodeIgniter->createController()
 3 SYSTEMPATH\CodeIgniter.php(361): CodeIgniter\CodeIgniter->handleRequest(null, Object(Config\Cache), false)
 4 FCPATH\index.php(79): CodeIgniter\CodeIgniter->run()
WARNING - 2024-12-24 11:07:55 --> [DEPRECATED] Creation of dynamic property App\Controllers\HomeController::$blogModel is deprecated in APPPATH\Controllers\HomeController.php on line 24.
 1 SYSTEMPATH\CodeIgniter.php(913): App\Controllers\HomeController->__construct()
 2 SYSTEMPATH\CodeIgniter.php(493): CodeIgniter\CodeIgniter->createController()
 3 SYSTEMPATH\CodeIgniter.php(361): CodeIgniter\CodeIgniter->handleRequest(null, Object(Config\Cache), false)
 4 FCPATH\index.php(79): CodeIgniter\CodeIgniter->run()
WARNING - 2024-12-24 11:07:55 --> [DEPRECATED] Creation of dynamic property App\Controllers\HomeController::$citiesModel is deprecated in APPPATH\Controllers\HomeController.php on line 19.
 1 SYSTEMPATH\CodeIgniter.php(913): App\Controllers\HomeController->__construct()
 2 SYSTEMPATH\CodeIgniter.php(493): CodeIgniter\CodeIgniter->createController()
 3 SYSTEMPATH\CodeIgniter.php(361): CodeIgniter\CodeIgniter->handleRequest(null, Object(Config\Cache), false)
 4 FCPATH\index.php(79): CodeIgniter\CodeIgniter->run()
WARNING - 2024-12-24 11:07:55 --> [DEPRECATED] Creation of dynamic property App\Controllers\HomeController::$uttarakhandModel is deprecated in APPPATH\Controllers\HomeController.php on line 20.
 1 SYSTEMPATH\CodeIgniter.php(913): App\Controllers\HomeController->__construct()
 2 SYSTEMPATH\CodeIgniter.php(493): CodeIgniter\CodeIgniter->createController()
 3 SYSTEMPATH\CodeIgniter.php(361): CodeIgniter\CodeIgniter->handleRequest(null, Object(Config\Cache), false)
 4 FCPATH\index.php(79): CodeIgniter\CodeIgniter->run()
WARNING - 2024-12-24 11:07:55 --> [DEPRECATED] Creation of dynamic property App\Controllers\HomeController::$imageModel is deprecated in APPPATH\Controllers\HomeController.php on line 21.
 1 SYSTEMPATH\CodeIgniter.php(913): App\Controllers\HomeController->__construct()
 2 SYSTEMPATH\CodeIgniter.php(493): CodeIgniter\CodeIgniter->createController()
 3 SYSTEMPATH\CodeIgniter.php(361): CodeIgniter\CodeIgniter->handleRequest(null, Object(Config\Cache), false)
 4 FCPATH\index.php(79): CodeIgniter\CodeIgniter->run()
WARNING - 2024-12-24 11:07:55 --> [DEPRECATED] Creation of dynamic property App\Controllers\HomeController::$areaModel is deprecated in APPPATH\Controllers\HomeController.php on line 22.
 1 SYSTEMPATH\CodeIgniter.php(913): App\Controllers\HomeController->__construct()
 2 SYSTEMPATH\CodeIgniter.php(493): CodeIgniter\CodeIgniter->createController()
 3 SYSTEMPATH\CodeIgniter.php(361): CodeIgniter\CodeIgniter->handleRequest(null, Object(Config\Cache), false)
 4 FCPATH\index.php(79): CodeIgniter\CodeIgniter->run()
WARNING - 2024-12-24 11:07:55 --> [DEPRECATED] Creation of dynamic property App\Controllers\HomeController::$foodModel is deprecated in APPPATH\Controllers\HomeController.php on line 23.
 1 SYSTEMPATH\CodeIgniter.php(913): App\Controllers\HomeController->__construct()
 2 SYSTEMPATH\CodeIgniter.php(493): CodeIgniter\CodeIgniter->createController()
 3 SYSTEMPATH\CodeIgniter.php(361): CodeIgniter\CodeIgniter->handleRequest(null, Object(Config\Cache), false)
 4 FCPATH\index.php(79): CodeIgniter\CodeIgniter->run()
WARNING - 2024-12-24 11:07:55 --> [DEPRECATED] Creation of dynamic property App\Controllers\HomeController::$blogModel is deprecated in APPPATH\Controllers\HomeController.php on line 24.
 1 SYSTEMPATH\CodeIgniter.php(913): App\Controllers\HomeController->__construct()
 2 SYSTEMPATH\CodeIgniter.php(493): CodeIgniter\CodeIgniter->createController()
 3 SYSTEMPATH\CodeIgniter.php(361): CodeIgniter\CodeIgniter->handleRequest(null, Object(Config\Cache), false)
 4 FCPATH\index.php(79): CodeIgniter\CodeIgniter->run()
WARNING - 2024-12-24 11:07:56 --> [DEPRECATED] Creation of dynamic property App\Controllers\HomeController::$citiesModel is deprecated in APPPATH\Controllers\HomeController.php on line 19.
 1 SYSTEMPATH\CodeIgniter.php(913): App\Controllers\HomeController->__construct()
 2 SYSTEMPATH\CodeIgniter.php(493): CodeIgniter\CodeIgniter->createController()
 3 SYSTEMPATH\CodeIgniter.php(361): CodeIgniter\CodeIgniter->handleRequest(null, Object(Config\Cache), false)
 4 FCPATH\index.php(79): CodeIgniter\CodeIgniter->run()
WARNING - 2024-12-24 11:07:56 --> [DEPRECATED] Creation of dynamic property App\Controllers\HomeController::$uttarakhandModel is deprecated in APPPATH\Controllers\HomeController.php on line 20.
 1 SYSTEMPATH\CodeIgniter.php(913): App\Controllers\HomeController->__construct()
 2 SYSTEMPATH\CodeIgniter.php(493): CodeIgniter\CodeIgniter->createController()
 3 SYSTEMPATH\CodeIgniter.php(361): CodeIgniter\CodeIgniter->handleRequest(null, Object(Config\Cache), false)
 4 FCPATH\index.php(79): CodeIgniter\CodeIgniter->run()
WARNING - 2024-12-24 11:07:56 --> [DEPRECATED] Creation of dynamic property App\Controllers\HomeController::$imageModel is deprecated in APPPATH\Controllers\HomeController.php on line 21.
 1 SYSTEMPATH\CodeIgniter.php(913): App\Controllers\HomeController->__construct()
 2 SYSTEMPATH\CodeIgniter.php(493): CodeIgniter\CodeIgniter->createController()
 3 SYSTEMPATH\CodeIgniter.php(361): CodeIgniter\CodeIgniter->handleRequest(null, Object(Config\Cache), false)
 4 FCPATH\index.php(79): CodeIgniter\CodeIgniter->run()
WARNING - 2024-12-24 11:07:56 --> [DEPRECATED] Creation of dynamic property App\Controllers\HomeController::$areaModel is deprecated in APPPATH\Controllers\HomeController.php on line 22.
 1 SYSTEMPATH\CodeIgniter.php(913): App\Controllers\HomeController->__construct()
 2 SYSTEMPATH\CodeIgniter.php(493): CodeIgniter\CodeIgniter->createController()
 3 SYSTEMPATH\CodeIgniter.php(361): CodeIgniter\CodeIgniter->handleRequest(null, Object(Config\Cache), false)
 4 FCPATH\index.php(79): CodeIgniter\CodeIgniter->run()
WARNING - 2024-12-24 11:07:56 --> [DEPRECATED] Creation of dynamic property App\Controllers\HomeController::$foodModel is deprecated in APPPATH\Controllers\HomeController.php on line 23.
 1 SYSTEMPATH\CodeIgniter.php(913): App\Controllers\HomeController->__construct()
 2 SYSTEMPATH\CodeIgniter.php(493): CodeIgniter\CodeIgniter->createController()
 3 SYSTEMPATH\CodeIgniter.php(361): CodeIgniter\CodeIgniter->handleRequest(null, Object(Config\Cache), false)
 4 FCPATH\index.php(79): CodeIgniter\CodeIgniter->run()
WARNING - 2024-12-24 11:07:56 --> [DEPRECATED] Creation of dynamic property App\Controllers\HomeController::$blogModel is deprecated in APPPATH\Controllers\HomeController.php on line 24.
 1 SYSTEMPATH\CodeIgniter.php(913): App\Controllers\HomeController->__construct()
 2 SYSTEMPATH\CodeIgniter.php(493): CodeIgniter\CodeIgniter->createController()
 3 SYSTEMPATH\CodeIgniter.php(361): CodeIgniter\CodeIgniter->handleRequest(null, Object(Config\Cache), false)
 4 FCPATH\index.php(79): CodeIgniter\CodeIgniter->run()
WARNING - 2024-12-24 11:07:57 --> [DEPRECATED] Creation of dynamic property App\Controllers\BlogController::$blogcategoryModel is deprecated in APPPATH\Controllers\BlogController.php on line 14.
 1 SYSTEMPATH\CodeIgniter.php(913): App\Controllers\BlogController->__construct()
 2 SYSTEMPATH\CodeIgniter.php(493): CodeIgniter\CodeIgniter->createController()
 3 SYSTEMPATH\CodeIgniter.php(361): CodeIgniter\CodeIgniter->handleRequest(null, Object(Config\Cache), false)
 4 FCPATH\index.php(79): CodeIgniter\CodeIgniter->run()
WARNING - 2024-12-24 11:07:57 --> [DEPRECATED] Creation of dynamic property App\Controllers\BlogController::$blogModel is deprecated in APPPATH\Controllers\BlogController.php on line 15.
 1 SYSTEMPATH\CodeIgniter.php(913): App\Controllers\BlogController->__construct()
 2 SYSTEMPATH\CodeIgniter.php(493): CodeIgniter\CodeIgniter->createController()
 3 SYSTEMPATH\CodeIgniter.php(361): CodeIgniter\CodeIgniter->handleRequest(null, Object(Config\Cache), false)
 4 FCPATH\index.php(79): CodeIgniter\CodeIgniter->run()
WARNING - 2024-12-24 11:07:57 --> [DEPRECATED] Creation of dynamic property App\Controllers\BlogController::$citiesModel is deprecated in APPPATH\Controllers\BlogController.php on line 16.
 1 SYSTEMPATH\CodeIgniter.php(913): App\Controllers\BlogController->__construct()
 2 SYSTEMPATH\CodeIgniter.php(493): CodeIgniter\CodeIgniter->createController()
 3 SYSTEMPATH\CodeIgniter.php(361): CodeIgniter\CodeIgniter->handleRequest(null, Object(Config\Cache), false)
 4 FCPATH\index.php(79): CodeIgniter\CodeIgniter->run()
WARNING - 2024-12-24 11:07:57 --> [DEPRECATED] Creation of dynamic property App\Controllers\BlogController::$commentModel is deprecated in APPPATH\Controllers\BlogController.php on line 17.
 1 SYSTEMPATH\CodeIgniter.php(913): App\Controllers\BlogController->__construct()
 2 SYSTEMPATH\CodeIgniter.php(493): CodeIgniter\CodeIgniter->createController()
 3 SYSTEMPATH\CodeIgniter.php(361): CodeIgniter\CodeIgniter->handleRequest(null, Object(Config\Cache), false)
 4 FCPATH\index.php(79): CodeIgniter\CodeIgniter->run()
WARNING - 2024-12-24 11:07:57 --> [DEPRECATED] Creation of dynamic property App\Controllers\BlogController::$likesModel is deprecated in APPPATH\Controllers\BlogController.php on line 18.
 1 SYSTEMPATH\CodeIgniter.php(913): App\Controllers\BlogController->__construct()
 2 SYSTEMPATH\CodeIgniter.php(493): CodeIgniter\CodeIgniter->createController()
 3 SYSTEMPATH\CodeIgniter.php(361): CodeIgniter\CodeIgniter->handleRequest(null, Object(Config\Cache), false)
 4 FCPATH\index.php(79): CodeIgniter\CodeIgniter->run()
WARNING - 2024-12-24 11:07:57 --> [DEPRECATED] preg_match(): Passing null to parameter #2 ($subject) of type string is deprecated in APPPATH\Helpers\custom_helper.php on line 44.
 1 APPPATH\Helpers\custom_helper.php(44): preg_match('/IPv4 Address.*?: ([\\d\\.]+)/', null, null)
 2 APPPATH\Controllers\BlogController.php(212): getuserIpAddress()
 3 SYSTEMPATH\CodeIgniter.php(941): App\Controllers\BlogController->Showblogdetails('Thrilling-Escapades-in-the-Heart-of-Uttarakhand:-An-Adventurer\'s-Paradise')
 4 SYSTEMPATH\CodeIgniter.php(502): CodeIgniter\CodeIgniter->runController(Object(App\Controllers\BlogController))
 5 SYSTEMPATH\CodeIgniter.php(361): CodeIgniter\CodeIgniter->handleRequest(null, Object(Config\Cache), false)
 6 FCPATH\index.php(79): CodeIgniter\CodeIgniter->run()
WARNING - 2024-12-24 11:08:42 --> [DEPRECATED] Creation of dynamic property App\Controllers\BlogController::$blogcategoryModel is deprecated in APPPATH\Controllers\BlogController.php on line 14.
 1 SYSTEMPATH\CodeIgniter.php(913): App\Controllers\BlogController->__construct()
 2 SYSTEMPATH\CodeIgniter.php(493): CodeIgniter\CodeIgniter->createController()
 3 SYSTEMPATH\CodeIgniter.php(361): CodeIgniter\CodeIgniter->handleRequest(null, Object(Config\Cache), false)
 4 FCPATH\index.php(79): CodeIgniter\CodeIgniter->run()
WARNING - 2024-12-24 11:08:42 --> [DEPRECATED] Creation of dynamic property App\Controllers\BlogController::$blogModel is deprecated in APPPATH\Controllers\BlogController.php on line 15.
 1 SYSTEMPATH\CodeIgniter.php(913): App\Controllers\BlogController->__construct()
 2 SYSTEMPATH\CodeIgniter.php(493): CodeIgniter\CodeIgniter->createController()
 3 SYSTEMPATH\CodeIgniter.php(361): CodeIgniter\CodeIgniter->handleRequest(null, Object(Config\Cache), false)
 4 FCPATH\index.php(79): CodeIgniter\CodeIgniter->run()
WARNING - 2024-12-24 11:08:42 --> [DEPRECATED] Creation of dynamic property App\Controllers\BlogController::$citiesModel is deprecated in APPPATH\Controllers\BlogController.php on line 16.
 1 SYSTEMPATH\CodeIgniter.php(913): App\Controllers\BlogController->__construct()
 2 SYSTEMPATH\CodeIgniter.php(493): CodeIgniter\CodeIgniter->createController()
 3 SYSTEMPATH\CodeIgniter.php(361): CodeIgniter\CodeIgniter->handleRequest(null, Object(Config\Cache), false)
 4 FCPATH\index.php(79): CodeIgniter\CodeIgniter->run()
WARNING - 2024-12-24 11:08:42 --> [DEPRECATED] Creation of dynamic property App\Controllers\BlogController::$commentModel is deprecated in APPPATH\Controllers\BlogController.php on line 17.
 1 SYSTEMPATH\CodeIgniter.php(913): App\Controllers\BlogController->__construct()
 2 SYSTEMPATH\CodeIgniter.php(493): CodeIgniter\CodeIgniter->createController()
 3 SYSTEMPATH\CodeIgniter.php(361): CodeIgniter\CodeIgniter->handleRequest(null, Object(Config\Cache), false)
 4 FCPATH\index.php(79): CodeIgniter\CodeIgniter->run()
WARNING - 2024-12-24 11:08:42 --> [DEPRECATED] Creation of dynamic property App\Controllers\BlogController::$likesModel is deprecated in APPPATH\Controllers\BlogController.php on line 18.
 1 SYSTEMPATH\CodeIgniter.php(913): App\Controllers\BlogController->__construct()
 2 SYSTEMPATH\CodeIgniter.php(493): CodeIgniter\CodeIgniter->createController()
 3 SYSTEMPATH\CodeIgniter.php(361): CodeIgniter\CodeIgniter->handleRequest(null, Object(Config\Cache), false)
 4 FCPATH\index.php(79): CodeIgniter\CodeIgniter->run()
WARNING - 2024-12-24 11:08:42 --> [DEPRECATED] preg_match(): Passing null to parameter #2 ($subject) of type string is deprecated in APPPATH\Helpers\custom_helper.php on line 44.
 1 APPPATH\Helpers\custom_helper.php(44): preg_match('/IPv4 Address.*?: ([\\d\\.]+)/', null, null)
 2 APPPATH\Controllers\BlogController.php(212): getuserIpAddress()
 3 SYSTEMPATH\CodeIgniter.php(941): App\Controllers\BlogController->Showblogdetails('Thrilling-Escapades-in-the-Heart-of-Uttarakhand:-An-Adventurer\'s-Paradise')
 4 SYSTEMPATH\CodeIgniter.php(502): CodeIgniter\CodeIgniter->runController(Object(App\Controllers\BlogController))
 5 SYSTEMPATH\CodeIgniter.php(361): CodeIgniter\CodeIgniter->handleRequest(null, Object(Config\Cache), false)
 6 FCPATH\index.php(79): CodeIgniter\CodeIgniter->run()
WARNING - 2024-12-24 11:17:11 --> [DEPRECATED] Creation of dynamic property App\Controllers\BlogController::$blogcategoryModel is deprecated in APPPATH\Controllers\BlogController.php on line 14.
 1 SYSTEMPATH\CodeIgniter.php(913): App\Controllers\BlogController->__construct()
 2 SYSTEMPATH\CodeIgniter.php(493): CodeIgniter\CodeIgniter->createController()
 3 SYSTEMPATH\CodeIgniter.php(361): CodeIgniter\CodeIgniter->handleRequest(null, Object(Config\Cache), false)
 4 FCPATH\index.php(79): CodeIgniter\CodeIgniter->run()
WARNING - 2024-12-24 11:17:11 --> [DEPRECATED] Creation of dynamic property App\Controllers\BlogController::$blogModel is deprecated in APPPATH\Controllers\BlogController.php on line 15.
 1 SYSTEMPATH\CodeIgniter.php(913): App\Controllers\BlogController->__construct()
 2 SYSTEMPATH\CodeIgniter.php(493): CodeIgniter\CodeIgniter->createController()
 3 SYSTEMPATH\CodeIgniter.php(361): CodeIgniter\CodeIgniter->handleRequest(null, Object(Config\Cache), false)
 4 FCPATH\index.php(79): CodeIgniter\CodeIgniter->run()
WARNING - 2024-12-24 11:17:11 --> [DEPRECATED] Creation of dynamic property App\Controllers\BlogController::$citiesModel is deprecated in APPPATH\Controllers\BlogController.php on line 16.
 1 SYSTEMPATH\CodeIgniter.php(913): App\Controllers\BlogController->__construct()
 2 SYSTEMPATH\CodeIgniter.php(493): CodeIgniter\CodeIgniter->createController()
 3 SYSTEMPATH\CodeIgniter.php(361): CodeIgniter\CodeIgniter->handleRequest(null, Object(Config\Cache), false)
 4 FCPATH\index.php(79): CodeIgniter\CodeIgniter->run()
WARNING - 2024-12-24 11:17:11 --> [DEPRECATED] Creation of dynamic property App\Controllers\BlogController::$commentModel is deprecated in APPPATH\Controllers\BlogController.php on line 17.
 1 SYSTEMPATH\CodeIgniter.php(913): App\Controllers\BlogController->__construct()
 2 SYSTEMPATH\CodeIgniter.php(493): CodeIgniter\CodeIgniter->createController()
 3 SYSTEMPATH\CodeIgniter.php(361): CodeIgniter\CodeIgniter->handleRequest(null, Object(Config\Cache), false)
 4 FCPATH\index.php(79): CodeIgniter\CodeIgniter->run()
WARNING - 2024-12-24 11:17:11 --> [DEPRECATED] Creation of dynamic property App\Controllers\BlogController::$likesModel is deprecated in APPPATH\Controllers\BlogController.php on line 18.
 1 SYSTEMPATH\CodeIgniter.php(913): App\Controllers\BlogController->__construct()
 2 SYSTEMPATH\CodeIgniter.php(493): CodeIgniter\CodeIgniter->createController()
 3 SYSTEMPATH\CodeIgniter.php(361): CodeIgniter\CodeIgniter->handleRequest(null, Object(Config\Cache), false)
 4 FCPATH\index.php(79): CodeIgniter\CodeIgniter->run()
WARNING - 2024-12-24 11:17:11 --> [DEPRECATED] preg_match(): Passing null to parameter #2 ($subject) of type string is deprecated in APPPATH\Helpers\custom_helper.php on line 44.
 1 APPPATH\Helpers\custom_helper.php(44): preg_match('/IPv4 Address.*?: ([\\d\\.]+)/', null, null)
 2 APPPATH\Controllers\BlogController.php(212): getuserIpAddress()
 3 SYSTEMPATH\CodeIgniter.php(941): App\Controllers\BlogController->Showblogdetails('Thrilling-Escapades-in-the-Heart-of-Uttarakhand:-An-Adventurer\'s-Paradise')
 4 SYSTEMPATH\CodeIgniter.php(502): CodeIgniter\CodeIgniter->runController(Object(App\Controllers\BlogController))
 5 SYSTEMPATH\CodeIgniter.php(361): CodeIgniter\CodeIgniter->handleRequest(null, Object(Config\Cache), false)
 6 FCPATH\index.php(79): CodeIgniter\CodeIgniter->run()
WARNING - 2024-12-24 11:19:00 --> [DEPRECATED] Creation of dynamic property App\Controllers\BlogController::$blogcategoryModel is deprecated in APPPATH\Controllers\BlogController.php on line 14.
 1 SYSTEMPATH\CodeIgniter.php(913): App\Controllers\BlogController->__construct()
 2 SYSTEMPATH\CodeIgniter.php(493): CodeIgniter\CodeIgniter->createController()
 3 SYSTEMPATH\CodeIgniter.php(361): CodeIgniter\CodeIgniter->handleRequest(null, Object(Config\Cache), false)
 4 FCPATH\index.php(79): CodeIgniter\CodeIgniter->run()
WARNING - 2024-12-24 11:19:00 --> [DEPRECATED] Creation of dynamic property App\Controllers\BlogController::$blogModel is deprecated in APPPATH\Controllers\BlogController.php on line 15.
 1 SYSTEMPATH\CodeIgniter.php(913): App\Controllers\BlogController->__construct()
 2 SYSTEMPATH\CodeIgniter.php(493): CodeIgniter\CodeIgniter->createController()
 3 SYSTEMPATH\CodeIgniter.php(361): CodeIgniter\CodeIgniter->handleRequest(null, Object(Config\Cache), false)
 4 FCPATH\index.php(79): CodeIgniter\CodeIgniter->run()
WARNING - 2024-12-24 11:19:00 --> [DEPRECATED] Creation of dynamic property App\Controllers\BlogController::$citiesModel is deprecated in APPPATH\Controllers\BlogController.php on line 16.
 1 SYSTEMPATH\CodeIgniter.php(913): App\Controllers\BlogController->__construct()
 2 SYSTEMPATH\CodeIgniter.php(493): CodeIgniter\CodeIgniter->createController()
 3 SYSTEMPATH\CodeIgniter.php(361): CodeIgniter\CodeIgniter->handleRequest(null, Object(Config\Cache), false)
 4 FCPATH\index.php(79): CodeIgniter\CodeIgniter->run()
WARNING - 2024-12-24 11:19:00 --> [DEPRECATED] Creation of dynamic property App\Controllers\BlogController::$commentModel is deprecated in APPPATH\Controllers\BlogController.php on line 17.
 1 SYSTEMPATH\CodeIgniter.php(913): App\Controllers\BlogController->__construct()
 2 SYSTEMPATH\CodeIgniter.php(493): CodeIgniter\CodeIgniter->createController()
 3 SYSTEMPATH\CodeIgniter.php(361): CodeIgniter\CodeIgniter->handleRequest(null, Object(Config\Cache), false)
 4 FCPATH\index.php(79): CodeIgniter\CodeIgniter->run()
WARNING - 2024-12-24 11:19:00 --> [DEPRECATED] Creation of dynamic property App\Controllers\BlogController::$likesModel is deprecated in APPPATH\Controllers\BlogController.php on line 18.
 1 SYSTEMPATH\CodeIgniter.php(913): App\Controllers\BlogController->__construct()
 2 SYSTEMPATH\CodeIgniter.php(493): CodeIgniter\CodeIgniter->createController()
 3 SYSTEMPATH\CodeIgniter.php(361): CodeIgniter\CodeIgniter->handleRequest(null, Object(Config\Cache), false)
 4 FCPATH\index.php(79): CodeIgniter\CodeIgniter->run()
WARNING - 2024-12-24 11:19:00 --> [DEPRECATED] preg_match(): Passing null to parameter #2 ($subject) of type string is deprecated in APPPATH\Helpers\custom_helper.php on line 44.
 1 APPPATH\Helpers\custom_helper.php(44): preg_match('/IPv4 Address.*?: ([\\d\\.]+)/', null, null)
 2 APPPATH\Controllers\BlogController.php(212): getuserIpAddress()
 3 SYSTEMPATH\CodeIgniter.php(941): App\Controllers\BlogController->Showblogdetails('Thrilling-Escapades-in-the-Heart-of-Uttarakhand:-An-Adventurer\'s-Paradise')
 4 SYSTEMPATH\CodeIgniter.php(502): CodeIgniter\CodeIgniter->runController(Object(App\Controllers\BlogController))
 5 SYSTEMPATH\CodeIgniter.php(361): CodeIgniter\CodeIgniter->handleRequest(null, Object(Config\Cache), false)
 6 FCPATH\index.php(79): CodeIgniter\CodeIgniter->run()
WARNING - 2024-12-24 11:19:01 --> [DEPRECATED] Creation of dynamic property App\Controllers\BlogController::$blogcategoryModel is deprecated in APPPATH\Controllers\BlogController.php on line 14.
 1 SYSTEMPATH\CodeIgniter.php(913): App\Controllers\BlogController->__construct()
 2 SYSTEMPATH\CodeIgniter.php(493): CodeIgniter\CodeIgniter->createController()
 3 SYSTEMPATH\CodeIgniter.php(361): CodeIgniter\CodeIgniter->handleRequest(null, Object(Config\Cache), false)
 4 FCPATH\index.php(79): CodeIgniter\CodeIgniter->run()
WARNING - 2024-12-24 11:19:01 --> [DEPRECATED] Creation of dynamic property App\Controllers\BlogController::$blogModel is deprecated in APPPATH\Controllers\BlogController.php on line 15.
 1 SYSTEMPATH\CodeIgniter.php(913): App\Controllers\BlogController->__construct()
 2 SYSTEMPATH\CodeIgniter.php(493): CodeIgniter\CodeIgniter->createController()
 3 SYSTEMPATH\CodeIgniter.php(361): CodeIgniter\CodeIgniter->handleRequest(null, Object(Config\Cache), false)
 4 FCPATH\index.php(79): CodeIgniter\CodeIgniter->run()
WARNING - 2024-12-24 11:19:01 --> [DEPRECATED] Creation of dynamic property App\Controllers\BlogController::$citiesModel is deprecated in APPPATH\Controllers\BlogController.php on line 16.
 1 SYSTEMPATH\CodeIgniter.php(913): App\Controllers\BlogController->__construct()
 2 SYSTEMPATH\CodeIgniter.php(493): CodeIgniter\CodeIgniter->createController()
 3 SYSTEMPATH\CodeIgniter.php(361): CodeIgniter\CodeIgniter->handleRequest(null, Object(Config\Cache), false)
 4 FCPATH\index.php(79): CodeIgniter\CodeIgniter->run()
WARNING - 2024-12-24 11:19:01 --> [DEPRECATED] Creation of dynamic property App\Controllers\BlogController::$commentModel is deprecated in APPPATH\Controllers\BlogController.php on line 17.
 1 SYSTEMPATH\CodeIgniter.php(913): App\Controllers\BlogController->__construct()
 2 SYSTEMPATH\CodeIgniter.php(493): CodeIgniter\CodeIgniter->createController()
 3 SYSTEMPATH\CodeIgniter.php(361): CodeIgniter\CodeIgniter->handleRequest(null, Object(Config\Cache), false)
 4 FCPATH\index.php(79): CodeIgniter\CodeIgniter->run()
WARNING - 2024-12-24 11:19:01 --> [DEPRECATED] Creation of dynamic property App\Controllers\BlogController::$likesModel is deprecated in APPPATH\Controllers\BlogController.php on line 18.
 1 SYSTEMPATH\CodeIgniter.php(913): App\Controllers\BlogController->__construct()
 2 SYSTEMPATH\CodeIgniter.php(493): CodeIgniter\CodeIgniter->createController()
 3 SYSTEMPATH\CodeIgniter.php(361): CodeIgniter\CodeIgniter->handleRequest(null, Object(Config\Cache), false)
 4 FCPATH\index.php(79): CodeIgniter\CodeIgniter->run()
WARNING - 2024-12-24 11:19:01 --> [DEPRECATED] preg_match(): Passing null to parameter #2 ($subject) of type string is deprecated in APPPATH\Helpers\custom_helper.php on line 44.
 1 APPPATH\Helpers\custom_helper.php(44): preg_match('/IPv4 Address.*?: ([\\d\\.]+)/', null, null)
 2 APPPATH\Controllers\BlogController.php(212): getuserIpAddress()
 3 SYSTEMPATH\CodeIgniter.php(941): App\Controllers\BlogController->Showblogdetails('Thrilling-Escapades-in-the-Heart-of-Uttarakhand:-An-Adventurer\'s-Paradise')
 4 SYSTEMPATH\CodeIgniter.php(502): CodeIgniter\CodeIgniter->runController(Object(App\Controllers\BlogController))
 5 SYSTEMPATH\CodeIgniter.php(361): CodeIgniter\CodeIgniter->handleRequest(null, Object(Config\Cache), false)
 6 FCPATH\index.php(79): CodeIgniter\CodeIgniter->run()
WARNING - 2024-12-24 11:19:31 --> [DEPRECATED] Creation of dynamic property App\Controllers\BlogController::$blogcategoryModel is deprecated in APPPATH\Controllers\BlogController.php on line 14.
 1 SYSTEMPATH\CodeIgniter.php(913): App\Controllers\BlogController->__construct()
 2 SYSTEMPATH\CodeIgniter.php(493): CodeIgniter\CodeIgniter->createController()
 3 SYSTEMPATH\CodeIgniter.php(361): CodeIgniter\CodeIgniter->handleRequest(null, Object(Config\Cache), false)
 4 FCPATH\index.php(79): CodeIgniter\CodeIgniter->run()
WARNING - 2024-12-24 11:19:31 --> [DEPRECATED] Creation of dynamic property App\Controllers\BlogController::$blogModel is deprecated in APPPATH\Controllers\BlogController.php on line 15.
 1 SYSTEMPATH\CodeIgniter.php(913): App\Controllers\BlogController->__construct()
 2 SYSTEMPATH\CodeIgniter.php(493): CodeIgniter\CodeIgniter->createController()
 3 SYSTEMPATH\CodeIgniter.php(361): CodeIgniter\CodeIgniter->handleRequest(null, Object(Config\Cache), false)
 4 FCPATH\index.php(79): CodeIgniter\CodeIgniter->run()
WARNING - 2024-12-24 11:19:31 --> [DEPRECATED] Creation of dynamic property App\Controllers\BlogController::$citiesModel is deprecated in APPPATH\Controllers\BlogController.php on line 16.
 1 SYSTEMPATH\CodeIgniter.php(913): App\Controllers\BlogController->__construct()
 2 SYSTEMPATH\CodeIgniter.php(493): CodeIgniter\CodeIgniter->createController()
 3 SYSTEMPATH\CodeIgniter.php(361): CodeIgniter\CodeIgniter->handleRequest(null, Object(Config\Cache), false)
 4 FCPATH\index.php(79): CodeIgniter\CodeIgniter->run()
WARNING - 2024-12-24 11:19:31 --> [DEPRECATED] Creation of dynamic property App\Controllers\BlogController::$commentModel is deprecated in APPPATH\Controllers\BlogController.php on line 17.
 1 SYSTEMPATH\CodeIgniter.php(913): App\Controllers\BlogController->__construct()
 2 SYSTEMPATH\CodeIgniter.php(493): CodeIgniter\CodeIgniter->createController()
 3 SYSTEMPATH\CodeIgniter.php(361): CodeIgniter\CodeIgniter->handleRequest(null, Object(Config\Cache), false)
 4 FCPATH\index.php(79): CodeIgniter\CodeIgniter->run()
WARNING - 2024-12-24 11:19:31 --> [DEPRECATED] Creation of dynamic property App\Controllers\BlogController::$likesModel is deprecated in APPPATH\Controllers\BlogController.php on line 18.
 1 SYSTEMPATH\CodeIgniter.php(913): App\Controllers\BlogController->__construct()
 2 SYSTEMPATH\CodeIgniter.php(493): CodeIgniter\CodeIgniter->createController()
 3 SYSTEMPATH\CodeIgniter.php(361): CodeIgniter\CodeIgniter->handleRequest(null, Object(Config\Cache), false)
 4 FCPATH\index.php(79): CodeIgniter\CodeIgniter->run()
WARNING - 2024-12-24 11:19:31 --> [DEPRECATED] preg_match(): Passing null to parameter #2 ($subject) of type string is deprecated in APPPATH\Helpers\custom_helper.php on line 44.
 1 APPPATH\Helpers\custom_helper.php(44): preg_match('/IPv4 Address.*?: ([\\d\\.]+)/', null, null)
 2 APPPATH\Controllers\BlogController.php(212): getuserIpAddress()
 3 SYSTEMPATH\CodeIgniter.php(941): App\Controllers\BlogController->Showblogdetails('Thrilling-Escapades-in-the-Heart-of-Uttarakhand:-An-Adventurer\'s-Paradise')
 4 SYSTEMPATH\CodeIgniter.php(502): CodeIgniter\CodeIgniter->runController(Object(App\Controllers\BlogController))
 5 SYSTEMPATH\CodeIgniter.php(361): CodeIgniter\CodeIgniter->handleRequest(null, Object(Config\Cache), false)
 6 FCPATH\index.php(79): CodeIgniter\CodeIgniter->run()
WARNING - 2024-12-24 11:19:36 --> [DEPRECATED] Creation of dynamic property App\Controllers\BlogController::$blogcategoryModel is deprecated in APPPATH\Controllers\BlogController.php on line 14.
 1 SYSTEMPATH\CodeIgniter.php(913): App\Controllers\BlogController->__construct()
 2 SYSTEMPATH\CodeIgniter.php(493): CodeIgniter\CodeIgniter->createController()
 3 SYSTEMPATH\CodeIgniter.php(361): CodeIgniter\CodeIgniter->handleRequest(null, Object(Config\Cache), false)
 4 FCPATH\index.php(79): CodeIgniter\CodeIgniter->run()
WARNING - 2024-12-24 11:19:36 --> [DEPRECATED] Creation of dynamic property App\Controllers\BlogController::$blogModel is deprecated in APPPATH\Controllers\BlogController.php on line 15.
 1 SYSTEMPATH\CodeIgniter.php(913): App\Controllers\BlogController->__construct()
 2 SYSTEMPATH\CodeIgniter.php(493): CodeIgniter\CodeIgniter->createController()
 3 SYSTEMPATH\CodeIgniter.php(361): CodeIgniter\CodeIgniter->handleRequest(null, Object(Config\Cache), false)
 4 FCPATH\index.php(79): CodeIgniter\CodeIgniter->run()
WARNING - 2024-12-24 11:19:36 --> [DEPRECATED] Creation of dynamic property App\Controllers\BlogController::$citiesModel is deprecated in APPPATH\Controllers\BlogController.php on line 16.
 1 SYSTEMPATH\CodeIgniter.php(913): App\Controllers\BlogController->__construct()
 2 SYSTEMPATH\CodeIgniter.php(493): CodeIgniter\CodeIgniter->createController()
 3 SYSTEMPATH\CodeIgniter.php(361): CodeIgniter\CodeIgniter->handleRequest(null, Object(Config\Cache), false)
 4 FCPATH\index.php(79): CodeIgniter\CodeIgniter->run()
WARNING - 2024-12-24 11:19:36 --> [DEPRECATED] Creation of dynamic property App\Controllers\BlogController::$commentModel is deprecated in APPPATH\Controllers\BlogController.php on line 17.
 1 SYSTEMPATH\CodeIgniter.php(913): App\Controllers\BlogController->__construct()
 2 SYSTEMPATH\CodeIgniter.php(493): CodeIgniter\CodeIgniter->createController()
 3 SYSTEMPATH\CodeIgniter.php(361): CodeIgniter\CodeIgniter->handleRequest(null, Object(Config\Cache), false)
 4 FCPATH\index.php(79): CodeIgniter\CodeIgniter->run()
WARNING - 2024-12-24 11:19:36 --> [DEPRECATED] Creation of dynamic property App\Controllers\BlogController::$likesModel is deprecated in APPPATH\Controllers\BlogController.php on line 18.
 1 SYSTEMPATH\CodeIgniter.php(913): App\Controllers\BlogController->__construct()
 2 SYSTEMPATH\CodeIgniter.php(493): CodeIgniter\CodeIgniter->createController()
 3 SYSTEMPATH\CodeIgniter.php(361): CodeIgniter\CodeIgniter->handleRequest(null, Object(Config\Cache), false)
 4 FCPATH\index.php(79): CodeIgniter\CodeIgniter->run()
WARNING - 2024-12-24 11:19:36 --> [DEPRECATED] preg_match(): Passing null to parameter #2 ($subject) of type string is deprecated in APPPATH\Helpers\custom_helper.php on line 44.
 1 APPPATH\Helpers\custom_helper.php(44): preg_match('/IPv4 Address.*?: ([\\d\\.]+)/', null, null)
 2 APPPATH\Controllers\BlogController.php(212): getuserIpAddress()
 3 SYSTEMPATH\CodeIgniter.php(941): App\Controllers\BlogController->Showblogdetails('Exploring-Chamoli:-A-Journey-Through-the-Heart-of-Uttarakhand’s-Himalayas')
 4 SYSTEMPATH\CodeIgniter.php(502): CodeIgniter\CodeIgniter->runController(Object(App\Controllers\BlogController))
 5 SYSTEMPATH\CodeIgniter.php(361): CodeIgniter\CodeIgniter->handleRequest(null, Object(Config\Cache), false)
 6 FCPATH\index.php(79): CodeIgniter\CodeIgniter->run()
WARNING - 2024-12-24 11:21:23 --> [DEPRECATED] Creation of dynamic property App\Controllers\HomeController::$citiesModel is deprecated in APPPATH\Controllers\HomeController.php on line 19.
 1 SYSTEMPATH\CodeIgniter.php(913): App\Controllers\HomeController->__construct()
 2 SYSTEMPATH\CodeIgniter.php(493): CodeIgniter\CodeIgniter->createController()
 3 SYSTEMPATH\CodeIgniter.php(361): CodeIgniter\CodeIgniter->handleRequest(null, Object(Config\Cache), false)
 4 FCPATH\index.php(79): CodeIgniter\CodeIgniter->run()
WARNING - 2024-12-24 11:21:23 --> [DEPRECATED] Creation of dynamic property App\Controllers\HomeController::$uttarakhandModel is deprecated in APPPATH\Controllers\HomeController.php on line 20.
 1 SYSTEMPATH\CodeIgniter.php(913): App\Controllers\HomeController->__construct()
 2 SYSTEMPATH\CodeIgniter.php(493): CodeIgniter\CodeIgniter->createController()
 3 SYSTEMPATH\CodeIgniter.php(361): CodeIgniter\CodeIgniter->handleRequest(null, Object(Config\Cache), false)
 4 FCPATH\index.php(79): CodeIgniter\CodeIgniter->run()
WARNING - 2024-12-24 11:21:23 --> [DEPRECATED] Creation of dynamic property App\Controllers\HomeController::$imageModel is deprecated in APPPATH\Controllers\HomeController.php on line 21.
 1 SYSTEMPATH\CodeIgniter.php(913): App\Controllers\HomeController->__construct()
 2 SYSTEMPATH\CodeIgniter.php(493): CodeIgniter\CodeIgniter->createController()
 3 SYSTEMPATH\CodeIgniter.php(361): CodeIgniter\CodeIgniter->handleRequest(null, Object(Config\Cache), false)
 4 FCPATH\index.php(79): CodeIgniter\CodeIgniter->run()
WARNING - 2024-12-24 11:21:23 --> [DEPRECATED] Creation of dynamic property App\Controllers\HomeController::$areaModel is deprecated in APPPATH\Controllers\HomeController.php on line 22.
 1 SYSTEMPATH\CodeIgniter.php(913): App\Controllers\HomeController->__construct()
 2 SYSTEMPATH\CodeIgniter.php(493): CodeIgniter\CodeIgniter->createController()
 3 SYSTEMPATH\CodeIgniter.php(361): CodeIgniter\CodeIgniter->handleRequest(null, Object(Config\Cache), false)
 4 FCPATH\index.php(79): CodeIgniter\CodeIgniter->run()
WARNING - 2024-12-24 11:21:23 --> [DEPRECATED] Creation of dynamic property App\Controllers\HomeController::$foodModel is deprecated in APPPATH\Controllers\HomeController.php on line 23.
 1 SYSTEMPATH\CodeIgniter.php(913): App\Controllers\HomeController->__construct()
 2 SYSTEMPATH\CodeIgniter.php(493): CodeIgniter\CodeIgniter->createController()
 3 SYSTEMPATH\CodeIgniter.php(361): CodeIgniter\CodeIgniter->handleRequest(null, Object(Config\Cache), false)
 4 FCPATH\index.php(79): CodeIgniter\CodeIgniter->run()
WARNING - 2024-12-24 11:21:23 --> [DEPRECATED] Creation of dynamic property App\Controllers\HomeController::$blogModel is deprecated in APPPATH\Controllers\HomeController.php on line 24.
 1 SYSTEMPATH\CodeIgniter.php(913): App\Controllers\HomeController->__construct()
 2 SYSTEMPATH\CodeIgniter.php(493): CodeIgniter\CodeIgniter->createController()
 3 SYSTEMPATH\CodeIgniter.php(361): CodeIgniter\CodeIgniter->handleRequest(null, Object(Config\Cache), false)
 4 FCPATH\index.php(79): CodeIgniter\CodeIgniter->run()
WARNING - 2024-12-24 11:25:50 --> [DEPRECATED] Creation of dynamic property App\Controllers\HomeController::$citiesModel is deprecated in APPPATH\Controllers\HomeController.php on line 19.
 1 SYSTEMPATH\CodeIgniter.php(913): App\Controllers\HomeController->__construct()
 2 SYSTEMPATH\CodeIgniter.php(493): CodeIgniter\CodeIgniter->createController()
 3 SYSTEMPATH\CodeIgniter.php(361): CodeIgniter\CodeIgniter->handleRequest(null, Object(Config\Cache), false)
 4 FCPATH\index.php(79): CodeIgniter\CodeIgniter->run()
WARNING - 2024-12-24 11:25:50 --> [DEPRECATED] Creation of dynamic property App\Controllers\HomeController::$uttarakhandModel is deprecated in APPPATH\Controllers\HomeController.php on line 20.
 1 SYSTEMPATH\CodeIgniter.php(913): App\Controllers\HomeController->__construct()
 2 SYSTEMPATH\CodeIgniter.php(493): CodeIgniter\CodeIgniter->createController()
 3 SYSTEMPATH\CodeIgniter.php(361): CodeIgniter\CodeIgniter->handleRequest(null, Object(Config\Cache), false)
 4 FCPATH\index.php(79): CodeIgniter\CodeIgniter->run()
WARNING - 2024-12-24 11:25:50 --> [DEPRECATED] Creation of dynamic property App\Controllers\HomeController::$imageModel is deprecated in APPPATH\Controllers\HomeController.php on line 21.
 1 SYSTEMPATH\CodeIgniter.php(913): App\Controllers\HomeController->__construct()
 2 SYSTEMPATH\CodeIgniter.php(493): CodeIgniter\CodeIgniter->createController()
 3 SYSTEMPATH\CodeIgniter.php(361): CodeIgniter\CodeIgniter->handleRequest(null, Object(Config\Cache), false)
 4 FCPATH\index.php(79): CodeIgniter\CodeIgniter->run()
WARNING - 2024-12-24 11:25:50 --> [DEPRECATED] Creation of dynamic property App\Controllers\HomeController::$areaModel is deprecated in APPPATH\Controllers\HomeController.php on line 22.
 1 SYSTEMPATH\CodeIgniter.php(913): App\Controllers\HomeController->__construct()
 2 SYSTEMPATH\CodeIgniter.php(493): CodeIgniter\CodeIgniter->createController()
 3 SYSTEMPATH\CodeIgniter.php(361): CodeIgniter\CodeIgniter->handleRequest(null, Object(Config\Cache), false)
 4 FCPATH\index.php(79): CodeIgniter\CodeIgniter->run()
WARNING - 2024-12-24 11:25:50 --> [DEPRECATED] Creation of dynamic property App\Controllers\HomeController::$foodModel is deprecated in APPPATH\Controllers\HomeController.php on line 23.
 1 SYSTEMPATH\CodeIgniter.php(913): App\Controllers\HomeController->__construct()
 2 SYSTEMPATH\CodeIgniter.php(493): CodeIgniter\CodeIgniter->createController()
 3 SYSTEMPATH\CodeIgniter.php(361): CodeIgniter\CodeIgniter->handleRequest(null, Object(Config\Cache), false)
 4 FCPATH\index.php(79): CodeIgniter\CodeIgniter->run()
WARNING - 2024-12-24 11:25:50 --> [DEPRECATED] Creation of dynamic property App\Controllers\HomeController::$blogModel is deprecated in APPPATH\Controllers\HomeController.php on line 24.
 1 SYSTEMPATH\CodeIgniter.php(913): App\Controllers\HomeController->__construct()
 2 SYSTEMPATH\CodeIgniter.php(493): CodeIgniter\CodeIgniter->createController()
 3 SYSTEMPATH\CodeIgniter.php(361): CodeIgniter\CodeIgniter->handleRequest(null, Object(Config\Cache), false)
 4 FCPATH\index.php(79): CodeIgniter\CodeIgniter->run()
WARNING - 2024-12-24 11:26:49 --> [DEPRECATED] Creation of dynamic property App\Controllers\HomeController::$citiesModel is deprecated in APPPATH\Controllers\HomeController.php on line 19.
 1 SYSTEMPATH\CodeIgniter.php(913): App\Controllers\HomeController->__construct()
 2 SYSTEMPATH\CodeIgniter.php(493): CodeIgniter\CodeIgniter->createController()
 3 SYSTEMPATH\CodeIgniter.php(361): CodeIgniter\CodeIgniter->handleRequest(null, Object(Config\Cache), false)
 4 FCPATH\index.php(79): CodeIgniter\CodeIgniter->run()
WARNING - 2024-12-24 11:26:49 --> [DEPRECATED] Creation of dynamic property App\Controllers\HomeController::$uttarakhandModel is deprecated in APPPATH\Controllers\HomeController.php on line 20.
 1 SYSTEMPATH\CodeIgniter.php(913): App\Controllers\HomeController->__construct()
 2 SYSTEMPATH\CodeIgniter.php(493): CodeIgniter\CodeIgniter->createController()
 3 SYSTEMPATH\CodeIgniter.php(361): CodeIgniter\CodeIgniter->handleRequest(null, Object(Config\Cache), false)
 4 FCPATH\index.php(79): CodeIgniter\CodeIgniter->run()
WARNING - 2024-12-24 11:26:49 --> [DEPRECATED] Creation of dynamic property App\Controllers\HomeController::$imageModel is deprecated in APPPATH\Controllers\HomeController.php on line 21.
 1 SYSTEMPATH\CodeIgniter.php(913): App\Controllers\HomeController->__construct()
 2 SYSTEMPATH\CodeIgniter.php(493): CodeIgniter\CodeIgniter->createController()
 3 SYSTEMPATH\CodeIgniter.php(361): CodeIgniter\CodeIgniter->handleRequest(null, Object(Config\Cache), false)
 4 FCPATH\index.php(79): CodeIgniter\CodeIgniter->run()
WARNING - 2024-12-24 11:26:49 --> [DEPRECATED] Creation of dynamic property App\Controllers\HomeController::$areaModel is deprecated in APPPATH\Controllers\HomeController.php on line 22.
 1 SYSTEMPATH\CodeIgniter.php(913): App\Controllers\HomeController->__construct()
 2 SYSTEMPATH\CodeIgniter.php(493): CodeIgniter\CodeIgniter->createController()
 3 SYSTEMPATH\CodeIgniter.php(361): CodeIgniter\CodeIgniter->handleRequest(null, Object(Config\Cache), false)
 4 FCPATH\index.php(79): CodeIgniter\CodeIgniter->run()
WARNING - 2024-12-24 11:26:49 --> [DEPRECATED] Creation of dynamic property App\Controllers\HomeController::$foodModel is deprecated in APPPATH\Controllers\HomeController.php on line 23.
 1 SYSTEMPATH\CodeIgniter.php(913): App\Controllers\HomeController->__construct()
 2 SYSTEMPATH\CodeIgniter.php(493): CodeIgniter\CodeIgniter->createController()
 3 SYSTEMPATH\CodeIgniter.php(361): CodeIgniter\CodeIgniter->handleRequest(null, Object(Config\Cache), false)
 4 FCPATH\index.php(79): CodeIgniter\CodeIgniter->run()
WARNING - 2024-12-24 11:26:49 --> [DEPRECATED] Creation of dynamic property App\Controllers\HomeController::$blogModel is deprecated in APPPATH\Controllers\HomeController.php on line 24.
 1 SYSTEMPATH\CodeIgniter.php(913): App\Controllers\HomeController->__construct()
 2 SYSTEMPATH\CodeIgniter.php(493): CodeIgniter\CodeIgniter->createController()
 3 SYSTEMPATH\CodeIgniter.php(361): CodeIgniter\CodeIgniter->handleRequest(null, Object(Config\Cache), false)
 4 FCPATH\index.php(79): CodeIgniter\CodeIgniter->run()
CRITICAL - 2024-12-24 11:26:49 --> ErrorException: Trying to access array offset on value of type null
in APPPATH\Controllers\HomeController.php on line 80.
 1 APPPATH\Controllers\HomeController.php(80): CodeIgniter\Debug\Exceptions->errorHandler(2, 'Trying to access array offset on value of type null', 'C:\\xampp\\htdocs\\uttrakhand\\app\\Controllers\\HomeController.php', 80)
 2 SYSTEMPATH\CodeIgniter.php(941): App\Controllers\HomeController->page('uploads', 'no_image.jpg')
 3 SYSTEMPATH\CodeIgniter.php(502): CodeIgniter\CodeIgniter->runController(Object(App\Controllers\HomeController))
 4 SYSTEMPATH\CodeIgniter.php(361): CodeIgniter\CodeIgniter->handleRequest(null, Object(Config\Cache), false)
 5 FCPATH\index.php(79): CodeIgniter\CodeIgniter->run()
WARNING - 2024-12-24 11:26:59 --> [DEPRECATED] Creation of dynamic property App\Controllers\HomeController::$citiesModel is deprecated in APPPATH\Controllers\HomeController.php on line 19.
 1 SYSTEMPATH\CodeIgniter.php(913): App\Controllers\HomeController->__construct()
 2 SYSTEMPATH\CodeIgniter.php(493): CodeIgniter\CodeIgniter->createController()
 3 SYSTEMPATH\CodeIgniter.php(361): CodeIgniter\CodeIgniter->handleRequest(null, Object(Config\Cache), false)
 4 FCPATH\index.php(79): CodeIgniter\CodeIgniter->run()
WARNING - 2024-12-24 11:26:59 --> [DEPRECATED] Creation of dynamic property App\Controllers\HomeController::$uttarakhandModel is deprecated in APPPATH\Controllers\HomeController.php on line 20.
 1 SYSTEMPATH\CodeIgniter.php(913): App\Controllers\HomeController->__construct()
 2 SYSTEMPATH\CodeIgniter.php(493): CodeIgniter\CodeIgniter->createController()
 3 SYSTEMPATH\CodeIgniter.php(361): CodeIgniter\CodeIgniter->handleRequest(null, Object(Config\Cache), false)
 4 FCPATH\index.php(79): CodeIgniter\CodeIgniter->run()
WARNING - 2024-12-24 11:26:59 --> [DEPRECATED] Creation of dynamic property App\Controllers\HomeController::$imageModel is deprecated in APPPATH\Controllers\HomeController.php on line 21.
 1 SYSTEMPATH\CodeIgniter.php(913): App\Controllers\HomeController->__construct()
 2 SYSTEMPATH\CodeIgniter.php(493): CodeIgniter\CodeIgniter->createController()
 3 SYSTEMPATH\CodeIgniter.php(361): CodeIgniter\CodeIgniter->handleRequest(null, Object(Config\Cache), false)
 4 FCPATH\index.php(79): CodeIgniter\CodeIgniter->run()
WARNING - 2024-12-24 11:26:59 --> [DEPRECATED] Creation of dynamic property App\Controllers\HomeController::$areaModel is deprecated in APPPATH\Controllers\HomeController.php on line 22.
 1 SYSTEMPATH\CodeIgniter.php(913): App\Controllers\HomeController->__construct()
 2 SYSTEMPATH\CodeIgniter.php(493): CodeIgniter\CodeIgniter->createController()
 3 SYSTEMPATH\CodeIgniter.php(361): CodeIgniter\CodeIgniter->handleRequest(null, Object(Config\Cache), false)
 4 FCPATH\index.php(79): CodeIgniter\CodeIgniter->run()
WARNING - 2024-12-24 11:26:59 --> [DEPRECATED] Creation of dynamic property App\Controllers\HomeController::$foodModel is deprecated in APPPATH\Controllers\HomeController.php on line 23.
 1 SYSTEMPATH\CodeIgniter.php(913): App\Controllers\HomeController->__construct()
 2 SYSTEMPATH\CodeIgniter.php(493): CodeIgniter\CodeIgniter->createController()
 3 SYSTEMPATH\CodeIgniter.php(361): CodeIgniter\CodeIgniter->handleRequest(null, Object(Config\Cache), false)
 4 FCPATH\index.php(79): CodeIgniter\CodeIgniter->run()
WARNING - 2024-12-24 11:26:59 --> [DEPRECATED] Creation of dynamic property App\Controllers\HomeController::$blogModel is deprecated in APPPATH\Controllers\HomeController.php on line 24.
 1 SYSTEMPATH\CodeIgniter.php(913): App\Controllers\HomeController->__construct()
 2 SYSTEMPATH\CodeIgniter.php(493): CodeIgniter\CodeIgniter->createController()
 3 SYSTEMPATH\CodeIgniter.php(361): CodeIgniter\CodeIgniter->handleRequest(null, Object(Config\Cache), false)
 4 FCPATH\index.php(79): CodeIgniter\CodeIgniter->run()
WARNING - 2024-12-24 11:26:59 --> [DEPRECATED] Creation of dynamic property App\Controllers\HomeController::$citiesModel is deprecated in APPPATH\Controllers\HomeController.php on line 19.
 1 SYSTEMPATH\CodeIgniter.php(913): App\Controllers\HomeController->__construct()
 2 SYSTEMPATH\CodeIgniter.php(493): CodeIgniter\CodeIgniter->createController()
 3 SYSTEMPATH\CodeIgniter.php(361): CodeIgniter\CodeIgniter->handleRequest(null, Object(Config\Cache), false)
 4 FCPATH\index.php(79): CodeIgniter\CodeIgniter->run()
WARNING - 2024-12-24 11:26:59 --> [DEPRECATED] Creation of dynamic property App\Controllers\HomeController::$uttarakhandModel is deprecated in APPPATH\Controllers\HomeController.php on line 20.
 1 SYSTEMPATH\CodeIgniter.php(913): App\Controllers\HomeController->__construct()
 2 SYSTEMPATH\CodeIgniter.php(493): CodeIgniter\CodeIgniter->createController()
 3 SYSTEMPATH\CodeIgniter.php(361): CodeIgniter\CodeIgniter->handleRequest(null, Object(Config\Cache), false)
 4 FCPATH\index.php(79): CodeIgniter\CodeIgniter->run()
WARNING - 2024-12-24 11:26:59 --> [DEPRECATED] Creation of dynamic property App\Controllers\HomeController::$imageModel is deprecated in APPPATH\Controllers\HomeController.php on line 21.
 1 SYSTEMPATH\CodeIgniter.php(913): App\Controllers\HomeController->__construct()
 2 SYSTEMPATH\CodeIgniter.php(493): CodeIgniter\CodeIgniter->createController()
 3 SYSTEMPATH\CodeIgniter.php(361): CodeIgniter\CodeIgniter->handleRequest(null, Object(Config\Cache), false)
 4 FCPATH\index.php(79): CodeIgniter\CodeIgniter->run()
WARNING - 2024-12-24 11:26:59 --> [DEPRECATED] Creation of dynamic property App\Controllers\HomeController::$areaModel is deprecated in APPPATH\Controllers\HomeController.php on line 22.
 1 SYSTEMPATH\CodeIgniter.php(913): App\Controllers\HomeController->__construct()
 2 SYSTEMPATH\CodeIgniter.php(493): CodeIgniter\CodeIgniter->createController()
 3 SYSTEMPATH\CodeIgniter.php(361): CodeIgniter\CodeIgniter->handleRequest(null, Object(Config\Cache), false)
 4 FCPATH\index.php(79): CodeIgniter\CodeIgniter->run()
WARNING - 2024-12-24 11:26:59 --> [DEPRECATED] Creation of dynamic property App\Controllers\HomeController::$foodModel is deprecated in APPPATH\Controllers\HomeController.php on line 23.
 1 SYSTEMPATH\CodeIgniter.php(913): App\Controllers\HomeController->__construct()
 2 SYSTEMPATH\CodeIgniter.php(493): CodeIgniter\CodeIgniter->createController()
 3 SYSTEMPATH\CodeIgniter.php(361): CodeIgniter\CodeIgniter->handleRequest(null, Object(Config\Cache), false)
 4 FCPATH\index.php(79): CodeIgniter\CodeIgniter->run()
WARNING - 2024-12-24 11:26:59 --> [DEPRECATED] Creation of dynamic property App\Controllers\HomeController::$blogModel is deprecated in APPPATH\Controllers\HomeController.php on line 24.
 1 SYSTEMPATH\CodeIgniter.php(913): App\Controllers\HomeController->__construct()
 2 SYSTEMPATH\CodeIgniter.php(493): CodeIgniter\CodeIgniter->createController()
 3 SYSTEMPATH\CodeIgniter.php(361): CodeIgniter\CodeIgniter->handleRequest(null, Object(Config\Cache), false)
 4 FCPATH\index.php(79): CodeIgniter\CodeIgniter->run()
WARNING - 2024-12-24 11:27:01 --> [DEPRECATED] Creation of dynamic property App\Controllers\HomeController::$citiesModel is deprecated in APPPATH\Controllers\HomeController.php on line 19.
 1 SYSTEMPATH\CodeIgniter.php(913): App\Controllers\HomeController->__construct()
 2 SYSTEMPATH\CodeIgniter.php(493): CodeIgniter\CodeIgniter->createController()
 3 SYSTEMPATH\CodeIgniter.php(361): CodeIgniter\CodeIgniter->handleRequest(null, Object(Config\Cache), false)
 4 FCPATH\index.php(79): CodeIgniter\CodeIgniter->run()
WARNING - 2024-12-24 11:27:01 --> [DEPRECATED] Creation of dynamic property App\Controllers\HomeController::$uttarakhandModel is deprecated in APPPATH\Controllers\HomeController.php on line 20.
 1 SYSTEMPATH\CodeIgniter.php(913): App\Controllers\HomeController->__construct()
 2 SYSTEMPATH\CodeIgniter.php(493): CodeIgniter\CodeIgniter->createController()
 3 SYSTEMPATH\CodeIgniter.php(361): CodeIgniter\CodeIgniter->handleRequest(null, Object(Config\Cache), false)
 4 FCPATH\index.php(79): CodeIgniter\CodeIgniter->run()
WARNING - 2024-12-24 11:27:01 --> [DEPRECATED] Creation of dynamic property App\Controllers\HomeController::$imageModel is deprecated in APPPATH\Controllers\HomeController.php on line 21.
 1 SYSTEMPATH\CodeIgniter.php(913): App\Controllers\HomeController->__construct()
 2 SYSTEMPATH\CodeIgniter.php(493): CodeIgniter\CodeIgniter->createController()
 3 SYSTEMPATH\CodeIgniter.php(361): CodeIgniter\CodeIgniter->handleRequest(null, Object(Config\Cache), false)
 4 FCPATH\index.php(79): CodeIgniter\CodeIgniter->run()
WARNING - 2024-12-24 11:27:01 --> [DEPRECATED] Creation of dynamic property App\Controllers\HomeController::$areaModel is deprecated in APPPATH\Controllers\HomeController.php on line 22.
 1 SYSTEMPATH\CodeIgniter.php(913): App\Controllers\HomeController->__construct()
 2 SYSTEMPATH\CodeIgniter.php(493): CodeIgniter\CodeIgniter->createController()
 3 SYSTEMPATH\CodeIgniter.php(361): CodeIgniter\CodeIgniter->handleRequest(null, Object(Config\Cache), false)
 4 FCPATH\index.php(79): CodeIgniter\CodeIgniter->run()
WARNING - 2024-12-24 11:27:01 --> [DEPRECATED] Creation of dynamic property App\Controllers\HomeController::$foodModel is deprecated in APPPATH\Controllers\HomeController.php on line 23.
 1 SYSTEMPATH\CodeIgniter.php(913): App\Controllers\HomeController->__construct()
 2 SYSTEMPATH\CodeIgniter.php(493): CodeIgniter\CodeIgniter->createController()
 3 SYSTEMPATH\CodeIgniter.php(361): CodeIgniter\CodeIgniter->handleRequest(null, Object(Config\Cache), false)
 4 FCPATH\index.php(79): CodeIgniter\CodeIgniter->run()
WARNING - 2024-12-24 11:27:01 --> [DEPRECATED] Creation of dynamic property App\Controllers\HomeController::$blogModel is deprecated in APPPATH\Controllers\HomeController.php on line 24.
 1 SYSTEMPATH\CodeIgniter.php(913): App\Controllers\HomeController->__construct()
 2 SYSTEMPATH\CodeIgniter.php(493): CodeIgniter\CodeIgniter->createController()
 3 SYSTEMPATH\CodeIgniter.php(361): CodeIgniter\CodeIgniter->handleRequest(null, Object(Config\Cache), false)
 4 FCPATH\index.php(79): CodeIgniter\CodeIgniter->run()
WARNING - 2024-12-24 12:30:33 --> [DEPRECATED] Creation of dynamic property App\Controllers\ContactController::$citiesModel is deprecated in APPPATH\Controllers\ContactController.php on line 21.
 1 SYSTEMPATH\CodeIgniter.php(913): App\Controllers\ContactController->__construct()
 2 SYSTEMPATH\CodeIgniter.php(493): CodeIgniter\CodeIgniter->createController()
 3 SYSTEMPATH\CodeIgniter.php(361): CodeIgniter\CodeIgniter->handleRequest(null, Object(Config\Cache), false)
 4 FCPATH\index.php(79): CodeIgniter\CodeIgniter->run()
WARNING - 2024-12-24 12:30:33 --> [DEPRECATED] Creation of dynamic property App\Controllers\ContactController::$uttarakhandModel is deprecated in APPPATH\Controllers\ContactController.php on line 22.
 1 SYSTEMPATH\CodeIgniter.php(913): App\Controllers\ContactController->__construct()
 2 SYSTEMPATH\CodeIgniter.php(493): CodeIgniter\CodeIgniter->createController()
 3 SYSTEMPATH\CodeIgniter.php(361): CodeIgniter\CodeIgniter->handleRequest(null, Object(Config\Cache), false)
 4 FCPATH\index.php(79): CodeIgniter\CodeIgniter->run()
WARNING - 2024-12-24 12:30:33 --> [DEPRECATED] Creation of dynamic property App\Controllers\ContactController::$imageModel is deprecated in APPPATH\Controllers\ContactController.php on line 23.
 1 SYSTEMPATH\CodeIgniter.php(913): App\Controllers\ContactController->__construct()
 2 SYSTEMPATH\CodeIgniter.php(493): CodeIgniter\CodeIgniter->createController()
 3 SYSTEMPATH\CodeIgniter.php(361): CodeIgniter\CodeIgniter->handleRequest(null, Object(Config\Cache), false)
 4 FCPATH\index.php(79): CodeIgniter\CodeIgniter->run()
WARNING - 2024-12-24 12:30:33 --> [DEPRECATED] Creation of dynamic property App\Controllers\ContactController::$areaModel is deprecated in APPPATH\Controllers\ContactController.php on line 24.
 1 SYSTEMPATH\CodeIgniter.php(913): App\Controllers\ContactController->__construct()
 2 SYSTEMPATH\CodeIgniter.php(493): CodeIgniter\CodeIgniter->createController()
 3 SYSTEMPATH\CodeIgniter.php(361): CodeIgniter\CodeIgniter->handleRequest(null, Object(Config\Cache), false)
 4 FCPATH\index.php(79): CodeIgniter\CodeIgniter->run()
WARNING - 2024-12-24 12:30:33 --> [DEPRECATED] Creation of dynamic property App\Controllers\ContactController::$foodModel is deprecated in APPPATH\Controllers\ContactController.php on line 25.
 1 SYSTEMPATH\CodeIgniter.php(913): App\Controllers\ContactController->__construct()
 2 SYSTEMPATH\CodeIgniter.php(493): CodeIgniter\CodeIgniter->createController()
 3 SYSTEMPATH\CodeIgniter.php(361): CodeIgniter\CodeIgniter->handleRequest(null, Object(Config\Cache), false)
 4 FCPATH\index.php(79): CodeIgniter\CodeIgniter->run()
WARNING - 2024-12-24 12:30:33 --> [DEPRECATED] Creation of dynamic property App\Controllers\ContactController::$blogModel is deprecated in APPPATH\Controllers\ContactController.php on line 26.
 1 SYSTEMPATH\CodeIgniter.php(913): App\Controllers\ContactController->__construct()
 2 SYSTEMPATH\CodeIgniter.php(493): CodeIgniter\CodeIgniter->createController()
 3 SYSTEMPATH\CodeIgniter.php(361): CodeIgniter\CodeIgniter->handleRequest(null, Object(Config\Cache), false)
 4 FCPATH\index.php(79): CodeIgniter\CodeIgniter->run()
WARNING - 2024-12-24 12:30:33 --> [DEPRECATED] Creation of dynamic property App\Controllers\ContactController::$contactModel is deprecated in APPPATH\Controllers\ContactController.php on line 27.
 1 SYSTEMPATH\CodeIgniter.php(913): App\Controllers\ContactController->__construct()
 2 SYSTEMPATH\CodeIgniter.php(493): CodeIgniter\CodeIgniter->createController()
 3 SYSTEMPATH\CodeIgniter.php(361): CodeIgniter\CodeIgniter->handleRequest(null, Object(Config\Cache), false)
 4 FCPATH\index.php(79): CodeIgniter\CodeIgniter->run()
WARNING - 2024-12-24 12:30:33 --> [DEPRECATED] Creation of dynamic property App\Controllers\ContactController::$subscribersModel is deprecated in APPPATH\Controllers\ContactController.php on line 28.
 1 SYSTEMPATH\CodeIgniter.php(913): App\Controllers\ContactController->__construct()
 2 SYSTEMPATH\CodeIgniter.php(493): CodeIgniter\CodeIgniter->createController()
 3 SYSTEMPATH\CodeIgniter.php(361): CodeIgniter\CodeIgniter->handleRequest(null, Object(Config\Cache), false)
 4 FCPATH\index.php(79): CodeIgniter\CodeIgniter->run()
WARNING - 2024-12-24 12:30:33 --> [DEPRECATED] Creation of dynamic property App\Controllers\ContactController::$commentModel is deprecated in APPPATH\Controllers\ContactController.php on line 29.
 1 SYSTEMPATH\CodeIgniter.php(913): App\Controllers\ContactController->__construct()
 2 SYSTEMPATH\CodeIgniter.php(493): CodeIgniter\CodeIgniter->createController()
 3 SYSTEMPATH\CodeIgniter.php(361): CodeIgniter\CodeIgniter->handleRequest(null, Object(Config\Cache), false)
 4 FCPATH\index.php(79): CodeIgniter\CodeIgniter->run()
WARNING - 2024-12-24 12:30:33 --> [DEPRECATED] Creation of dynamic property App\Controllers\ContactController::$likesModel is deprecated in APPPATH\Controllers\ContactController.php on line 30.
 1 SYSTEMPATH\CodeIgniter.php(913): App\Controllers\ContactController->__construct()
 2 SYSTEMPATH\CodeIgniter.php(493): CodeIgniter\CodeIgniter->createController()
 3 SYSTEMPATH\CodeIgniter.php(361): CodeIgniter\CodeIgniter->handleRequest(null, Object(Config\Cache), false)
 4 FCPATH\index.php(79): CodeIgniter\CodeIgniter->run()
WARNING - 2024-12-24 12:31:03 --> [DEPRECATED] Creation of dynamic property App\Controllers\BlogController::$blogcategoryModel is deprecated in APPPATH\Controllers\BlogController.php on line 14.
 1 SYSTEMPATH\CodeIgniter.php(913): App\Controllers\BlogController->__construct()
 2 SYSTEMPATH\CodeIgniter.php(493): CodeIgniter\CodeIgniter->createController()
 3 SYSTEMPATH\CodeIgniter.php(361): CodeIgniter\CodeIgniter->handleRequest(null, Object(Config\Cache), false)
 4 FCPATH\index.php(79): CodeIgniter\CodeIgniter->run()
WARNING - 2024-12-24 12:31:03 --> [DEPRECATED] Creation of dynamic property App\Controllers\BlogController::$blogModel is deprecated in APPPATH\Controllers\BlogController.php on line 15.
 1 SYSTEMPATH\CodeIgniter.php(913): App\Controllers\BlogController->__construct()
 2 SYSTEMPATH\CodeIgniter.php(493): CodeIgniter\CodeIgniter->createController()
 3 SYSTEMPATH\CodeIgniter.php(361): CodeIgniter\CodeIgniter->handleRequest(null, Object(Config\Cache), false)
 4 FCPATH\index.php(79): CodeIgniter\CodeIgniter->run()
WARNING - 2024-12-24 12:31:03 --> [DEPRECATED] Creation of dynamic property App\Controllers\BlogController::$citiesModel is deprecated in APPPATH\Controllers\BlogController.php on line 16.
 1 SYSTEMPATH\CodeIgniter.php(913): App\Controllers\BlogController->__construct()
 2 SYSTEMPATH\CodeIgniter.php(493): CodeIgniter\CodeIgniter->createController()
 3 SYSTEMPATH\CodeIgniter.php(361): CodeIgniter\CodeIgniter->handleRequest(null, Object(Config\Cache), false)
 4 FCPATH\index.php(79): CodeIgniter\CodeIgniter->run()
WARNING - 2024-12-24 12:31:03 --> [DEPRECATED] Creation of dynamic property App\Controllers\BlogController::$commentModel is deprecated in APPPATH\Controllers\BlogController.php on line 17.
 1 SYSTEMPATH\CodeIgniter.php(913): App\Controllers\BlogController->__construct()
 2 SYSTEMPATH\CodeIgniter.php(493): CodeIgniter\CodeIgniter->createController()
 3 SYSTEMPATH\CodeIgniter.php(361): CodeIgniter\CodeIgniter->handleRequest(null, Object(Config\Cache), false)
 4 FCPATH\index.php(79): CodeIgniter\CodeIgniter->run()
WARNING - 2024-12-24 12:31:03 --> [DEPRECATED] Creation of dynamic property App\Controllers\BlogController::$likesModel is deprecated in APPPATH\Controllers\BlogController.php on line 18.
 1 SYSTEMPATH\CodeIgniter.php(913): App\Controllers\BlogController->__construct()
 2 SYSTEMPATH\CodeIgniter.php(493): CodeIgniter\CodeIgniter->createController()
 3 SYSTEMPATH\CodeIgniter.php(361): CodeIgniter\CodeIgniter->handleRequest(null, Object(Config\Cache), false)
 4 FCPATH\index.php(79): CodeIgniter\CodeIgniter->run()
WARNING - 2024-12-24 12:31:19 --> [DEPRECATED] Creation of dynamic property App\Controllers\ContactController::$citiesModel is deprecated in APPPATH\Controllers\ContactController.php on line 21.
 1 SYSTEMPATH\CodeIgniter.php(913): App\Controllers\ContactController->__construct()
 2 SYSTEMPATH\CodeIgniter.php(493): CodeIgniter\CodeIgniter->createController()
 3 SYSTEMPATH\CodeIgniter.php(361): CodeIgniter\CodeIgniter->handleRequest(null, Object(Config\Cache), false)
 4 FCPATH\index.php(79): CodeIgniter\CodeIgniter->run()
WARNING - 2024-12-24 12:31:19 --> [DEPRECATED] Creation of dynamic property App\Controllers\ContactController::$uttarakhandModel is deprecated in APPPATH\Controllers\ContactController.php on line 22.
 1 SYSTEMPATH\CodeIgniter.php(913): App\Controllers\ContactController->__construct()
 2 SYSTEMPATH\CodeIgniter.php(493): CodeIgniter\CodeIgniter->createController()
 3 SYSTEMPATH\CodeIgniter.php(361): CodeIgniter\CodeIgniter->handleRequest(null, Object(Config\Cache), false)
 4 FCPATH\index.php(79): CodeIgniter\CodeIgniter->run()
WARNING - 2024-12-24 12:31:19 --> [DEPRECATED] Creation of dynamic property App\Controllers\ContactController::$imageModel is deprecated in APPPATH\Controllers\ContactController.php on line 23.
 1 SYSTEMPATH\CodeIgniter.php(913): App\Controllers\ContactController->__construct()
 2 SYSTEMPATH\CodeIgniter.php(493): CodeIgniter\CodeIgniter->createController()
 3 SYSTEMPATH\CodeIgniter.php(361): CodeIgniter\CodeIgniter->handleRequest(null, Object(Config\Cache), false)
 4 FCPATH\index.php(79): CodeIgniter\CodeIgniter->run()
WARNING - 2024-12-24 12:31:19 --> [DEPRECATED] Creation of dynamic property App\Controllers\ContactController::$areaModel is deprecated in APPPATH\Controllers\ContactController.php on line 24.
 1 SYSTEMPATH\CodeIgniter.php(913): App\Controllers\ContactController->__construct()
 2 SYSTEMPATH\CodeIgniter.php(493): CodeIgniter\CodeIgniter->createController()
 3 SYSTEMPATH\CodeIgniter.php(361): CodeIgniter\CodeIgniter->handleRequest(null, Object(Config\Cache), false)
 4 FCPATH\index.php(79): CodeIgniter\CodeIgniter->run()
WARNING - 2024-12-24 12:31:19 --> [DEPRECATED] Creation of dynamic property App\Controllers\ContactController::$foodModel is deprecated in APPPATH\Controllers\ContactController.php on line 25.
 1 SYSTEMPATH\CodeIgniter.php(913): App\Controllers\ContactController->__construct()
 2 SYSTEMPATH\CodeIgniter.php(493): CodeIgniter\CodeIgniter->createController()
 3 SYSTEMPATH\CodeIgniter.php(361): CodeIgniter\CodeIgniter->handleRequest(null, Object(Config\Cache), false)
 4 FCPATH\index.php(79): CodeIgniter\CodeIgniter->run()
WARNING - 2024-12-24 12:31:19 --> [DEPRECATED] Creation of dynamic property App\Controllers\ContactController::$blogModel is deprecated in APPPATH\Controllers\ContactController.php on line 26.
 1 SYSTEMPATH\CodeIgniter.php(913): App\Controllers\ContactController->__construct()
 2 SYSTEMPATH\CodeIgniter.php(493): CodeIgniter\CodeIgniter->createController()
 3 SYSTEMPATH\CodeIgniter.php(361): CodeIgniter\CodeIgniter->handleRequest(null, Object(Config\Cache), false)
 4 FCPATH\index.php(79): CodeIgniter\CodeIgniter->run()
WARNING - 2024-12-24 12:31:19 --> [DEPRECATED] Creation of dynamic property App\Controllers\ContactController::$contactModel is deprecated in APPPATH\Controllers\ContactController.php on line 27.
 1 SYSTEMPATH\CodeIgniter.php(913): App\Controllers\ContactController->__construct()
 2 SYSTEMPATH\CodeIgniter.php(493): CodeIgniter\CodeIgniter->createController()
 3 SYSTEMPATH\CodeIgniter.php(361): CodeIgniter\CodeIgniter->handleRequest(null, Object(Config\Cache), false)
 4 FCPATH\index.php(79): CodeIgniter\CodeIgniter->run()
WARNING - 2024-12-24 12:31:19 --> [DEPRECATED] Creation of dynamic property App\Controllers\ContactController::$subscribersModel is deprecated in APPPATH\Controllers\ContactController.php on line 28.
 1 SYSTEMPATH\CodeIgniter.php(913): App\Controllers\ContactController->__construct()
 2 SYSTEMPATH\CodeIgniter.php(493): CodeIgniter\CodeIgniter->createController()
 3 SYSTEMPATH\CodeIgniter.php(361): CodeIgniter\CodeIgniter->handleRequest(null, Object(Config\Cache), false)
 4 FCPATH\index.php(79): CodeIgniter\CodeIgniter->run()
WARNING - 2024-12-24 12:31:19 --> [DEPRECATED] Creation of dynamic property App\Controllers\ContactController::$commentModel is deprecated in APPPATH\Controllers\ContactController.php on line 29.
 1 SYSTEMPATH\CodeIgniter.php(913): App\Controllers\ContactController->__construct()
 2 SYSTEMPATH\CodeIgniter.php(493): CodeIgniter\CodeIgniter->createController()
 3 SYSTEMPATH\CodeIgniter.php(361): CodeIgniter\CodeIgniter->handleRequest(null, Object(Config\Cache), false)
 4 FCPATH\index.php(79): CodeIgniter\CodeIgniter->run()
WARNING - 2024-12-24 12:31:19 --> [DEPRECATED] Creation of dynamic property App\Controllers\ContactController::$likesModel is deprecated in APPPATH\Controllers\ContactController.php on line 30.
 1 SYSTEMPATH\CodeIgniter.php(913): App\Controllers\ContactController->__construct()
 2 SYSTEMPATH\CodeIgniter.php(493): CodeIgniter\CodeIgniter->createController()
 3 SYSTEMPATH\CodeIgniter.php(361): CodeIgniter\CodeIgniter->handleRequest(null, Object(Config\Cache), false)
 4 FCPATH\index.php(79): CodeIgniter\CodeIgniter->run()
WARNING - 2024-12-24 12:31:23 --> [DEPRECATED] Creation of dynamic property App\Controllers\BlogController::$blogcategoryModel is deprecated in APPPATH\Controllers\BlogController.php on line 14.
 1 SYSTEMPATH\CodeIgniter.php(913): App\Controllers\BlogController->__construct()
 2 SYSTEMPATH\CodeIgniter.php(493): CodeIgniter\CodeIgniter->createController()
 3 SYSTEMPATH\CodeIgniter.php(361): CodeIgniter\CodeIgniter->handleRequest(null, Object(Config\Cache), false)
 4 FCPATH\index.php(79): CodeIgniter\CodeIgniter->run()
WARNING - 2024-12-24 12:31:23 --> [DEPRECATED] Creation of dynamic property App\Controllers\BlogController::$blogModel is deprecated in APPPATH\Controllers\BlogController.php on line 15.
 1 SYSTEMPATH\CodeIgniter.php(913): App\Controllers\BlogController->__construct()
 2 SYSTEMPATH\CodeIgniter.php(493): CodeIgniter\CodeIgniter->createController()
 3 SYSTEMPATH\CodeIgniter.php(361): CodeIgniter\CodeIgniter->handleRequest(null, Object(Config\Cache), false)
 4 FCPATH\index.php(79): CodeIgniter\CodeIgniter->run()
WARNING - 2024-12-24 12:31:23 --> [DEPRECATED] Creation of dynamic property App\Controllers\BlogController::$citiesModel is deprecated in APPPATH\Controllers\BlogController.php on line 16.
 1 SYSTEMPATH\CodeIgniter.php(913): App\Controllers\BlogController->__construct()
 2 SYSTEMPATH\CodeIgniter.php(493): CodeIgniter\CodeIgniter->createController()
 3 SYSTEMPATH\CodeIgniter.php(361): CodeIgniter\CodeIgniter->handleRequest(null, Object(Config\Cache), false)
 4 FCPATH\index.php(79): CodeIgniter\CodeIgniter->run()
WARNING - 2024-12-24 12:31:23 --> [DEPRECATED] Creation of dynamic property App\Controllers\BlogController::$commentModel is deprecated in APPPATH\Controllers\BlogController.php on line 17.
 1 SYSTEMPATH\CodeIgniter.php(913): App\Controllers\BlogController->__construct()
 2 SYSTEMPATH\CodeIgniter.php(493): CodeIgniter\CodeIgniter->createController()
 3 SYSTEMPATH\CodeIgniter.php(361): CodeIgniter\CodeIgniter->handleRequest(null, Object(Config\Cache), false)
 4 FCPATH\index.php(79): CodeIgniter\CodeIgniter->run()
WARNING - 2024-12-24 12:31:23 --> [DEPRECATED] Creation of dynamic property App\Controllers\BlogController::$likesModel is deprecated in APPPATH\Controllers\BlogController.php on line 18.
 1 SYSTEMPATH\CodeIgniter.php(913): App\Controllers\BlogController->__construct()
 2 SYSTEMPATH\CodeIgniter.php(493): CodeIgniter\CodeIgniter->createController()
 3 SYSTEMPATH\CodeIgniter.php(361): CodeIgniter\CodeIgniter->handleRequest(null, Object(Config\Cache), false)
 4 FCPATH\index.php(79): CodeIgniter\CodeIgniter->run()
WARNING - 2024-12-24 12:31:26 --> [DEPRECATED] Creation of dynamic property App\Controllers\BlogController::$blogcategoryModel is deprecated in APPPATH\Controllers\BlogController.php on line 14.
 1 SYSTEMPATH\CodeIgniter.php(913): App\Controllers\BlogController->__construct()
 2 SYSTEMPATH\CodeIgniter.php(493): CodeIgniter\CodeIgniter->createController()
 3 SYSTEMPATH\CodeIgniter.php(361): CodeIgniter\CodeIgniter->handleRequest(null, Object(Config\Cache), false)
 4 FCPATH\index.php(79): CodeIgniter\CodeIgniter->run()
WARNING - 2024-12-24 12:31:26 --> [DEPRECATED] Creation of dynamic property App\Controllers\BlogController::$blogModel is deprecated in APPPATH\Controllers\BlogController.php on line 15.
 1 SYSTEMPATH\CodeIgniter.php(913): App\Controllers\BlogController->__construct()
 2 SYSTEMPATH\CodeIgniter.php(493): CodeIgniter\CodeIgniter->createController()
 3 SYSTEMPATH\CodeIgniter.php(361): CodeIgniter\CodeIgniter->handleRequest(null, Object(Config\Cache), false)
 4 FCPATH\index.php(79): CodeIgniter\CodeIgniter->run()
WARNING - 2024-12-24 12:31:26 --> [DEPRECATED] Creation of dynamic property App\Controllers\BlogController::$citiesModel is deprecated in APPPATH\Controllers\BlogController.php on line 16.
 1 SYSTEMPATH\CodeIgniter.php(913): App\Controllers\BlogController->__construct()
 2 SYSTEMPATH\CodeIgniter.php(493): CodeIgniter\CodeIgniter->createController()
 3 SYSTEMPATH\CodeIgniter.php(361): CodeIgniter\CodeIgniter->handleRequest(null, Object(Config\Cache), false)
 4 FCPATH\index.php(79): CodeIgniter\CodeIgniter->run()
WARNING - 2024-12-24 12:31:26 --> [DEPRECATED] Creation of dynamic property App\Controllers\BlogController::$commentModel is deprecated in APPPATH\Controllers\BlogController.php on line 17.
 1 SYSTEMPATH\CodeIgniter.php(913): App\Controllers\BlogController->__construct()
 2 SYSTEMPATH\CodeIgniter.php(493): CodeIgniter\CodeIgniter->createController()
 3 SYSTEMPATH\CodeIgniter.php(361): CodeIgniter\CodeIgniter->handleRequest(null, Object(Config\Cache), false)
 4 FCPATH\index.php(79): CodeIgniter\CodeIgniter->run()
WARNING - 2024-12-24 12:31:26 --> [DEPRECATED] Creation of dynamic property App\Controllers\BlogController::$likesModel is deprecated in APPPATH\Controllers\BlogController.php on line 18.
 1 SYSTEMPATH\CodeIgniter.php(913): App\Controllers\BlogController->__construct()
 2 SYSTEMPATH\CodeIgniter.php(493): CodeIgniter\CodeIgniter->createController()
 3 SYSTEMPATH\CodeIgniter.php(361): CodeIgniter\CodeIgniter->handleRequest(null, Object(Config\Cache), false)
 4 FCPATH\index.php(79): CodeIgniter\CodeIgniter->run()
WARNING - 2024-12-24 12:31:26 --> [DEPRECATED] preg_match(): Passing null to parameter #2 ($subject) of type string is deprecated in APPPATH\Helpers\custom_helper.php on line 44.
 1 APPPATH\Helpers\custom_helper.php(44): preg_match('/IPv4 Address.*?: ([\\d\\.]+)/', null, null)
 2 APPPATH\Controllers\BlogController.php(212): getuserIpAddress()
 3 SYSTEMPATH\CodeIgniter.php(941): App\Controllers\BlogController->Showblogdetails('Discovering-Uttarakhand:-Nature,-Spirituality,-and-Adventure')
 4 SYSTEMPATH\CodeIgniter.php(502): CodeIgniter\CodeIgniter->runController(Object(App\Controllers\BlogController))
 5 SYSTEMPATH\CodeIgniter.php(361): CodeIgniter\CodeIgniter->handleRequest(null, Object(Config\Cache), false)
 6 FCPATH\index.php(79): CodeIgniter\CodeIgniter->run()
WARNING - 2024-12-24 12:31:33 --> [DEPRECATED] Creation of dynamic property App\Controllers\ContactController::$citiesModel is deprecated in APPPATH\Controllers\ContactController.php on line 21.
 1 SYSTEMPATH\CodeIgniter.php(913): App\Controllers\ContactController->__construct()
 2 SYSTEMPATH\CodeIgniter.php(493): CodeIgniter\CodeIgniter->createController()
 3 SYSTEMPATH\CodeIgniter.php(361): CodeIgniter\CodeIgniter->handleRequest(null, Object(Config\Cache), false)
 4 FCPATH\index.php(79): CodeIgniter\CodeIgniter->run()
WARNING - 2024-12-24 12:31:33 --> [DEPRECATED] Creation of dynamic property App\Controllers\ContactController::$uttarakhandModel is deprecated in APPPATH\Controllers\ContactController.php on line 22.
 1 SYSTEMPATH\CodeIgniter.php(913): App\Controllers\ContactController->__construct()
 2 SYSTEMPATH\CodeIgniter.php(493): CodeIgniter\CodeIgniter->createController()
 3 SYSTEMPATH\CodeIgniter.php(361): CodeIgniter\CodeIgniter->handleRequest(null, Object(Config\Cache), false)
 4 FCPATH\index.php(79): CodeIgniter\CodeIgniter->run()
WARNING - 2024-12-24 12:31:33 --> [DEPRECATED] Creation of dynamic property App\Controllers\ContactController::$imageModel is deprecated in APPPATH\Controllers\ContactController.php on line 23.
 1 SYSTEMPATH\CodeIgniter.php(913): App\Controllers\ContactController->__construct()
 2 SYSTEMPATH\CodeIgniter.php(493): CodeIgniter\CodeIgniter->createController()
 3 SYSTEMPATH\CodeIgniter.php(361): CodeIgniter\CodeIgniter->handleRequest(null, Object(Config\Cache), false)
 4 FCPATH\index.php(79): CodeIgniter\CodeIgniter->run()
WARNING - 2024-12-24 12:31:33 --> [DEPRECATED] Creation of dynamic property App\Controllers\ContactController::$areaModel is deprecated in APPPATH\Controllers\ContactController.php on line 24.
 1 SYSTEMPATH\CodeIgniter.php(913): App\Controllers\ContactController->__construct()
 2 SYSTEMPATH\CodeIgniter.php(493): CodeIgniter\CodeIgniter->createController()
 3 SYSTEMPATH\CodeIgniter.php(361): CodeIgniter\CodeIgniter->handleRequest(null, Object(Config\Cache), false)
 4 FCPATH\index.php(79): CodeIgniter\CodeIgniter->run()
WARNING - 2024-12-24 12:31:33 --> [DEPRECATED] Creation of dynamic property App\Controllers\ContactController::$foodModel is deprecated in APPPATH\Controllers\ContactController.php on line 25.
 1 SYSTEMPATH\CodeIgniter.php(913): App\Controllers\ContactController->__construct()
 2 SYSTEMPATH\CodeIgniter.php(493): CodeIgniter\CodeIgniter->createController()
 3 SYSTEMPATH\CodeIgniter.php(361): CodeIgniter\CodeIgniter->handleRequest(null, Object(Config\Cache), false)
 4 FCPATH\index.php(79): CodeIgniter\CodeIgniter->run()
WARNING - 2024-12-24 12:31:33 --> [DEPRECATED] Creation of dynamic property App\Controllers\ContactController::$blogModel is deprecated in APPPATH\Controllers\ContactController.php on line 26.
 1 SYSTEMPATH\CodeIgniter.php(913): App\Controllers\ContactController->__construct()
 2 SYSTEMPATH\CodeIgniter.php(493): CodeIgniter\CodeIgniter->createController()
 3 SYSTEMPATH\CodeIgniter.php(361): CodeIgniter\CodeIgniter->handleRequest(null, Object(Config\Cache), false)
 4 FCPATH\index.php(79): CodeIgniter\CodeIgniter->run()
WARNING - 2024-12-24 12:31:33 --> [DEPRECATED] Creation of dynamic property App\Controllers\ContactController::$contactModel is deprecated in APPPATH\Controllers\ContactController.php on line 27.
 1 SYSTEMPATH\CodeIgniter.php(913): App\Controllers\ContactController->__construct()
 2 SYSTEMPATH\CodeIgniter.php(493): CodeIgniter\CodeIgniter->createController()
 3 SYSTEMPATH\CodeIgniter.php(361): CodeIgniter\CodeIgniter->handleRequest(null, Object(Config\Cache), false)
 4 FCPATH\index.php(79): CodeIgniter\CodeIgniter->run()
WARNING - 2024-12-24 12:31:33 --> [DEPRECATED] Creation of dynamic property App\Controllers\ContactController::$subscribersModel is deprecated in APPPATH\Controllers\ContactController.php on line 28.
 1 SYSTEMPATH\CodeIgniter.php(913): App\Controllers\ContactController->__construct()
 2 SYSTEMPATH\CodeIgniter.php(493): CodeIgniter\CodeIgniter->createController()
 3 SYSTEMPATH\CodeIgniter.php(361): CodeIgniter\CodeIgniter->handleRequest(null, Object(Config\Cache), false)
 4 FCPATH\index.php(79): CodeIgniter\CodeIgniter->run()
WARNING - 2024-12-24 12:31:33 --> [DEPRECATED] Creation of dynamic property App\Controllers\ContactController::$commentModel is deprecated in APPPATH\Controllers\ContactController.php on line 29.
 1 SYSTEMPATH\CodeIgniter.php(913): App\Controllers\ContactController->__construct()
 2 SYSTEMPATH\CodeIgniter.php(493): CodeIgniter\CodeIgniter->createController()
 3 SYSTEMPATH\CodeIgniter.php(361): CodeIgniter\CodeIgniter->handleRequest(null, Object(Config\Cache), false)
 4 FCPATH\index.php(79): CodeIgniter\CodeIgniter->run()
WARNING - 2024-12-24 12:31:33 --> [DEPRECATED] Creation of dynamic property App\Controllers\ContactController::$likesModel is deprecated in APPPATH\Controllers\ContactController.php on line 30.
 1 SYSTEMPATH\CodeIgniter.php(913): App\Controllers\ContactController->__construct()
 2 SYSTEMPATH\CodeIgniter.php(493): CodeIgniter\CodeIgniter->createController()
 3 SYSTEMPATH\CodeIgniter.php(361): CodeIgniter\CodeIgniter->handleRequest(null, Object(Config\Cache), false)
 4 FCPATH\index.php(79): CodeIgniter\CodeIgniter->run()
WARNING - 2024-12-24 12:31:33 --> [DEPRECATED] preg_match(): Passing null to parameter #2 ($subject) of type string is deprecated in APPPATH\Helpers\custom_helper.php on line 44.
 1 APPPATH\Helpers\custom_helper.php(44): preg_match('/IPv4 Address.*?: ([\\d\\.]+)/', null, null)
 2 APPPATH\Controllers\ContactController.php(148): getuserIpAddress()
 3 SYSTEMPATH\CodeIgniter.php(941): App\Controllers\ContactController->addlikes()
 4 SYSTEMPATH\CodeIgniter.php(502): CodeIgniter\CodeIgniter->runController(Object(App\Controllers\ContactController))
 5 SYSTEMPATH\CodeIgniter.php(361): CodeIgniter\CodeIgniter->handleRequest(null, Object(Config\Cache), false)
 6 FCPATH\index.php(79): CodeIgniter\CodeIgniter->run()
WARNING - 2024-12-24 12:31:51 --> [DEPRECATED] Creation of dynamic property App\Controllers\ContactController::$citiesModel is deprecated in APPPATH\Controllers\ContactController.php on line 21.
 1 SYSTEMPATH\CodeIgniter.php(913): App\Controllers\ContactController->__construct()
 2 SYSTEMPATH\CodeIgniter.php(493): CodeIgniter\CodeIgniter->createController()
 3 SYSTEMPATH\CodeIgniter.php(361): CodeIgniter\CodeIgniter->handleRequest(null, Object(Config\Cache), false)
 4 FCPATH\index.php(79): CodeIgniter\CodeIgniter->run()
WARNING - 2024-12-24 12:31:51 --> [DEPRECATED] Creation of dynamic property App\Controllers\ContactController::$uttarakhandModel is deprecated in APPPATH\Controllers\ContactController.php on line 22.
 1 SYSTEMPATH\CodeIgniter.php(913): App\Controllers\ContactController->__construct()
 2 SYSTEMPATH\CodeIgniter.php(493): CodeIgniter\CodeIgniter->createController()
 3 SYSTEMPATH\CodeIgniter.php(361): CodeIgniter\CodeIgniter->handleRequest(null, Object(Config\Cache), false)
 4 FCPATH\index.php(79): CodeIgniter\CodeIgniter->run()
WARNING - 2024-12-24 12:31:51 --> [DEPRECATED] Creation of dynamic property App\Controllers\ContactController::$imageModel is deprecated in APPPATH\Controllers\ContactController.php on line 23.
 1 SYSTEMPATH\CodeIgniter.php(913): App\Controllers\ContactController->__construct()
 2 SYSTEMPATH\CodeIgniter.php(493): CodeIgniter\CodeIgniter->createController()
 3 SYSTEMPATH\CodeIgniter.php(361): CodeIgniter\CodeIgniter->handleRequest(null, Object(Config\Cache), false)
 4 FCPATH\index.php(79): CodeIgniter\CodeIgniter->run()
WARNING - 2024-12-24 12:31:51 --> [DEPRECATED] Creation of dynamic property App\Controllers\ContactController::$areaModel is deprecated in APPPATH\Controllers\ContactController.php on line 24.
 1 SYSTEMPATH\CodeIgniter.php(913): App\Controllers\ContactController->__construct()
 2 SYSTEMPATH\CodeIgniter.php(493): CodeIgniter\CodeIgniter->createController()
 3 SYSTEMPATH\CodeIgniter.php(361): CodeIgniter\CodeIgniter->handleRequest(null, Object(Config\Cache), false)
 4 FCPATH\index.php(79): CodeIgniter\CodeIgniter->run()
WARNING - 2024-12-24 12:31:51 --> [DEPRECATED] Creation of dynamic property App\Controllers\ContactController::$foodModel is deprecated in APPPATH\Controllers\ContactController.php on line 25.
 1 SYSTEMPATH\CodeIgniter.php(913): App\Controllers\ContactController->__construct()
 2 SYSTEMPATH\CodeIgniter.php(493): CodeIgniter\CodeIgniter->createController()
 3 SYSTEMPATH\CodeIgniter.php(361): CodeIgniter\CodeIgniter->handleRequest(null, Object(Config\Cache), false)
 4 FCPATH\index.php(79): CodeIgniter\CodeIgniter->run()
WARNING - 2024-12-24 12:31:51 --> [DEPRECATED] Creation of dynamic property App\Controllers\ContactController::$blogModel is deprecated in APPPATH\Controllers\ContactController.php on line 26.
 1 SYSTEMPATH\CodeIgniter.php(913): App\Controllers\ContactController->__construct()
 2 SYSTEMPATH\CodeIgniter.php(493): CodeIgniter\CodeIgniter->createController()
 3 SYSTEMPATH\CodeIgniter.php(361): CodeIgniter\CodeIgniter->handleRequest(null, Object(Config\Cache), false)
 4 FCPATH\index.php(79): CodeIgniter\CodeIgniter->run()
WARNING - 2024-12-24 12:31:51 --> [DEPRECATED] Creation of dynamic property App\Controllers\ContactController::$contactModel is deprecated in APPPATH\Controllers\ContactController.php on line 27.
 1 SYSTEMPATH\CodeIgniter.php(913): App\Controllers\ContactController->__construct()
 2 SYSTEMPATH\CodeIgniter.php(493): CodeIgniter\CodeIgniter->createController()
 3 SYSTEMPATH\CodeIgniter.php(361): CodeIgniter\CodeIgniter->handleRequest(null, Object(Config\Cache), false)
 4 FCPATH\index.php(79): CodeIgniter\CodeIgniter->run()
WARNING - 2024-12-24 12:31:51 --> [DEPRECATED] Creation of dynamic property App\Controllers\ContactController::$subscribersModel is deprecated in APPPATH\Controllers\ContactController.php on line 28.
 1 SYSTEMPATH\CodeIgniter.php(913): App\Controllers\ContactController->__construct()
 2 SYSTEMPATH\CodeIgniter.php(493): CodeIgniter\CodeIgniter->createController()
 3 SYSTEMPATH\CodeIgniter.php(361): CodeIgniter\CodeIgniter->handleRequest(null, Object(Config\Cache), false)
 4 FCPATH\index.php(79): CodeIgniter\CodeIgniter->run()
WARNING - 2024-12-24 12:31:51 --> [DEPRECATED] Creation of dynamic property App\Controllers\ContactController::$commentModel is deprecated in APPPATH\Controllers\ContactController.php on line 29.
 1 SYSTEMPATH\CodeIgniter.php(913): App\Controllers\ContactController->__construct()
 2 SYSTEMPATH\CodeIgniter.php(493): CodeIgniter\CodeIgniter->createController()
 3 SYSTEMPATH\CodeIgniter.php(361): CodeIgniter\CodeIgniter->handleRequest(null, Object(Config\Cache), false)
 4 FCPATH\index.php(79): CodeIgniter\CodeIgniter->run()
WARNING - 2024-12-24 12:31:51 --> [DEPRECATED] Creation of dynamic property App\Controllers\ContactController::$likesModel is deprecated in APPPATH\Controllers\ContactController.php on line 30.
 1 SYSTEMPATH\CodeIgniter.php(913): App\Controllers\ContactController->__construct()
 2 SYSTEMPATH\CodeIgniter.php(493): CodeIgniter\CodeIgniter->createController()
 3 SYSTEMPATH\CodeIgniter.php(361): CodeIgniter\CodeIgniter->handleRequest(null, Object(Config\Cache), false)
 4 FCPATH\index.php(79): CodeIgniter\CodeIgniter->run()
WARNING - 2024-12-24 12:31:51 --> [DEPRECATED] preg_match(): Passing null to parameter #2 ($subject) of type string is deprecated in APPPATH\Helpers\custom_helper.php on line 44.
 1 APPPATH\Helpers\custom_helper.php(44): preg_match('/IPv4 Address.*?: ([\\d\\.]+)/', null, null)
 2 APPPATH\Controllers\ContactController.php(125): getuserIpAddress()
 3 SYSTEMPATH\CodeIgniter.php(941): App\Controllers\ContactController->addcommnets()
 4 SYSTEMPATH\CodeIgniter.php(502): CodeIgniter\CodeIgniter->runController(Object(App\Controllers\ContactController))
 5 SYSTEMPATH\CodeIgniter.php(361): CodeIgniter\CodeIgniter->handleRequest(null, Object(Config\Cache), false)
 6 FCPATH\index.php(79): CodeIgniter\CodeIgniter->run()
WARNING - 2024-12-24 12:31:54 --> [DEPRECATED] Creation of dynamic property App\Controllers\BlogController::$blogcategoryModel is deprecated in APPPATH\Controllers\BlogController.php on line 14.
 1 SYSTEMPATH\CodeIgniter.php(913): App\Controllers\BlogController->__construct()
 2 SYSTEMPATH\CodeIgniter.php(493): CodeIgniter\CodeIgniter->createController()
 3 SYSTEMPATH\CodeIgniter.php(361): CodeIgniter\CodeIgniter->handleRequest(null, Object(Config\Cache), false)
 4 FCPATH\index.php(79): CodeIgniter\CodeIgniter->run()
WARNING - 2024-12-24 12:31:54 --> [DEPRECATED] Creation of dynamic property App\Controllers\BlogController::$blogModel is deprecated in APPPATH\Controllers\BlogController.php on line 15.
 1 SYSTEMPATH\CodeIgniter.php(913): App\Controllers\BlogController->__construct()
 2 SYSTEMPATH\CodeIgniter.php(493): CodeIgniter\CodeIgniter->createController()
 3 SYSTEMPATH\CodeIgniter.php(361): CodeIgniter\CodeIgniter->handleRequest(null, Object(Config\Cache), false)
 4 FCPATH\index.php(79): CodeIgniter\CodeIgniter->run()
WARNING - 2024-12-24 12:31:54 --> [DEPRECATED] Creation of dynamic property App\Controllers\BlogController::$citiesModel is deprecated in APPPATH\Controllers\BlogController.php on line 16.
 1 SYSTEMPATH\CodeIgniter.php(913): App\Controllers\BlogController->__construct()
 2 SYSTEMPATH\CodeIgniter.php(493): CodeIgniter\CodeIgniter->createController()
 3 SYSTEMPATH\CodeIgniter.php(361): CodeIgniter\CodeIgniter->handleRequest(null, Object(Config\Cache), false)
 4 FCPATH\index.php(79): CodeIgniter\CodeIgniter->run()
WARNING - 2024-12-24 12:31:54 --> [DEPRECATED] Creation of dynamic property App\Controllers\BlogController::$commentModel is deprecated in APPPATH\Controllers\BlogController.php on line 17.
 1 SYSTEMPATH\CodeIgniter.php(913): App\Controllers\BlogController->__construct()
 2 SYSTEMPATH\CodeIgniter.php(493): CodeIgniter\CodeIgniter->createController()
 3 SYSTEMPATH\CodeIgniter.php(361): CodeIgniter\CodeIgniter->handleRequest(null, Object(Config\Cache), false)
 4 FCPATH\index.php(79): CodeIgniter\CodeIgniter->run()
WARNING - 2024-12-24 12:31:54 --> [DEPRECATED] Creation of dynamic property App\Controllers\BlogController::$likesModel is deprecated in APPPATH\Controllers\BlogController.php on line 18.
 1 SYSTEMPATH\CodeIgniter.php(913): App\Controllers\BlogController->__construct()
 2 SYSTEMPATH\CodeIgniter.php(493): CodeIgniter\CodeIgniter->createController()
 3 SYSTEMPATH\CodeIgniter.php(361): CodeIgniter\CodeIgniter->handleRequest(null, Object(Config\Cache), false)
 4 FCPATH\index.php(79): CodeIgniter\CodeIgniter->run()
WARNING - 2024-12-24 12:31:54 --> [DEPRECATED] preg_match(): Passing null to parameter #2 ($subject) of type string is deprecated in APPPATH\Helpers\custom_helper.php on line 44.
 1 APPPATH\Helpers\custom_helper.php(44): preg_match('/IPv4 Address.*?: ([\\d\\.]+)/', null, null)
 2 APPPATH\Controllers\BlogController.php(212): getuserIpAddress()
 3 SYSTEMPATH\CodeIgniter.php(941): App\Controllers\BlogController->Showblogdetails('Discovering-Uttarakhand:-Nature,-Spirituality,-and-Adventure')
 4 SYSTEMPATH\CodeIgniter.php(502): CodeIgniter\CodeIgniter->runController(Object(App\Controllers\BlogController))
 5 SYSTEMPATH\CodeIgniter.php(361): CodeIgniter\CodeIgniter->handleRequest(null, Object(Config\Cache), false)
 6 FCPATH\index.php(79): CodeIgniter\CodeIgniter->run()
WARNING - 2024-12-24 12:32:16 --> [DEPRECATED] Creation of dynamic property App\Controllers\BlogController::$blogcategoryModel is deprecated in APPPATH\Controllers\BlogController.php on line 14.
 1 SYSTEMPATH\CodeIgniter.php(913): App\Controllers\BlogController->__construct()
 2 SYSTEMPATH\CodeIgniter.php(493): CodeIgniter\CodeIgniter->createController()
 3 SYSTEMPATH\CodeIgniter.php(361): CodeIgniter\CodeIgniter->handleRequest(null, Object(Config\Cache), false)
 4 FCPATH\index.php(79): CodeIgniter\CodeIgniter->run()
WARNING - 2024-12-24 12:32:16 --> [DEPRECATED] Creation of dynamic property App\Controllers\BlogController::$blogModel is deprecated in APPPATH\Controllers\BlogController.php on line 15.
 1 SYSTEMPATH\CodeIgniter.php(913): App\Controllers\BlogController->__construct()
 2 SYSTEMPATH\CodeIgniter.php(493): CodeIgniter\CodeIgniter->createController()
 3 SYSTEMPATH\CodeIgniter.php(361): CodeIgniter\CodeIgniter->handleRequest(null, Object(Config\Cache), false)
 4 FCPATH\index.php(79): CodeIgniter\CodeIgniter->run()
WARNING - 2024-12-24 12:32:16 --> [DEPRECATED] Creation of dynamic property App\Controllers\BlogController::$citiesModel is deprecated in APPPATH\Controllers\BlogController.php on line 16.
 1 SYSTEMPATH\CodeIgniter.php(913): App\Controllers\BlogController->__construct()
 2 SYSTEMPATH\CodeIgniter.php(493): CodeIgniter\CodeIgniter->createController()
 3 SYSTEMPATH\CodeIgniter.php(361): CodeIgniter\CodeIgniter->handleRequest(null, Object(Config\Cache), false)
 4 FCPATH\index.php(79): CodeIgniter\CodeIgniter->run()
WARNING - 2024-12-24 12:32:16 --> [DEPRECATED] Creation of dynamic property App\Controllers\BlogController::$commentModel is deprecated in APPPATH\Controllers\BlogController.php on line 17.
 1 SYSTEMPATH\CodeIgniter.php(913): App\Controllers\BlogController->__construct()
 2 SYSTEMPATH\CodeIgniter.php(493): CodeIgniter\CodeIgniter->createController()
 3 SYSTEMPATH\CodeIgniter.php(361): CodeIgniter\CodeIgniter->handleRequest(null, Object(Config\Cache), false)
 4 FCPATH\index.php(79): CodeIgniter\CodeIgniter->run()
WARNING - 2024-12-24 12:32:16 --> [DEPRECATED] Creation of dynamic property App\Controllers\BlogController::$likesModel is deprecated in APPPATH\Controllers\BlogController.php on line 18.
 1 SYSTEMPATH\CodeIgniter.php(913): App\Controllers\BlogController->__construct()
 2 SYSTEMPATH\CodeIgniter.php(493): CodeIgniter\CodeIgniter->createController()
 3 SYSTEMPATH\CodeIgniter.php(361): CodeIgniter\CodeIgniter->handleRequest(null, Object(Config\Cache), false)
 4 FCPATH\index.php(79): CodeIgniter\CodeIgniter->run()
WARNING - 2024-12-24 12:32:16 --> [DEPRECATED] preg_match(): Passing null to parameter #2 ($subject) of type string is deprecated in APPPATH\Helpers\custom_helper.php on line 44.
 1 APPPATH\Helpers\custom_helper.php(44): preg_match('/IPv4 Address.*?: ([\\d\\.]+)/', null, null)
 2 APPPATH\Controllers\BlogController.php(212): getuserIpAddress()
 3 SYSTEMPATH\CodeIgniter.php(941): App\Controllers\BlogController->Showblogdetails('Discovering-Uttarakhand:-Nature,-Spirituality,-and-Adventure')
 4 SYSTEMPATH\CodeIgniter.php(502): CodeIgniter\CodeIgniter->runController(Object(App\Controllers\BlogController))
 5 SYSTEMPATH\CodeIgniter.php(361): CodeIgniter\CodeIgniter->handleRequest(null, Object(Config\Cache), false)
 6 FCPATH\index.php(79): CodeIgniter\CodeIgniter->run()
WARNING - 2024-12-24 12:32:25 --> [DEPRECATED] Creation of dynamic property App\Controllers\ContactController::$citiesModel is deprecated in APPPATH\Controllers\ContactController.php on line 21.
 1 SYSTEMPATH\CodeIgniter.php(913): App\Controllers\ContactController->__construct()
 2 SYSTEMPATH\CodeIgniter.php(493): CodeIgniter\CodeIgniter->createController()
 3 SYSTEMPATH\CodeIgniter.php(361): CodeIgniter\CodeIgniter->handleRequest(null, Object(Config\Cache), false)
 4 FCPATH\index.php(79): CodeIgniter\CodeIgniter->run()
WARNING - 2024-12-24 12:32:25 --> [DEPRECATED] Creation of dynamic property App\Controllers\ContactController::$uttarakhandModel is deprecated in APPPATH\Controllers\ContactController.php on line 22.
 1 SYSTEMPATH\CodeIgniter.php(913): App\Controllers\ContactController->__construct()
 2 SYSTEMPATH\CodeIgniter.php(493): CodeIgniter\CodeIgniter->createController()
 3 SYSTEMPATH\CodeIgniter.php(361): CodeIgniter\CodeIgniter->handleRequest(null, Object(Config\Cache), false)
 4 FCPATH\index.php(79): CodeIgniter\CodeIgniter->run()
WARNING - 2024-12-24 12:32:25 --> [DEPRECATED] Creation of dynamic property App\Controllers\ContactController::$imageModel is deprecated in APPPATH\Controllers\ContactController.php on line 23.
 1 SYSTEMPATH\CodeIgniter.php(913): App\Controllers\ContactController->__construct()
 2 SYSTEMPATH\CodeIgniter.php(493): CodeIgniter\CodeIgniter->createController()
 3 SYSTEMPATH\CodeIgniter.php(361): CodeIgniter\CodeIgniter->handleRequest(null, Object(Config\Cache), false)
 4 FCPATH\index.php(79): CodeIgniter\CodeIgniter->run()
WARNING - 2024-12-24 12:32:25 --> [DEPRECATED] Creation of dynamic property App\Controllers\ContactController::$areaModel is deprecated in APPPATH\Controllers\ContactController.php on line 24.
 1 SYSTEMPATH\CodeIgniter.php(913): App\Controllers\ContactController->__construct()
 2 SYSTEMPATH\CodeIgniter.php(493): CodeIgniter\CodeIgniter->createController()
 3 SYSTEMPATH\CodeIgniter.php(361): CodeIgniter\CodeIgniter->handleRequest(null, Object(Config\Cache), false)
 4 FCPATH\index.php(79): CodeIgniter\CodeIgniter->run()
WARNING - 2024-12-24 12:32:25 --> [DEPRECATED] Creation of dynamic property App\Controllers\ContactController::$foodModel is deprecated in APPPATH\Controllers\ContactController.php on line 25.
 1 SYSTEMPATH\CodeIgniter.php(913): App\Controllers\ContactController->__construct()
 2 SYSTEMPATH\CodeIgniter.php(493): CodeIgniter\CodeIgniter->createController()
 3 SYSTEMPATH\CodeIgniter.php(361): CodeIgniter\CodeIgniter->handleRequest(null, Object(Config\Cache), false)
 4 FCPATH\index.php(79): CodeIgniter\CodeIgniter->run()
WARNING - 2024-12-24 12:32:25 --> [DEPRECATED] Creation of dynamic property App\Controllers\ContactController::$blogModel is deprecated in APPPATH\Controllers\ContactController.php on line 26.
 1 SYSTEMPATH\CodeIgniter.php(913): App\Controllers\ContactController->__construct()
 2 SYSTEMPATH\CodeIgniter.php(493): CodeIgniter\CodeIgniter->createController()
 3 SYSTEMPATH\CodeIgniter.php(361): CodeIgniter\CodeIgniter->handleRequest(null, Object(Config\Cache), false)
 4 FCPATH\index.php(79): CodeIgniter\CodeIgniter->run()
WARNING - 2024-12-24 12:32:25 --> [DEPRECATED] Creation of dynamic property App\Controllers\ContactController::$contactModel is deprecated in APPPATH\Controllers\ContactController.php on line 27.
 1 SYSTEMPATH\CodeIgniter.php(913): App\Controllers\ContactController->__construct()
 2 SYSTEMPATH\CodeIgniter.php(493): CodeIgniter\CodeIgniter->createController()
 3 SYSTEMPATH\CodeIgniter.php(361): CodeIgniter\CodeIgniter->handleRequest(null, Object(Config\Cache), false)
 4 FCPATH\index.php(79): CodeIgniter\CodeIgniter->run()
WARNING - 2024-12-24 12:32:25 --> [DEPRECATED] Creation of dynamic property App\Controllers\ContactController::$subscribersModel is deprecated in APPPATH\Controllers\ContactController.php on line 28.
 1 SYSTEMPATH\CodeIgniter.php(913): App\Controllers\ContactController->__construct()
 2 SYSTEMPATH\CodeIgniter.php(493): CodeIgniter\CodeIgniter->createController()
 3 SYSTEMPATH\CodeIgniter.php(361): CodeIgniter\CodeIgniter->handleRequest(null, Object(Config\Cache), false)
 4 FCPATH\index.php(79): CodeIgniter\CodeIgniter->run()
WARNING - 2024-12-24 12:32:25 --> [DEPRECATED] Creation of dynamic property App\Controllers\ContactController::$commentModel is deprecated in APPPATH\Controllers\ContactController.php on line 29.
 1 SYSTEMPATH\CodeIgniter.php(913): App\Controllers\ContactController->__construct()
 2 SYSTEMPATH\CodeIgniter.php(493): CodeIgniter\CodeIgniter->createController()
 3 SYSTEMPATH\CodeIgniter.php(361): CodeIgniter\CodeIgniter->handleRequest(null, Object(Config\Cache), false)
 4 FCPATH\index.php(79): CodeIgniter\CodeIgniter->run()
WARNING - 2024-12-24 12:32:25 --> [DEPRECATED] Creation of dynamic property App\Controllers\ContactController::$likesModel is deprecated in APPPATH\Controllers\ContactController.php on line 30.
 1 SYSTEMPATH\CodeIgniter.php(913): App\Controllers\ContactController->__construct()
 2 SYSTEMPATH\CodeIgniter.php(493): CodeIgniter\CodeIgniter->createController()
 3 SYSTEMPATH\CodeIgniter.php(361): CodeIgniter\CodeIgniter->handleRequest(null, Object(Config\Cache), false)
 4 FCPATH\index.php(79): CodeIgniter\CodeIgniter->run()
WARNING - 2024-12-24 12:32:25 --> [DEPRECATED] preg_match(): Passing null to parameter #2 ($subject) of type string is deprecated in APPPATH\Helpers\custom_helper.php on line 44.
 1 APPPATH\Helpers\custom_helper.php(44): preg_match('/IPv4 Address.*?: ([\\d\\.]+)/', null, null)
 2 APPPATH\Controllers\ContactController.php(125): getuserIpAddress()
 3 SYSTEMPATH\CodeIgniter.php(941): App\Controllers\ContactController->addcommnets()
 4 SYSTEMPATH\CodeIgniter.php(502): CodeIgniter\CodeIgniter->runController(Object(App\Controllers\ContactController))
 5 SYSTEMPATH\CodeIgniter.php(361): CodeIgniter\CodeIgniter->handleRequest(null, Object(Config\Cache), false)
 6 FCPATH\index.php(79): CodeIgniter\CodeIgniter->run()
WARNING - 2024-12-24 12:32:29 --> [DEPRECATED] Creation of dynamic property App\Controllers\BlogController::$blogcategoryModel is deprecated in APPPATH\Controllers\BlogController.php on line 14.
 1 SYSTEMPATH\CodeIgniter.php(913): App\Controllers\BlogController->__construct()
 2 SYSTEMPATH\CodeIgniter.php(493): CodeIgniter\CodeIgniter->createController()
 3 SYSTEMPATH\CodeIgniter.php(361): CodeIgniter\CodeIgniter->handleRequest(null, Object(Config\Cache), false)
 4 FCPATH\index.php(79): CodeIgniter\CodeIgniter->run()
WARNING - 2024-12-24 12:32:29 --> [DEPRECATED] Creation of dynamic property App\Controllers\BlogController::$blogModel is deprecated in APPPATH\Controllers\BlogController.php on line 15.
 1 SYSTEMPATH\CodeIgniter.php(913): App\Controllers\BlogController->__construct()
 2 SYSTEMPATH\CodeIgniter.php(493): CodeIgniter\CodeIgniter->createController()
 3 SYSTEMPATH\CodeIgniter.php(361): CodeIgniter\CodeIgniter->handleRequest(null, Object(Config\Cache), false)
 4 FCPATH\index.php(79): CodeIgniter\CodeIgniter->run()
WARNING - 2024-12-24 12:32:29 --> [DEPRECATED] Creation of dynamic property App\Controllers\BlogController::$citiesModel is deprecated in APPPATH\Controllers\BlogController.php on line 16.
 1 SYSTEMPATH\CodeIgniter.php(913): App\Controllers\BlogController->__construct()
 2 SYSTEMPATH\CodeIgniter.php(493): CodeIgniter\CodeIgniter->createController()
 3 SYSTEMPATH\CodeIgniter.php(361): CodeIgniter\CodeIgniter->handleRequest(null, Object(Config\Cache), false)
 4 FCPATH\index.php(79): CodeIgniter\CodeIgniter->run()
WARNING - 2024-12-24 12:32:29 --> [DEPRECATED] Creation of dynamic property App\Controllers\BlogController::$commentModel is deprecated in APPPATH\Controllers\BlogController.php on line 17.
 1 SYSTEMPATH\CodeIgniter.php(913): App\Controllers\BlogController->__construct()
 2 SYSTEMPATH\CodeIgniter.php(493): CodeIgniter\CodeIgniter->createController()
 3 SYSTEMPATH\CodeIgniter.php(361): CodeIgniter\CodeIgniter->handleRequest(null, Object(Config\Cache), false)
 4 FCPATH\index.php(79): CodeIgniter\CodeIgniter->run()
WARNING - 2024-12-24 12:32:29 --> [DEPRECATED] Creation of dynamic property App\Controllers\BlogController::$likesModel is deprecated in APPPATH\Controllers\BlogController.php on line 18.
 1 SYSTEMPATH\CodeIgniter.php(913): App\Controllers\BlogController->__construct()
 2 SYSTEMPATH\CodeIgniter.php(493): CodeIgniter\CodeIgniter->createController()
 3 SYSTEMPATH\CodeIgniter.php(361): CodeIgniter\CodeIgniter->handleRequest(null, Object(Config\Cache), false)
 4 FCPATH\index.php(79): CodeIgniter\CodeIgniter->run()
WARNING - 2024-12-24 12:32:29 --> [DEPRECATED] preg_match(): Passing null to parameter #2 ($subject) of type string is deprecated in APPPATH\Helpers\custom_helper.php on line 44.
 1 APPPATH\Helpers\custom_helper.php(44): preg_match('/IPv4 Address.*?: ([\\d\\.]+)/', null, null)
 2 APPPATH\Controllers\BlogController.php(212): getuserIpAddress()
 3 SYSTEMPATH\CodeIgniter.php(941): App\Controllers\BlogController->Showblogdetails('Discovering-Uttarakhand:-Nature,-Spirituality,-and-Adventure')
 4 SYSTEMPATH\CodeIgniter.php(502): CodeIgniter\CodeIgniter->runController(Object(App\Controllers\BlogController))
 5 SYSTEMPATH\CodeIgniter.php(361): CodeIgniter\CodeIgniter->handleRequest(null, Object(Config\Cache), false)
 6 FCPATH\index.php(79): CodeIgniter\CodeIgniter->run()
WARNING - 2024-12-24 12:32:33 --> [DEPRECATED] Creation of dynamic property App\Controllers\BlogController::$blogcategoryModel is deprecated in APPPATH\Controllers\BlogController.php on line 14.
 1 SYSTEMPATH\CodeIgniter.php(913): App\Controllers\BlogController->__construct()
 2 SYSTEMPATH\CodeIgniter.php(493): CodeIgniter\CodeIgniter->createController()
 3 SYSTEMPATH\CodeIgniter.php(361): CodeIgniter\CodeIgniter->handleRequest(null, Object(Config\Cache), false)
 4 FCPATH\index.php(79): CodeIgniter\CodeIgniter->run()
WARNING - 2024-12-24 12:32:33 --> [DEPRECATED] Creation of dynamic property App\Controllers\BlogController::$blogModel is deprecated in APPPATH\Controllers\BlogController.php on line 15.
 1 SYSTEMPATH\CodeIgniter.php(913): App\Controllers\BlogController->__construct()
 2 SYSTEMPATH\CodeIgniter.php(493): CodeIgniter\CodeIgniter->createController()
 3 SYSTEMPATH\CodeIgniter.php(361): CodeIgniter\CodeIgniter->handleRequest(null, Object(Config\Cache), false)
 4 FCPATH\index.php(79): CodeIgniter\CodeIgniter->run()
WARNING - 2024-12-24 12:32:33 --> [DEPRECATED] Creation of dynamic property App\Controllers\BlogController::$citiesModel is deprecated in APPPATH\Controllers\BlogController.php on line 16.
 1 SYSTEMPATH\CodeIgniter.php(913): App\Controllers\BlogController->__construct()
 2 SYSTEMPATH\CodeIgniter.php(493): CodeIgniter\CodeIgniter->createController()
 3 SYSTEMPATH\CodeIgniter.php(361): CodeIgniter\CodeIgniter->handleRequest(null, Object(Config\Cache), false)
 4 FCPATH\index.php(79): CodeIgniter\CodeIgniter->run()
WARNING - 2024-12-24 12:32:33 --> [DEPRECATED] Creation of dynamic property App\Controllers\BlogController::$commentModel is deprecated in APPPATH\Controllers\BlogController.php on line 17.
 1 SYSTEMPATH\CodeIgniter.php(913): App\Controllers\BlogController->__construct()
 2 SYSTEMPATH\CodeIgniter.php(493): CodeIgniter\CodeIgniter->createController()
 3 SYSTEMPATH\CodeIgniter.php(361): CodeIgniter\CodeIgniter->handleRequest(null, Object(Config\Cache), false)
 4 FCPATH\index.php(79): CodeIgniter\CodeIgniter->run()
WARNING - 2024-12-24 12:32:33 --> [DEPRECATED] Creation of dynamic property App\Controllers\BlogController::$likesModel is deprecated in APPPATH\Controllers\BlogController.php on line 18.
 1 SYSTEMPATH\CodeIgniter.php(913): App\Controllers\BlogController->__construct()
 2 SYSTEMPATH\CodeIgniter.php(493): CodeIgniter\CodeIgniter->createController()
 3 SYSTEMPATH\CodeIgniter.php(361): CodeIgniter\CodeIgniter->handleRequest(null, Object(Config\Cache), false)
 4 FCPATH\index.php(79): CodeIgniter\CodeIgniter->run()
WARNING - 2024-12-24 12:32:33 --> [DEPRECATED] preg_match(): Passing null to parameter #2 ($subject) of type string is deprecated in APPPATH\Helpers\custom_helper.php on line 44.
 1 APPPATH\Helpers\custom_helper.php(44): preg_match('/IPv4 Address.*?: ([\\d\\.]+)/', null, null)
 2 APPPATH\Controllers\BlogController.php(212): getuserIpAddress()
 3 SYSTEMPATH\CodeIgniter.php(941): App\Controllers\BlogController->Showblogdetails('Discovering-Uttarakhand:-Nature,-Spirituality,-and-Adventure')
 4 SYSTEMPATH\CodeIgniter.php(502): CodeIgniter\CodeIgniter->runController(Object(App\Controllers\BlogController))
 5 SYSTEMPATH\CodeIgniter.php(361): CodeIgniter\CodeIgniter->handleRequest(null, Object(Config\Cache), false)
 6 FCPATH\index.php(79): CodeIgniter\CodeIgniter->run()
WARNING - 2024-12-24 12:41:22 --> [DEPRECATED] Creation of dynamic property App\Controllers\BlogController::$blogcategoryModel is deprecated in APPPATH\Controllers\BlogController.php on line 14.
 1 SYSTEMPATH\CodeIgniter.php(913): App\Controllers\BlogController->__construct()
 2 SYSTEMPATH\CodeIgniter.php(493): CodeIgniter\CodeIgniter->createController()
 3 SYSTEMPATH\CodeIgniter.php(361): CodeIgniter\CodeIgniter->handleRequest(null, Object(Config\Cache), false)
 4 FCPATH\index.php(79): CodeIgniter\CodeIgniter->run()
WARNING - 2024-12-24 12:41:22 --> [DEPRECATED] Creation of dynamic property App\Controllers\BlogController::$blogModel is deprecated in APPPATH\Controllers\BlogController.php on line 15.
 1 SYSTEMPATH\CodeIgniter.php(913): App\Controllers\BlogController->__construct()
 2 SYSTEMPATH\CodeIgniter.php(493): CodeIgniter\CodeIgniter->createController()
 3 SYSTEMPATH\CodeIgniter.php(361): CodeIgniter\CodeIgniter->handleRequest(null, Object(Config\Cache), false)
 4 FCPATH\index.php(79): CodeIgniter\CodeIgniter->run()
WARNING - 2024-12-24 12:41:22 --> [DEPRECATED] Creation of dynamic property App\Controllers\BlogController::$citiesModel is deprecated in APPPATH\Controllers\BlogController.php on line 16.
 1 SYSTEMPATH\CodeIgniter.php(913): App\Controllers\BlogController->__construct()
 2 SYSTEMPATH\CodeIgniter.php(493): CodeIgniter\CodeIgniter->createController()
 3 SYSTEMPATH\CodeIgniter.php(361): CodeIgniter\CodeIgniter->handleRequest(null, Object(Config\Cache), false)
 4 FCPATH\index.php(79): CodeIgniter\CodeIgniter->run()
WARNING - 2024-12-24 12:41:22 --> [DEPRECATED] Creation of dynamic property App\Controllers\BlogController::$commentModel is deprecated in APPPATH\Controllers\BlogController.php on line 17.
 1 SYSTEMPATH\CodeIgniter.php(913): App\Controllers\BlogController->__construct()
 2 SYSTEMPATH\CodeIgniter.php(493): CodeIgniter\CodeIgniter->createController()
 3 SYSTEMPATH\CodeIgniter.php(361): CodeIgniter\CodeIgniter->handleRequest(null, Object(Config\Cache), false)
 4 FCPATH\index.php(79): CodeIgniter\CodeIgniter->run()
WARNING - 2024-12-24 12:41:22 --> [DEPRECATED] Creation of dynamic property App\Controllers\BlogController::$likesModel is deprecated in APPPATH\Controllers\BlogController.php on line 18.
 1 SYSTEMPATH\CodeIgniter.php(913): App\Controllers\BlogController->__construct()
 2 SYSTEMPATH\CodeIgniter.php(493): CodeIgniter\CodeIgniter->createController()
 3 SYSTEMPATH\CodeIgniter.php(361): CodeIgniter\CodeIgniter->handleRequest(null, Object(Config\Cache), false)
 4 FCPATH\index.php(79): CodeIgniter\CodeIgniter->run()
WARNING - 2024-12-24 12:41:22 --> [DEPRECATED] preg_match(): Passing null to parameter #2 ($subject) of type string is deprecated in APPPATH\Helpers\custom_helper.php on line 44.
 1 APPPATH\Helpers\custom_helper.php(44): preg_match('/IPv4 Address.*?: ([\\d\\.]+)/', null, null)
 2 APPPATH\Controllers\BlogController.php(212): getuserIpAddress()
 3 SYSTEMPATH\CodeIgniter.php(941): App\Controllers\BlogController->Showblogdetails('Discovering-Uttarakhand:-Nature,-Spirituality,-and-Adventure')
 4 SYSTEMPATH\CodeIgniter.php(502): CodeIgniter\CodeIgniter->runController(Object(App\Controllers\BlogController))
 5 SYSTEMPATH\CodeIgniter.php(361): CodeIgniter\CodeIgniter->handleRequest(null, Object(Config\Cache), false)
 6 FCPATH\index.php(79): CodeIgniter\CodeIgniter->run()
WARNING - 2024-12-24 12:41:27 --> [DEPRECATED] Creation of dynamic property App\Controllers\HomeController::$citiesModel is deprecated in APPPATH\Controllers\HomeController.php on line 19.
 1 SYSTEMPATH\CodeIgniter.php(913): App\Controllers\HomeController->__construct()
 2 SYSTEMPATH\CodeIgniter.php(493): CodeIgniter\CodeIgniter->createController()
 3 SYSTEMPATH\CodeIgniter.php(361): CodeIgniter\CodeIgniter->handleRequest(null, Object(Config\Cache), false)
 4 FCPATH\index.php(79): CodeIgniter\CodeIgniter->run()
WARNING - 2024-12-24 12:41:27 --> [DEPRECATED] Creation of dynamic property App\Controllers\HomeController::$citiesModel is deprecated in APPPATH\Controllers\HomeController.php on line 19.
 1 SYSTEMPATH\CodeIgniter.php(913): App\Controllers\HomeController->__construct()
 2 SYSTEMPATH\CodeIgniter.php(493): CodeIgniter\CodeIgniter->createController()
 3 SYSTEMPATH\CodeIgniter.php(361): CodeIgniter\CodeIgniter->handleRequest(null, Object(Config\Cache), false)
 4 FCPATH\index.php(79): CodeIgniter\CodeIgniter->run()
WARNING - 2024-12-24 12:41:27 --> [DEPRECATED] Creation of dynamic property App\Controllers\HomeController::$uttarakhandModel is deprecated in APPPATH\Controllers\HomeController.php on line 20.
 1 SYSTEMPATH\CodeIgniter.php(913): App\Controllers\HomeController->__construct()
 2 SYSTEMPATH\CodeIgniter.php(493): CodeIgniter\CodeIgniter->createController()
 3 SYSTEMPATH\CodeIgniter.php(361): CodeIgniter\CodeIgniter->handleRequest(null, Object(Config\Cache), false)
 4 FCPATH\index.php(79): CodeIgniter\CodeIgniter->run()
WARNING - 2024-12-24 12:41:27 --> [DEPRECATED] Creation of dynamic property App\Controllers\HomeController::$uttarakhandModel is deprecated in APPPATH\Controllers\HomeController.php on line 20.
 1 SYSTEMPATH\CodeIgniter.php(913): App\Controllers\HomeController->__construct()
 2 SYSTEMPATH\CodeIgniter.php(493): CodeIgniter\CodeIgniter->createController()
 3 SYSTEMPATH\CodeIgniter.php(361): CodeIgniter\CodeIgniter->handleRequest(null, Object(Config\Cache), false)
 4 FCPATH\index.php(79): CodeIgniter\CodeIgniter->run()
WARNING - 2024-12-24 12:41:27 --> [DEPRECATED] Creation of dynamic property App\Controllers\HomeController::$imageModel is deprecated in APPPATH\Controllers\HomeController.php on line 21.
 1 SYSTEMPATH\CodeIgniter.php(913): App\Controllers\HomeController->__construct()
 2 SYSTEMPATH\CodeIgniter.php(493): CodeIgniter\CodeIgniter->createController()
 3 SYSTEMPATH\CodeIgniter.php(361): CodeIgniter\CodeIgniter->handleRequest(null, Object(Config\Cache), false)
 4 FCPATH\index.php(79): CodeIgniter\CodeIgniter->run()
WARNING - 2024-12-24 12:41:27 --> [DEPRECATED] Creation of dynamic property App\Controllers\HomeController::$imageModel is deprecated in APPPATH\Controllers\HomeController.php on line 21.
 1 SYSTEMPATH\CodeIgniter.php(913): App\Controllers\HomeController->__construct()
 2 SYSTEMPATH\CodeIgniter.php(493): CodeIgniter\CodeIgniter->createController()
 3 SYSTEMPATH\CodeIgniter.php(361): CodeIgniter\CodeIgniter->handleRequest(null, Object(Config\Cache), false)
 4 FCPATH\index.php(79): CodeIgniter\CodeIgniter->run()
WARNING - 2024-12-24 12:41:27 --> [DEPRECATED] Creation of dynamic property App\Controllers\HomeController::$areaModel is deprecated in APPPATH\Controllers\HomeController.php on line 22.
 1 SYSTEMPATH\CodeIgniter.php(913): App\Controllers\HomeController->__construct()
 2 SYSTEMPATH\CodeIgniter.php(493): CodeIgniter\CodeIgniter->createController()
 3 SYSTEMPATH\CodeIgniter.php(361): CodeIgniter\CodeIgniter->handleRequest(null, Object(Config\Cache), false)
 4 FCPATH\index.php(79): CodeIgniter\CodeIgniter->run()
WARNING - 2024-12-24 12:41:27 --> [DEPRECATED] Creation of dynamic property App\Controllers\HomeController::$areaModel is deprecated in APPPATH\Controllers\HomeController.php on line 22.
 1 SYSTEMPATH\CodeIgniter.php(913): App\Controllers\HomeController->__construct()
 2 SYSTEMPATH\CodeIgniter.php(493): CodeIgniter\CodeIgniter->createController()
 3 SYSTEMPATH\CodeIgniter.php(361): CodeIgniter\CodeIgniter->handleRequest(null, Object(Config\Cache), false)
 4 FCPATH\index.php(79): CodeIgniter\CodeIgniter->run()
WARNING - 2024-12-24 12:41:27 --> [DEPRECATED] Creation of dynamic property App\Controllers\HomeController::$foodModel is deprecated in APPPATH\Controllers\HomeController.php on line 23.
 1 SYSTEMPATH\CodeIgniter.php(913): App\Controllers\HomeController->__construct()
 2 SYSTEMPATH\CodeIgniter.php(493): CodeIgniter\CodeIgniter->createController()
 3 SYSTEMPATH\CodeIgniter.php(361): CodeIgniter\CodeIgniter->handleRequest(null, Object(Config\Cache), false)
 4 FCPATH\index.php(79): CodeIgniter\CodeIgniter->run()
WARNING - 2024-12-24 12:41:27 --> [DEPRECATED] Creation of dynamic property App\Controllers\HomeController::$foodModel is deprecated in APPPATH\Controllers\HomeController.php on line 23.
 1 SYSTEMPATH\CodeIgniter.php(913): App\Controllers\HomeController->__construct()
 2 SYSTEMPATH\CodeIgniter.php(493): CodeIgniter\CodeIgniter->createController()
 3 SYSTEMPATH\CodeIgniter.php(361): CodeIgniter\CodeIgniter->handleRequest(null, Object(Config\Cache), false)
 4 FCPATH\index.php(79): CodeIgniter\CodeIgniter->run()
WARNING - 2024-12-24 12:41:27 --> [DEPRECATED] Creation of dynamic property App\Controllers\HomeController::$blogModel is deprecated in APPPATH\Controllers\HomeController.php on line 24.
 1 SYSTEMPATH\CodeIgniter.php(913): App\Controllers\HomeController->__construct()
 2 SYSTEMPATH\CodeIgniter.php(493): CodeIgniter\CodeIgniter->createController()
 3 SYSTEMPATH\CodeIgniter.php(361): CodeIgniter\CodeIgniter->handleRequest(null, Object(Config\Cache), false)
 4 FCPATH\index.php(79): CodeIgniter\CodeIgniter->run()
WARNING - 2024-12-24 12:41:27 --> [DEPRECATED] Creation of dynamic property App\Controllers\HomeController::$blogModel is deprecated in APPPATH\Controllers\HomeController.php on line 24.
 1 SYSTEMPATH\CodeIgniter.php(913): App\Controllers\HomeController->__construct()
 2 SYSTEMPATH\CodeIgniter.php(493): CodeIgniter\CodeIgniter->createController()
 3 SYSTEMPATH\CodeIgniter.php(361): CodeIgniter\CodeIgniter->handleRequest(null, Object(Config\Cache), false)
 4 FCPATH\index.php(79): CodeIgniter\CodeIgniter->run()
WARNING - 2024-12-24 12:41:27 --> [DEPRECATED] Creation of dynamic property App\Controllers\HomeController::$citiesModel is deprecated in APPPATH\Controllers\HomeController.php on line 19.
 1 SYSTEMPATH\CodeIgniter.php(913): App\Controllers\HomeController->__construct()
 2 SYSTEMPATH\CodeIgniter.php(493): CodeIgniter\CodeIgniter->createController()
 3 SYSTEMPATH\CodeIgniter.php(361): CodeIgniter\CodeIgniter->handleRequest(null, Object(Config\Cache), false)
 4 FCPATH\index.php(79): CodeIgniter\CodeIgniter->run()
WARNING - 2024-12-24 12:41:27 --> [DEPRECATED] Creation of dynamic property App\Controllers\HomeController::$uttarakhandModel is deprecated in APPPATH\Controllers\HomeController.php on line 20.
 1 SYSTEMPATH\CodeIgniter.php(913): App\Controllers\HomeController->__construct()
 2 SYSTEMPATH\CodeIgniter.php(493): CodeIgniter\CodeIgniter->createController()
 3 SYSTEMPATH\CodeIgniter.php(361): CodeIgniter\CodeIgniter->handleRequest(null, Object(Config\Cache), false)
 4 FCPATH\index.php(79): CodeIgniter\CodeIgniter->run()
WARNING - 2024-12-24 12:41:27 --> [DEPRECATED] Creation of dynamic property App\Controllers\HomeController::$imageModel is deprecated in APPPATH\Controllers\HomeController.php on line 21.
 1 SYSTEMPATH\CodeIgniter.php(913): App\Controllers\HomeController->__construct()
 2 SYSTEMPATH\CodeIgniter.php(493): CodeIgniter\CodeIgniter->createController()
 3 SYSTEMPATH\CodeIgniter.php(361): CodeIgniter\CodeIgniter->handleRequest(null, Object(Config\Cache), false)
 4 FCPATH\index.php(79): CodeIgniter\CodeIgniter->run()
WARNING - 2024-12-24 12:41:27 --> [DEPRECATED] Creation of dynamic property App\Controllers\HomeController::$areaModel is deprecated in APPPATH\Controllers\HomeController.php on line 22.
 1 SYSTEMPATH\CodeIgniter.php(913): App\Controllers\HomeController->__construct()
 2 SYSTEMPATH\CodeIgniter.php(493): CodeIgniter\CodeIgniter->createController()
 3 SYSTEMPATH\CodeIgniter.php(361): CodeIgniter\CodeIgniter->handleRequest(null, Object(Config\Cache), false)
 4 FCPATH\index.php(79): CodeIgniter\CodeIgniter->run()
WARNING - 2024-12-24 12:41:27 --> [DEPRECATED] Creation of dynamic property App\Controllers\HomeController::$foodModel is deprecated in APPPATH\Controllers\HomeController.php on line 23.
 1 SYSTEMPATH\CodeIgniter.php(913): App\Controllers\HomeController->__construct()
 2 SYSTEMPATH\CodeIgniter.php(493): CodeIgniter\CodeIgniter->createController()
 3 SYSTEMPATH\CodeIgniter.php(361): CodeIgniter\CodeIgniter->handleRequest(null, Object(Config\Cache), false)
 4 FCPATH\index.php(79): CodeIgniter\CodeIgniter->run()
WARNING - 2024-12-24 12:41:27 --> [DEPRECATED] Creation of dynamic property App\Controllers\HomeController::$blogModel is deprecated in APPPATH\Controllers\HomeController.php on line 24.
 1 SYSTEMPATH\CodeIgniter.php(913): App\Controllers\HomeController->__construct()
 2 SYSTEMPATH\CodeIgniter.php(493): CodeIgniter\CodeIgniter->createController()
 3 SYSTEMPATH\CodeIgniter.php(361): CodeIgniter\CodeIgniter->handleRequest(null, Object(Config\Cache), false)
 4 FCPATH\index.php(79): CodeIgniter\CodeIgniter->run()
WARNING - 2024-12-24 12:41:31 --> [DEPRECATED] Creation of dynamic property App\Controllers\ContactController::$citiesModel is deprecated in APPPATH\Controllers\ContactController.php on line 21.
 1 SYSTEMPATH\CodeIgniter.php(913): App\Controllers\ContactController->__construct()
 2 SYSTEMPATH\CodeIgniter.php(493): CodeIgniter\CodeIgniter->createController()
 3 SYSTEMPATH\CodeIgniter.php(361): CodeIgniter\CodeIgniter->handleRequest(null, Object(Config\Cache), false)
 4 FCPATH\index.php(79): CodeIgniter\CodeIgniter->run()
WARNING - 2024-12-24 12:41:31 --> [DEPRECATED] Creation of dynamic property App\Controllers\ContactController::$uttarakhandModel is deprecated in APPPATH\Controllers\ContactController.php on line 22.
 1 SYSTEMPATH\CodeIgniter.php(913): App\Controllers\ContactController->__construct()
 2 SYSTEMPATH\CodeIgniter.php(493): CodeIgniter\CodeIgniter->createController()
 3 SYSTEMPATH\CodeIgniter.php(361): CodeIgniter\CodeIgniter->handleRequest(null, Object(Config\Cache), false)
 4 FCPATH\index.php(79): CodeIgniter\CodeIgniter->run()
WARNING - 2024-12-24 12:41:31 --> [DEPRECATED] Creation of dynamic property App\Controllers\ContactController::$imageModel is deprecated in APPPATH\Controllers\ContactController.php on line 23.
 1 SYSTEMPATH\CodeIgniter.php(913): App\Controllers\ContactController->__construct()
 2 SYSTEMPATH\CodeIgniter.php(493): CodeIgniter\CodeIgniter->createController()
 3 SYSTEMPATH\CodeIgniter.php(361): CodeIgniter\CodeIgniter->handleRequest(null, Object(Config\Cache), false)
 4 FCPATH\index.php(79): CodeIgniter\CodeIgniter->run()
WARNING - 2024-12-24 12:41:31 --> [DEPRECATED] Creation of dynamic property App\Controllers\ContactController::$areaModel is deprecated in APPPATH\Controllers\ContactController.php on line 24.
 1 SYSTEMPATH\CodeIgniter.php(913): App\Controllers\ContactController->__construct()
 2 SYSTEMPATH\CodeIgniter.php(493): CodeIgniter\CodeIgniter->createController()
 3 SYSTEMPATH\CodeIgniter.php(361): CodeIgniter\CodeIgniter->handleRequest(null, Object(Config\Cache), false)
 4 FCPATH\index.php(79): CodeIgniter\CodeIgniter->run()
WARNING - 2024-12-24 12:41:31 --> [DEPRECATED] Creation of dynamic property App\Controllers\ContactController::$foodModel is deprecated in APPPATH\Controllers\ContactController.php on line 25.
 1 SYSTEMPATH\CodeIgniter.php(913): App\Controllers\ContactController->__construct()
 2 SYSTEMPATH\CodeIgniter.php(493): CodeIgniter\CodeIgniter->createController()
 3 SYSTEMPATH\CodeIgniter.php(361): CodeIgniter\CodeIgniter->handleRequest(null, Object(Config\Cache), false)
 4 FCPATH\index.php(79): CodeIgniter\CodeIgniter->run()
WARNING - 2024-12-24 12:41:31 --> [DEPRECATED] Creation of dynamic property App\Controllers\ContactController::$blogModel is deprecated in APPPATH\Controllers\ContactController.php on line 26.
 1 SYSTEMPATH\CodeIgniter.php(913): App\Controllers\ContactController->__construct()
 2 SYSTEMPATH\CodeIgniter.php(493): CodeIgniter\CodeIgniter->createController()
 3 SYSTEMPATH\CodeIgniter.php(361): CodeIgniter\CodeIgniter->handleRequest(null, Object(Config\Cache), false)
 4 FCPATH\index.php(79): CodeIgniter\CodeIgniter->run()
WARNING - 2024-12-24 12:41:31 --> [DEPRECATED] Creation of dynamic property App\Controllers\ContactController::$contactModel is deprecated in APPPATH\Controllers\ContactController.php on line 27.
 1 SYSTEMPATH\CodeIgniter.php(913): App\Controllers\ContactController->__construct()
 2 SYSTEMPATH\CodeIgniter.php(493): CodeIgniter\CodeIgniter->createController()
 3 SYSTEMPATH\CodeIgniter.php(361): CodeIgniter\CodeIgniter->handleRequest(null, Object(Config\Cache), false)
 4 FCPATH\index.php(79): CodeIgniter\CodeIgniter->run()
WARNING - 2024-12-24 12:41:31 --> [DEPRECATED] Creation of dynamic property App\Controllers\ContactController::$subscribersModel is deprecated in APPPATH\Controllers\ContactController.php on line 28.
 1 SYSTEMPATH\CodeIgniter.php(913): App\Controllers\ContactController->__construct()
 2 SYSTEMPATH\CodeIgniter.php(493): CodeIgniter\CodeIgniter->createController()
 3 SYSTEMPATH\CodeIgniter.php(361): CodeIgniter\CodeIgniter->handleRequest(null, Object(Config\Cache), false)
 4 FCPATH\index.php(79): CodeIgniter\CodeIgniter->run()
WARNING - 2024-12-24 12:41:31 --> [DEPRECATED] Creation of dynamic property App\Controllers\ContactController::$commentModel is deprecated in APPPATH\Controllers\ContactController.php on line 29.
 1 SYSTEMPATH\CodeIgniter.php(913): App\Controllers\ContactController->__construct()
 2 SYSTEMPATH\CodeIgniter.php(493): CodeIgniter\CodeIgniter->createController()
 3 SYSTEMPATH\CodeIgniter.php(361): CodeIgniter\CodeIgniter->handleRequest(null, Object(Config\Cache), false)
 4 FCPATH\index.php(79): CodeIgniter\CodeIgniter->run()
WARNING - 2024-12-24 12:41:31 --> [DEPRECATED] Creation of dynamic property App\Controllers\ContactController::$likesModel is deprecated in APPPATH\Controllers\ContactController.php on line 30.
 1 SYSTEMPATH\CodeIgniter.php(913): App\Controllers\ContactController->__construct()
 2 SYSTEMPATH\CodeIgniter.php(493): CodeIgniter\CodeIgniter->createController()
 3 SYSTEMPATH\CodeIgniter.php(361): CodeIgniter\CodeIgniter->handleRequest(null, Object(Config\Cache), false)
 4 FCPATH\index.php(79): CodeIgniter\CodeIgniter->run()
WARNING - 2024-12-24 12:41:31 --> [DEPRECATED] preg_match(): Passing null to parameter #2 ($subject) of type string is deprecated in APPPATH\Helpers\custom_helper.php on line 44.
 1 APPPATH\Helpers\custom_helper.php(44): preg_match('/IPv4 Address.*?: ([\\d\\.]+)/', null, null)
 2 APPPATH\Controllers\ContactController.php(125): getuserIpAddress()
 3 SYSTEMPATH\CodeIgniter.php(941): App\Controllers\ContactController->addcommnets()
 4 SYSTEMPATH\CodeIgniter.php(502): CodeIgniter\CodeIgniter->runController(Object(App\Controllers\ContactController))
 5 SYSTEMPATH\CodeIgniter.php(361): CodeIgniter\CodeIgniter->handleRequest(null, Object(Config\Cache), false)
 6 FCPATH\index.php(79): CodeIgniter\CodeIgniter->run()
WARNING - 2024-12-24 12:41:34 --> [DEPRECATED] Creation of dynamic property App\Controllers\BlogController::$blogcategoryModel is deprecated in APPPATH\Controllers\BlogController.php on line 14.
 1 SYSTEMPATH\CodeIgniter.php(913): App\Controllers\BlogController->__construct()
 2 SYSTEMPATH\CodeIgniter.php(493): CodeIgniter\CodeIgniter->createController()
 3 SYSTEMPATH\CodeIgniter.php(361): CodeIgniter\CodeIgniter->handleRequest(null, Object(Config\Cache), false)
 4 FCPATH\index.php(79): CodeIgniter\CodeIgniter->run()
WARNING - 2024-12-24 12:41:34 --> [DEPRECATED] Creation of dynamic property App\Controllers\BlogController::$blogModel is deprecated in APPPATH\Controllers\BlogController.php on line 15.
 1 SYSTEMPATH\CodeIgniter.php(913): App\Controllers\BlogController->__construct()
 2 SYSTEMPATH\CodeIgniter.php(493): CodeIgniter\CodeIgniter->createController()
 3 SYSTEMPATH\CodeIgniter.php(361): CodeIgniter\CodeIgniter->handleRequest(null, Object(Config\Cache), false)
 4 FCPATH\index.php(79): CodeIgniter\CodeIgniter->run()
WARNING - 2024-12-24 12:41:34 --> [DEPRECATED] Creation of dynamic property App\Controllers\BlogController::$citiesModel is deprecated in APPPATH\Controllers\BlogController.php on line 16.
 1 SYSTEMPATH\CodeIgniter.php(913): App\Controllers\BlogController->__construct()
 2 SYSTEMPATH\CodeIgniter.php(493): CodeIgniter\CodeIgniter->createController()
 3 SYSTEMPATH\CodeIgniter.php(361): CodeIgniter\CodeIgniter->handleRequest(null, Object(Config\Cache), false)
 4 FCPATH\index.php(79): CodeIgniter\CodeIgniter->run()
WARNING - 2024-12-24 12:41:34 --> [DEPRECATED] Creation of dynamic property App\Controllers\BlogController::$commentModel is deprecated in APPPATH\Controllers\BlogController.php on line 17.
 1 SYSTEMPATH\CodeIgniter.php(913): App\Controllers\BlogController->__construct()
 2 SYSTEMPATH\CodeIgniter.php(493): CodeIgniter\CodeIgniter->createController()
 3 SYSTEMPATH\CodeIgniter.php(361): CodeIgniter\CodeIgniter->handleRequest(null, Object(Config\Cache), false)
 4 FCPATH\index.php(79): CodeIgniter\CodeIgniter->run()
WARNING - 2024-12-24 12:41:34 --> [DEPRECATED] Creation of dynamic property App\Controllers\BlogController::$likesModel is deprecated in APPPATH\Controllers\BlogController.php on line 18.
 1 SYSTEMPATH\CodeIgniter.php(913): App\Controllers\BlogController->__construct()
 2 SYSTEMPATH\CodeIgniter.php(493): CodeIgniter\CodeIgniter->createController()
 3 SYSTEMPATH\CodeIgniter.php(361): CodeIgniter\CodeIgniter->handleRequest(null, Object(Config\Cache), false)
 4 FCPATH\index.php(79): CodeIgniter\CodeIgniter->run()
WARNING - 2024-12-24 12:41:34 --> [DEPRECATED] preg_match(): Passing null to parameter #2 ($subject) of type string is deprecated in APPPATH\Helpers\custom_helper.php on line 44.
 1 APPPATH\Helpers\custom_helper.php(44): preg_match('/IPv4 Address.*?: ([\\d\\.]+)/', null, null)
 2 APPPATH\Controllers\BlogController.php(212): getuserIpAddress()
 3 SYSTEMPATH\CodeIgniter.php(941): App\Controllers\BlogController->Showblogdetails('Discovering-Uttarakhand:-Nature,-Spirituality,-and-Adventure')
 4 SYSTEMPATH\CodeIgniter.php(502): CodeIgniter\CodeIgniter->runController(Object(App\Controllers\BlogController))
 5 SYSTEMPATH\CodeIgniter.php(361): CodeIgniter\CodeIgniter->handleRequest(null, Object(Config\Cache), false)
 6 FCPATH\index.php(79): CodeIgniter\CodeIgniter->run()
WARNING - 2024-12-24 12:41:51 --> [DEPRECATED] Creation of dynamic property App\Controllers\ContactController::$citiesModel is deprecated in APPPATH\Controllers\ContactController.php on line 21.
 1 SYSTEMPATH\CodeIgniter.php(913): App\Controllers\ContactController->__construct()
 2 SYSTEMPATH\CodeIgniter.php(493): CodeIgniter\CodeIgniter->createController()
 3 SYSTEMPATH\CodeIgniter.php(361): CodeIgniter\CodeIgniter->handleRequest(null, Object(Config\Cache), false)
 4 FCPATH\index.php(79): CodeIgniter\CodeIgniter->run()
WARNING - 2024-12-24 12:41:51 --> [DEPRECATED] Creation of dynamic property App\Controllers\ContactController::$uttarakhandModel is deprecated in APPPATH\Controllers\ContactController.php on line 22.
 1 SYSTEMPATH\CodeIgniter.php(913): App\Controllers\ContactController->__construct()
 2 SYSTEMPATH\CodeIgniter.php(493): CodeIgniter\CodeIgniter->createController()
 3 SYSTEMPATH\CodeIgniter.php(361): CodeIgniter\CodeIgniter->handleRequest(null, Object(Config\Cache), false)
 4 FCPATH\index.php(79): CodeIgniter\CodeIgniter->run()
WARNING - 2024-12-24 12:41:51 --> [DEPRECATED] Creation of dynamic property App\Controllers\ContactController::$imageModel is deprecated in APPPATH\Controllers\ContactController.php on line 23.
 1 SYSTEMPATH\CodeIgniter.php(913): App\Controllers\ContactController->__construct()
 2 SYSTEMPATH\CodeIgniter.php(493): CodeIgniter\CodeIgniter->createController()
 3 SYSTEMPATH\CodeIgniter.php(361): CodeIgniter\CodeIgniter->handleRequest(null, Object(Config\Cache), false)
 4 FCPATH\index.php(79): CodeIgniter\CodeIgniter->run()
WARNING - 2024-12-24 12:41:51 --> [DEPRECATED] Creation of dynamic property App\Controllers\ContactController::$areaModel is deprecated in APPPATH\Controllers\ContactController.php on line 24.
 1 SYSTEMPATH\CodeIgniter.php(913): App\Controllers\ContactController->__construct()
 2 SYSTEMPATH\CodeIgniter.php(493): CodeIgniter\CodeIgniter->createController()
 3 SYSTEMPATH\CodeIgniter.php(361): CodeIgniter\CodeIgniter->handleRequest(null, Object(Config\Cache), false)
 4 FCPATH\index.php(79): CodeIgniter\CodeIgniter->run()
WARNING - 2024-12-24 12:41:51 --> [DEPRECATED] Creation of dynamic property App\Controllers\ContactController::$foodModel is deprecated in APPPATH\Controllers\ContactController.php on line 25.
 1 SYSTEMPATH\CodeIgniter.php(913): App\Controllers\ContactController->__construct()
 2 SYSTEMPATH\CodeIgniter.php(493): CodeIgniter\CodeIgniter->createController()
 3 SYSTEMPATH\CodeIgniter.php(361): CodeIgniter\CodeIgniter->handleRequest(null, Object(Config\Cache), false)
 4 FCPATH\index.php(79): CodeIgniter\CodeIgniter->run()
WARNING - 2024-12-24 12:41:51 --> [DEPRECATED] Creation of dynamic property App\Controllers\ContactController::$blogModel is deprecated in APPPATH\Controllers\ContactController.php on line 26.
 1 SYSTEMPATH\CodeIgniter.php(913): App\Controllers\ContactController->__construct()
 2 SYSTEMPATH\CodeIgniter.php(493): CodeIgniter\CodeIgniter->createController()
 3 SYSTEMPATH\CodeIgniter.php(361): CodeIgniter\CodeIgniter->handleRequest(null, Object(Config\Cache), false)
 4 FCPATH\index.php(79): CodeIgniter\CodeIgniter->run()
WARNING - 2024-12-24 12:41:51 --> [DEPRECATED] Creation of dynamic property App\Controllers\ContactController::$contactModel is deprecated in APPPATH\Controllers\ContactController.php on line 27.
 1 SYSTEMPATH\CodeIgniter.php(913): App\Controllers\ContactController->__construct()
 2 SYSTEMPATH\CodeIgniter.php(493): CodeIgniter\CodeIgniter->createController()
 3 SYSTEMPATH\CodeIgniter.php(361): CodeIgniter\CodeIgniter->handleRequest(null, Object(Config\Cache), false)
 4 FCPATH\index.php(79): CodeIgniter\CodeIgniter->run()
WARNING - 2024-12-24 12:41:51 --> [DEPRECATED] Creation of dynamic property App\Controllers\ContactController::$subscribersModel is deprecated in APPPATH\Controllers\ContactController.php on line 28.
 1 SYSTEMPATH\CodeIgniter.php(913): App\Controllers\ContactController->__construct()
 2 SYSTEMPATH\CodeIgniter.php(493): CodeIgniter\CodeIgniter->createController()
 3 SYSTEMPATH\CodeIgniter.php(361): CodeIgniter\CodeIgniter->handleRequest(null, Object(Config\Cache), false)
 4 FCPATH\index.php(79): CodeIgniter\CodeIgniter->run()
WARNING - 2024-12-24 12:41:51 --> [DEPRECATED] Creation of dynamic property App\Controllers\ContactController::$commentModel is deprecated in APPPATH\Controllers\ContactController.php on line 29.
 1 SYSTEMPATH\CodeIgniter.php(913): App\Controllers\ContactController->__construct()
 2 SYSTEMPATH\CodeIgniter.php(493): CodeIgniter\CodeIgniter->createController()
 3 SYSTEMPATH\CodeIgniter.php(361): CodeIgniter\CodeIgniter->handleRequest(null, Object(Config\Cache), false)
 4 FCPATH\index.php(79): CodeIgniter\CodeIgniter->run()
WARNING - 2024-12-24 12:41:51 --> [DEPRECATED] Creation of dynamic property App\Controllers\ContactController::$likesModel is deprecated in APPPATH\Controllers\ContactController.php on line 30.
 1 SYSTEMPATH\CodeIgniter.php(913): App\Controllers\ContactController->__construct()
 2 SYSTEMPATH\CodeIgniter.php(493): CodeIgniter\CodeIgniter->createController()
 3 SYSTEMPATH\CodeIgniter.php(361): CodeIgniter\CodeIgniter->handleRequest(null, Object(Config\Cache), false)
 4 FCPATH\index.php(79): CodeIgniter\CodeIgniter->run()
WARNING - 2024-12-24 12:41:51 --> [DEPRECATED] preg_match(): Passing null to parameter #2 ($subject) of type string is deprecated in APPPATH\Helpers\custom_helper.php on line 44.
 1 APPPATH\Helpers\custom_helper.php(44): preg_match('/IPv4 Address.*?: ([\\d\\.]+)/', null, null)
 2 APPPATH\Controllers\ContactController.php(125): getuserIpAddress()
 3 SYSTEMPATH\CodeIgniter.php(941): App\Controllers\ContactController->addcommnets()
 4 SYSTEMPATH\CodeIgniter.php(502): CodeIgniter\CodeIgniter->runController(Object(App\Controllers\ContactController))
 5 SYSTEMPATH\CodeIgniter.php(361): CodeIgniter\CodeIgniter->handleRequest(null, Object(Config\Cache), false)
 6 FCPATH\index.php(79): CodeIgniter\CodeIgniter->run()
WARNING - 2024-12-24 12:41:55 --> [DEPRECATED] Creation of dynamic property App\Controllers\BlogController::$blogcategoryModel is deprecated in APPPATH\Controllers\BlogController.php on line 14.
 1 SYSTEMPATH\CodeIgniter.php(913): App\Controllers\BlogController->__construct()
 2 SYSTEMPATH\CodeIgniter.php(493): CodeIgniter\CodeIgniter->createController()
 3 SYSTEMPATH\CodeIgniter.php(361): CodeIgniter\CodeIgniter->handleRequest(null, Object(Config\Cache), false)
 4 FCPATH\index.php(79): CodeIgniter\CodeIgniter->run()
WARNING - 2024-12-24 12:41:55 --> [DEPRECATED] Creation of dynamic property App\Controllers\BlogController::$blogModel is deprecated in APPPATH\Controllers\BlogController.php on line 15.
 1 SYSTEMPATH\CodeIgniter.php(913): App\Controllers\BlogController->__construct()
 2 SYSTEMPATH\CodeIgniter.php(493): CodeIgniter\CodeIgniter->createController()
 3 SYSTEMPATH\CodeIgniter.php(361): CodeIgniter\CodeIgniter->handleRequest(null, Object(Config\Cache), false)
 4 FCPATH\index.php(79): CodeIgniter\CodeIgniter->run()
WARNING - 2024-12-24 12:41:55 --> [DEPRECATED] Creation of dynamic property App\Controllers\BlogController::$citiesModel is deprecated in APPPATH\Controllers\BlogController.php on line 16.
 1 SYSTEMPATH\CodeIgniter.php(913): App\Controllers\BlogController->__construct()
 2 SYSTEMPATH\CodeIgniter.php(493): CodeIgniter\CodeIgniter->createController()
 3 SYSTEMPATH\CodeIgniter.php(361): CodeIgniter\CodeIgniter->handleRequest(null, Object(Config\Cache), false)
 4 FCPATH\index.php(79): CodeIgniter\CodeIgniter->run()
WARNING - 2024-12-24 12:41:55 --> [DEPRECATED] Creation of dynamic property App\Controllers\BlogController::$commentModel is deprecated in APPPATH\Controllers\BlogController.php on line 17.
 1 SYSTEMPATH\CodeIgniter.php(913): App\Controllers\BlogController->__construct()
 2 SYSTEMPATH\CodeIgniter.php(493): CodeIgniter\CodeIgniter->createController()
 3 SYSTEMPATH\CodeIgniter.php(361): CodeIgniter\CodeIgniter->handleRequest(null, Object(Config\Cache), false)
 4 FCPATH\index.php(79): CodeIgniter\CodeIgniter->run()
WARNING - 2024-12-24 12:41:55 --> [DEPRECATED] Creation of dynamic property App\Controllers\BlogController::$likesModel is deprecated in APPPATH\Controllers\BlogController.php on line 18.
 1 SYSTEMPATH\CodeIgniter.php(913): App\Controllers\BlogController->__construct()
 2 SYSTEMPATH\CodeIgniter.php(493): CodeIgniter\CodeIgniter->createController()
 3 SYSTEMPATH\CodeIgniter.php(361): CodeIgniter\CodeIgniter->handleRequest(null, Object(Config\Cache), false)
 4 FCPATH\index.php(79): CodeIgniter\CodeIgniter->run()
WARNING - 2024-12-24 12:41:55 --> [DEPRECATED] preg_match(): Passing null to parameter #2 ($subject) of type string is deprecated in APPPATH\Helpers\custom_helper.php on line 44.
 1 APPPATH\Helpers\custom_helper.php(44): preg_match('/IPv4 Address.*?: ([\\d\\.]+)/', null, null)
 2 APPPATH\Controllers\BlogController.php(212): getuserIpAddress()
 3 SYSTEMPATH\CodeIgniter.php(941): App\Controllers\BlogController->Showblogdetails('Discovering-Uttarakhand:-Nature,-Spirituality,-and-Adventure')
 4 SYSTEMPATH\CodeIgniter.php(502): CodeIgniter\CodeIgniter->runController(Object(App\Controllers\BlogController))
 5 SYSTEMPATH\CodeIgniter.php(361): CodeIgniter\CodeIgniter->handleRequest(null, Object(Config\Cache), false)
 6 FCPATH\index.php(79): CodeIgniter\CodeIgniter->run()
WARNING - 2024-12-24 12:52:33 --> [DEPRECATED] Creation of dynamic property App\Controllers\HomeController::$citiesModel is deprecated in APPPATH\Controllers\HomeController.php on line 19.
 1 SYSTEMPATH\CodeIgniter.php(913): App\Controllers\HomeController->__construct()
 2 SYSTEMPATH\CodeIgniter.php(493): CodeIgniter\CodeIgniter->createController()
 3 SYSTEMPATH\CodeIgniter.php(361): CodeIgniter\CodeIgniter->handleRequest(null, Object(Config\Cache), false)
 4 FCPATH\index.php(79): CodeIgniter\CodeIgniter->run()
WARNING - 2024-12-24 12:52:33 --> [DEPRECATED] Creation of dynamic property App\Controllers\HomeController::$uttarakhandModel is deprecated in APPPATH\Controllers\HomeController.php on line 20.
 1 SYSTEMPATH\CodeIgniter.php(913): App\Controllers\HomeController->__construct()
 2 SYSTEMPATH\CodeIgniter.php(493): CodeIgniter\CodeIgniter->createController()
 3 SYSTEMPATH\CodeIgniter.php(361): CodeIgniter\CodeIgniter->handleRequest(null, Object(Config\Cache), false)
 4 FCPATH\index.php(79): CodeIgniter\CodeIgniter->run()
WARNING - 2024-12-24 12:52:33 --> [DEPRECATED] Creation of dynamic property App\Controllers\HomeController::$imageModel is deprecated in APPPATH\Controllers\HomeController.php on line 21.
 1 SYSTEMPATH\CodeIgniter.php(913): App\Controllers\HomeController->__construct()
 2 SYSTEMPATH\CodeIgniter.php(493): CodeIgniter\CodeIgniter->createController()
 3 SYSTEMPATH\CodeIgniter.php(361): CodeIgniter\CodeIgniter->handleRequest(null, Object(Config\Cache), false)
 4 FCPATH\index.php(79): CodeIgniter\CodeIgniter->run()
WARNING - 2024-12-24 12:52:33 --> [DEPRECATED] Creation of dynamic property App\Controllers\HomeController::$areaModel is deprecated in APPPATH\Controllers\HomeController.php on line 22.
 1 SYSTEMPATH\CodeIgniter.php(913): App\Controllers\HomeController->__construct()
 2 SYSTEMPATH\CodeIgniter.php(493): CodeIgniter\CodeIgniter->createController()
 3 SYSTEMPATH\CodeIgniter.php(361): CodeIgniter\CodeIgniter->handleRequest(null, Object(Config\Cache), false)
 4 FCPATH\index.php(79): CodeIgniter\CodeIgniter->run()
WARNING - 2024-12-24 12:52:33 --> [DEPRECATED] Creation of dynamic property App\Controllers\HomeController::$foodModel is deprecated in APPPATH\Controllers\HomeController.php on line 23.
 1 SYSTEMPATH\CodeIgniter.php(913): App\Controllers\HomeController->__construct()
 2 SYSTEMPATH\CodeIgniter.php(493): CodeIgniter\CodeIgniter->createController()
 3 SYSTEMPATH\CodeIgniter.php(361): CodeIgniter\CodeIgniter->handleRequest(null, Object(Config\Cache), false)
 4 FCPATH\index.php(79): CodeIgniter\CodeIgniter->run()
WARNING - 2024-12-24 12:52:33 --> [DEPRECATED] Creation of dynamic property App\Controllers\HomeController::$blogModel is deprecated in APPPATH\Controllers\HomeController.php on line 24.
 1 SYSTEMPATH\CodeIgniter.php(913): App\Controllers\HomeController->__construct()
 2 SYSTEMPATH\CodeIgniter.php(493): CodeIgniter\CodeIgniter->createController()
 3 SYSTEMPATH\CodeIgniter.php(361): CodeIgniter\CodeIgniter->handleRequest(null, Object(Config\Cache), false)
 4 FCPATH\index.php(79): CodeIgniter\CodeIgniter->run()
WARNING - 2024-12-24 13:03:39 --> [DEPRECATED] Creation of dynamic property App\Controllers\ContactController::$citiesModel is deprecated in APPPATH\Controllers\ContactController.php on line 21.
 1 SYSTEMPATH\CodeIgniter.php(913): App\Controllers\ContactController->__construct()
 2 SYSTEMPATH\CodeIgniter.php(493): CodeIgniter\CodeIgniter->createController()
 3 SYSTEMPATH\CodeIgniter.php(361): CodeIgniter\CodeIgniter->handleRequest(null, Object(Config\Cache), false)
 4 FCPATH\index.php(79): CodeIgniter\CodeIgniter->run()
WARNING - 2024-12-24 13:03:39 --> [DEPRECATED] Creation of dynamic property App\Controllers\ContactController::$uttarakhandModel is deprecated in APPPATH\Controllers\ContactController.php on line 22.
 1 SYSTEMPATH\CodeIgniter.php(913): App\Controllers\ContactController->__construct()
 2 SYSTEMPATH\CodeIgniter.php(493): CodeIgniter\CodeIgniter->createController()
 3 SYSTEMPATH\CodeIgniter.php(361): CodeIgniter\CodeIgniter->handleRequest(null, Object(Config\Cache), false)
 4 FCPATH\index.php(79): CodeIgniter\CodeIgniter->run()
WARNING - 2024-12-24 13:03:39 --> [DEPRECATED] Creation of dynamic property App\Controllers\ContactController::$imageModel is deprecated in APPPATH\Controllers\ContactController.php on line 23.
 1 SYSTEMPATH\CodeIgniter.php(913): App\Controllers\ContactController->__construct()
 2 SYSTEMPATH\CodeIgniter.php(493): CodeIgniter\CodeIgniter->createController()
 3 SYSTEMPATH\CodeIgniter.php(361): CodeIgniter\CodeIgniter->handleRequest(null, Object(Config\Cache), false)
 4 FCPATH\index.php(79): CodeIgniter\CodeIgniter->run()
WARNING - 2024-12-24 13:03:39 --> [DEPRECATED] Creation of dynamic property App\Controllers\ContactController::$areaModel is deprecated in APPPATH\Controllers\ContactController.php on line 24.
 1 SYSTEMPATH\CodeIgniter.php(913): App\Controllers\ContactController->__construct()
 2 SYSTEMPATH\CodeIgniter.php(493): CodeIgniter\CodeIgniter->createController()
 3 SYSTEMPATH\CodeIgniter.php(361): CodeIgniter\CodeIgniter->handleRequest(null, Object(Config\Cache), false)
 4 FCPATH\index.php(79): CodeIgniter\CodeIgniter->run()
WARNING - 2024-12-24 13:03:39 --> [DEPRECATED] Creation of dynamic property App\Controllers\ContactController::$foodModel is deprecated in APPPATH\Controllers\ContactController.php on line 25.
 1 SYSTEMPATH\CodeIgniter.php(913): App\Controllers\ContactController->__construct()
 2 SYSTEMPATH\CodeIgniter.php(493): CodeIgniter\CodeIgniter->createController()
 3 SYSTEMPATH\CodeIgniter.php(361): CodeIgniter\CodeIgniter->handleRequest(null, Object(Config\Cache), false)
 4 FCPATH\index.php(79): CodeIgniter\CodeIgniter->run()
WARNING - 2024-12-24 13:03:39 --> [DEPRECATED] Creation of dynamic property App\Controllers\ContactController::$blogModel is deprecated in APPPATH\Controllers\ContactController.php on line 26.
 1 SYSTEMPATH\CodeIgniter.php(913): App\Controllers\ContactController->__construct()
 2 SYSTEMPATH\CodeIgniter.php(493): CodeIgniter\CodeIgniter->createController()
 3 SYSTEMPATH\CodeIgniter.php(361): CodeIgniter\CodeIgniter->handleRequest(null, Object(Config\Cache), false)
 4 FCPATH\index.php(79): CodeIgniter\CodeIgniter->run()
WARNING - 2024-12-24 13:03:39 --> [DEPRECATED] Creation of dynamic property App\Controllers\ContactController::$contactModel is deprecated in APPPATH\Controllers\ContactController.php on line 27.
 1 SYSTEMPATH\CodeIgniter.php(913): App\Controllers\ContactController->__construct()
 2 SYSTEMPATH\CodeIgniter.php(493): CodeIgniter\CodeIgniter->createController()
 3 SYSTEMPATH\CodeIgniter.php(361): CodeIgniter\CodeIgniter->handleRequest(null, Object(Config\Cache), false)
 4 FCPATH\index.php(79): CodeIgniter\CodeIgniter->run()
WARNING - 2024-12-24 13:03:39 --> [DEPRECATED] Creation of dynamic property App\Controllers\ContactController::$subscribersModel is deprecated in APPPATH\Controllers\ContactController.php on line 28.
 1 SYSTEMPATH\CodeIgniter.php(913): App\Controllers\ContactController->__construct()
 2 SYSTEMPATH\CodeIgniter.php(493): CodeIgniter\CodeIgniter->createController()
 3 SYSTEMPATH\CodeIgniter.php(361): CodeIgniter\CodeIgniter->handleRequest(null, Object(Config\Cache), false)
 4 FCPATH\index.php(79): CodeIgniter\CodeIgniter->run()
WARNING - 2024-12-24 13:03:39 --> [DEPRECATED] Creation of dynamic property App\Controllers\ContactController::$commentModel is deprecated in APPPATH\Controllers\ContactController.php on line 29.
 1 SYSTEMPATH\CodeIgniter.php(913): App\Controllers\ContactController->__construct()
 2 SYSTEMPATH\CodeIgniter.php(493): CodeIgniter\CodeIgniter->createController()
 3 SYSTEMPATH\CodeIgniter.php(361): CodeIgniter\CodeIgniter->handleRequest(null, Object(Config\Cache), false)
 4 FCPATH\index.php(79): CodeIgniter\CodeIgniter->run()
WARNING - 2024-12-24 13:03:39 --> [DEPRECATED] Creation of dynamic property App\Controllers\ContactController::$likesModel is deprecated in APPPATH\Controllers\ContactController.php on line 30.
 1 SYSTEMPATH\CodeIgniter.php(913): App\Controllers\ContactController->__construct()
 2 SYSTEMPATH\CodeIgniter.php(493): CodeIgniter\CodeIgniter->createController()
 3 SYSTEMPATH\CodeIgniter.php(361): CodeIgniter\CodeIgniter->handleRequest(null, Object(Config\Cache), false)
 4 FCPATH\index.php(79): CodeIgniter\CodeIgniter->run()
WARNING - 2024-12-24 13:06:40 --> [DEPRECATED] Creation of dynamic property App\Controllers\BlogController::$blogcategoryModel is deprecated in APPPATH\Controllers\BlogController.php on line 14.
 1 SYSTEMPATH\CodeIgniter.php(913): App\Controllers\BlogController->__construct()
 2 SYSTEMPATH\CodeIgniter.php(493): CodeIgniter\CodeIgniter->createController()
 3 SYSTEMPATH\CodeIgniter.php(361): CodeIgniter\CodeIgniter->handleRequest(null, Object(Config\Cache), false)
 4 FCPATH\index.php(79): CodeIgniter\CodeIgniter->run()
WARNING - 2024-12-24 13:06:40 --> [DEPRECATED] Creation of dynamic property App\Controllers\BlogController::$blogModel is deprecated in APPPATH\Controllers\BlogController.php on line 15.
 1 SYSTEMPATH\CodeIgniter.php(913): App\Controllers\BlogController->__construct()
 2 SYSTEMPATH\CodeIgniter.php(493): CodeIgniter\CodeIgniter->createController()
 3 SYSTEMPATH\CodeIgniter.php(361): CodeIgniter\CodeIgniter->handleRequest(null, Object(Config\Cache), false)
 4 FCPATH\index.php(79): CodeIgniter\CodeIgniter->run()
WARNING - 2024-12-24 13:06:40 --> [DEPRECATED] Creation of dynamic property App\Controllers\BlogController::$citiesModel is deprecated in APPPATH\Controllers\BlogController.php on line 16.
 1 SYSTEMPATH\CodeIgniter.php(913): App\Controllers\BlogController->__construct()
 2 SYSTEMPATH\CodeIgniter.php(493): CodeIgniter\CodeIgniter->createController()
 3 SYSTEMPATH\CodeIgniter.php(361): CodeIgniter\CodeIgniter->handleRequest(null, Object(Config\Cache), false)
 4 FCPATH\index.php(79): CodeIgniter\CodeIgniter->run()
WARNING - 2024-12-24 13:06:40 --> [DEPRECATED] Creation of dynamic property App\Controllers\BlogController::$commentModel is deprecated in APPPATH\Controllers\BlogController.php on line 17.
 1 SYSTEMPATH\CodeIgniter.php(913): App\Controllers\BlogController->__construct()
 2 SYSTEMPATH\CodeIgniter.php(493): CodeIgniter\CodeIgniter->createController()
 3 SYSTEMPATH\CodeIgniter.php(361): CodeIgniter\CodeIgniter->handleRequest(null, Object(Config\Cache), false)
 4 FCPATH\index.php(79): CodeIgniter\CodeIgniter->run()
WARNING - 2024-12-24 13:06:40 --> [DEPRECATED] Creation of dynamic property App\Controllers\BlogController::$likesModel is deprecated in APPPATH\Controllers\BlogController.php on line 18.
 1 SYSTEMPATH\CodeIgniter.php(913): App\Controllers\BlogController->__construct()
 2 SYSTEMPATH\CodeIgniter.php(493): CodeIgniter\CodeIgniter->createController()
 3 SYSTEMPATH\CodeIgniter.php(361): CodeIgniter\CodeIgniter->handleRequest(null, Object(Config\Cache), false)
 4 FCPATH\index.php(79): CodeIgniter\CodeIgniter->run()
WARNING - 2024-12-24 13:06:40 --> [DEPRECATED] preg_match(): Passing null to parameter #2 ($subject) of type string is deprecated in APPPATH\Helpers\custom_helper.php on line 44.
 1 APPPATH\Helpers\custom_helper.php(44): preg_match('/IPv4 Address.*?: ([\\d\\.]+)/', null, null)
 2 APPPATH\Controllers\BlogController.php(212): getuserIpAddress()
 3 SYSTEMPATH\CodeIgniter.php(941): App\Controllers\BlogController->Showblogdetails('Discovering-Uttarakhand:-Nature,-Spirituality,-and-Adventure')
 4 SYSTEMPATH\CodeIgniter.php(502): CodeIgniter\CodeIgniter->runController(Object(App\Controllers\BlogController))
 5 SYSTEMPATH\CodeIgniter.php(361): CodeIgniter\CodeIgniter->handleRequest(null, Object(Config\Cache), false)
 6 FCPATH\index.php(79): CodeIgniter\CodeIgniter->run()
WARNING - 2024-12-24 13:06:56 --> [DEPRECATED] Creation of dynamic property App\Controllers\ContactController::$citiesModel is deprecated in APPPATH\Controllers\ContactController.php on line 21.
 1 SYSTEMPATH\CodeIgniter.php(913): App\Controllers\ContactController->__construct()
 2 SYSTEMPATH\CodeIgniter.php(493): CodeIgniter\CodeIgniter->createController()
 3 SYSTEMPATH\CodeIgniter.php(361): CodeIgniter\CodeIgniter->handleRequest(null, Object(Config\Cache), false)
 4 FCPATH\index.php(79): CodeIgniter\CodeIgniter->run()
WARNING - 2024-12-24 13:06:56 --> [DEPRECATED] Creation of dynamic property App\Controllers\ContactController::$uttarakhandModel is deprecated in APPPATH\Controllers\ContactController.php on line 22.
 1 SYSTEMPATH\CodeIgniter.php(913): App\Controllers\ContactController->__construct()
 2 SYSTEMPATH\CodeIgniter.php(493): CodeIgniter\CodeIgniter->createController()
 3 SYSTEMPATH\CodeIgniter.php(361): CodeIgniter\CodeIgniter->handleRequest(null, Object(Config\Cache), false)
 4 FCPATH\index.php(79): CodeIgniter\CodeIgniter->run()
WARNING - 2024-12-24 13:06:56 --> [DEPRECATED] Creation of dynamic property App\Controllers\ContactController::$imageModel is deprecated in APPPATH\Controllers\ContactController.php on line 23.
 1 SYSTEMPATH\CodeIgniter.php(913): App\Controllers\ContactController->__construct()
 2 SYSTEMPATH\CodeIgniter.php(493): CodeIgniter\CodeIgniter->createController()
 3 SYSTEMPATH\CodeIgniter.php(361): CodeIgniter\CodeIgniter->handleRequest(null, Object(Config\Cache), false)
 4 FCPATH\index.php(79): CodeIgniter\CodeIgniter->run()
WARNING - 2024-12-24 13:06:56 --> [DEPRECATED] Creation of dynamic property App\Controllers\ContactController::$areaModel is deprecated in APPPATH\Controllers\ContactController.php on line 24.
 1 SYSTEMPATH\CodeIgniter.php(913): App\Controllers\ContactController->__construct()
 2 SYSTEMPATH\CodeIgniter.php(493): CodeIgniter\CodeIgniter->createController()
 3 SYSTEMPATH\CodeIgniter.php(361): CodeIgniter\CodeIgniter->handleRequest(null, Object(Config\Cache), false)
 4 FCPATH\index.php(79): CodeIgniter\CodeIgniter->run()
WARNING - 2024-12-24 13:06:56 --> [DEPRECATED] Creation of dynamic property App\Controllers\ContactController::$foodModel is deprecated in APPPATH\Controllers\ContactController.php on line 25.
 1 SYSTEMPATH\CodeIgniter.php(913): App\Controllers\ContactController->__construct()
 2 SYSTEMPATH\CodeIgniter.php(493): CodeIgniter\CodeIgniter->createController()
 3 SYSTEMPATH\CodeIgniter.php(361): CodeIgniter\CodeIgniter->handleRequest(null, Object(Config\Cache), false)
 4 FCPATH\index.php(79): CodeIgniter\CodeIgniter->run()
WARNING - 2024-12-24 13:06:56 --> [DEPRECATED] Creation of dynamic property App\Controllers\ContactController::$blogModel is deprecated in APPPATH\Controllers\ContactController.php on line 26.
 1 SYSTEMPATH\CodeIgniter.php(913): App\Controllers\ContactController->__construct()
 2 SYSTEMPATH\CodeIgniter.php(493): CodeIgniter\CodeIgniter->createController()
 3 SYSTEMPATH\CodeIgniter.php(361): CodeIgniter\CodeIgniter->handleRequest(null, Object(Config\Cache), false)
 4 FCPATH\index.php(79): CodeIgniter\CodeIgniter->run()
WARNING - 2024-12-24 13:06:56 --> [DEPRECATED] Creation of dynamic property App\Controllers\ContactController::$contactModel is deprecated in APPPATH\Controllers\ContactController.php on line 27.
 1 SYSTEMPATH\CodeIgniter.php(913): App\Controllers\ContactController->__construct()
 2 SYSTEMPATH\CodeIgniter.php(493): CodeIgniter\CodeIgniter->createController()
 3 SYSTEMPATH\CodeIgniter.php(361): CodeIgniter\CodeIgniter->handleRequest(null, Object(Config\Cache), false)
 4 FCPATH\index.php(79): CodeIgniter\CodeIgniter->run()
WARNING - 2024-12-24 13:06:56 --> [DEPRECATED] Creation of dynamic property App\Controllers\ContactController::$subscribersModel is deprecated in APPPATH\Controllers\ContactController.php on line 28.
 1 SYSTEMPATH\CodeIgniter.php(913): App\Controllers\ContactController->__construct()
 2 SYSTEMPATH\CodeIgniter.php(493): CodeIgniter\CodeIgniter->createController()
 3 SYSTEMPATH\CodeIgniter.php(361): CodeIgniter\CodeIgniter->handleRequest(null, Object(Config\Cache), false)
 4 FCPATH\index.php(79): CodeIgniter\CodeIgniter->run()
WARNING - 2024-12-24 13:06:56 --> [DEPRECATED] Creation of dynamic property App\Controllers\ContactController::$commentModel is deprecated in APPPATH\Controllers\ContactController.php on line 29.
 1 SYSTEMPATH\CodeIgniter.php(913): App\Controllers\ContactController->__construct()
 2 SYSTEMPATH\CodeIgniter.php(493): CodeIgniter\CodeIgniter->createController()
 3 SYSTEMPATH\CodeIgniter.php(361): CodeIgniter\CodeIgniter->handleRequest(null, Object(Config\Cache), false)
 4 FCPATH\index.php(79): CodeIgniter\CodeIgniter->run()
WARNING - 2024-12-24 13:06:56 --> [DEPRECATED] Creation of dynamic property App\Controllers\ContactController::$likesModel is deprecated in APPPATH\Controllers\ContactController.php on line 30.
 1 SYSTEMPATH\CodeIgniter.php(913): App\Controllers\ContactController->__construct()
 2 SYSTEMPATH\CodeIgniter.php(493): CodeIgniter\CodeIgniter->createController()
 3 SYSTEMPATH\CodeIgniter.php(361): CodeIgniter\CodeIgniter->handleRequest(null, Object(Config\Cache), false)
 4 FCPATH\index.php(79): CodeIgniter\CodeIgniter->run()
WARNING - 2024-12-24 13:06:57 --> [DEPRECATED] preg_match(): Passing null to parameter #2 ($subject) of type string is deprecated in APPPATH\Helpers\custom_helper.php on line 44.
 1 APPPATH\Helpers\custom_helper.php(44): preg_match('/IPv4 Address.*?: ([\\d\\.]+)/', null, null)
 2 APPPATH\Controllers\ContactController.php(125): getuserIpAddress()
 3 SYSTEMPATH\CodeIgniter.php(941): App\Controllers\ContactController->addcommnets()
 4 SYSTEMPATH\CodeIgniter.php(502): CodeIgniter\CodeIgniter->runController(Object(App\Controllers\ContactController))
 5 SYSTEMPATH\CodeIgniter.php(361): CodeIgniter\CodeIgniter->handleRequest(null, Object(Config\Cache), false)
 6 FCPATH\index.php(79): CodeIgniter\CodeIgniter->run()
WARNING - 2024-12-24 13:07:00 --> [DEPRECATED] Creation of dynamic property App\Controllers\BlogController::$blogcategoryModel is deprecated in APPPATH\Controllers\BlogController.php on line 14.
 1 SYSTEMPATH\CodeIgniter.php(913): App\Controllers\BlogController->__construct()
 2 SYSTEMPATH\CodeIgniter.php(493): CodeIgniter\CodeIgniter->createController()
 3 SYSTEMPATH\CodeIgniter.php(361): CodeIgniter\CodeIgniter->handleRequest(null, Object(Config\Cache), false)
 4 FCPATH\index.php(79): CodeIgniter\CodeIgniter->run()
WARNING - 2024-12-24 13:07:00 --> [DEPRECATED] Creation of dynamic property App\Controllers\BlogController::$blogModel is deprecated in APPPATH\Controllers\BlogController.php on line 15.
 1 SYSTEMPATH\CodeIgniter.php(913): App\Controllers\BlogController->__construct()
 2 SYSTEMPATH\CodeIgniter.php(493): CodeIgniter\CodeIgniter->createController()
 3 SYSTEMPATH\CodeIgniter.php(361): CodeIgniter\CodeIgniter->handleRequest(null, Object(Config\Cache), false)
 4 FCPATH\index.php(79): CodeIgniter\CodeIgniter->run()
WARNING - 2024-12-24 13:07:00 --> [DEPRECATED] Creation of dynamic property App\Controllers\BlogController::$citiesModel is deprecated in APPPATH\Controllers\BlogController.php on line 16.
 1 SYSTEMPATH\CodeIgniter.php(913): App\Controllers\BlogController->__construct()
 2 SYSTEMPATH\CodeIgniter.php(493): CodeIgniter\CodeIgniter->createController()
 3 SYSTEMPATH\CodeIgniter.php(361): CodeIgniter\CodeIgniter->handleRequest(null, Object(Config\Cache), false)
 4 FCPATH\index.php(79): CodeIgniter\CodeIgniter->run()
WARNING - 2024-12-24 13:07:00 --> [DEPRECATED] Creation of dynamic property App\Controllers\BlogController::$commentModel is deprecated in APPPATH\Controllers\BlogController.php on line 17.
 1 SYSTEMPATH\CodeIgniter.php(913): App\Controllers\BlogController->__construct()
 2 SYSTEMPATH\CodeIgniter.php(493): CodeIgniter\CodeIgniter->createController()
 3 SYSTEMPATH\CodeIgniter.php(361): CodeIgniter\CodeIgniter->handleRequest(null, Object(Config\Cache), false)
 4 FCPATH\index.php(79): CodeIgniter\CodeIgniter->run()
WARNING - 2024-12-24 13:07:00 --> [DEPRECATED] Creation of dynamic property App\Controllers\BlogController::$likesModel is deprecated in APPPATH\Controllers\BlogController.php on line 18.
 1 SYSTEMPATH\CodeIgniter.php(913): App\Controllers\BlogController->__construct()
 2 SYSTEMPATH\CodeIgniter.php(493): CodeIgniter\CodeIgniter->createController()
 3 SYSTEMPATH\CodeIgniter.php(361): CodeIgniter\CodeIgniter->handleRequest(null, Object(Config\Cache), false)
 4 FCPATH\index.php(79): CodeIgniter\CodeIgniter->run()
WARNING - 2024-12-24 13:07:00 --> [DEPRECATED] preg_match(): Passing null to parameter #2 ($subject) of type string is deprecated in APPPATH\Helpers\custom_helper.php on line 44.
 1 APPPATH\Helpers\custom_helper.php(44): preg_match('/IPv4 Address.*?: ([\\d\\.]+)/', null, null)
 2 APPPATH\Controllers\BlogController.php(212): getuserIpAddress()
 3 SYSTEMPATH\CodeIgniter.php(941): App\Controllers\BlogController->Showblogdetails('Discovering-Uttarakhand:-Nature,-Spirituality,-and-Adventure')
 4 SYSTEMPATH\CodeIgniter.php(502): CodeIgniter\CodeIgniter->runController(Object(App\Controllers\BlogController))
 5 SYSTEMPATH\CodeIgniter.php(361): CodeIgniter\CodeIgniter->handleRequest(null, Object(Config\Cache), false)
 6 FCPATH\index.php(79): CodeIgniter\CodeIgniter->run()
WARNING - 2024-12-24 13:08:39 --> [DEPRECATED] Creation of dynamic property App\Controllers\HomeController::$citiesModel is deprecated in APPPATH\Controllers\HomeController.php on line 19.
 1 SYSTEMPATH\CodeIgniter.php(913): App\Controllers\HomeController->__construct()
 2 SYSTEMPATH\CodeIgniter.php(493): CodeIgniter\CodeIgniter->createController()
 3 SYSTEMPATH\CodeIgniter.php(361): CodeIgniter\CodeIgniter->handleRequest(null, Object(Config\Cache), false)
 4 FCPATH\index.php(79): CodeIgniter\CodeIgniter->run()
WARNING - 2024-12-24 13:08:39 --> [DEPRECATED] Creation of dynamic property App\Controllers\HomeController::$uttarakhandModel is deprecated in APPPATH\Controllers\HomeController.php on line 20.
 1 SYSTEMPATH\CodeIgniter.php(913): App\Controllers\HomeController->__construct()
 2 SYSTEMPATH\CodeIgniter.php(493): CodeIgniter\CodeIgniter->createController()
 3 SYSTEMPATH\CodeIgniter.php(361): CodeIgniter\CodeIgniter->handleRequest(null, Object(Config\Cache), false)
 4 FCPATH\index.php(79): CodeIgniter\CodeIgniter->run()
WARNING - 2024-12-24 13:08:39 --> [DEPRECATED] Creation of dynamic property App\Controllers\HomeController::$imageModel is deprecated in APPPATH\Controllers\HomeController.php on line 21.
 1 SYSTEMPATH\CodeIgniter.php(913): App\Controllers\HomeController->__construct()
 2 SYSTEMPATH\CodeIgniter.php(493): CodeIgniter\CodeIgniter->createController()
 3 SYSTEMPATH\CodeIgniter.php(361): CodeIgniter\CodeIgniter->handleRequest(null, Object(Config\Cache), false)
 4 FCPATH\index.php(79): CodeIgniter\CodeIgniter->run()
WARNING - 2024-12-24 13:08:39 --> [DEPRECATED] Creation of dynamic property App\Controllers\HomeController::$areaModel is deprecated in APPPATH\Controllers\HomeController.php on line 22.
 1 SYSTEMPATH\CodeIgniter.php(913): App\Controllers\HomeController->__construct()
 2 SYSTEMPATH\CodeIgniter.php(493): CodeIgniter\CodeIgniter->createController()
 3 SYSTEMPATH\CodeIgniter.php(361): CodeIgniter\CodeIgniter->handleRequest(null, Object(Config\Cache), false)
 4 FCPATH\index.php(79): CodeIgniter\CodeIgniter->run()
WARNING - 2024-12-24 13:08:39 --> [DEPRECATED] Creation of dynamic property App\Controllers\HomeController::$foodModel is deprecated in APPPATH\Controllers\HomeController.php on line 23.
 1 SYSTEMPATH\CodeIgniter.php(913): App\Controllers\HomeController->__construct()
 2 SYSTEMPATH\CodeIgniter.php(493): CodeIgniter\CodeIgniter->createController()
 3 SYSTEMPATH\CodeIgniter.php(361): CodeIgniter\CodeIgniter->handleRequest(null, Object(Config\Cache), false)
 4 FCPATH\index.php(79): CodeIgniter\CodeIgniter->run()
WARNING - 2024-12-24 13:08:39 --> [DEPRECATED] Creation of dynamic property App\Controllers\HomeController::$blogModel is deprecated in APPPATH\Controllers\HomeController.php on line 24.
 1 SYSTEMPATH\CodeIgniter.php(913): App\Controllers\HomeController->__construct()
 2 SYSTEMPATH\CodeIgniter.php(493): CodeIgniter\CodeIgniter->createController()
 3 SYSTEMPATH\CodeIgniter.php(361): CodeIgniter\CodeIgniter->handleRequest(null, Object(Config\Cache), false)
 4 FCPATH\index.php(79): CodeIgniter\CodeIgniter->run()
WARNING - 2024-12-24 13:08:42 --> [DEPRECATED] Creation of dynamic property App\Controllers\HomeController::$citiesModel is deprecated in APPPATH\Controllers\HomeController.php on line 19.
 1 SYSTEMPATH\CodeIgniter.php(913): App\Controllers\HomeController->__construct()
 2 SYSTEMPATH\CodeIgniter.php(493): CodeIgniter\CodeIgniter->createController()
 3 SYSTEMPATH\CodeIgniter.php(361): CodeIgniter\CodeIgniter->handleRequest(null, Object(Config\Cache), false)
 4 FCPATH\index.php(79): CodeIgniter\CodeIgniter->run()
WARNING - 2024-12-24 13:08:42 --> [DEPRECATED] Creation of dynamic property App\Controllers\HomeController::$uttarakhandModel is deprecated in APPPATH\Controllers\HomeController.php on line 20.
 1 SYSTEMPATH\CodeIgniter.php(913): App\Controllers\HomeController->__construct()
 2 SYSTEMPATH\CodeIgniter.php(493): CodeIgniter\CodeIgniter->createController()
 3 SYSTEMPATH\CodeIgniter.php(361): CodeIgniter\CodeIgniter->handleRequest(null, Object(Config\Cache), false)
 4 FCPATH\index.php(79): CodeIgniter\CodeIgniter->run()
WARNING - 2024-12-24 13:08:42 --> [DEPRECATED] Creation of dynamic property App\Controllers\HomeController::$imageModel is deprecated in APPPATH\Controllers\HomeController.php on line 21.
 1 SYSTEMPATH\CodeIgniter.php(913): App\Controllers\HomeController->__construct()
 2 SYSTEMPATH\CodeIgniter.php(493): CodeIgniter\CodeIgniter->createController()
 3 SYSTEMPATH\CodeIgniter.php(361): CodeIgniter\CodeIgniter->handleRequest(null, Object(Config\Cache), false)
 4 FCPATH\index.php(79): CodeIgniter\CodeIgniter->run()
WARNING - 2024-12-24 13:08:42 --> [DEPRECATED] Creation of dynamic property App\Controllers\HomeController::$areaModel is deprecated in APPPATH\Controllers\HomeController.php on line 22.
 1 SYSTEMPATH\CodeIgniter.php(913): App\Controllers\HomeController->__construct()
 2 SYSTEMPATH\CodeIgniter.php(493): CodeIgniter\CodeIgniter->createController()
 3 SYSTEMPATH\CodeIgniter.php(361): CodeIgniter\CodeIgniter->handleRequest(null, Object(Config\Cache), false)
 4 FCPATH\index.php(79): CodeIgniter\CodeIgniter->run()
WARNING - 2024-12-24 13:08:42 --> [DEPRECATED] Creation of dynamic property App\Controllers\HomeController::$foodModel is deprecated in APPPATH\Controllers\HomeController.php on line 23.
 1 SYSTEMPATH\CodeIgniter.php(913): App\Controllers\HomeController->__construct()
 2 SYSTEMPATH\CodeIgniter.php(493): CodeIgniter\CodeIgniter->createController()
 3 SYSTEMPATH\CodeIgniter.php(361): CodeIgniter\CodeIgniter->handleRequest(null, Object(Config\Cache), false)
 4 FCPATH\index.php(79): CodeIgniter\CodeIgniter->run()
WARNING - 2024-12-24 13:08:42 --> [DEPRECATED] Creation of dynamic property App\Controllers\HomeController::$blogModel is deprecated in APPPATH\Controllers\HomeController.php on line 24.
 1 SYSTEMPATH\CodeIgniter.php(913): App\Controllers\HomeController->__construct()
 2 SYSTEMPATH\CodeIgniter.php(493): CodeIgniter\CodeIgniter->createController()
 3 SYSTEMPATH\CodeIgniter.php(361): CodeIgniter\CodeIgniter->handleRequest(null, Object(Config\Cache), false)
 4 FCPATH\index.php(79): CodeIgniter\CodeIgniter->run()
CRITICAL - 2024-12-24 13:08:42 --> ErrorException: Trying to access array offset on value of type null
in APPPATH\Controllers\HomeController.php on line 80.
 1 APPPATH\Controllers\HomeController.php(80): CodeIgniter\Debug\Exceptions->errorHandler(2, 'Trying to access array offset on value of type null', 'C:\\xampp\\htdocs\\uttrakhand\\app\\Controllers\\HomeController.php', 80)
 2 SYSTEMPATH\CodeIgniter.php(941): App\Controllers\HomeController->page('uploads', 'no_image.jpg')
 3 SYSTEMPATH\CodeIgniter.php(502): CodeIgniter\CodeIgniter->runController(Object(App\Controllers\HomeController))
 4 SYSTEMPATH\CodeIgniter.php(361): CodeIgniter\CodeIgniter->handleRequest(null, Object(Config\Cache), false)
 5 FCPATH\index.php(79): CodeIgniter\CodeIgniter->run()
WARNING - 2024-12-24 13:08:59 --> [DEPRECATED] Creation of dynamic property App\Controllers\AboutController::$citiesModel is deprecated in APPPATH\Controllers\AboutController.php on line 16.
 1 SYSTEMPATH\CodeIgniter.php(913): App\Controllers\AboutController->__construct()
 2 SYSTEMPATH\CodeIgniter.php(493): CodeIgniter\CodeIgniter->createController()
 3 SYSTEMPATH\CodeIgniter.php(361): CodeIgniter\CodeIgniter->handleRequest(null, Object(Config\Cache), false)
 4 FCPATH\index.php(79): CodeIgniter\CodeIgniter->run()
WARNING - 2024-12-24 13:08:59 --> [DEPRECATED] Creation of dynamic property App\Controllers\AboutController::$uttarakhandModel is deprecated in APPPATH\Controllers\AboutController.php on line 17.
 1 SYSTEMPATH\CodeIgniter.php(913): App\Controllers\AboutController->__construct()
 2 SYSTEMPATH\CodeIgniter.php(493): CodeIgniter\CodeIgniter->createController()
 3 SYSTEMPATH\CodeIgniter.php(361): CodeIgniter\CodeIgniter->handleRequest(null, Object(Config\Cache), false)
 4 FCPATH\index.php(79): CodeIgniter\CodeIgniter->run()
WARNING - 2024-12-24 13:08:59 --> [DEPRECATED] Creation of dynamic property App\Controllers\AboutController::$imageModel is deprecated in APPPATH\Controllers\AboutController.php on line 18.
 1 SYSTEMPATH\CodeIgniter.php(913): App\Controllers\AboutController->__construct()
 2 SYSTEMPATH\CodeIgniter.php(493): CodeIgniter\CodeIgniter->createController()
 3 SYSTEMPATH\CodeIgniter.php(361): CodeIgniter\CodeIgniter->handleRequest(null, Object(Config\Cache), false)
 4 FCPATH\index.php(79): CodeIgniter\CodeIgniter->run()
WARNING - 2024-12-24 13:08:59 --> [DEPRECATED] Creation of dynamic property App\Controllers\AboutController::$areaModel is deprecated in APPPATH\Controllers\AboutController.php on line 19.
 1 SYSTEMPATH\CodeIgniter.php(913): App\Controllers\AboutController->__construct()
 2 SYSTEMPATH\CodeIgniter.php(493): CodeIgniter\CodeIgniter->createController()
 3 SYSTEMPATH\CodeIgniter.php(361): CodeIgniter\CodeIgniter->handleRequest(null, Object(Config\Cache), false)
 4 FCPATH\index.php(79): CodeIgniter\CodeIgniter->run()
WARNING - 2024-12-24 13:08:59 --> [DEPRECATED] Creation of dynamic property App\Controllers\AboutController::$foodModel is deprecated in APPPATH\Controllers\AboutController.php on line 20.
 1 SYSTEMPATH\CodeIgniter.php(913): App\Controllers\AboutController->__construct()
 2 SYSTEMPATH\CodeIgniter.php(493): CodeIgniter\CodeIgniter->createController()
 3 SYSTEMPATH\CodeIgniter.php(361): CodeIgniter\CodeIgniter->handleRequest(null, Object(Config\Cache), false)
 4 FCPATH\index.php(79): CodeIgniter\CodeIgniter->run()
WARNING - 2024-12-24 13:08:59 --> [DEPRECATED] Creation of dynamic property App\Controllers\AboutController::$blogModel is deprecated in APPPATH\Controllers\AboutController.php on line 21.
 1 SYSTEMPATH\CodeIgniter.php(913): App\Controllers\AboutController->__construct()
 2 SYSTEMPATH\CodeIgniter.php(493): CodeIgniter\CodeIgniter->createController()
 3 SYSTEMPATH\CodeIgniter.php(361): CodeIgniter\CodeIgniter->handleRequest(null, Object(Config\Cache), false)
 4 FCPATH\index.php(79): CodeIgniter\CodeIgniter->run()
WARNING - 2024-12-24 13:09:13 --> [DEPRECATED] Creation of dynamic property App\Controllers\ContactController::$citiesModel is deprecated in APPPATH\Controllers\ContactController.php on line 21.
 1 SYSTEMPATH\CodeIgniter.php(913): App\Controllers\ContactController->__construct()
 2 SYSTEMPATH\CodeIgniter.php(493): CodeIgniter\CodeIgniter->createController()
 3 SYSTEMPATH\CodeIgniter.php(361): CodeIgniter\CodeIgniter->handleRequest(null, Object(Config\Cache), false)
 4 FCPATH\index.php(79): CodeIgniter\CodeIgniter->run()
WARNING - 2024-12-24 13:09:13 --> [DEPRECATED] Creation of dynamic property App\Controllers\ContactController::$uttarakhandModel is deprecated in APPPATH\Controllers\ContactController.php on line 22.
 1 SYSTEMPATH\CodeIgniter.php(913): App\Controllers\ContactController->__construct()
 2 SYSTEMPATH\CodeIgniter.php(493): CodeIgniter\CodeIgniter->createController()
 3 SYSTEMPATH\CodeIgniter.php(361): CodeIgniter\CodeIgniter->handleRequest(null, Object(Config\Cache), false)
 4 FCPATH\index.php(79): CodeIgniter\CodeIgniter->run()
WARNING - 2024-12-24 13:09:13 --> [DEPRECATED] Creation of dynamic property App\Controllers\ContactController::$imageModel is deprecated in APPPATH\Controllers\ContactController.php on line 23.
 1 SYSTEMPATH\CodeIgniter.php(913): App\Controllers\ContactController->__construct()
 2 SYSTEMPATH\CodeIgniter.php(493): CodeIgniter\CodeIgniter->createController()
 3 SYSTEMPATH\CodeIgniter.php(361): CodeIgniter\CodeIgniter->handleRequest(null, Object(Config\Cache), false)
 4 FCPATH\index.php(79): CodeIgniter\CodeIgniter->run()
WARNING - 2024-12-24 13:09:13 --> [DEPRECATED] Creation of dynamic property App\Controllers\ContactController::$areaModel is deprecated in APPPATH\Controllers\ContactController.php on line 24.
 1 SYSTEMPATH\CodeIgniter.php(913): App\Controllers\ContactController->__construct()
 2 SYSTEMPATH\CodeIgniter.php(493): CodeIgniter\CodeIgniter->createController()
 3 SYSTEMPATH\CodeIgniter.php(361): CodeIgniter\CodeIgniter->handleRequest(null, Object(Config\Cache), false)
 4 FCPATH\index.php(79): CodeIgniter\CodeIgniter->run()
WARNING - 2024-12-24 13:09:13 --> [DEPRECATED] Creation of dynamic property App\Controllers\ContactController::$foodModel is deprecated in APPPATH\Controllers\ContactController.php on line 25.
 1 SYSTEMPATH\CodeIgniter.php(913): App\Controllers\ContactController->__construct()
 2 SYSTEMPATH\CodeIgniter.php(493): CodeIgniter\CodeIgniter->createController()
 3 SYSTEMPATH\CodeIgniter.php(361): CodeIgniter\CodeIgniter->handleRequest(null, Object(Config\Cache), false)
 4 FCPATH\index.php(79): CodeIgniter\CodeIgniter->run()
WARNING - 2024-12-24 13:09:13 --> [DEPRECATED] Creation of dynamic property App\Controllers\ContactController::$blogModel is deprecated in APPPATH\Controllers\ContactController.php on line 26.
 1 SYSTEMPATH\CodeIgniter.php(913): App\Controllers\ContactController->__construct()
 2 SYSTEMPATH\CodeIgniter.php(493): CodeIgniter\CodeIgniter->createController()
 3 SYSTEMPATH\CodeIgniter.php(361): CodeIgniter\CodeIgniter->handleRequest(null, Object(Config\Cache), false)
 4 FCPATH\index.php(79): CodeIgniter\CodeIgniter->run()
WARNING - 2024-12-24 13:09:13 --> [DEPRECATED] Creation of dynamic property App\Controllers\ContactController::$contactModel is deprecated in APPPATH\Controllers\ContactController.php on line 27.
 1 SYSTEMPATH\CodeIgniter.php(913): App\Controllers\ContactController->__construct()
 2 SYSTEMPATH\CodeIgniter.php(493): CodeIgniter\CodeIgniter->createController()
 3 SYSTEMPATH\CodeIgniter.php(361): CodeIgniter\CodeIgniter->handleRequest(null, Object(Config\Cache), false)
 4 FCPATH\index.php(79): CodeIgniter\CodeIgniter->run()
WARNING - 2024-12-24 13:09:13 --> [DEPRECATED] Creation of dynamic property App\Controllers\ContactController::$subscribersModel is deprecated in APPPATH\Controllers\ContactController.php on line 28.
 1 SYSTEMPATH\CodeIgniter.php(913): App\Controllers\ContactController->__construct()
 2 SYSTEMPATH\CodeIgniter.php(493): CodeIgniter\CodeIgniter->createController()
 3 SYSTEMPATH\CodeIgniter.php(361): CodeIgniter\CodeIgniter->handleRequest(null, Object(Config\Cache), false)
 4 FCPATH\index.php(79): CodeIgniter\CodeIgniter->run()
WARNING - 2024-12-24 13:09:13 --> [DEPRECATED] Creation of dynamic property App\Controllers\ContactController::$commentModel is deprecated in APPPATH\Controllers\ContactController.php on line 29.
 1 SYSTEMPATH\CodeIgniter.php(913): App\Controllers\ContactController->__construct()
 2 SYSTEMPATH\CodeIgniter.php(493): CodeIgniter\CodeIgniter->createController()
 3 SYSTEMPATH\CodeIgniter.php(361): CodeIgniter\CodeIgniter->handleRequest(null, Object(Config\Cache), false)
 4 FCPATH\index.php(79): CodeIgniter\CodeIgniter->run()
WARNING - 2024-12-24 13:09:13 --> [DEPRECATED] Creation of dynamic property App\Controllers\ContactController::$likesModel is deprecated in APPPATH\Controllers\ContactController.php on line 30.
 1 SYSTEMPATH\CodeIgniter.php(913): App\Controllers\ContactController->__construct()
 2 SYSTEMPATH\CodeIgniter.php(493): CodeIgniter\CodeIgniter->createController()
 3 SYSTEMPATH\CodeIgniter.php(361): CodeIgniter\CodeIgniter->handleRequest(null, Object(Config\Cache), false)
 4 FCPATH\index.php(79): CodeIgniter\CodeIgniter->run()
WARNING - 2024-12-24 13:16:52 --> [DEPRECATED] Creation of dynamic property App\Controllers\AboutController::$citiesModel is deprecated in APPPATH\Controllers\AboutController.php on line 16.
 1 SYSTEMPATH\CodeIgniter.php(913): App\Controllers\AboutController->__construct()
 2 SYSTEMPATH\CodeIgniter.php(493): CodeIgniter\CodeIgniter->createController()
 3 SYSTEMPATH\CodeIgniter.php(361): CodeIgniter\CodeIgniter->handleRequest(null, Object(Config\Cache), false)
 4 FCPATH\index.php(79): CodeIgniter\CodeIgniter->run()
WARNING - 2024-12-24 13:16:52 --> [DEPRECATED] Creation of dynamic property App\Controllers\AboutController::$uttarakhandModel is deprecated in APPPATH\Controllers\AboutController.php on line 17.
 1 SYSTEMPATH\CodeIgniter.php(913): App\Controllers\AboutController->__construct()
 2 SYSTEMPATH\CodeIgniter.php(493): CodeIgniter\CodeIgniter->createController()
 3 SYSTEMPATH\CodeIgniter.php(361): CodeIgniter\CodeIgniter->handleRequest(null, Object(Config\Cache), false)
 4 FCPATH\index.php(79): CodeIgniter\CodeIgniter->run()
WARNING - 2024-12-24 13:16:52 --> [DEPRECATED] Creation of dynamic property App\Controllers\AboutController::$imageModel is deprecated in APPPATH\Controllers\AboutController.php on line 18.
 1 SYSTEMPATH\CodeIgniter.php(913): App\Controllers\AboutController->__construct()
 2 SYSTEMPATH\CodeIgniter.php(493): CodeIgniter\CodeIgniter->createController()
 3 SYSTEMPATH\CodeIgniter.php(361): CodeIgniter\CodeIgniter->handleRequest(null, Object(Config\Cache), false)
 4 FCPATH\index.php(79): CodeIgniter\CodeIgniter->run()
WARNING - 2024-12-24 13:16:52 --> [DEPRECATED] Creation of dynamic property App\Controllers\AboutController::$areaModel is deprecated in APPPATH\Controllers\AboutController.php on line 19.
 1 SYSTEMPATH\CodeIgniter.php(913): App\Controllers\AboutController->__construct()
 2 SYSTEMPATH\CodeIgniter.php(493): CodeIgniter\CodeIgniter->createController()
 3 SYSTEMPATH\CodeIgniter.php(361): CodeIgniter\CodeIgniter->handleRequest(null, Object(Config\Cache), false)
 4 FCPATH\index.php(79): CodeIgniter\CodeIgniter->run()
WARNING - 2024-12-24 13:16:52 --> [DEPRECATED] Creation of dynamic property App\Controllers\AboutController::$foodModel is deprecated in APPPATH\Controllers\AboutController.php on line 20.
 1 SYSTEMPATH\CodeIgniter.php(913): App\Controllers\AboutController->__construct()
 2 SYSTEMPATH\CodeIgniter.php(493): CodeIgniter\CodeIgniter->createController()
 3 SYSTEMPATH\CodeIgniter.php(361): CodeIgniter\CodeIgniter->handleRequest(null, Object(Config\Cache), false)
 4 FCPATH\index.php(79): CodeIgniter\CodeIgniter->run()
WARNING - 2024-12-24 13:16:52 --> [DEPRECATED] Creation of dynamic property App\Controllers\AboutController::$blogModel is deprecated in APPPATH\Controllers\AboutController.php on line 21.
 1 SYSTEMPATH\CodeIgniter.php(913): App\Controllers\AboutController->__construct()
 2 SYSTEMPATH\CodeIgniter.php(493): CodeIgniter\CodeIgniter->createController()
 3 SYSTEMPATH\CodeIgniter.php(361): CodeIgniter\CodeIgniter->handleRequest(null, Object(Config\Cache), false)
 4 FCPATH\index.php(79): CodeIgniter\CodeIgniter->run()
WARNING - 2024-12-24 13:17:01 --> [DEPRECATED] Creation of dynamic property App\Controllers\ContactController::$citiesModel is deprecated in APPPATH\Controllers\ContactController.php on line 21.
 1 SYSTEMPATH\CodeIgniter.php(913): App\Controllers\ContactController->__construct()
 2 SYSTEMPATH\CodeIgniter.php(493): CodeIgniter\CodeIgniter->createController()
 3 SYSTEMPATH\CodeIgniter.php(361): CodeIgniter\CodeIgniter->handleRequest(null, Object(Config\Cache), false)
 4 FCPATH\index.php(79): CodeIgniter\CodeIgniter->run()
WARNING - 2024-12-24 13:17:01 --> [DEPRECATED] Creation of dynamic property App\Controllers\ContactController::$uttarakhandModel is deprecated in APPPATH\Controllers\ContactController.php on line 22.
 1 SYSTEMPATH\CodeIgniter.php(913): App\Controllers\ContactController->__construct()
 2 SYSTEMPATH\CodeIgniter.php(493): CodeIgniter\CodeIgniter->createController()
 3 SYSTEMPATH\CodeIgniter.php(361): CodeIgniter\CodeIgniter->handleRequest(null, Object(Config\Cache), false)
 4 FCPATH\index.php(79): CodeIgniter\CodeIgniter->run()
WARNING - 2024-12-24 13:17:01 --> [DEPRECATED] Creation of dynamic property App\Controllers\ContactController::$imageModel is deprecated in APPPATH\Controllers\ContactController.php on line 23.
 1 SYSTEMPATH\CodeIgniter.php(913): App\Controllers\ContactController->__construct()
 2 SYSTEMPATH\CodeIgniter.php(493): CodeIgniter\CodeIgniter->createController()
 3 SYSTEMPATH\CodeIgniter.php(361): CodeIgniter\CodeIgniter->handleRequest(null, Object(Config\Cache), false)
 4 FCPATH\index.php(79): CodeIgniter\CodeIgniter->run()
WARNING - 2024-12-24 13:17:01 --> [DEPRECATED] Creation of dynamic property App\Controllers\ContactController::$areaModel is deprecated in APPPATH\Controllers\ContactController.php on line 24.
 1 SYSTEMPATH\CodeIgniter.php(913): App\Controllers\ContactController->__construct()
 2 SYSTEMPATH\CodeIgniter.php(493): CodeIgniter\CodeIgniter->createController()
 3 SYSTEMPATH\CodeIgniter.php(361): CodeIgniter\CodeIgniter->handleRequest(null, Object(Config\Cache), false)
 4 FCPATH\index.php(79): CodeIgniter\CodeIgniter->run()
WARNING - 2024-12-24 13:17:01 --> [DEPRECATED] Creation of dynamic property App\Controllers\ContactController::$foodModel is deprecated in APPPATH\Controllers\ContactController.php on line 25.
 1 SYSTEMPATH\CodeIgniter.php(913): App\Controllers\ContactController->__construct()
 2 SYSTEMPATH\CodeIgniter.php(493): CodeIgniter\CodeIgniter->createController()
 3 SYSTEMPATH\CodeIgniter.php(361): CodeIgniter\CodeIgniter->handleRequest(null, Object(Config\Cache), false)
 4 FCPATH\index.php(79): CodeIgniter\CodeIgniter->run()
WARNING - 2024-12-24 13:17:01 --> [DEPRECATED] Creation of dynamic property App\Controllers\ContactController::$blogModel is deprecated in APPPATH\Controllers\ContactController.php on line 26.
 1 SYSTEMPATH\CodeIgniter.php(913): App\Controllers\ContactController->__construct()
 2 SYSTEMPATH\CodeIgniter.php(493): CodeIgniter\CodeIgniter->createController()
 3 SYSTEMPATH\CodeIgniter.php(361): CodeIgniter\CodeIgniter->handleRequest(null, Object(Config\Cache), false)
 4 FCPATH\index.php(79): CodeIgniter\CodeIgniter->run()
WARNING - 2024-12-24 13:17:01 --> [DEPRECATED] Creation of dynamic property App\Controllers\ContactController::$contactModel is deprecated in APPPATH\Controllers\ContactController.php on line 27.
 1 SYSTEMPATH\CodeIgniter.php(913): App\Controllers\ContactController->__construct()
 2 SYSTEMPATH\CodeIgniter.php(493): CodeIgniter\CodeIgniter->createController()
 3 SYSTEMPATH\CodeIgniter.php(361): CodeIgniter\CodeIgniter->handleRequest(null, Object(Config\Cache), false)
 4 FCPATH\index.php(79): CodeIgniter\CodeIgniter->run()
WARNING - 2024-12-24 13:17:01 --> [DEPRECATED] Creation of dynamic property App\Controllers\ContactController::$subscribersModel is deprecated in APPPATH\Controllers\ContactController.php on line 28.
 1 SYSTEMPATH\CodeIgniter.php(913): App\Controllers\ContactController->__construct()
 2 SYSTEMPATH\CodeIgniter.php(493): CodeIgniter\CodeIgniter->createController()
 3 SYSTEMPATH\CodeIgniter.php(361): CodeIgniter\CodeIgniter->handleRequest(null, Object(Config\Cache), false)
 4 FCPATH\index.php(79): CodeIgniter\CodeIgniter->run()
WARNING - 2024-12-24 13:17:01 --> [DEPRECATED] Creation of dynamic property App\Controllers\ContactController::$commentModel is deprecated in APPPATH\Controllers\ContactController.php on line 29.
 1 SYSTEMPATH\CodeIgniter.php(913): App\Controllers\ContactController->__construct()
 2 SYSTEMPATH\CodeIgniter.php(493): CodeIgniter\CodeIgniter->createController()
 3 SYSTEMPATH\CodeIgniter.php(361): CodeIgniter\CodeIgniter->handleRequest(null, Object(Config\Cache), false)
 4 FCPATH\index.php(79): CodeIgniter\CodeIgniter->run()
WARNING - 2024-12-24 13:17:01 --> [DEPRECATED] Creation of dynamic property App\Controllers\ContactController::$likesModel is deprecated in APPPATH\Controllers\ContactController.php on line 30.
 1 SYSTEMPATH\CodeIgniter.php(913): App\Controllers\ContactController->__construct()
 2 SYSTEMPATH\CodeIgniter.php(493): CodeIgniter\CodeIgniter->createController()
 3 SYSTEMPATH\CodeIgniter.php(361): CodeIgniter\CodeIgniter->handleRequest(null, Object(Config\Cache), false)
 4 FCPATH\index.php(79): CodeIgniter\CodeIgniter->run()
WARNING - 2024-12-24 13:24:01 --> [DEPRECATED] Creation of dynamic property App\Controllers\AboutController::$citiesModel is deprecated in APPPATH\Controllers\AboutController.php on line 16.
 1 SYSTEMPATH\CodeIgniter.php(913): App\Controllers\AboutController->__construct()
 2 SYSTEMPATH\CodeIgniter.php(493): CodeIgniter\CodeIgniter->createController()
 3 SYSTEMPATH\CodeIgniter.php(361): CodeIgniter\CodeIgniter->handleRequest(null, Object(Config\Cache), false)
 4 FCPATH\index.php(79): CodeIgniter\CodeIgniter->run()
WARNING - 2024-12-24 13:24:01 --> [DEPRECATED] Creation of dynamic property App\Controllers\AboutController::$uttarakhandModel is deprecated in APPPATH\Controllers\AboutController.php on line 17.
 1 SYSTEMPATH\CodeIgniter.php(913): App\Controllers\AboutController->__construct()
 2 SYSTEMPATH\CodeIgniter.php(493): CodeIgniter\CodeIgniter->createController()
 3 SYSTEMPATH\CodeIgniter.php(361): CodeIgniter\CodeIgniter->handleRequest(null, Object(Config\Cache), false)
 4 FCPATH\index.php(79): CodeIgniter\CodeIgniter->run()
WARNING - 2024-12-24 13:24:01 --> [DEPRECATED] Creation of dynamic property App\Controllers\AboutController::$imageModel is deprecated in APPPATH\Controllers\AboutController.php on line 18.
 1 SYSTEMPATH\CodeIgniter.php(913): App\Controllers\AboutController->__construct()
 2 SYSTEMPATH\CodeIgniter.php(493): CodeIgniter\CodeIgniter->createController()
 3 SYSTEMPATH\CodeIgniter.php(361): CodeIgniter\CodeIgniter->handleRequest(null, Object(Config\Cache), false)
 4 FCPATH\index.php(79): CodeIgniter\CodeIgniter->run()
WARNING - 2024-12-24 13:24:01 --> [DEPRECATED] Creation of dynamic property App\Controllers\AboutController::$areaModel is deprecated in APPPATH\Controllers\AboutController.php on line 19.
 1 SYSTEMPATH\CodeIgniter.php(913): App\Controllers\AboutController->__construct()
 2 SYSTEMPATH\CodeIgniter.php(493): CodeIgniter\CodeIgniter->createController()
 3 SYSTEMPATH\CodeIgniter.php(361): CodeIgniter\CodeIgniter->handleRequest(null, Object(Config\Cache), false)
 4 FCPATH\index.php(79): CodeIgniter\CodeIgniter->run()
WARNING - 2024-12-24 13:24:01 --> [DEPRECATED] Creation of dynamic property App\Controllers\AboutController::$foodModel is deprecated in APPPATH\Controllers\AboutController.php on line 20.
 1 SYSTEMPATH\CodeIgniter.php(913): App\Controllers\AboutController->__construct()
 2 SYSTEMPATH\CodeIgniter.php(493): CodeIgniter\CodeIgniter->createController()
 3 SYSTEMPATH\CodeIgniter.php(361): CodeIgniter\CodeIgniter->handleRequest(null, Object(Config\Cache), false)
 4 FCPATH\index.php(79): CodeIgniter\CodeIgniter->run()
WARNING - 2024-12-24 13:24:01 --> [DEPRECATED] Creation of dynamic property App\Controllers\AboutController::$blogModel is deprecated in APPPATH\Controllers\AboutController.php on line 21.
 1 SYSTEMPATH\CodeIgniter.php(913): App\Controllers\AboutController->__construct()
 2 SYSTEMPATH\CodeIgniter.php(493): CodeIgniter\CodeIgniter->createController()
 3 SYSTEMPATH\CodeIgniter.php(361): CodeIgniter\CodeIgniter->handleRequest(null, Object(Config\Cache), false)
 4 FCPATH\index.php(79): CodeIgniter\CodeIgniter->run()
WARNING - 2024-12-24 13:29:39 --> [DEPRECATED] Creation of dynamic property App\Controllers\ContactController::$citiesModel is deprecated in APPPATH\Controllers\ContactController.php on line 21.
 1 SYSTEMPATH\CodeIgniter.php(913): App\Controllers\ContactController->__construct()
 2 SYSTEMPATH\CodeIgniter.php(493): CodeIgniter\CodeIgniter->createController()
 3 SYSTEMPATH\CodeIgniter.php(361): CodeIgniter\CodeIgniter->handleRequest(null, Object(Config\Cache), false)
 4 FCPATH\index.php(79): CodeIgniter\CodeIgniter->run()
WARNING - 2024-12-24 13:29:39 --> [DEPRECATED] Creation of dynamic property App\Controllers\ContactController::$uttarakhandModel is deprecated in APPPATH\Controllers\ContactController.php on line 22.
 1 SYSTEMPATH\CodeIgniter.php(913): App\Controllers\ContactController->__construct()
 2 SYSTEMPATH\CodeIgniter.php(493): CodeIgniter\CodeIgniter->createController()
 3 SYSTEMPATH\CodeIgniter.php(361): CodeIgniter\CodeIgniter->handleRequest(null, Object(Config\Cache), false)
 4 FCPATH\index.php(79): CodeIgniter\CodeIgniter->run()
WARNING - 2024-12-24 13:29:39 --> [DEPRECATED] Creation of dynamic property App\Controllers\ContactController::$imageModel is deprecated in APPPATH\Controllers\ContactController.php on line 23.
 1 SYSTEMPATH\CodeIgniter.php(913): App\Controllers\ContactController->__construct()
 2 SYSTEMPATH\CodeIgniter.php(493): CodeIgniter\CodeIgniter->createController()
 3 SYSTEMPATH\CodeIgniter.php(361): CodeIgniter\CodeIgniter->handleRequest(null, Object(Config\Cache), false)
 4 FCPATH\index.php(79): CodeIgniter\CodeIgniter->run()
WARNING - 2024-12-24 13:29:39 --> [DEPRECATED] Creation of dynamic property App\Controllers\ContactController::$areaModel is deprecated in APPPATH\Controllers\ContactController.php on line 24.
 1 SYSTEMPATH\CodeIgniter.php(913): App\Controllers\ContactController->__construct()
 2 SYSTEMPATH\CodeIgniter.php(493): CodeIgniter\CodeIgniter->createController()
 3 SYSTEMPATH\CodeIgniter.php(361): CodeIgniter\CodeIgniter->handleRequest(null, Object(Config\Cache), false)
 4 FCPATH\index.php(79): CodeIgniter\CodeIgniter->run()
WARNING - 2024-12-24 13:29:39 --> [DEPRECATED] Creation of dynamic property App\Controllers\ContactController::$foodModel is deprecated in APPPATH\Controllers\ContactController.php on line 25.
 1 SYSTEMPATH\CodeIgniter.php(913): App\Controllers\ContactController->__construct()
 2 SYSTEMPATH\CodeIgniter.php(493): CodeIgniter\CodeIgniter->createController()
 3 SYSTEMPATH\CodeIgniter.php(361): CodeIgniter\CodeIgniter->handleRequest(null, Object(Config\Cache), false)
 4 FCPATH\index.php(79): CodeIgniter\CodeIgniter->run()
WARNING - 2024-12-24 13:29:39 --> [DEPRECATED] Creation of dynamic property App\Controllers\ContactController::$blogModel is deprecated in APPPATH\Controllers\ContactController.php on line 26.
 1 SYSTEMPATH\CodeIgniter.php(913): App\Controllers\ContactController->__construct()
 2 SYSTEMPATH\CodeIgniter.php(493): CodeIgniter\CodeIgniter->createController()
 3 SYSTEMPATH\CodeIgniter.php(361): CodeIgniter\CodeIgniter->handleRequest(null, Object(Config\Cache), false)
 4 FCPATH\index.php(79): CodeIgniter\CodeIgniter->run()
WARNING - 2024-12-24 13:29:39 --> [DEPRECATED] Creation of dynamic property App\Controllers\ContactController::$contactModel is deprecated in APPPATH\Controllers\ContactController.php on line 27.
 1 SYSTEMPATH\CodeIgniter.php(913): App\Controllers\ContactController->__construct()
 2 SYSTEMPATH\CodeIgniter.php(493): CodeIgniter\CodeIgniter->createController()
 3 SYSTEMPATH\CodeIgniter.php(361): CodeIgniter\CodeIgniter->handleRequest(null, Object(Config\Cache), false)
 4 FCPATH\index.php(79): CodeIgniter\CodeIgniter->run()
WARNING - 2024-12-24 13:29:39 --> [DEPRECATED] Creation of dynamic property App\Controllers\ContactController::$subscribersModel is deprecated in APPPATH\Controllers\ContactController.php on line 28.
 1 SYSTEMPATH\CodeIgniter.php(913): App\Controllers\ContactController->__construct()
 2 SYSTEMPATH\CodeIgniter.php(493): CodeIgniter\CodeIgniter->createController()
 3 SYSTEMPATH\CodeIgniter.php(361): CodeIgniter\CodeIgniter->handleRequest(null, Object(Config\Cache), false)
 4 FCPATH\index.php(79): CodeIgniter\CodeIgniter->run()
WARNING - 2024-12-24 13:29:39 --> [DEPRECATED] Creation of dynamic property App\Controllers\ContactController::$commentModel is deprecated in APPPATH\Controllers\ContactController.php on line 29.
 1 SYSTEMPATH\CodeIgniter.php(913): App\Controllers\ContactController->__construct()
 2 SYSTEMPATH\CodeIgniter.php(493): CodeIgniter\CodeIgniter->createController()
 3 SYSTEMPATH\CodeIgniter.php(361): CodeIgniter\CodeIgniter->handleRequest(null, Object(Config\Cache), false)
 4 FCPATH\index.php(79): CodeIgniter\CodeIgniter->run()
WARNING - 2024-12-24 13:29:39 --> [DEPRECATED] Creation of dynamic property App\Controllers\ContactController::$likesModel is deprecated in APPPATH\Controllers\ContactController.php on line 30.
 1 SYSTEMPATH\CodeIgniter.php(913): App\Controllers\ContactController->__construct()
 2 SYSTEMPATH\CodeIgniter.php(493): CodeIgniter\CodeIgniter->createController()
 3 SYSTEMPATH\CodeIgniter.php(361): CodeIgniter\CodeIgniter->handleRequest(null, Object(Config\Cache), false)
 4 FCPATH\index.php(79): CodeIgniter\CodeIgniter->run()
WARNING - 2024-12-24 13:30:48 --> [DEPRECATED] Creation of dynamic property App\Controllers\ContactController::$citiesModel is deprecated in APPPATH\Controllers\ContactController.php on line 21.
 1 SYSTEMPATH\CodeIgniter.php(913): App\Controllers\ContactController->__construct()
 2 SYSTEMPATH\CodeIgniter.php(493): CodeIgniter\CodeIgniter->createController()
 3 SYSTEMPATH\CodeIgniter.php(361): CodeIgniter\CodeIgniter->handleRequest(null, Object(Config\Cache), false)
 4 FCPATH\index.php(79): CodeIgniter\CodeIgniter->run()
WARNING - 2024-12-24 13:30:48 --> [DEPRECATED] Creation of dynamic property App\Controllers\ContactController::$uttarakhandModel is deprecated in APPPATH\Controllers\ContactController.php on line 22.
 1 SYSTEMPATH\CodeIgniter.php(913): App\Controllers\ContactController->__construct()
 2 SYSTEMPATH\CodeIgniter.php(493): CodeIgniter\CodeIgniter->createController()
 3 SYSTEMPATH\CodeIgniter.php(361): CodeIgniter\CodeIgniter->handleRequest(null, Object(Config\Cache), false)
 4 FCPATH\index.php(79): CodeIgniter\CodeIgniter->run()
WARNING - 2024-12-24 13:30:48 --> [DEPRECATED] Creation of dynamic property App\Controllers\ContactController::$imageModel is deprecated in APPPATH\Controllers\ContactController.php on line 23.
 1 SYSTEMPATH\CodeIgniter.php(913): App\Controllers\ContactController->__construct()
 2 SYSTEMPATH\CodeIgniter.php(493): CodeIgniter\CodeIgniter->createController()
 3 SYSTEMPATH\CodeIgniter.php(361): CodeIgniter\CodeIgniter->handleRequest(null, Object(Config\Cache), false)
 4 FCPATH\index.php(79): CodeIgniter\CodeIgniter->run()
WARNING - 2024-12-24 13:30:48 --> [DEPRECATED] Creation of dynamic property App\Controllers\ContactController::$areaModel is deprecated in APPPATH\Controllers\ContactController.php on line 24.
 1 SYSTEMPATH\CodeIgniter.php(913): App\Controllers\ContactController->__construct()
 2 SYSTEMPATH\CodeIgniter.php(493): CodeIgniter\CodeIgniter->createController()
 3 SYSTEMPATH\CodeIgniter.php(361): CodeIgniter\CodeIgniter->handleRequest(null, Object(Config\Cache), false)
 4 FCPATH\index.php(79): CodeIgniter\CodeIgniter->run()
WARNING - 2024-12-24 13:30:48 --> [DEPRECATED] Creation of dynamic property App\Controllers\ContactController::$foodModel is deprecated in APPPATH\Controllers\ContactController.php on line 25.
 1 SYSTEMPATH\CodeIgniter.php(913): App\Controllers\ContactController->__construct()
 2 SYSTEMPATH\CodeIgniter.php(493): CodeIgniter\CodeIgniter->createController()
 3 SYSTEMPATH\CodeIgniter.php(361): CodeIgniter\CodeIgniter->handleRequest(null, Object(Config\Cache), false)
 4 FCPATH\index.php(79): CodeIgniter\CodeIgniter->run()
WARNING - 2024-12-24 13:30:48 --> [DEPRECATED] Creation of dynamic property App\Controllers\ContactController::$blogModel is deprecated in APPPATH\Controllers\ContactController.php on line 26.
 1 SYSTEMPATH\CodeIgniter.php(913): App\Controllers\ContactController->__construct()
 2 SYSTEMPATH\CodeIgniter.php(493): CodeIgniter\CodeIgniter->createController()
 3 SYSTEMPATH\CodeIgniter.php(361): CodeIgniter\CodeIgniter->handleRequest(null, Object(Config\Cache), false)
 4 FCPATH\index.php(79): CodeIgniter\CodeIgniter->run()
WARNING - 2024-12-24 13:30:48 --> [DEPRECATED] Creation of dynamic property App\Controllers\ContactController::$contactModel is deprecated in APPPATH\Controllers\ContactController.php on line 27.
 1 SYSTEMPATH\CodeIgniter.php(913): App\Controllers\ContactController->__construct()
 2 SYSTEMPATH\CodeIgniter.php(493): CodeIgniter\CodeIgniter->createController()
 3 SYSTEMPATH\CodeIgniter.php(361): CodeIgniter\CodeIgniter->handleRequest(null, Object(Config\Cache), false)
 4 FCPATH\index.php(79): CodeIgniter\CodeIgniter->run()
WARNING - 2024-12-24 13:30:48 --> [DEPRECATED] Creation of dynamic property App\Controllers\ContactController::$subscribersModel is deprecated in APPPATH\Controllers\ContactController.php on line 28.
 1 SYSTEMPATH\CodeIgniter.php(913): App\Controllers\ContactController->__construct()
 2 SYSTEMPATH\CodeIgniter.php(493): CodeIgniter\CodeIgniter->createController()
 3 SYSTEMPATH\CodeIgniter.php(361): CodeIgniter\CodeIgniter->handleRequest(null, Object(Config\Cache), false)
 4 FCPATH\index.php(79): CodeIgniter\CodeIgniter->run()
WARNING - 2024-12-24 13:30:48 --> [DEPRECATED] Creation of dynamic property App\Controllers\ContactController::$commentModel is deprecated in APPPATH\Controllers\ContactController.php on line 29.
 1 SYSTEMPATH\CodeIgniter.php(913): App\Controllers\ContactController->__construct()
 2 SYSTEMPATH\CodeIgniter.php(493): CodeIgniter\CodeIgniter->createController()
 3 SYSTEMPATH\CodeIgniter.php(361): CodeIgniter\CodeIgniter->handleRequest(null, Object(Config\Cache), false)
 4 FCPATH\index.php(79): CodeIgniter\CodeIgniter->run()
WARNING - 2024-12-24 13:30:48 --> [DEPRECATED] Creation of dynamic property App\Controllers\ContactController::$likesModel is deprecated in APPPATH\Controllers\ContactController.php on line 30.
 1 SYSTEMPATH\CodeIgniter.php(913): App\Controllers\ContactController->__construct()
 2 SYSTEMPATH\CodeIgniter.php(493): CodeIgniter\CodeIgniter->createController()
 3 SYSTEMPATH\CodeIgniter.php(361): CodeIgniter\CodeIgniter->handleRequest(null, Object(Config\Cache), false)
 4 FCPATH\index.php(79): CodeIgniter\CodeIgniter->run()
