WARNING - 2024-09-09 04:49:50 --> [DEPRECATED] Creation of dynamic property App\Controllers\HomeController::$citiesModel is deprecated in APPPATH\Controllers\HomeController.php on line 19.
 1 SYSTEMPATH\CodeIgniter.php(913): App\Controllers\HomeController->__construct()
 2 SYSTEMPATH\CodeIgniter.php(493): CodeIgniter\CodeIgniter->createController()
 3 SYSTEMPATH\CodeIgniter.php(361): CodeIgniter\CodeIgniter->handleRequest(null, Object(Config\Cache), false)
 4 FCPATH\index.php(79): CodeIgniter\CodeIgniter->run()
WARNING - 2024-09-09 04:49:50 --> [DEPRECATED] Creation of dynamic property App\Controllers\HomeController::$uttarakhandModel is deprecated in APPPATH\Controllers\HomeController.php on line 20.
 1 SYSTEMPATH\CodeIgniter.php(913): App\Controllers\HomeController->__construct()
 2 SYSTEMPATH\CodeIgniter.php(493): CodeIgniter\CodeIgniter->createController()
 3 SYSTEMPATH\CodeIgniter.php(361): CodeIgniter\CodeIgniter->handleRequest(null, Object(Config\Cache), false)
 4 FCPATH\index.php(79): CodeIgniter\CodeIgniter->run()
WARNING - 2024-09-09 04:49:50 --> [DEPRECATED] Creation of dynamic property App\Controllers\HomeController::$imageModel is deprecated in APPPATH\Controllers\HomeController.php on line 21.
 1 SYSTEMPATH\CodeIgniter.php(913): App\Controllers\HomeController->__construct()
 2 SYSTEMPATH\CodeIgniter.php(493): CodeIgniter\CodeIgniter->createController()
 3 SYSTEMPATH\CodeIgniter.php(361): CodeIgniter\CodeIgniter->handleRequest(null, Object(Config\Cache), false)
 4 FCPATH\index.php(79): CodeIgniter\CodeIgniter->run()
WARNING - 2024-09-09 04:49:50 --> [DEPRECATED] Creation of dynamic property App\Controllers\HomeController::$areaModel is deprecated in APPPATH\Controllers\HomeController.php on line 22.
 1 SYSTEMPATH\CodeIgniter.php(913): App\Controllers\HomeController->__construct()
 2 SYSTEMPATH\CodeIgniter.php(493): CodeIgniter\CodeIgniter->createController()
 3 SYSTEMPATH\CodeIgniter.php(361): CodeIgniter\CodeIgniter->handleRequest(null, Object(Config\Cache), false)
 4 FCPATH\index.php(79): CodeIgniter\CodeIgniter->run()
WARNING - 2024-09-09 04:49:50 --> [DEPRECATED] Creation of dynamic property App\Controllers\HomeController::$foodModel is deprecated in APPPATH\Controllers\HomeController.php on line 23.
 1 SYSTEMPATH\CodeIgniter.php(913): App\Controllers\HomeController->__construct()
 2 SYSTEMPATH\CodeIgniter.php(493): CodeIgniter\CodeIgniter->createController()
 3 SYSTEMPATH\CodeIgniter.php(361): CodeIgniter\CodeIgniter->handleRequest(null, Object(Config\Cache), false)
 4 FCPATH\index.php(79): CodeIgniter\CodeIgniter->run()
WARNING - 2024-09-09 04:49:50 --> [DEPRECATED] Creation of dynamic property App\Controllers\HomeController::$blogModel is deprecated in APPPATH\Controllers\HomeController.php on line 24.
 1 SYSTEMPATH\CodeIgniter.php(913): App\Controllers\HomeController->__construct()
 2 SYSTEMPATH\CodeIgniter.php(493): CodeIgniter\CodeIgniter->createController()
 3 SYSTEMPATH\CodeIgniter.php(361): CodeIgniter\CodeIgniter->handleRequest(null, Object(Config\Cache), false)
 4 FCPATH\index.php(79): CodeIgniter\CodeIgniter->run()
WARNING - 2024-09-09 04:49:55 --> [DEPRECATED] Creation of dynamic property App\Controllers\ContactController::$citiesModel is deprecated in APPPATH\Controllers\ContactController.php on line 21.
 1 SYSTEMPATH\CodeIgniter.php(913): App\Controllers\ContactController->__construct()
 2 SYSTEMPATH\CodeIgniter.php(493): CodeIgniter\CodeIgniter->createController()
 3 SYSTEMPATH\CodeIgniter.php(361): CodeIgniter\CodeIgniter->handleRequest(null, Object(Config\Cache), false)
 4 FCPATH\index.php(79): CodeIgniter\CodeIgniter->run()
WARNING - 2024-09-09 04:49:55 --> [DEPRECATED] Creation of dynamic property App\Controllers\ContactController::$uttarakhandModel is deprecated in APPPATH\Controllers\ContactController.php on line 22.
 1 SYSTEMPATH\CodeIgniter.php(913): App\Controllers\ContactController->__construct()
 2 SYSTEMPATH\CodeIgniter.php(493): CodeIgniter\CodeIgniter->createController()
 3 SYSTEMPATH\CodeIgniter.php(361): CodeIgniter\CodeIgniter->handleRequest(null, Object(Config\Cache), false)
 4 FCPATH\index.php(79): CodeIgniter\CodeIgniter->run()
WARNING - 2024-09-09 04:49:55 --> [DEPRECATED] Creation of dynamic property App\Controllers\ContactController::$imageModel is deprecated in APPPATH\Controllers\ContactController.php on line 23.
 1 SYSTEMPATH\CodeIgniter.php(913): App\Controllers\ContactController->__construct()
 2 SYSTEMPATH\CodeIgniter.php(493): CodeIgniter\CodeIgniter->createController()
 3 SYSTEMPATH\CodeIgniter.php(361): CodeIgniter\CodeIgniter->handleRequest(null, Object(Config\Cache), false)
 4 FCPATH\index.php(79): CodeIgniter\CodeIgniter->run()
WARNING - 2024-09-09 04:49:55 --> [DEPRECATED] Creation of dynamic property App\Controllers\ContactController::$areaModel is deprecated in APPPATH\Controllers\ContactController.php on line 24.
 1 SYSTEMPATH\CodeIgniter.php(913): App\Controllers\ContactController->__construct()
 2 SYSTEMPATH\CodeIgniter.php(493): CodeIgniter\CodeIgniter->createController()
 3 SYSTEMPATH\CodeIgniter.php(361): CodeIgniter\CodeIgniter->handleRequest(null, Object(Config\Cache), false)
 4 FCPATH\index.php(79): CodeIgniter\CodeIgniter->run()
WARNING - 2024-09-09 04:49:55 --> [DEPRECATED] Creation of dynamic property App\Controllers\ContactController::$foodModel is deprecated in APPPATH\Controllers\ContactController.php on line 25.
 1 SYSTEMPATH\CodeIgniter.php(913): App\Controllers\ContactController->__construct()
 2 SYSTEMPATH\CodeIgniter.php(493): CodeIgniter\CodeIgniter->createController()
 3 SYSTEMPATH\CodeIgniter.php(361): CodeIgniter\CodeIgniter->handleRequest(null, Object(Config\Cache), false)
 4 FCPATH\index.php(79): CodeIgniter\CodeIgniter->run()
WARNING - 2024-09-09 04:49:55 --> [DEPRECATED] Creation of dynamic property App\Controllers\ContactController::$blogModel is deprecated in APPPATH\Controllers\ContactController.php on line 26.
 1 SYSTEMPATH\CodeIgniter.php(913): App\Controllers\ContactController->__construct()
 2 SYSTEMPATH\CodeIgniter.php(493): CodeIgniter\CodeIgniter->createController()
 3 SYSTEMPATH\CodeIgniter.php(361): CodeIgniter\CodeIgniter->handleRequest(null, Object(Config\Cache), false)
 4 FCPATH\index.php(79): CodeIgniter\CodeIgniter->run()
WARNING - 2024-09-09 04:49:55 --> [DEPRECATED] Creation of dynamic property App\Controllers\ContactController::$contactModel is deprecated in APPPATH\Controllers\ContactController.php on line 27.
 1 SYSTEMPATH\CodeIgniter.php(913): App\Controllers\ContactController->__construct()
 2 SYSTEMPATH\CodeIgniter.php(493): CodeIgniter\CodeIgniter->createController()
 3 SYSTEMPATH\CodeIgniter.php(361): CodeIgniter\CodeIgniter->handleRequest(null, Object(Config\Cache), false)
 4 FCPATH\index.php(79): CodeIgniter\CodeIgniter->run()
WARNING - 2024-09-09 04:49:55 --> [DEPRECATED] Creation of dynamic property App\Controllers\ContactController::$subscribersModel is deprecated in APPPATH\Controllers\ContactController.php on line 28.
 1 SYSTEMPATH\CodeIgniter.php(913): App\Controllers\ContactController->__construct()
 2 SYSTEMPATH\CodeIgniter.php(493): CodeIgniter\CodeIgniter->createController()
 3 SYSTEMPATH\CodeIgniter.php(361): CodeIgniter\CodeIgniter->handleRequest(null, Object(Config\Cache), false)
 4 FCPATH\index.php(79): CodeIgniter\CodeIgniter->run()
WARNING - 2024-09-09 04:49:55 --> [DEPRECATED] Creation of dynamic property App\Controllers\ContactController::$commentModel is deprecated in APPPATH\Controllers\ContactController.php on line 29.
 1 SYSTEMPATH\CodeIgniter.php(913): App\Controllers\ContactController->__construct()
 2 SYSTEMPATH\CodeIgniter.php(493): CodeIgniter\CodeIgniter->createController()
 3 SYSTEMPATH\CodeIgniter.php(361): CodeIgniter\CodeIgniter->handleRequest(null, Object(Config\Cache), false)
 4 FCPATH\index.php(79): CodeIgniter\CodeIgniter->run()
WARNING - 2024-09-09 04:49:55 --> [DEPRECATED] Creation of dynamic property App\Controllers\ContactController::$likesModel is deprecated in APPPATH\Controllers\ContactController.php on line 30.
 1 SYSTEMPATH\CodeIgniter.php(913): App\Controllers\ContactController->__construct()
 2 SYSTEMPATH\CodeIgniter.php(493): CodeIgniter\CodeIgniter->createController()
 3 SYSTEMPATH\CodeIgniter.php(361): CodeIgniter\CodeIgniter->handleRequest(null, Object(Config\Cache), false)
 4 FCPATH\index.php(79): CodeIgniter\CodeIgniter->run()
WARNING - 2024-09-09 04:50:44 --> [DEPRECATED] Creation of dynamic property App\Controllers\AboutController::$citiesModel is deprecated in APPPATH\Controllers\AboutController.php on line 16.
 1 SYSTEMPATH\CodeIgniter.php(913): App\Controllers\AboutController->__construct()
 2 SYSTEMPATH\CodeIgniter.php(493): CodeIgniter\CodeIgniter->createController()
 3 SYSTEMPATH\CodeIgniter.php(361): CodeIgniter\CodeIgniter->handleRequest(null, Object(Config\Cache), false)
 4 FCPATH\index.php(79): CodeIgniter\CodeIgniter->run()
WARNING - 2024-09-09 04:50:44 --> [DEPRECATED] Creation of dynamic property App\Controllers\AboutController::$uttarakhandModel is deprecated in APPPATH\Controllers\AboutController.php on line 17.
 1 SYSTEMPATH\CodeIgniter.php(913): App\Controllers\AboutController->__construct()
 2 SYSTEMPATH\CodeIgniter.php(493): CodeIgniter\CodeIgniter->createController()
 3 SYSTEMPATH\CodeIgniter.php(361): CodeIgniter\CodeIgniter->handleRequest(null, Object(Config\Cache), false)
 4 FCPATH\index.php(79): CodeIgniter\CodeIgniter->run()
WARNING - 2024-09-09 04:50:44 --> [DEPRECATED] Creation of dynamic property App\Controllers\AboutController::$imageModel is deprecated in APPPATH\Controllers\AboutController.php on line 18.
 1 SYSTEMPATH\CodeIgniter.php(913): App\Controllers\AboutController->__construct()
 2 SYSTEMPATH\CodeIgniter.php(493): CodeIgniter\CodeIgniter->createController()
 3 SYSTEMPATH\CodeIgniter.php(361): CodeIgniter\CodeIgniter->handleRequest(null, Object(Config\Cache), false)
 4 FCPATH\index.php(79): CodeIgniter\CodeIgniter->run()
WARNING - 2024-09-09 04:50:44 --> [DEPRECATED] Creation of dynamic property App\Controllers\AboutController::$areaModel is deprecated in APPPATH\Controllers\AboutController.php on line 19.
 1 SYSTEMPATH\CodeIgniter.php(913): App\Controllers\AboutController->__construct()
 2 SYSTEMPATH\CodeIgniter.php(493): CodeIgniter\CodeIgniter->createController()
 3 SYSTEMPATH\CodeIgniter.php(361): CodeIgniter\CodeIgniter->handleRequest(null, Object(Config\Cache), false)
 4 FCPATH\index.php(79): CodeIgniter\CodeIgniter->run()
WARNING - 2024-09-09 04:50:44 --> [DEPRECATED] Creation of dynamic property App\Controllers\AboutController::$foodModel is deprecated in APPPATH\Controllers\AboutController.php on line 20.
 1 SYSTEMPATH\CodeIgniter.php(913): App\Controllers\AboutController->__construct()
 2 SYSTEMPATH\CodeIgniter.php(493): CodeIgniter\CodeIgniter->createController()
 3 SYSTEMPATH\CodeIgniter.php(361): CodeIgniter\CodeIgniter->handleRequest(null, Object(Config\Cache), false)
 4 FCPATH\index.php(79): CodeIgniter\CodeIgniter->run()
WARNING - 2024-09-09 04:50:44 --> [DEPRECATED] Creation of dynamic property App\Controllers\AboutController::$blogModel is deprecated in APPPATH\Controllers\AboutController.php on line 21.
 1 SYSTEMPATH\CodeIgniter.php(913): App\Controllers\AboutController->__construct()
 2 SYSTEMPATH\CodeIgniter.php(493): CodeIgniter\CodeIgniter->createController()
 3 SYSTEMPATH\CodeIgniter.php(361): CodeIgniter\CodeIgniter->handleRequest(null, Object(Config\Cache), false)
 4 FCPATH\index.php(79): CodeIgniter\CodeIgniter->run()
WARNING - 2024-09-09 04:52:20 --> [DEPRECATED] Creation of dynamic property App\Controllers\HomeController::$citiesModel is deprecated in APPPATH\Controllers\HomeController.php on line 19.
 1 SYSTEMPATH\CodeIgniter.php(913): App\Controllers\HomeController->__construct()
 2 SYSTEMPATH\CodeIgniter.php(493): CodeIgniter\CodeIgniter->createController()
 3 SYSTEMPATH\CodeIgniter.php(361): CodeIgniter\CodeIgniter->handleRequest(null, Object(Config\Cache), false)
 4 FCPATH\index.php(79): CodeIgniter\CodeIgniter->run()
WARNING - 2024-09-09 04:52:20 --> [DEPRECATED] Creation of dynamic property App\Controllers\HomeController::$uttarakhandModel is deprecated in APPPATH\Controllers\HomeController.php on line 20.
 1 SYSTEMPATH\CodeIgniter.php(913): App\Controllers\HomeController->__construct()
 2 SYSTEMPATH\CodeIgniter.php(493): CodeIgniter\CodeIgniter->createController()
 3 SYSTEMPATH\CodeIgniter.php(361): CodeIgniter\CodeIgniter->handleRequest(null, Object(Config\Cache), false)
 4 FCPATH\index.php(79): CodeIgniter\CodeIgniter->run()
WARNING - 2024-09-09 04:52:20 --> [DEPRECATED] Creation of dynamic property App\Controllers\HomeController::$imageModel is deprecated in APPPATH\Controllers\HomeController.php on line 21.
 1 SYSTEMPATH\CodeIgniter.php(913): App\Controllers\HomeController->__construct()
 2 SYSTEMPATH\CodeIgniter.php(493): CodeIgniter\CodeIgniter->createController()
 3 SYSTEMPATH\CodeIgniter.php(361): CodeIgniter\CodeIgniter->handleRequest(null, Object(Config\Cache), false)
 4 FCPATH\index.php(79): CodeIgniter\CodeIgniter->run()
WARNING - 2024-09-09 04:52:20 --> [DEPRECATED] Creation of dynamic property App\Controllers\HomeController::$areaModel is deprecated in APPPATH\Controllers\HomeController.php on line 22.
 1 SYSTEMPATH\CodeIgniter.php(913): App\Controllers\HomeController->__construct()
 2 SYSTEMPATH\CodeIgniter.php(493): CodeIgniter\CodeIgniter->createController()
 3 SYSTEMPATH\CodeIgniter.php(361): CodeIgniter\CodeIgniter->handleRequest(null, Object(Config\Cache), false)
 4 FCPATH\index.php(79): CodeIgniter\CodeIgniter->run()
WARNING - 2024-09-09 04:52:20 --> [DEPRECATED] Creation of dynamic property App\Controllers\HomeController::$foodModel is deprecated in APPPATH\Controllers\HomeController.php on line 23.
 1 SYSTEMPATH\CodeIgniter.php(913): App\Controllers\HomeController->__construct()
 2 SYSTEMPATH\CodeIgniter.php(493): CodeIgniter\CodeIgniter->createController()
 3 SYSTEMPATH\CodeIgniter.php(361): CodeIgniter\CodeIgniter->handleRequest(null, Object(Config\Cache), false)
 4 FCPATH\index.php(79): CodeIgniter\CodeIgniter->run()
WARNING - 2024-09-09 04:52:20 --> [DEPRECATED] Creation of dynamic property App\Controllers\HomeController::$blogModel is deprecated in APPPATH\Controllers\HomeController.php on line 24.
 1 SYSTEMPATH\CodeIgniter.php(913): App\Controllers\HomeController->__construct()
 2 SYSTEMPATH\CodeIgniter.php(493): CodeIgniter\CodeIgniter->createController()
 3 SYSTEMPATH\CodeIgniter.php(361): CodeIgniter\CodeIgniter->handleRequest(null, Object(Config\Cache), false)
 4 FCPATH\index.php(79): CodeIgniter\CodeIgniter->run()
WARNING - 2024-09-09 04:58:41 --> [DEPRECATED] Creation of dynamic property App\Controllers\AboutController::$citiesModel is deprecated in APPPATH\Controllers\AboutController.php on line 16.
 1 SYSTEMPATH\CodeIgniter.php(913): App\Controllers\AboutController->__construct()
 2 SYSTEMPATH\CodeIgniter.php(493): CodeIgniter\CodeIgniter->createController()
 3 SYSTEMPATH\CodeIgniter.php(361): CodeIgniter\CodeIgniter->handleRequest(null, Object(Config\Cache), false)
 4 FCPATH\index.php(79): CodeIgniter\CodeIgniter->run()
WARNING - 2024-09-09 04:58:41 --> [DEPRECATED] Creation of dynamic property App\Controllers\AboutController::$uttarakhandModel is deprecated in APPPATH\Controllers\AboutController.php on line 17.
 1 SYSTEMPATH\CodeIgniter.php(913): App\Controllers\AboutController->__construct()
 2 SYSTEMPATH\CodeIgniter.php(493): CodeIgniter\CodeIgniter->createController()
 3 SYSTEMPATH\CodeIgniter.php(361): CodeIgniter\CodeIgniter->handleRequest(null, Object(Config\Cache), false)
 4 FCPATH\index.php(79): CodeIgniter\CodeIgniter->run()
WARNING - 2024-09-09 04:58:41 --> [DEPRECATED] Creation of dynamic property App\Controllers\AboutController::$imageModel is deprecated in APPPATH\Controllers\AboutController.php on line 18.
 1 SYSTEMPATH\CodeIgniter.php(913): App\Controllers\AboutController->__construct()
 2 SYSTEMPATH\CodeIgniter.php(493): CodeIgniter\CodeIgniter->createController()
 3 SYSTEMPATH\CodeIgniter.php(361): CodeIgniter\CodeIgniter->handleRequest(null, Object(Config\Cache), false)
 4 FCPATH\index.php(79): CodeIgniter\CodeIgniter->run()
WARNING - 2024-09-09 04:58:41 --> [DEPRECATED] Creation of dynamic property App\Controllers\AboutController::$areaModel is deprecated in APPPATH\Controllers\AboutController.php on line 19.
 1 SYSTEMPATH\CodeIgniter.php(913): App\Controllers\AboutController->__construct()
 2 SYSTEMPATH\CodeIgniter.php(493): CodeIgniter\CodeIgniter->createController()
 3 SYSTEMPATH\CodeIgniter.php(361): CodeIgniter\CodeIgniter->handleRequest(null, Object(Config\Cache), false)
 4 FCPATH\index.php(79): CodeIgniter\CodeIgniter->run()
WARNING - 2024-09-09 04:58:41 --> [DEPRECATED] Creation of dynamic property App\Controllers\AboutController::$foodModel is deprecated in APPPATH\Controllers\AboutController.php on line 20.
 1 SYSTEMPATH\CodeIgniter.php(913): App\Controllers\AboutController->__construct()
 2 SYSTEMPATH\CodeIgniter.php(493): CodeIgniter\CodeIgniter->createController()
 3 SYSTEMPATH\CodeIgniter.php(361): CodeIgniter\CodeIgniter->handleRequest(null, Object(Config\Cache), false)
 4 FCPATH\index.php(79): CodeIgniter\CodeIgniter->run()
WARNING - 2024-09-09 04:58:41 --> [DEPRECATED] Creation of dynamic property App\Controllers\AboutController::$blogModel is deprecated in APPPATH\Controllers\AboutController.php on line 21.
 1 SYSTEMPATH\CodeIgniter.php(913): App\Controllers\AboutController->__construct()
 2 SYSTEMPATH\CodeIgniter.php(493): CodeIgniter\CodeIgniter->createController()
 3 SYSTEMPATH\CodeIgniter.php(361): CodeIgniter\CodeIgniter->handleRequest(null, Object(Config\Cache), false)
 4 FCPATH\index.php(79): CodeIgniter\CodeIgniter->run()
WARNING - 2024-09-09 05:10:13 --> [DEPRECATED] Creation of dynamic property App\Controllers\AboutController::$citiesModel is deprecated in APPPATH\Controllers\AboutController.php on line 16.
 1 SYSTEMPATH\CodeIgniter.php(913): App\Controllers\AboutController->__construct()
 2 SYSTEMPATH\CodeIgniter.php(493): CodeIgniter\CodeIgniter->createController()
 3 SYSTEMPATH\CodeIgniter.php(361): CodeIgniter\CodeIgniter->handleRequest(null, Object(Config\Cache), false)
 4 FCPATH\index.php(79): CodeIgniter\CodeIgniter->run()
WARNING - 2024-09-09 05:10:13 --> [DEPRECATED] Creation of dynamic property App\Controllers\AboutController::$uttarakhandModel is deprecated in APPPATH\Controllers\AboutController.php on line 17.
 1 SYSTEMPATH\CodeIgniter.php(913): App\Controllers\AboutController->__construct()
 2 SYSTEMPATH\CodeIgniter.php(493): CodeIgniter\CodeIgniter->createController()
 3 SYSTEMPATH\CodeIgniter.php(361): CodeIgniter\CodeIgniter->handleRequest(null, Object(Config\Cache), false)
 4 FCPATH\index.php(79): CodeIgniter\CodeIgniter->run()
WARNING - 2024-09-09 05:10:13 --> [DEPRECATED] Creation of dynamic property App\Controllers\AboutController::$imageModel is deprecated in APPPATH\Controllers\AboutController.php on line 18.
 1 SYSTEMPATH\CodeIgniter.php(913): App\Controllers\AboutController->__construct()
 2 SYSTEMPATH\CodeIgniter.php(493): CodeIgniter\CodeIgniter->createController()
 3 SYSTEMPATH\CodeIgniter.php(361): CodeIgniter\CodeIgniter->handleRequest(null, Object(Config\Cache), false)
 4 FCPATH\index.php(79): CodeIgniter\CodeIgniter->run()
WARNING - 2024-09-09 05:10:13 --> [DEPRECATED] Creation of dynamic property App\Controllers\AboutController::$areaModel is deprecated in APPPATH\Controllers\AboutController.php on line 19.
 1 SYSTEMPATH\CodeIgniter.php(913): App\Controllers\AboutController->__construct()
 2 SYSTEMPATH\CodeIgniter.php(493): CodeIgniter\CodeIgniter->createController()
 3 SYSTEMPATH\CodeIgniter.php(361): CodeIgniter\CodeIgniter->handleRequest(null, Object(Config\Cache), false)
 4 FCPATH\index.php(79): CodeIgniter\CodeIgniter->run()
WARNING - 2024-09-09 05:10:13 --> [DEPRECATED] Creation of dynamic property App\Controllers\AboutController::$foodModel is deprecated in APPPATH\Controllers\AboutController.php on line 20.
 1 SYSTEMPATH\CodeIgniter.php(913): App\Controllers\AboutController->__construct()
 2 SYSTEMPATH\CodeIgniter.php(493): CodeIgniter\CodeIgniter->createController()
 3 SYSTEMPATH\CodeIgniter.php(361): CodeIgniter\CodeIgniter->handleRequest(null, Object(Config\Cache), false)
 4 FCPATH\index.php(79): CodeIgniter\CodeIgniter->run()
WARNING - 2024-09-09 05:10:13 --> [DEPRECATED] Creation of dynamic property App\Controllers\AboutController::$blogModel is deprecated in APPPATH\Controllers\AboutController.php on line 21.
 1 SYSTEMPATH\CodeIgniter.php(913): App\Controllers\AboutController->__construct()
 2 SYSTEMPATH\CodeIgniter.php(493): CodeIgniter\CodeIgniter->createController()
 3 SYSTEMPATH\CodeIgniter.php(361): CodeIgniter\CodeIgniter->handleRequest(null, Object(Config\Cache), false)
 4 FCPATH\index.php(79): CodeIgniter\CodeIgniter->run()
WARNING - 2024-09-09 05:10:16 --> [DEPRECATED] Creation of dynamic property App\Controllers\AboutController::$citiesModel is deprecated in APPPATH\Controllers\AboutController.php on line 16.
 1 SYSTEMPATH\CodeIgniter.php(913): App\Controllers\AboutController->__construct()
 2 SYSTEMPATH\CodeIgniter.php(493): CodeIgniter\CodeIgniter->createController()
 3 SYSTEMPATH\CodeIgniter.php(361): CodeIgniter\CodeIgniter->handleRequest(null, Object(Config\Cache), false)
 4 FCPATH\index.php(79): CodeIgniter\CodeIgniter->run()
WARNING - 2024-09-09 05:10:16 --> [DEPRECATED] Creation of dynamic property App\Controllers\AboutController::$uttarakhandModel is deprecated in APPPATH\Controllers\AboutController.php on line 17.
 1 SYSTEMPATH\CodeIgniter.php(913): App\Controllers\AboutController->__construct()
 2 SYSTEMPATH\CodeIgniter.php(493): CodeIgniter\CodeIgniter->createController()
 3 SYSTEMPATH\CodeIgniter.php(361): CodeIgniter\CodeIgniter->handleRequest(null, Object(Config\Cache), false)
 4 FCPATH\index.php(79): CodeIgniter\CodeIgniter->run()
WARNING - 2024-09-09 05:10:16 --> [DEPRECATED] Creation of dynamic property App\Controllers\AboutController::$imageModel is deprecated in APPPATH\Controllers\AboutController.php on line 18.
 1 SYSTEMPATH\CodeIgniter.php(913): App\Controllers\AboutController->__construct()
 2 SYSTEMPATH\CodeIgniter.php(493): CodeIgniter\CodeIgniter->createController()
 3 SYSTEMPATH\CodeIgniter.php(361): CodeIgniter\CodeIgniter->handleRequest(null, Object(Config\Cache), false)
 4 FCPATH\index.php(79): CodeIgniter\CodeIgniter->run()
WARNING - 2024-09-09 05:10:16 --> [DEPRECATED] Creation of dynamic property App\Controllers\AboutController::$areaModel is deprecated in APPPATH\Controllers\AboutController.php on line 19.
 1 SYSTEMPATH\CodeIgniter.php(913): App\Controllers\AboutController->__construct()
 2 SYSTEMPATH\CodeIgniter.php(493): CodeIgniter\CodeIgniter->createController()
 3 SYSTEMPATH\CodeIgniter.php(361): CodeIgniter\CodeIgniter->handleRequest(null, Object(Config\Cache), false)
 4 FCPATH\index.php(79): CodeIgniter\CodeIgniter->run()
WARNING - 2024-09-09 05:10:16 --> [DEPRECATED] Creation of dynamic property App\Controllers\AboutController::$foodModel is deprecated in APPPATH\Controllers\AboutController.php on line 20.
 1 SYSTEMPATH\CodeIgniter.php(913): App\Controllers\AboutController->__construct()
 2 SYSTEMPATH\CodeIgniter.php(493): CodeIgniter\CodeIgniter->createController()
 3 SYSTEMPATH\CodeIgniter.php(361): CodeIgniter\CodeIgniter->handleRequest(null, Object(Config\Cache), false)
 4 FCPATH\index.php(79): CodeIgniter\CodeIgniter->run()
WARNING - 2024-09-09 05:10:16 --> [DEPRECATED] Creation of dynamic property App\Controllers\AboutController::$blogModel is deprecated in APPPATH\Controllers\AboutController.php on line 21.
 1 SYSTEMPATH\CodeIgniter.php(913): App\Controllers\AboutController->__construct()
 2 SYSTEMPATH\CodeIgniter.php(493): CodeIgniter\CodeIgniter->createController()
 3 SYSTEMPATH\CodeIgniter.php(361): CodeIgniter\CodeIgniter->handleRequest(null, Object(Config\Cache), false)
 4 FCPATH\index.php(79): CodeIgniter\CodeIgniter->run()
WARNING - 2024-09-09 05:11:08 --> [DEPRECATED] Creation of dynamic property App\Controllers\AboutController::$citiesModel is deprecated in APPPATH\Controllers\AboutController.php on line 16.
 1 SYSTEMPATH\CodeIgniter.php(913): App\Controllers\AboutController->__construct()
 2 SYSTEMPATH\CodeIgniter.php(493): CodeIgniter\CodeIgniter->createController()
 3 SYSTEMPATH\CodeIgniter.php(361): CodeIgniter\CodeIgniter->handleRequest(null, Object(Config\Cache), false)
 4 FCPATH\index.php(79): CodeIgniter\CodeIgniter->run()
WARNING - 2024-09-09 05:11:08 --> [DEPRECATED] Creation of dynamic property App\Controllers\AboutController::$uttarakhandModel is deprecated in APPPATH\Controllers\AboutController.php on line 17.
 1 SYSTEMPATH\CodeIgniter.php(913): App\Controllers\AboutController->__construct()
 2 SYSTEMPATH\CodeIgniter.php(493): CodeIgniter\CodeIgniter->createController()
 3 SYSTEMPATH\CodeIgniter.php(361): CodeIgniter\CodeIgniter->handleRequest(null, Object(Config\Cache), false)
 4 FCPATH\index.php(79): CodeIgniter\CodeIgniter->run()
WARNING - 2024-09-09 05:11:08 --> [DEPRECATED] Creation of dynamic property App\Controllers\AboutController::$imageModel is deprecated in APPPATH\Controllers\AboutController.php on line 18.
 1 SYSTEMPATH\CodeIgniter.php(913): App\Controllers\AboutController->__construct()
 2 SYSTEMPATH\CodeIgniter.php(493): CodeIgniter\CodeIgniter->createController()
 3 SYSTEMPATH\CodeIgniter.php(361): CodeIgniter\CodeIgniter->handleRequest(null, Object(Config\Cache), false)
 4 FCPATH\index.php(79): CodeIgniter\CodeIgniter->run()
WARNING - 2024-09-09 05:11:08 --> [DEPRECATED] Creation of dynamic property App\Controllers\AboutController::$areaModel is deprecated in APPPATH\Controllers\AboutController.php on line 19.
 1 SYSTEMPATH\CodeIgniter.php(913): App\Controllers\AboutController->__construct()
 2 SYSTEMPATH\CodeIgniter.php(493): CodeIgniter\CodeIgniter->createController()
 3 SYSTEMPATH\CodeIgniter.php(361): CodeIgniter\CodeIgniter->handleRequest(null, Object(Config\Cache), false)
 4 FCPATH\index.php(79): CodeIgniter\CodeIgniter->run()
WARNING - 2024-09-09 05:11:08 --> [DEPRECATED] Creation of dynamic property App\Controllers\AboutController::$foodModel is deprecated in APPPATH\Controllers\AboutController.php on line 20.
 1 SYSTEMPATH\CodeIgniter.php(913): App\Controllers\AboutController->__construct()
 2 SYSTEMPATH\CodeIgniter.php(493): CodeIgniter\CodeIgniter->createController()
 3 SYSTEMPATH\CodeIgniter.php(361): CodeIgniter\CodeIgniter->handleRequest(null, Object(Config\Cache), false)
 4 FCPATH\index.php(79): CodeIgniter\CodeIgniter->run()
WARNING - 2024-09-09 05:11:08 --> [DEPRECATED] Creation of dynamic property App\Controllers\AboutController::$blogModel is deprecated in APPPATH\Controllers\AboutController.php on line 21.
 1 SYSTEMPATH\CodeIgniter.php(913): App\Controllers\AboutController->__construct()
 2 SYSTEMPATH\CodeIgniter.php(493): CodeIgniter\CodeIgniter->createController()
 3 SYSTEMPATH\CodeIgniter.php(361): CodeIgniter\CodeIgniter->handleRequest(null, Object(Config\Cache), false)
 4 FCPATH\index.php(79): CodeIgniter\CodeIgniter->run()
WARNING - 2024-09-09 05:11:11 --> [DEPRECATED] Creation of dynamic property App\Controllers\AboutController::$citiesModel is deprecated in APPPATH\Controllers\AboutController.php on line 16.
 1 SYSTEMPATH\CodeIgniter.php(913): App\Controllers\AboutController->__construct()
 2 SYSTEMPATH\CodeIgniter.php(493): CodeIgniter\CodeIgniter->createController()
 3 SYSTEMPATH\CodeIgniter.php(361): CodeIgniter\CodeIgniter->handleRequest(null, Object(Config\Cache), false)
 4 FCPATH\index.php(79): CodeIgniter\CodeIgniter->run()
WARNING - 2024-09-09 05:11:11 --> [DEPRECATED] Creation of dynamic property App\Controllers\AboutController::$uttarakhandModel is deprecated in APPPATH\Controllers\AboutController.php on line 17.
 1 SYSTEMPATH\CodeIgniter.php(913): App\Controllers\AboutController->__construct()
 2 SYSTEMPATH\CodeIgniter.php(493): CodeIgniter\CodeIgniter->createController()
 3 SYSTEMPATH\CodeIgniter.php(361): CodeIgniter\CodeIgniter->handleRequest(null, Object(Config\Cache), false)
 4 FCPATH\index.php(79): CodeIgniter\CodeIgniter->run()
WARNING - 2024-09-09 05:11:11 --> [DEPRECATED] Creation of dynamic property App\Controllers\AboutController::$imageModel is deprecated in APPPATH\Controllers\AboutController.php on line 18.
 1 SYSTEMPATH\CodeIgniter.php(913): App\Controllers\AboutController->__construct()
 2 SYSTEMPATH\CodeIgniter.php(493): CodeIgniter\CodeIgniter->createController()
 3 SYSTEMPATH\CodeIgniter.php(361): CodeIgniter\CodeIgniter->handleRequest(null, Object(Config\Cache), false)
 4 FCPATH\index.php(79): CodeIgniter\CodeIgniter->run()
WARNING - 2024-09-09 05:11:11 --> [DEPRECATED] Creation of dynamic property App\Controllers\AboutController::$areaModel is deprecated in APPPATH\Controllers\AboutController.php on line 19.
 1 SYSTEMPATH\CodeIgniter.php(913): App\Controllers\AboutController->__construct()
 2 SYSTEMPATH\CodeIgniter.php(493): CodeIgniter\CodeIgniter->createController()
 3 SYSTEMPATH\CodeIgniter.php(361): CodeIgniter\CodeIgniter->handleRequest(null, Object(Config\Cache), false)
 4 FCPATH\index.php(79): CodeIgniter\CodeIgniter->run()
WARNING - 2024-09-09 05:11:11 --> [DEPRECATED] Creation of dynamic property App\Controllers\AboutController::$foodModel is deprecated in APPPATH\Controllers\AboutController.php on line 20.
 1 SYSTEMPATH\CodeIgniter.php(913): App\Controllers\AboutController->__construct()
 2 SYSTEMPATH\CodeIgniter.php(493): CodeIgniter\CodeIgniter->createController()
 3 SYSTEMPATH\CodeIgniter.php(361): CodeIgniter\CodeIgniter->handleRequest(null, Object(Config\Cache), false)
 4 FCPATH\index.php(79): CodeIgniter\CodeIgniter->run()
WARNING - 2024-09-09 05:11:11 --> [DEPRECATED] Creation of dynamic property App\Controllers\AboutController::$blogModel is deprecated in APPPATH\Controllers\AboutController.php on line 21.
 1 SYSTEMPATH\CodeIgniter.php(913): App\Controllers\AboutController->__construct()
 2 SYSTEMPATH\CodeIgniter.php(493): CodeIgniter\CodeIgniter->createController()
 3 SYSTEMPATH\CodeIgniter.php(361): CodeIgniter\CodeIgniter->handleRequest(null, Object(Config\Cache), false)
 4 FCPATH\index.php(79): CodeIgniter\CodeIgniter->run()
WARNING - 2024-09-09 05:11:21 --> [DEPRECATED] Creation of dynamic property App\Controllers\AboutController::$citiesModel is deprecated in APPPATH\Controllers\AboutController.php on line 16.
 1 SYSTEMPATH\CodeIgniter.php(913): App\Controllers\AboutController->__construct()
 2 SYSTEMPATH\CodeIgniter.php(493): CodeIgniter\CodeIgniter->createController()
 3 SYSTEMPATH\CodeIgniter.php(361): CodeIgniter\CodeIgniter->handleRequest(null, Object(Config\Cache), false)
 4 FCPATH\index.php(79): CodeIgniter\CodeIgniter->run()
WARNING - 2024-09-09 05:11:21 --> [DEPRECATED] Creation of dynamic property App\Controllers\AboutController::$uttarakhandModel is deprecated in APPPATH\Controllers\AboutController.php on line 17.
 1 SYSTEMPATH\CodeIgniter.php(913): App\Controllers\AboutController->__construct()
 2 SYSTEMPATH\CodeIgniter.php(493): CodeIgniter\CodeIgniter->createController()
 3 SYSTEMPATH\CodeIgniter.php(361): CodeIgniter\CodeIgniter->handleRequest(null, Object(Config\Cache), false)
 4 FCPATH\index.php(79): CodeIgniter\CodeIgniter->run()
WARNING - 2024-09-09 05:11:21 --> [DEPRECATED] Creation of dynamic property App\Controllers\AboutController::$imageModel is deprecated in APPPATH\Controllers\AboutController.php on line 18.
 1 SYSTEMPATH\CodeIgniter.php(913): App\Controllers\AboutController->__construct()
 2 SYSTEMPATH\CodeIgniter.php(493): CodeIgniter\CodeIgniter->createController()
 3 SYSTEMPATH\CodeIgniter.php(361): CodeIgniter\CodeIgniter->handleRequest(null, Object(Config\Cache), false)
 4 FCPATH\index.php(79): CodeIgniter\CodeIgniter->run()
WARNING - 2024-09-09 05:11:21 --> [DEPRECATED] Creation of dynamic property App\Controllers\AboutController::$areaModel is deprecated in APPPATH\Controllers\AboutController.php on line 19.
 1 SYSTEMPATH\CodeIgniter.php(913): App\Controllers\AboutController->__construct()
 2 SYSTEMPATH\CodeIgniter.php(493): CodeIgniter\CodeIgniter->createController()
 3 SYSTEMPATH\CodeIgniter.php(361): CodeIgniter\CodeIgniter->handleRequest(null, Object(Config\Cache), false)
 4 FCPATH\index.php(79): CodeIgniter\CodeIgniter->run()
WARNING - 2024-09-09 05:11:21 --> [DEPRECATED] Creation of dynamic property App\Controllers\AboutController::$foodModel is deprecated in APPPATH\Controllers\AboutController.php on line 20.
 1 SYSTEMPATH\CodeIgniter.php(913): App\Controllers\AboutController->__construct()
 2 SYSTEMPATH\CodeIgniter.php(493): CodeIgniter\CodeIgniter->createController()
 3 SYSTEMPATH\CodeIgniter.php(361): CodeIgniter\CodeIgniter->handleRequest(null, Object(Config\Cache), false)
 4 FCPATH\index.php(79): CodeIgniter\CodeIgniter->run()
WARNING - 2024-09-09 05:11:21 --> [DEPRECATED] Creation of dynamic property App\Controllers\AboutController::$blogModel is deprecated in APPPATH\Controllers\AboutController.php on line 21.
 1 SYSTEMPATH\CodeIgniter.php(913): App\Controllers\AboutController->__construct()
 2 SYSTEMPATH\CodeIgniter.php(493): CodeIgniter\CodeIgniter->createController()
 3 SYSTEMPATH\CodeIgniter.php(361): CodeIgniter\CodeIgniter->handleRequest(null, Object(Config\Cache), false)
 4 FCPATH\index.php(79): CodeIgniter\CodeIgniter->run()
WARNING - 2024-09-09 05:11:22 --> [DEPRECATED] Creation of dynamic property App\Controllers\AboutController::$citiesModel is deprecated in APPPATH\Controllers\AboutController.php on line 16.
 1 SYSTEMPATH\CodeIgniter.php(913): App\Controllers\AboutController->__construct()
 2 SYSTEMPATH\CodeIgniter.php(493): CodeIgniter\CodeIgniter->createController()
 3 SYSTEMPATH\CodeIgniter.php(361): CodeIgniter\CodeIgniter->handleRequest(null, Object(Config\Cache), false)
 4 FCPATH\index.php(79): CodeIgniter\CodeIgniter->run()
WARNING - 2024-09-09 05:11:22 --> [DEPRECATED] Creation of dynamic property App\Controllers\AboutController::$uttarakhandModel is deprecated in APPPATH\Controllers\AboutController.php on line 17.
 1 SYSTEMPATH\CodeIgniter.php(913): App\Controllers\AboutController->__construct()
 2 SYSTEMPATH\CodeIgniter.php(493): CodeIgniter\CodeIgniter->createController()
 3 SYSTEMPATH\CodeIgniter.php(361): CodeIgniter\CodeIgniter->handleRequest(null, Object(Config\Cache), false)
 4 FCPATH\index.php(79): CodeIgniter\CodeIgniter->run()
WARNING - 2024-09-09 05:11:22 --> [DEPRECATED] Creation of dynamic property App\Controllers\AboutController::$imageModel is deprecated in APPPATH\Controllers\AboutController.php on line 18.
 1 SYSTEMPATH\CodeIgniter.php(913): App\Controllers\AboutController->__construct()
 2 SYSTEMPATH\CodeIgniter.php(493): CodeIgniter\CodeIgniter->createController()
 3 SYSTEMPATH\CodeIgniter.php(361): CodeIgniter\CodeIgniter->handleRequest(null, Object(Config\Cache), false)
 4 FCPATH\index.php(79): CodeIgniter\CodeIgniter->run()
WARNING - 2024-09-09 05:11:22 --> [DEPRECATED] Creation of dynamic property App\Controllers\AboutController::$areaModel is deprecated in APPPATH\Controllers\AboutController.php on line 19.
 1 SYSTEMPATH\CodeIgniter.php(913): App\Controllers\AboutController->__construct()
 2 SYSTEMPATH\CodeIgniter.php(493): CodeIgniter\CodeIgniter->createController()
 3 SYSTEMPATH\CodeIgniter.php(361): CodeIgniter\CodeIgniter->handleRequest(null, Object(Config\Cache), false)
 4 FCPATH\index.php(79): CodeIgniter\CodeIgniter->run()
WARNING - 2024-09-09 05:11:22 --> [DEPRECATED] Creation of dynamic property App\Controllers\AboutController::$foodModel is deprecated in APPPATH\Controllers\AboutController.php on line 20.
 1 SYSTEMPATH\CodeIgniter.php(913): App\Controllers\AboutController->__construct()
 2 SYSTEMPATH\CodeIgniter.php(493): CodeIgniter\CodeIgniter->createController()
 3 SYSTEMPATH\CodeIgniter.php(361): CodeIgniter\CodeIgniter->handleRequest(null, Object(Config\Cache), false)
 4 FCPATH\index.php(79): CodeIgniter\CodeIgniter->run()
WARNING - 2024-09-09 05:11:22 --> [DEPRECATED] Creation of dynamic property App\Controllers\AboutController::$blogModel is deprecated in APPPATH\Controllers\AboutController.php on line 21.
 1 SYSTEMPATH\CodeIgniter.php(913): App\Controllers\AboutController->__construct()
 2 SYSTEMPATH\CodeIgniter.php(493): CodeIgniter\CodeIgniter->createController()
 3 SYSTEMPATH\CodeIgniter.php(361): CodeIgniter\CodeIgniter->handleRequest(null, Object(Config\Cache), false)
 4 FCPATH\index.php(79): CodeIgniter\CodeIgniter->run()
WARNING - 2024-09-09 05:13:44 --> [DEPRECATED] Creation of dynamic property App\Controllers\AboutController::$citiesModel is deprecated in APPPATH\Controllers\AboutController.php on line 16.
 1 SYSTEMPATH\CodeIgniter.php(913): App\Controllers\AboutController->__construct()
 2 SYSTEMPATH\CodeIgniter.php(493): CodeIgniter\CodeIgniter->createController()
 3 SYSTEMPATH\CodeIgniter.php(361): CodeIgniter\CodeIgniter->handleRequest(null, Object(Config\Cache), false)
 4 FCPATH\index.php(79): CodeIgniter\CodeIgniter->run()
WARNING - 2024-09-09 05:13:44 --> [DEPRECATED] Creation of dynamic property App\Controllers\AboutController::$uttarakhandModel is deprecated in APPPATH\Controllers\AboutController.php on line 17.
 1 SYSTEMPATH\CodeIgniter.php(913): App\Controllers\AboutController->__construct()
 2 SYSTEMPATH\CodeIgniter.php(493): CodeIgniter\CodeIgniter->createController()
 3 SYSTEMPATH\CodeIgniter.php(361): CodeIgniter\CodeIgniter->handleRequest(null, Object(Config\Cache), false)
 4 FCPATH\index.php(79): CodeIgniter\CodeIgniter->run()
WARNING - 2024-09-09 05:13:44 --> [DEPRECATED] Creation of dynamic property App\Controllers\AboutController::$imageModel is deprecated in APPPATH\Controllers\AboutController.php on line 18.
 1 SYSTEMPATH\CodeIgniter.php(913): App\Controllers\AboutController->__construct()
 2 SYSTEMPATH\CodeIgniter.php(493): CodeIgniter\CodeIgniter->createController()
 3 SYSTEMPATH\CodeIgniter.php(361): CodeIgniter\CodeIgniter->handleRequest(null, Object(Config\Cache), false)
 4 FCPATH\index.php(79): CodeIgniter\CodeIgniter->run()
WARNING - 2024-09-09 05:13:44 --> [DEPRECATED] Creation of dynamic property App\Controllers\AboutController::$areaModel is deprecated in APPPATH\Controllers\AboutController.php on line 19.
 1 SYSTEMPATH\CodeIgniter.php(913): App\Controllers\AboutController->__construct()
 2 SYSTEMPATH\CodeIgniter.php(493): CodeIgniter\CodeIgniter->createController()
 3 SYSTEMPATH\CodeIgniter.php(361): CodeIgniter\CodeIgniter->handleRequest(null, Object(Config\Cache), false)
 4 FCPATH\index.php(79): CodeIgniter\CodeIgniter->run()
WARNING - 2024-09-09 05:13:44 --> [DEPRECATED] Creation of dynamic property App\Controllers\AboutController::$foodModel is deprecated in APPPATH\Controllers\AboutController.php on line 20.
 1 SYSTEMPATH\CodeIgniter.php(913): App\Controllers\AboutController->__construct()
 2 SYSTEMPATH\CodeIgniter.php(493): CodeIgniter\CodeIgniter->createController()
 3 SYSTEMPATH\CodeIgniter.php(361): CodeIgniter\CodeIgniter->handleRequest(null, Object(Config\Cache), false)
 4 FCPATH\index.php(79): CodeIgniter\CodeIgniter->run()
WARNING - 2024-09-09 05:13:44 --> [DEPRECATED] Creation of dynamic property App\Controllers\AboutController::$blogModel is deprecated in APPPATH\Controllers\AboutController.php on line 21.
 1 SYSTEMPATH\CodeIgniter.php(913): App\Controllers\AboutController->__construct()
 2 SYSTEMPATH\CodeIgniter.php(493): CodeIgniter\CodeIgniter->createController()
 3 SYSTEMPATH\CodeIgniter.php(361): CodeIgniter\CodeIgniter->handleRequest(null, Object(Config\Cache), false)
 4 FCPATH\index.php(79): CodeIgniter\CodeIgniter->run()
WARNING - 2024-09-09 05:13:57 --> [DEPRECATED] Creation of dynamic property App\Controllers\AboutController::$citiesModel is deprecated in APPPATH\Controllers\AboutController.php on line 16.
 1 SYSTEMPATH\CodeIgniter.php(913): App\Controllers\AboutController->__construct()
 2 SYSTEMPATH\CodeIgniter.php(493): CodeIgniter\CodeIgniter->createController()
 3 SYSTEMPATH\CodeIgniter.php(361): CodeIgniter\CodeIgniter->handleRequest(null, Object(Config\Cache), false)
 4 FCPATH\index.php(79): CodeIgniter\CodeIgniter->run()
WARNING - 2024-09-09 05:13:57 --> [DEPRECATED] Creation of dynamic property App\Controllers\AboutController::$uttarakhandModel is deprecated in APPPATH\Controllers\AboutController.php on line 17.
 1 SYSTEMPATH\CodeIgniter.php(913): App\Controllers\AboutController->__construct()
 2 SYSTEMPATH\CodeIgniter.php(493): CodeIgniter\CodeIgniter->createController()
 3 SYSTEMPATH\CodeIgniter.php(361): CodeIgniter\CodeIgniter->handleRequest(null, Object(Config\Cache), false)
 4 FCPATH\index.php(79): CodeIgniter\CodeIgniter->run()
WARNING - 2024-09-09 05:13:57 --> [DEPRECATED] Creation of dynamic property App\Controllers\AboutController::$imageModel is deprecated in APPPATH\Controllers\AboutController.php on line 18.
 1 SYSTEMPATH\CodeIgniter.php(913): App\Controllers\AboutController->__construct()
 2 SYSTEMPATH\CodeIgniter.php(493): CodeIgniter\CodeIgniter->createController()
 3 SYSTEMPATH\CodeIgniter.php(361): CodeIgniter\CodeIgniter->handleRequest(null, Object(Config\Cache), false)
 4 FCPATH\index.php(79): CodeIgniter\CodeIgniter->run()
WARNING - 2024-09-09 05:13:57 --> [DEPRECATED] Creation of dynamic property App\Controllers\AboutController::$areaModel is deprecated in APPPATH\Controllers\AboutController.php on line 19.
 1 SYSTEMPATH\CodeIgniter.php(913): App\Controllers\AboutController->__construct()
 2 SYSTEMPATH\CodeIgniter.php(493): CodeIgniter\CodeIgniter->createController()
 3 SYSTEMPATH\CodeIgniter.php(361): CodeIgniter\CodeIgniter->handleRequest(null, Object(Config\Cache), false)
 4 FCPATH\index.php(79): CodeIgniter\CodeIgniter->run()
WARNING - 2024-09-09 05:13:57 --> [DEPRECATED] Creation of dynamic property App\Controllers\AboutController::$foodModel is deprecated in APPPATH\Controllers\AboutController.php on line 20.
 1 SYSTEMPATH\CodeIgniter.php(913): App\Controllers\AboutController->__construct()
 2 SYSTEMPATH\CodeIgniter.php(493): CodeIgniter\CodeIgniter->createController()
 3 SYSTEMPATH\CodeIgniter.php(361): CodeIgniter\CodeIgniter->handleRequest(null, Object(Config\Cache), false)
 4 FCPATH\index.php(79): CodeIgniter\CodeIgniter->run()
WARNING - 2024-09-09 05:13:57 --> [DEPRECATED] Creation of dynamic property App\Controllers\AboutController::$blogModel is deprecated in APPPATH\Controllers\AboutController.php on line 21.
 1 SYSTEMPATH\CodeIgniter.php(913): App\Controllers\AboutController->__construct()
 2 SYSTEMPATH\CodeIgniter.php(493): CodeIgniter\CodeIgniter->createController()
 3 SYSTEMPATH\CodeIgniter.php(361): CodeIgniter\CodeIgniter->handleRequest(null, Object(Config\Cache), false)
 4 FCPATH\index.php(79): CodeIgniter\CodeIgniter->run()
WARNING - 2024-09-09 05:14:08 --> [DEPRECATED] Creation of dynamic property App\Controllers\AboutController::$citiesModel is deprecated in APPPATH\Controllers\AboutController.php on line 16.
 1 SYSTEMPATH\CodeIgniter.php(913): App\Controllers\AboutController->__construct()
 2 SYSTEMPATH\CodeIgniter.php(493): CodeIgniter\CodeIgniter->createController()
 3 SYSTEMPATH\CodeIgniter.php(361): CodeIgniter\CodeIgniter->handleRequest(null, Object(Config\Cache), false)
 4 FCPATH\index.php(79): CodeIgniter\CodeIgniter->run()
WARNING - 2024-09-09 05:14:08 --> [DEPRECATED] Creation of dynamic property App\Controllers\AboutController::$uttarakhandModel is deprecated in APPPATH\Controllers\AboutController.php on line 17.
 1 SYSTEMPATH\CodeIgniter.php(913): App\Controllers\AboutController->__construct()
 2 SYSTEMPATH\CodeIgniter.php(493): CodeIgniter\CodeIgniter->createController()
 3 SYSTEMPATH\CodeIgniter.php(361): CodeIgniter\CodeIgniter->handleRequest(null, Object(Config\Cache), false)
 4 FCPATH\index.php(79): CodeIgniter\CodeIgniter->run()
WARNING - 2024-09-09 05:14:08 --> [DEPRECATED] Creation of dynamic property App\Controllers\AboutController::$imageModel is deprecated in APPPATH\Controllers\AboutController.php on line 18.
 1 SYSTEMPATH\CodeIgniter.php(913): App\Controllers\AboutController->__construct()
 2 SYSTEMPATH\CodeIgniter.php(493): CodeIgniter\CodeIgniter->createController()
 3 SYSTEMPATH\CodeIgniter.php(361): CodeIgniter\CodeIgniter->handleRequest(null, Object(Config\Cache), false)
 4 FCPATH\index.php(79): CodeIgniter\CodeIgniter->run()
WARNING - 2024-09-09 05:14:08 --> [DEPRECATED] Creation of dynamic property App\Controllers\AboutController::$areaModel is deprecated in APPPATH\Controllers\AboutController.php on line 19.
 1 SYSTEMPATH\CodeIgniter.php(913): App\Controllers\AboutController->__construct()
 2 SYSTEMPATH\CodeIgniter.php(493): CodeIgniter\CodeIgniter->createController()
 3 SYSTEMPATH\CodeIgniter.php(361): CodeIgniter\CodeIgniter->handleRequest(null, Object(Config\Cache), false)
 4 FCPATH\index.php(79): CodeIgniter\CodeIgniter->run()
WARNING - 2024-09-09 05:14:08 --> [DEPRECATED] Creation of dynamic property App\Controllers\AboutController::$foodModel is deprecated in APPPATH\Controllers\AboutController.php on line 20.
 1 SYSTEMPATH\CodeIgniter.php(913): App\Controllers\AboutController->__construct()
 2 SYSTEMPATH\CodeIgniter.php(493): CodeIgniter\CodeIgniter->createController()
 3 SYSTEMPATH\CodeIgniter.php(361): CodeIgniter\CodeIgniter->handleRequest(null, Object(Config\Cache), false)
 4 FCPATH\index.php(79): CodeIgniter\CodeIgniter->run()
WARNING - 2024-09-09 05:14:08 --> [DEPRECATED] Creation of dynamic property App\Controllers\AboutController::$blogModel is deprecated in APPPATH\Controllers\AboutController.php on line 21.
 1 SYSTEMPATH\CodeIgniter.php(913): App\Controllers\AboutController->__construct()
 2 SYSTEMPATH\CodeIgniter.php(493): CodeIgniter\CodeIgniter->createController()
 3 SYSTEMPATH\CodeIgniter.php(361): CodeIgniter\CodeIgniter->handleRequest(null, Object(Config\Cache), false)
 4 FCPATH\index.php(79): CodeIgniter\CodeIgniter->run()
WARNING - 2024-09-09 05:14:20 --> [DEPRECATED] Creation of dynamic property App\Controllers\AboutController::$citiesModel is deprecated in APPPATH\Controllers\AboutController.php on line 16.
 1 SYSTEMPATH\CodeIgniter.php(913): App\Controllers\AboutController->__construct()
 2 SYSTEMPATH\CodeIgniter.php(493): CodeIgniter\CodeIgniter->createController()
 3 SYSTEMPATH\CodeIgniter.php(361): CodeIgniter\CodeIgniter->handleRequest(null, Object(Config\Cache), false)
 4 FCPATH\index.php(79): CodeIgniter\CodeIgniter->run()
WARNING - 2024-09-09 05:14:20 --> [DEPRECATED] Creation of dynamic property App\Controllers\AboutController::$uttarakhandModel is deprecated in APPPATH\Controllers\AboutController.php on line 17.
 1 SYSTEMPATH\CodeIgniter.php(913): App\Controllers\AboutController->__construct()
 2 SYSTEMPATH\CodeIgniter.php(493): CodeIgniter\CodeIgniter->createController()
 3 SYSTEMPATH\CodeIgniter.php(361): CodeIgniter\CodeIgniter->handleRequest(null, Object(Config\Cache), false)
 4 FCPATH\index.php(79): CodeIgniter\CodeIgniter->run()
WARNING - 2024-09-09 05:14:20 --> [DEPRECATED] Creation of dynamic property App\Controllers\AboutController::$imageModel is deprecated in APPPATH\Controllers\AboutController.php on line 18.
 1 SYSTEMPATH\CodeIgniter.php(913): App\Controllers\AboutController->__construct()
 2 SYSTEMPATH\CodeIgniter.php(493): CodeIgniter\CodeIgniter->createController()
 3 SYSTEMPATH\CodeIgniter.php(361): CodeIgniter\CodeIgniter->handleRequest(null, Object(Config\Cache), false)
 4 FCPATH\index.php(79): CodeIgniter\CodeIgniter->run()
WARNING - 2024-09-09 05:14:20 --> [DEPRECATED] Creation of dynamic property App\Controllers\AboutController::$areaModel is deprecated in APPPATH\Controllers\AboutController.php on line 19.
 1 SYSTEMPATH\CodeIgniter.php(913): App\Controllers\AboutController->__construct()
 2 SYSTEMPATH\CodeIgniter.php(493): CodeIgniter\CodeIgniter->createController()
 3 SYSTEMPATH\CodeIgniter.php(361): CodeIgniter\CodeIgniter->handleRequest(null, Object(Config\Cache), false)
 4 FCPATH\index.php(79): CodeIgniter\CodeIgniter->run()
WARNING - 2024-09-09 05:14:20 --> [DEPRECATED] Creation of dynamic property App\Controllers\AboutController::$foodModel is deprecated in APPPATH\Controllers\AboutController.php on line 20.
 1 SYSTEMPATH\CodeIgniter.php(913): App\Controllers\AboutController->__construct()
 2 SYSTEMPATH\CodeIgniter.php(493): CodeIgniter\CodeIgniter->createController()
 3 SYSTEMPATH\CodeIgniter.php(361): CodeIgniter\CodeIgniter->handleRequest(null, Object(Config\Cache), false)
 4 FCPATH\index.php(79): CodeIgniter\CodeIgniter->run()
WARNING - 2024-09-09 05:14:20 --> [DEPRECATED] Creation of dynamic property App\Controllers\AboutController::$blogModel is deprecated in APPPATH\Controllers\AboutController.php on line 21.
 1 SYSTEMPATH\CodeIgniter.php(913): App\Controllers\AboutController->__construct()
 2 SYSTEMPATH\CodeIgniter.php(493): CodeIgniter\CodeIgniter->createController()
 3 SYSTEMPATH\CodeIgniter.php(361): CodeIgniter\CodeIgniter->handleRequest(null, Object(Config\Cache), false)
 4 FCPATH\index.php(79): CodeIgniter\CodeIgniter->run()
WARNING - 2024-09-09 05:14:22 --> [DEPRECATED] Creation of dynamic property App\Controllers\AboutController::$citiesModel is deprecated in APPPATH\Controllers\AboutController.php on line 16.
 1 SYSTEMPATH\CodeIgniter.php(913): App\Controllers\AboutController->__construct()
 2 SYSTEMPATH\CodeIgniter.php(493): CodeIgniter\CodeIgniter->createController()
 3 SYSTEMPATH\CodeIgniter.php(361): CodeIgniter\CodeIgniter->handleRequest(null, Object(Config\Cache), false)
 4 FCPATH\index.php(79): CodeIgniter\CodeIgniter->run()
WARNING - 2024-09-09 05:14:22 --> [DEPRECATED] Creation of dynamic property App\Controllers\AboutController::$uttarakhandModel is deprecated in APPPATH\Controllers\AboutController.php on line 17.
 1 SYSTEMPATH\CodeIgniter.php(913): App\Controllers\AboutController->__construct()
 2 SYSTEMPATH\CodeIgniter.php(493): CodeIgniter\CodeIgniter->createController()
 3 SYSTEMPATH\CodeIgniter.php(361): CodeIgniter\CodeIgniter->handleRequest(null, Object(Config\Cache), false)
 4 FCPATH\index.php(79): CodeIgniter\CodeIgniter->run()
WARNING - 2024-09-09 05:14:22 --> [DEPRECATED] Creation of dynamic property App\Controllers\AboutController::$imageModel is deprecated in APPPATH\Controllers\AboutController.php on line 18.
 1 SYSTEMPATH\CodeIgniter.php(913): App\Controllers\AboutController->__construct()
 2 SYSTEMPATH\CodeIgniter.php(493): CodeIgniter\CodeIgniter->createController()
 3 SYSTEMPATH\CodeIgniter.php(361): CodeIgniter\CodeIgniter->handleRequest(null, Object(Config\Cache), false)
 4 FCPATH\index.php(79): CodeIgniter\CodeIgniter->run()
WARNING - 2024-09-09 05:14:22 --> [DEPRECATED] Creation of dynamic property App\Controllers\AboutController::$areaModel is deprecated in APPPATH\Controllers\AboutController.php on line 19.
 1 SYSTEMPATH\CodeIgniter.php(913): App\Controllers\AboutController->__construct()
 2 SYSTEMPATH\CodeIgniter.php(493): CodeIgniter\CodeIgniter->createController()
 3 SYSTEMPATH\CodeIgniter.php(361): CodeIgniter\CodeIgniter->handleRequest(null, Object(Config\Cache), false)
 4 FCPATH\index.php(79): CodeIgniter\CodeIgniter->run()
WARNING - 2024-09-09 05:14:22 --> [DEPRECATED] Creation of dynamic property App\Controllers\AboutController::$foodModel is deprecated in APPPATH\Controllers\AboutController.php on line 20.
 1 SYSTEMPATH\CodeIgniter.php(913): App\Controllers\AboutController->__construct()
 2 SYSTEMPATH\CodeIgniter.php(493): CodeIgniter\CodeIgniter->createController()
 3 SYSTEMPATH\CodeIgniter.php(361): CodeIgniter\CodeIgniter->handleRequest(null, Object(Config\Cache), false)
 4 FCPATH\index.php(79): CodeIgniter\CodeIgniter->run()
WARNING - 2024-09-09 05:14:22 --> [DEPRECATED] Creation of dynamic property App\Controllers\AboutController::$blogModel is deprecated in APPPATH\Controllers\AboutController.php on line 21.
 1 SYSTEMPATH\CodeIgniter.php(913): App\Controllers\AboutController->__construct()
 2 SYSTEMPATH\CodeIgniter.php(493): CodeIgniter\CodeIgniter->createController()
 3 SYSTEMPATH\CodeIgniter.php(361): CodeIgniter\CodeIgniter->handleRequest(null, Object(Config\Cache), false)
 4 FCPATH\index.php(79): CodeIgniter\CodeIgniter->run()
WARNING - 2024-09-09 05:14:46 --> [DEPRECATED] Creation of dynamic property App\Controllers\AboutController::$citiesModel is deprecated in APPPATH\Controllers\AboutController.php on line 16.
 1 SYSTEMPATH\CodeIgniter.php(913): App\Controllers\AboutController->__construct()
 2 SYSTEMPATH\CodeIgniter.php(493): CodeIgniter\CodeIgniter->createController()
 3 SYSTEMPATH\CodeIgniter.php(361): CodeIgniter\CodeIgniter->handleRequest(null, Object(Config\Cache), false)
 4 FCPATH\index.php(79): CodeIgniter\CodeIgniter->run()
WARNING - 2024-09-09 05:14:46 --> [DEPRECATED] Creation of dynamic property App\Controllers\AboutController::$uttarakhandModel is deprecated in APPPATH\Controllers\AboutController.php on line 17.
 1 SYSTEMPATH\CodeIgniter.php(913): App\Controllers\AboutController->__construct()
 2 SYSTEMPATH\CodeIgniter.php(493): CodeIgniter\CodeIgniter->createController()
 3 SYSTEMPATH\CodeIgniter.php(361): CodeIgniter\CodeIgniter->handleRequest(null, Object(Config\Cache), false)
 4 FCPATH\index.php(79): CodeIgniter\CodeIgniter->run()
WARNING - 2024-09-09 05:14:46 --> [DEPRECATED] Creation of dynamic property App\Controllers\AboutController::$imageModel is deprecated in APPPATH\Controllers\AboutController.php on line 18.
 1 SYSTEMPATH\CodeIgniter.php(913): App\Controllers\AboutController->__construct()
 2 SYSTEMPATH\CodeIgniter.php(493): CodeIgniter\CodeIgniter->createController()
 3 SYSTEMPATH\CodeIgniter.php(361): CodeIgniter\CodeIgniter->handleRequest(null, Object(Config\Cache), false)
 4 FCPATH\index.php(79): CodeIgniter\CodeIgniter->run()
WARNING - 2024-09-09 05:14:46 --> [DEPRECATED] Creation of dynamic property App\Controllers\AboutController::$areaModel is deprecated in APPPATH\Controllers\AboutController.php on line 19.
 1 SYSTEMPATH\CodeIgniter.php(913): App\Controllers\AboutController->__construct()
 2 SYSTEMPATH\CodeIgniter.php(493): CodeIgniter\CodeIgniter->createController()
 3 SYSTEMPATH\CodeIgniter.php(361): CodeIgniter\CodeIgniter->handleRequest(null, Object(Config\Cache), false)
 4 FCPATH\index.php(79): CodeIgniter\CodeIgniter->run()
WARNING - 2024-09-09 05:14:46 --> [DEPRECATED] Creation of dynamic property App\Controllers\AboutController::$foodModel is deprecated in APPPATH\Controllers\AboutController.php on line 20.
 1 SYSTEMPATH\CodeIgniter.php(913): App\Controllers\AboutController->__construct()
 2 SYSTEMPATH\CodeIgniter.php(493): CodeIgniter\CodeIgniter->createController()
 3 SYSTEMPATH\CodeIgniter.php(361): CodeIgniter\CodeIgniter->handleRequest(null, Object(Config\Cache), false)
 4 FCPATH\index.php(79): CodeIgniter\CodeIgniter->run()
WARNING - 2024-09-09 05:14:46 --> [DEPRECATED] Creation of dynamic property App\Controllers\AboutController::$blogModel is deprecated in APPPATH\Controllers\AboutController.php on line 21.
 1 SYSTEMPATH\CodeIgniter.php(913): App\Controllers\AboutController->__construct()
 2 SYSTEMPATH\CodeIgniter.php(493): CodeIgniter\CodeIgniter->createController()
 3 SYSTEMPATH\CodeIgniter.php(361): CodeIgniter\CodeIgniter->handleRequest(null, Object(Config\Cache), false)
 4 FCPATH\index.php(79): CodeIgniter\CodeIgniter->run()
WARNING - 2024-09-09 05:14:53 --> [DEPRECATED] Creation of dynamic property App\Controllers\AboutController::$citiesModel is deprecated in APPPATH\Controllers\AboutController.php on line 16.
 1 SYSTEMPATH\CodeIgniter.php(913): App\Controllers\AboutController->__construct()
 2 SYSTEMPATH\CodeIgniter.php(493): CodeIgniter\CodeIgniter->createController()
 3 SYSTEMPATH\CodeIgniter.php(361): CodeIgniter\CodeIgniter->handleRequest(null, Object(Config\Cache), false)
 4 FCPATH\index.php(79): CodeIgniter\CodeIgniter->run()
WARNING - 2024-09-09 05:14:53 --> [DEPRECATED] Creation of dynamic property App\Controllers\AboutController::$uttarakhandModel is deprecated in APPPATH\Controllers\AboutController.php on line 17.
 1 SYSTEMPATH\CodeIgniter.php(913): App\Controllers\AboutController->__construct()
 2 SYSTEMPATH\CodeIgniter.php(493): CodeIgniter\CodeIgniter->createController()
 3 SYSTEMPATH\CodeIgniter.php(361): CodeIgniter\CodeIgniter->handleRequest(null, Object(Config\Cache), false)
 4 FCPATH\index.php(79): CodeIgniter\CodeIgniter->run()
WARNING - 2024-09-09 05:14:53 --> [DEPRECATED] Creation of dynamic property App\Controllers\AboutController::$imageModel is deprecated in APPPATH\Controllers\AboutController.php on line 18.
 1 SYSTEMPATH\CodeIgniter.php(913): App\Controllers\AboutController->__construct()
 2 SYSTEMPATH\CodeIgniter.php(493): CodeIgniter\CodeIgniter->createController()
 3 SYSTEMPATH\CodeIgniter.php(361): CodeIgniter\CodeIgniter->handleRequest(null, Object(Config\Cache), false)
 4 FCPATH\index.php(79): CodeIgniter\CodeIgniter->run()
WARNING - 2024-09-09 05:14:53 --> [DEPRECATED] Creation of dynamic property App\Controllers\AboutController::$areaModel is deprecated in APPPATH\Controllers\AboutController.php on line 19.
 1 SYSTEMPATH\CodeIgniter.php(913): App\Controllers\AboutController->__construct()
 2 SYSTEMPATH\CodeIgniter.php(493): CodeIgniter\CodeIgniter->createController()
 3 SYSTEMPATH\CodeIgniter.php(361): CodeIgniter\CodeIgniter->handleRequest(null, Object(Config\Cache), false)
 4 FCPATH\index.php(79): CodeIgniter\CodeIgniter->run()
WARNING - 2024-09-09 05:14:53 --> [DEPRECATED] Creation of dynamic property App\Controllers\AboutController::$foodModel is deprecated in APPPATH\Controllers\AboutController.php on line 20.
 1 SYSTEMPATH\CodeIgniter.php(913): App\Controllers\AboutController->__construct()
 2 SYSTEMPATH\CodeIgniter.php(493): CodeIgniter\CodeIgniter->createController()
 3 SYSTEMPATH\CodeIgniter.php(361): CodeIgniter\CodeIgniter->handleRequest(null, Object(Config\Cache), false)
 4 FCPATH\index.php(79): CodeIgniter\CodeIgniter->run()
WARNING - 2024-09-09 05:14:53 --> [DEPRECATED] Creation of dynamic property App\Controllers\AboutController::$blogModel is deprecated in APPPATH\Controllers\AboutController.php on line 21.
 1 SYSTEMPATH\CodeIgniter.php(913): App\Controllers\AboutController->__construct()
 2 SYSTEMPATH\CodeIgniter.php(493): CodeIgniter\CodeIgniter->createController()
 3 SYSTEMPATH\CodeIgniter.php(361): CodeIgniter\CodeIgniter->handleRequest(null, Object(Config\Cache), false)
 4 FCPATH\index.php(79): CodeIgniter\CodeIgniter->run()
WARNING - 2024-09-09 05:14:58 --> [DEPRECATED] Creation of dynamic property App\Controllers\AboutController::$citiesModel is deprecated in APPPATH\Controllers\AboutController.php on line 16.
 1 SYSTEMPATH\CodeIgniter.php(913): App\Controllers\AboutController->__construct()
 2 SYSTEMPATH\CodeIgniter.php(493): CodeIgniter\CodeIgniter->createController()
 3 SYSTEMPATH\CodeIgniter.php(361): CodeIgniter\CodeIgniter->handleRequest(null, Object(Config\Cache), false)
 4 FCPATH\index.php(79): CodeIgniter\CodeIgniter->run()
WARNING - 2024-09-09 05:14:58 --> [DEPRECATED] Creation of dynamic property App\Controllers\AboutController::$uttarakhandModel is deprecated in APPPATH\Controllers\AboutController.php on line 17.
 1 SYSTEMPATH\CodeIgniter.php(913): App\Controllers\AboutController->__construct()
 2 SYSTEMPATH\CodeIgniter.php(493): CodeIgniter\CodeIgniter->createController()
 3 SYSTEMPATH\CodeIgniter.php(361): CodeIgniter\CodeIgniter->handleRequest(null, Object(Config\Cache), false)
 4 FCPATH\index.php(79): CodeIgniter\CodeIgniter->run()
WARNING - 2024-09-09 05:14:58 --> [DEPRECATED] Creation of dynamic property App\Controllers\AboutController::$imageModel is deprecated in APPPATH\Controllers\AboutController.php on line 18.
 1 SYSTEMPATH\CodeIgniter.php(913): App\Controllers\AboutController->__construct()
 2 SYSTEMPATH\CodeIgniter.php(493): CodeIgniter\CodeIgniter->createController()
 3 SYSTEMPATH\CodeIgniter.php(361): CodeIgniter\CodeIgniter->handleRequest(null, Object(Config\Cache), false)
 4 FCPATH\index.php(79): CodeIgniter\CodeIgniter->run()
WARNING - 2024-09-09 05:14:58 --> [DEPRECATED] Creation of dynamic property App\Controllers\AboutController::$areaModel is deprecated in APPPATH\Controllers\AboutController.php on line 19.
 1 SYSTEMPATH\CodeIgniter.php(913): App\Controllers\AboutController->__construct()
 2 SYSTEMPATH\CodeIgniter.php(493): CodeIgniter\CodeIgniter->createController()
 3 SYSTEMPATH\CodeIgniter.php(361): CodeIgniter\CodeIgniter->handleRequest(null, Object(Config\Cache), false)
 4 FCPATH\index.php(79): CodeIgniter\CodeIgniter->run()
WARNING - 2024-09-09 05:14:58 --> [DEPRECATED] Creation of dynamic property App\Controllers\AboutController::$foodModel is deprecated in APPPATH\Controllers\AboutController.php on line 20.
 1 SYSTEMPATH\CodeIgniter.php(913): App\Controllers\AboutController->__construct()
 2 SYSTEMPATH\CodeIgniter.php(493): CodeIgniter\CodeIgniter->createController()
 3 SYSTEMPATH\CodeIgniter.php(361): CodeIgniter\CodeIgniter->handleRequest(null, Object(Config\Cache), false)
 4 FCPATH\index.php(79): CodeIgniter\CodeIgniter->run()
WARNING - 2024-09-09 05:14:58 --> [DEPRECATED] Creation of dynamic property App\Controllers\AboutController::$blogModel is deprecated in APPPATH\Controllers\AboutController.php on line 21.
 1 SYSTEMPATH\CodeIgniter.php(913): App\Controllers\AboutController->__construct()
 2 SYSTEMPATH\CodeIgniter.php(493): CodeIgniter\CodeIgniter->createController()
 3 SYSTEMPATH\CodeIgniter.php(361): CodeIgniter\CodeIgniter->handleRequest(null, Object(Config\Cache), false)
 4 FCPATH\index.php(79): CodeIgniter\CodeIgniter->run()
WARNING - 2024-09-09 05:15:20 --> [DEPRECATED] Creation of dynamic property App\Controllers\AboutController::$citiesModel is deprecated in APPPATH\Controllers\AboutController.php on line 16.
 1 SYSTEMPATH\CodeIgniter.php(913): App\Controllers\AboutController->__construct()
 2 SYSTEMPATH\CodeIgniter.php(493): CodeIgniter\CodeIgniter->createController()
 3 SYSTEMPATH\CodeIgniter.php(361): CodeIgniter\CodeIgniter->handleRequest(null, Object(Config\Cache), false)
 4 FCPATH\index.php(79): CodeIgniter\CodeIgniter->run()
WARNING - 2024-09-09 05:15:20 --> [DEPRECATED] Creation of dynamic property App\Controllers\AboutController::$uttarakhandModel is deprecated in APPPATH\Controllers\AboutController.php on line 17.
 1 SYSTEMPATH\CodeIgniter.php(913): App\Controllers\AboutController->__construct()
 2 SYSTEMPATH\CodeIgniter.php(493): CodeIgniter\CodeIgniter->createController()
 3 SYSTEMPATH\CodeIgniter.php(361): CodeIgniter\CodeIgniter->handleRequest(null, Object(Config\Cache), false)
 4 FCPATH\index.php(79): CodeIgniter\CodeIgniter->run()
WARNING - 2024-09-09 05:15:20 --> [DEPRECATED] Creation of dynamic property App\Controllers\AboutController::$imageModel is deprecated in APPPATH\Controllers\AboutController.php on line 18.
 1 SYSTEMPATH\CodeIgniter.php(913): App\Controllers\AboutController->__construct()
 2 SYSTEMPATH\CodeIgniter.php(493): CodeIgniter\CodeIgniter->createController()
 3 SYSTEMPATH\CodeIgniter.php(361): CodeIgniter\CodeIgniter->handleRequest(null, Object(Config\Cache), false)
 4 FCPATH\index.php(79): CodeIgniter\CodeIgniter->run()
WARNING - 2024-09-09 05:15:20 --> [DEPRECATED] Creation of dynamic property App\Controllers\AboutController::$areaModel is deprecated in APPPATH\Controllers\AboutController.php on line 19.
 1 SYSTEMPATH\CodeIgniter.php(913): App\Controllers\AboutController->__construct()
 2 SYSTEMPATH\CodeIgniter.php(493): CodeIgniter\CodeIgniter->createController()
 3 SYSTEMPATH\CodeIgniter.php(361): CodeIgniter\CodeIgniter->handleRequest(null, Object(Config\Cache), false)
 4 FCPATH\index.php(79): CodeIgniter\CodeIgniter->run()
WARNING - 2024-09-09 05:15:20 --> [DEPRECATED] Creation of dynamic property App\Controllers\AboutController::$foodModel is deprecated in APPPATH\Controllers\AboutController.php on line 20.
 1 SYSTEMPATH\CodeIgniter.php(913): App\Controllers\AboutController->__construct()
 2 SYSTEMPATH\CodeIgniter.php(493): CodeIgniter\CodeIgniter->createController()
 3 SYSTEMPATH\CodeIgniter.php(361): CodeIgniter\CodeIgniter->handleRequest(null, Object(Config\Cache), false)
 4 FCPATH\index.php(79): CodeIgniter\CodeIgniter->run()
WARNING - 2024-09-09 05:15:20 --> [DEPRECATED] Creation of dynamic property App\Controllers\AboutController::$blogModel is deprecated in APPPATH\Controllers\AboutController.php on line 21.
 1 SYSTEMPATH\CodeIgniter.php(913): App\Controllers\AboutController->__construct()
 2 SYSTEMPATH\CodeIgniter.php(493): CodeIgniter\CodeIgniter->createController()
 3 SYSTEMPATH\CodeIgniter.php(361): CodeIgniter\CodeIgniter->handleRequest(null, Object(Config\Cache), false)
 4 FCPATH\index.php(79): CodeIgniter\CodeIgniter->run()
WARNING - 2024-09-09 05:15:31 --> [DEPRECATED] Creation of dynamic property App\Controllers\AboutController::$citiesModel is deprecated in APPPATH\Controllers\AboutController.php on line 16.
 1 SYSTEMPATH\CodeIgniter.php(913): App\Controllers\AboutController->__construct()
 2 SYSTEMPATH\CodeIgniter.php(493): CodeIgniter\CodeIgniter->createController()
 3 SYSTEMPATH\CodeIgniter.php(361): CodeIgniter\CodeIgniter->handleRequest(null, Object(Config\Cache), false)
 4 FCPATH\index.php(79): CodeIgniter\CodeIgniter->run()
WARNING - 2024-09-09 05:15:31 --> [DEPRECATED] Creation of dynamic property App\Controllers\AboutController::$uttarakhandModel is deprecated in APPPATH\Controllers\AboutController.php on line 17.
 1 SYSTEMPATH\CodeIgniter.php(913): App\Controllers\AboutController->__construct()
 2 SYSTEMPATH\CodeIgniter.php(493): CodeIgniter\CodeIgniter->createController()
 3 SYSTEMPATH\CodeIgniter.php(361): CodeIgniter\CodeIgniter->handleRequest(null, Object(Config\Cache), false)
 4 FCPATH\index.php(79): CodeIgniter\CodeIgniter->run()
WARNING - 2024-09-09 05:15:31 --> [DEPRECATED] Creation of dynamic property App\Controllers\AboutController::$imageModel is deprecated in APPPATH\Controllers\AboutController.php on line 18.
 1 SYSTEMPATH\CodeIgniter.php(913): App\Controllers\AboutController->__construct()
 2 SYSTEMPATH\CodeIgniter.php(493): CodeIgniter\CodeIgniter->createController()
 3 SYSTEMPATH\CodeIgniter.php(361): CodeIgniter\CodeIgniter->handleRequest(null, Object(Config\Cache), false)
 4 FCPATH\index.php(79): CodeIgniter\CodeIgniter->run()
WARNING - 2024-09-09 05:15:31 --> [DEPRECATED] Creation of dynamic property App\Controllers\AboutController::$areaModel is deprecated in APPPATH\Controllers\AboutController.php on line 19.
 1 SYSTEMPATH\CodeIgniter.php(913): App\Controllers\AboutController->__construct()
 2 SYSTEMPATH\CodeIgniter.php(493): CodeIgniter\CodeIgniter->createController()
 3 SYSTEMPATH\CodeIgniter.php(361): CodeIgniter\CodeIgniter->handleRequest(null, Object(Config\Cache), false)
 4 FCPATH\index.php(79): CodeIgniter\CodeIgniter->run()
WARNING - 2024-09-09 05:15:31 --> [DEPRECATED] Creation of dynamic property App\Controllers\AboutController::$foodModel is deprecated in APPPATH\Controllers\AboutController.php on line 20.
 1 SYSTEMPATH\CodeIgniter.php(913): App\Controllers\AboutController->__construct()
 2 SYSTEMPATH\CodeIgniter.php(493): CodeIgniter\CodeIgniter->createController()
 3 SYSTEMPATH\CodeIgniter.php(361): CodeIgniter\CodeIgniter->handleRequest(null, Object(Config\Cache), false)
 4 FCPATH\index.php(79): CodeIgniter\CodeIgniter->run()
WARNING - 2024-09-09 05:15:31 --> [DEPRECATED] Creation of dynamic property App\Controllers\AboutController::$blogModel is deprecated in APPPATH\Controllers\AboutController.php on line 21.
 1 SYSTEMPATH\CodeIgniter.php(913): App\Controllers\AboutController->__construct()
 2 SYSTEMPATH\CodeIgniter.php(493): CodeIgniter\CodeIgniter->createController()
 3 SYSTEMPATH\CodeIgniter.php(361): CodeIgniter\CodeIgniter->handleRequest(null, Object(Config\Cache), false)
 4 FCPATH\index.php(79): CodeIgniter\CodeIgniter->run()
WARNING - 2024-09-09 05:15:41 --> [DEPRECATED] Creation of dynamic property App\Controllers\AboutController::$citiesModel is deprecated in APPPATH\Controllers\AboutController.php on line 16.
 1 SYSTEMPATH\CodeIgniter.php(913): App\Controllers\AboutController->__construct()
 2 SYSTEMPATH\CodeIgniter.php(493): CodeIgniter\CodeIgniter->createController()
 3 SYSTEMPATH\CodeIgniter.php(361): CodeIgniter\CodeIgniter->handleRequest(null, Object(Config\Cache), false)
 4 FCPATH\index.php(79): CodeIgniter\CodeIgniter->run()
WARNING - 2024-09-09 05:15:41 --> [DEPRECATED] Creation of dynamic property App\Controllers\AboutController::$uttarakhandModel is deprecated in APPPATH\Controllers\AboutController.php on line 17.
 1 SYSTEMPATH\CodeIgniter.php(913): App\Controllers\AboutController->__construct()
 2 SYSTEMPATH\CodeIgniter.php(493): CodeIgniter\CodeIgniter->createController()
 3 SYSTEMPATH\CodeIgniter.php(361): CodeIgniter\CodeIgniter->handleRequest(null, Object(Config\Cache), false)
 4 FCPATH\index.php(79): CodeIgniter\CodeIgniter->run()
WARNING - 2024-09-09 05:15:41 --> [DEPRECATED] Creation of dynamic property App\Controllers\AboutController::$imageModel is deprecated in APPPATH\Controllers\AboutController.php on line 18.
 1 SYSTEMPATH\CodeIgniter.php(913): App\Controllers\AboutController->__construct()
 2 SYSTEMPATH\CodeIgniter.php(493): CodeIgniter\CodeIgniter->createController()
 3 SYSTEMPATH\CodeIgniter.php(361): CodeIgniter\CodeIgniter->handleRequest(null, Object(Config\Cache), false)
 4 FCPATH\index.php(79): CodeIgniter\CodeIgniter->run()
WARNING - 2024-09-09 05:15:41 --> [DEPRECATED] Creation of dynamic property App\Controllers\AboutController::$areaModel is deprecated in APPPATH\Controllers\AboutController.php on line 19.
 1 SYSTEMPATH\CodeIgniter.php(913): App\Controllers\AboutController->__construct()
 2 SYSTEMPATH\CodeIgniter.php(493): CodeIgniter\CodeIgniter->createController()
 3 SYSTEMPATH\CodeIgniter.php(361): CodeIgniter\CodeIgniter->handleRequest(null, Object(Config\Cache), false)
 4 FCPATH\index.php(79): CodeIgniter\CodeIgniter->run()
WARNING - 2024-09-09 05:15:41 --> [DEPRECATED] Creation of dynamic property App\Controllers\AboutController::$foodModel is deprecated in APPPATH\Controllers\AboutController.php on line 20.
 1 SYSTEMPATH\CodeIgniter.php(913): App\Controllers\AboutController->__construct()
 2 SYSTEMPATH\CodeIgniter.php(493): CodeIgniter\CodeIgniter->createController()
 3 SYSTEMPATH\CodeIgniter.php(361): CodeIgniter\CodeIgniter->handleRequest(null, Object(Config\Cache), false)
 4 FCPATH\index.php(79): CodeIgniter\CodeIgniter->run()
WARNING - 2024-09-09 05:15:41 --> [DEPRECATED] Creation of dynamic property App\Controllers\AboutController::$blogModel is deprecated in APPPATH\Controllers\AboutController.php on line 21.
 1 SYSTEMPATH\CodeIgniter.php(913): App\Controllers\AboutController->__construct()
 2 SYSTEMPATH\CodeIgniter.php(493): CodeIgniter\CodeIgniter->createController()
 3 SYSTEMPATH\CodeIgniter.php(361): CodeIgniter\CodeIgniter->handleRequest(null, Object(Config\Cache), false)
 4 FCPATH\index.php(79): CodeIgniter\CodeIgniter->run()
WARNING - 2024-09-09 05:15:43 --> [DEPRECATED] Creation of dynamic property App\Controllers\AboutController::$citiesModel is deprecated in APPPATH\Controllers\AboutController.php on line 16.
 1 SYSTEMPATH\CodeIgniter.php(913): App\Controllers\AboutController->__construct()
 2 SYSTEMPATH\CodeIgniter.php(493): CodeIgniter\CodeIgniter->createController()
 3 SYSTEMPATH\CodeIgniter.php(361): CodeIgniter\CodeIgniter->handleRequest(null, Object(Config\Cache), false)
 4 FCPATH\index.php(79): CodeIgniter\CodeIgniter->run()
WARNING - 2024-09-09 05:15:43 --> [DEPRECATED] Creation of dynamic property App\Controllers\AboutController::$uttarakhandModel is deprecated in APPPATH\Controllers\AboutController.php on line 17.
 1 SYSTEMPATH\CodeIgniter.php(913): App\Controllers\AboutController->__construct()
 2 SYSTEMPATH\CodeIgniter.php(493): CodeIgniter\CodeIgniter->createController()
 3 SYSTEMPATH\CodeIgniter.php(361): CodeIgniter\CodeIgniter->handleRequest(null, Object(Config\Cache), false)
 4 FCPATH\index.php(79): CodeIgniter\CodeIgniter->run()
WARNING - 2024-09-09 05:15:43 --> [DEPRECATED] Creation of dynamic property App\Controllers\AboutController::$imageModel is deprecated in APPPATH\Controllers\AboutController.php on line 18.
 1 SYSTEMPATH\CodeIgniter.php(913): App\Controllers\AboutController->__construct()
 2 SYSTEMPATH\CodeIgniter.php(493): CodeIgniter\CodeIgniter->createController()
 3 SYSTEMPATH\CodeIgniter.php(361): CodeIgniter\CodeIgniter->handleRequest(null, Object(Config\Cache), false)
 4 FCPATH\index.php(79): CodeIgniter\CodeIgniter->run()
WARNING - 2024-09-09 05:15:43 --> [DEPRECATED] Creation of dynamic property App\Controllers\AboutController::$areaModel is deprecated in APPPATH\Controllers\AboutController.php on line 19.
 1 SYSTEMPATH\CodeIgniter.php(913): App\Controllers\AboutController->__construct()
 2 SYSTEMPATH\CodeIgniter.php(493): CodeIgniter\CodeIgniter->createController()
 3 SYSTEMPATH\CodeIgniter.php(361): CodeIgniter\CodeIgniter->handleRequest(null, Object(Config\Cache), false)
 4 FCPATH\index.php(79): CodeIgniter\CodeIgniter->run()
WARNING - 2024-09-09 05:15:43 --> [DEPRECATED] Creation of dynamic property App\Controllers\AboutController::$foodModel is deprecated in APPPATH\Controllers\AboutController.php on line 20.
 1 SYSTEMPATH\CodeIgniter.php(913): App\Controllers\AboutController->__construct()
 2 SYSTEMPATH\CodeIgniter.php(493): CodeIgniter\CodeIgniter->createController()
 3 SYSTEMPATH\CodeIgniter.php(361): CodeIgniter\CodeIgniter->handleRequest(null, Object(Config\Cache), false)
 4 FCPATH\index.php(79): CodeIgniter\CodeIgniter->run()
WARNING - 2024-09-09 05:15:43 --> [DEPRECATED] Creation of dynamic property App\Controllers\AboutController::$blogModel is deprecated in APPPATH\Controllers\AboutController.php on line 21.
 1 SYSTEMPATH\CodeIgniter.php(913): App\Controllers\AboutController->__construct()
 2 SYSTEMPATH\CodeIgniter.php(493): CodeIgniter\CodeIgniter->createController()
 3 SYSTEMPATH\CodeIgniter.php(361): CodeIgniter\CodeIgniter->handleRequest(null, Object(Config\Cache), false)
 4 FCPATH\index.php(79): CodeIgniter\CodeIgniter->run()
WARNING - 2024-09-09 05:15:48 --> [DEPRECATED] Creation of dynamic property App\Controllers\AboutController::$citiesModel is deprecated in APPPATH\Controllers\AboutController.php on line 16.
 1 SYSTEMPATH\CodeIgniter.php(913): App\Controllers\AboutController->__construct()
 2 SYSTEMPATH\CodeIgniter.php(493): CodeIgniter\CodeIgniter->createController()
 3 SYSTEMPATH\CodeIgniter.php(361): CodeIgniter\CodeIgniter->handleRequest(null, Object(Config\Cache), false)
 4 FCPATH\index.php(79): CodeIgniter\CodeIgniter->run()
WARNING - 2024-09-09 05:15:48 --> [DEPRECATED] Creation of dynamic property App\Controllers\AboutController::$uttarakhandModel is deprecated in APPPATH\Controllers\AboutController.php on line 17.
 1 SYSTEMPATH\CodeIgniter.php(913): App\Controllers\AboutController->__construct()
 2 SYSTEMPATH\CodeIgniter.php(493): CodeIgniter\CodeIgniter->createController()
 3 SYSTEMPATH\CodeIgniter.php(361): CodeIgniter\CodeIgniter->handleRequest(null, Object(Config\Cache), false)
 4 FCPATH\index.php(79): CodeIgniter\CodeIgniter->run()
WARNING - 2024-09-09 05:15:48 --> [DEPRECATED] Creation of dynamic property App\Controllers\AboutController::$imageModel is deprecated in APPPATH\Controllers\AboutController.php on line 18.
 1 SYSTEMPATH\CodeIgniter.php(913): App\Controllers\AboutController->__construct()
 2 SYSTEMPATH\CodeIgniter.php(493): CodeIgniter\CodeIgniter->createController()
 3 SYSTEMPATH\CodeIgniter.php(361): CodeIgniter\CodeIgniter->handleRequest(null, Object(Config\Cache), false)
 4 FCPATH\index.php(79): CodeIgniter\CodeIgniter->run()
WARNING - 2024-09-09 05:15:48 --> [DEPRECATED] Creation of dynamic property App\Controllers\AboutController::$areaModel is deprecated in APPPATH\Controllers\AboutController.php on line 19.
 1 SYSTEMPATH\CodeIgniter.php(913): App\Controllers\AboutController->__construct()
 2 SYSTEMPATH\CodeIgniter.php(493): CodeIgniter\CodeIgniter->createController()
 3 SYSTEMPATH\CodeIgniter.php(361): CodeIgniter\CodeIgniter->handleRequest(null, Object(Config\Cache), false)
 4 FCPATH\index.php(79): CodeIgniter\CodeIgniter->run()
WARNING - 2024-09-09 05:15:48 --> [DEPRECATED] Creation of dynamic property App\Controllers\AboutController::$foodModel is deprecated in APPPATH\Controllers\AboutController.php on line 20.
 1 SYSTEMPATH\CodeIgniter.php(913): App\Controllers\AboutController->__construct()
 2 SYSTEMPATH\CodeIgniter.php(493): CodeIgniter\CodeIgniter->createController()
 3 SYSTEMPATH\CodeIgniter.php(361): CodeIgniter\CodeIgniter->handleRequest(null, Object(Config\Cache), false)
 4 FCPATH\index.php(79): CodeIgniter\CodeIgniter->run()
WARNING - 2024-09-09 05:15:48 --> [DEPRECATED] Creation of dynamic property App\Controllers\AboutController::$blogModel is deprecated in APPPATH\Controllers\AboutController.php on line 21.
 1 SYSTEMPATH\CodeIgniter.php(913): App\Controllers\AboutController->__construct()
 2 SYSTEMPATH\CodeIgniter.php(493): CodeIgniter\CodeIgniter->createController()
 3 SYSTEMPATH\CodeIgniter.php(361): CodeIgniter\CodeIgniter->handleRequest(null, Object(Config\Cache), false)
 4 FCPATH\index.php(79): CodeIgniter\CodeIgniter->run()
WARNING - 2024-09-09 05:15:52 --> [DEPRECATED] Creation of dynamic property App\Controllers\HomeController::$citiesModel is deprecated in APPPATH\Controllers\HomeController.php on line 19.
 1 SYSTEMPATH\CodeIgniter.php(913): App\Controllers\HomeController->__construct()
 2 SYSTEMPATH\CodeIgniter.php(493): CodeIgniter\CodeIgniter->createController()
 3 SYSTEMPATH\CodeIgniter.php(361): CodeIgniter\CodeIgniter->handleRequest(null, Object(Config\Cache), false)
 4 FCPATH\index.php(79): CodeIgniter\CodeIgniter->run()
WARNING - 2024-09-09 05:15:52 --> [DEPRECATED] Creation of dynamic property App\Controllers\HomeController::$uttarakhandModel is deprecated in APPPATH\Controllers\HomeController.php on line 20.
 1 SYSTEMPATH\CodeIgniter.php(913): App\Controllers\HomeController->__construct()
 2 SYSTEMPATH\CodeIgniter.php(493): CodeIgniter\CodeIgniter->createController()
 3 SYSTEMPATH\CodeIgniter.php(361): CodeIgniter\CodeIgniter->handleRequest(null, Object(Config\Cache), false)
 4 FCPATH\index.php(79): CodeIgniter\CodeIgniter->run()
WARNING - 2024-09-09 05:15:52 --> [DEPRECATED] Creation of dynamic property App\Controllers\HomeController::$imageModel is deprecated in APPPATH\Controllers\HomeController.php on line 21.
 1 SYSTEMPATH\CodeIgniter.php(913): App\Controllers\HomeController->__construct()
 2 SYSTEMPATH\CodeIgniter.php(493): CodeIgniter\CodeIgniter->createController()
 3 SYSTEMPATH\CodeIgniter.php(361): CodeIgniter\CodeIgniter->handleRequest(null, Object(Config\Cache), false)
 4 FCPATH\index.php(79): CodeIgniter\CodeIgniter->run()
WARNING - 2024-09-09 05:15:52 --> [DEPRECATED] Creation of dynamic property App\Controllers\HomeController::$areaModel is deprecated in APPPATH\Controllers\HomeController.php on line 22.
 1 SYSTEMPATH\CodeIgniter.php(913): App\Controllers\HomeController->__construct()
 2 SYSTEMPATH\CodeIgniter.php(493): CodeIgniter\CodeIgniter->createController()
 3 SYSTEMPATH\CodeIgniter.php(361): CodeIgniter\CodeIgniter->handleRequest(null, Object(Config\Cache), false)
 4 FCPATH\index.php(79): CodeIgniter\CodeIgniter->run()
WARNING - 2024-09-09 05:15:52 --> [DEPRECATED] Creation of dynamic property App\Controllers\HomeController::$foodModel is deprecated in APPPATH\Controllers\HomeController.php on line 23.
 1 SYSTEMPATH\CodeIgniter.php(913): App\Controllers\HomeController->__construct()
 2 SYSTEMPATH\CodeIgniter.php(493): CodeIgniter\CodeIgniter->createController()
 3 SYSTEMPATH\CodeIgniter.php(361): CodeIgniter\CodeIgniter->handleRequest(null, Object(Config\Cache), false)
 4 FCPATH\index.php(79): CodeIgniter\CodeIgniter->run()
WARNING - 2024-09-09 05:15:52 --> [DEPRECATED] Creation of dynamic property App\Controllers\HomeController::$blogModel is deprecated in APPPATH\Controllers\HomeController.php on line 24.
 1 SYSTEMPATH\CodeIgniter.php(913): App\Controllers\HomeController->__construct()
 2 SYSTEMPATH\CodeIgniter.php(493): CodeIgniter\CodeIgniter->createController()
 3 SYSTEMPATH\CodeIgniter.php(361): CodeIgniter\CodeIgniter->handleRequest(null, Object(Config\Cache), false)
 4 FCPATH\index.php(79): CodeIgniter\CodeIgniter->run()
WARNING - 2024-09-09 05:15:52 --> [DEPRECATED] Creation of dynamic property App\Controllers\HomeController::$citiesModel is deprecated in APPPATH\Controllers\HomeController.php on line 19.
 1 SYSTEMPATH\CodeIgniter.php(913): App\Controllers\HomeController->__construct()
 2 SYSTEMPATH\CodeIgniter.php(493): CodeIgniter\CodeIgniter->createController()
 3 SYSTEMPATH\CodeIgniter.php(361): CodeIgniter\CodeIgniter->handleRequest(null, Object(Config\Cache), false)
 4 FCPATH\index.php(79): CodeIgniter\CodeIgniter->run()
WARNING - 2024-09-09 05:15:52 --> [DEPRECATED] Creation of dynamic property App\Controllers\HomeController::$uttarakhandModel is deprecated in APPPATH\Controllers\HomeController.php on line 20.
 1 SYSTEMPATH\CodeIgniter.php(913): App\Controllers\HomeController->__construct()
 2 SYSTEMPATH\CodeIgniter.php(493): CodeIgniter\CodeIgniter->createController()
 3 SYSTEMPATH\CodeIgniter.php(361): CodeIgniter\CodeIgniter->handleRequest(null, Object(Config\Cache), false)
 4 FCPATH\index.php(79): CodeIgniter\CodeIgniter->run()
WARNING - 2024-09-09 05:15:52 --> [DEPRECATED] Creation of dynamic property App\Controllers\HomeController::$imageModel is deprecated in APPPATH\Controllers\HomeController.php on line 21.
 1 SYSTEMPATH\CodeIgniter.php(913): App\Controllers\HomeController->__construct()
 2 SYSTEMPATH\CodeIgniter.php(493): CodeIgniter\CodeIgniter->createController()
 3 SYSTEMPATH\CodeIgniter.php(361): CodeIgniter\CodeIgniter->handleRequest(null, Object(Config\Cache), false)
 4 FCPATH\index.php(79): CodeIgniter\CodeIgniter->run()
WARNING - 2024-09-09 05:15:52 --> [DEPRECATED] Creation of dynamic property App\Controllers\HomeController::$areaModel is deprecated in APPPATH\Controllers\HomeController.php on line 22.
 1 SYSTEMPATH\CodeIgniter.php(913): App\Controllers\HomeController->__construct()
 2 SYSTEMPATH\CodeIgniter.php(493): CodeIgniter\CodeIgniter->createController()
 3 SYSTEMPATH\CodeIgniter.php(361): CodeIgniter\CodeIgniter->handleRequest(null, Object(Config\Cache), false)
 4 FCPATH\index.php(79): CodeIgniter\CodeIgniter->run()
WARNING - 2024-09-09 05:15:52 --> [DEPRECATED] Creation of dynamic property App\Controllers\HomeController::$foodModel is deprecated in APPPATH\Controllers\HomeController.php on line 23.
 1 SYSTEMPATH\CodeIgniter.php(913): App\Controllers\HomeController->__construct()
 2 SYSTEMPATH\CodeIgniter.php(493): CodeIgniter\CodeIgniter->createController()
 3 SYSTEMPATH\CodeIgniter.php(361): CodeIgniter\CodeIgniter->handleRequest(null, Object(Config\Cache), false)
 4 FCPATH\index.php(79): CodeIgniter\CodeIgniter->run()
WARNING - 2024-09-09 05:15:52 --> [DEPRECATED] Creation of dynamic property App\Controllers\HomeController::$blogModel is deprecated in APPPATH\Controllers\HomeController.php on line 24.
 1 SYSTEMPATH\CodeIgniter.php(913): App\Controllers\HomeController->__construct()
 2 SYSTEMPATH\CodeIgniter.php(493): CodeIgniter\CodeIgniter->createController()
 3 SYSTEMPATH\CodeIgniter.php(361): CodeIgniter\CodeIgniter->handleRequest(null, Object(Config\Cache), false)
 4 FCPATH\index.php(79): CodeIgniter\CodeIgniter->run()
WARNING - 2024-09-09 05:15:52 --> [DEPRECATED] Creation of dynamic property App\Controllers\HomeController::$citiesModel is deprecated in APPPATH\Controllers\HomeController.php on line 19.
 1 SYSTEMPATH\CodeIgniter.php(913): App\Controllers\HomeController->__construct()
 2 SYSTEMPATH\CodeIgniter.php(493): CodeIgniter\CodeIgniter->createController()
 3 SYSTEMPATH\CodeIgniter.php(361): CodeIgniter\CodeIgniter->handleRequest(null, Object(Config\Cache), false)
 4 FCPATH\index.php(79): CodeIgniter\CodeIgniter->run()
WARNING - 2024-09-09 05:15:52 --> [DEPRECATED] Creation of dynamic property App\Controllers\HomeController::$uttarakhandModel is deprecated in APPPATH\Controllers\HomeController.php on line 20.
 1 SYSTEMPATH\CodeIgniter.php(913): App\Controllers\HomeController->__construct()
 2 SYSTEMPATH\CodeIgniter.php(493): CodeIgniter\CodeIgniter->createController()
 3 SYSTEMPATH\CodeIgniter.php(361): CodeIgniter\CodeIgniter->handleRequest(null, Object(Config\Cache), false)
 4 FCPATH\index.php(79): CodeIgniter\CodeIgniter->run()
WARNING - 2024-09-09 05:15:52 --> [DEPRECATED] Creation of dynamic property App\Controllers\HomeController::$imageModel is deprecated in APPPATH\Controllers\HomeController.php on line 21.
 1 SYSTEMPATH\CodeIgniter.php(913): App\Controllers\HomeController->__construct()
 2 SYSTEMPATH\CodeIgniter.php(493): CodeIgniter\CodeIgniter->createController()
 3 SYSTEMPATH\CodeIgniter.php(361): CodeIgniter\CodeIgniter->handleRequest(null, Object(Config\Cache), false)
 4 FCPATH\index.php(79): CodeIgniter\CodeIgniter->run()
WARNING - 2024-09-09 05:15:52 --> [DEPRECATED] Creation of dynamic property App\Controllers\HomeController::$areaModel is deprecated in APPPATH\Controllers\HomeController.php on line 22.
 1 SYSTEMPATH\CodeIgniter.php(913): App\Controllers\HomeController->__construct()
 2 SYSTEMPATH\CodeIgniter.php(493): CodeIgniter\CodeIgniter->createController()
 3 SYSTEMPATH\CodeIgniter.php(361): CodeIgniter\CodeIgniter->handleRequest(null, Object(Config\Cache), false)
 4 FCPATH\index.php(79): CodeIgniter\CodeIgniter->run()
WARNING - 2024-09-09 05:15:52 --> [DEPRECATED] Creation of dynamic property App\Controllers\HomeController::$foodModel is deprecated in APPPATH\Controllers\HomeController.php on line 23.
 1 SYSTEMPATH\CodeIgniter.php(913): App\Controllers\HomeController->__construct()
 2 SYSTEMPATH\CodeIgniter.php(493): CodeIgniter\CodeIgniter->createController()
 3 SYSTEMPATH\CodeIgniter.php(361): CodeIgniter\CodeIgniter->handleRequest(null, Object(Config\Cache), false)
 4 FCPATH\index.php(79): CodeIgniter\CodeIgniter->run()
WARNING - 2024-09-09 05:15:52 --> [DEPRECATED] Creation of dynamic property App\Controllers\HomeController::$blogModel is deprecated in APPPATH\Controllers\HomeController.php on line 24.
 1 SYSTEMPATH\CodeIgniter.php(913): App\Controllers\HomeController->__construct()
 2 SYSTEMPATH\CodeIgniter.php(493): CodeIgniter\CodeIgniter->createController()
 3 SYSTEMPATH\CodeIgniter.php(361): CodeIgniter\CodeIgniter->handleRequest(null, Object(Config\Cache), false)
 4 FCPATH\index.php(79): CodeIgniter\CodeIgniter->run()
WARNING - 2024-09-09 05:15:52 --> [DEPRECATED] Creation of dynamic property App\Controllers\HomeController::$citiesModel is deprecated in APPPATH\Controllers\HomeController.php on line 19.
 1 SYSTEMPATH\CodeIgniter.php(913): App\Controllers\HomeController->__construct()
 2 SYSTEMPATH\CodeIgniter.php(493): CodeIgniter\CodeIgniter->createController()
 3 SYSTEMPATH\CodeIgniter.php(361): CodeIgniter\CodeIgniter->handleRequest(null, Object(Config\Cache), false)
 4 FCPATH\index.php(79): CodeIgniter\CodeIgniter->run()
WARNING - 2024-09-09 05:15:52 --> [DEPRECATED] Creation of dynamic property App\Controllers\HomeController::$uttarakhandModel is deprecated in APPPATH\Controllers\HomeController.php on line 20.
 1 SYSTEMPATH\CodeIgniter.php(913): App\Controllers\HomeController->__construct()
 2 SYSTEMPATH\CodeIgniter.php(493): CodeIgniter\CodeIgniter->createController()
 3 SYSTEMPATH\CodeIgniter.php(361): CodeIgniter\CodeIgniter->handleRequest(null, Object(Config\Cache), false)
 4 FCPATH\index.php(79): CodeIgniter\CodeIgniter->run()
WARNING - 2024-09-09 05:15:52 --> [DEPRECATED] Creation of dynamic property App\Controllers\HomeController::$imageModel is deprecated in APPPATH\Controllers\HomeController.php on line 21.
 1 SYSTEMPATH\CodeIgniter.php(913): App\Controllers\HomeController->__construct()
 2 SYSTEMPATH\CodeIgniter.php(493): CodeIgniter\CodeIgniter->createController()
 3 SYSTEMPATH\CodeIgniter.php(361): CodeIgniter\CodeIgniter->handleRequest(null, Object(Config\Cache), false)
 4 FCPATH\index.php(79): CodeIgniter\CodeIgniter->run()
WARNING - 2024-09-09 05:15:52 --> [DEPRECATED] Creation of dynamic property App\Controllers\HomeController::$areaModel is deprecated in APPPATH\Controllers\HomeController.php on line 22.
 1 SYSTEMPATH\CodeIgniter.php(913): App\Controllers\HomeController->__construct()
 2 SYSTEMPATH\CodeIgniter.php(493): CodeIgniter\CodeIgniter->createController()
 3 SYSTEMPATH\CodeIgniter.php(361): CodeIgniter\CodeIgniter->handleRequest(null, Object(Config\Cache), false)
 4 FCPATH\index.php(79): CodeIgniter\CodeIgniter->run()
WARNING - 2024-09-09 05:15:52 --> [DEPRECATED] Creation of dynamic property App\Controllers\HomeController::$foodModel is deprecated in APPPATH\Controllers\HomeController.php on line 23.
 1 SYSTEMPATH\CodeIgniter.php(913): App\Controllers\HomeController->__construct()
 2 SYSTEMPATH\CodeIgniter.php(493): CodeIgniter\CodeIgniter->createController()
 3 SYSTEMPATH\CodeIgniter.php(361): CodeIgniter\CodeIgniter->handleRequest(null, Object(Config\Cache), false)
 4 FCPATH\index.php(79): CodeIgniter\CodeIgniter->run()
WARNING - 2024-09-09 05:15:52 --> [DEPRECATED] Creation of dynamic property App\Controllers\HomeController::$blogModel is deprecated in APPPATH\Controllers\HomeController.php on line 24.
 1 SYSTEMPATH\CodeIgniter.php(913): App\Controllers\HomeController->__construct()
 2 SYSTEMPATH\CodeIgniter.php(493): CodeIgniter\CodeIgniter->createController()
 3 SYSTEMPATH\CodeIgniter.php(361): CodeIgniter\CodeIgniter->handleRequest(null, Object(Config\Cache), false)
 4 FCPATH\index.php(79): CodeIgniter\CodeIgniter->run()
WARNING - 2024-09-09 05:15:52 --> [DEPRECATED] Creation of dynamic property App\Controllers\HomeController::$citiesModel is deprecated in APPPATH\Controllers\HomeController.php on line 19.
 1 SYSTEMPATH\CodeIgniter.php(913): App\Controllers\HomeController->__construct()
 2 SYSTEMPATH\CodeIgniter.php(493): CodeIgniter\CodeIgniter->createController()
 3 SYSTEMPATH\CodeIgniter.php(361): CodeIgniter\CodeIgniter->handleRequest(null, Object(Config\Cache), false)
 4 FCPATH\index.php(79): CodeIgniter\CodeIgniter->run()
WARNING - 2024-09-09 05:15:52 --> [DEPRECATED] Creation of dynamic property App\Controllers\HomeController::$uttarakhandModel is deprecated in APPPATH\Controllers\HomeController.php on line 20.
 1 SYSTEMPATH\CodeIgniter.php(913): App\Controllers\HomeController->__construct()
 2 SYSTEMPATH\CodeIgniter.php(493): CodeIgniter\CodeIgniter->createController()
 3 SYSTEMPATH\CodeIgniter.php(361): CodeIgniter\CodeIgniter->handleRequest(null, Object(Config\Cache), false)
 4 FCPATH\index.php(79): CodeIgniter\CodeIgniter->run()
WARNING - 2024-09-09 05:15:52 --> [DEPRECATED] Creation of dynamic property App\Controllers\HomeController::$imageModel is deprecated in APPPATH\Controllers\HomeController.php on line 21.
 1 SYSTEMPATH\CodeIgniter.php(913): App\Controllers\HomeController->__construct()
 2 SYSTEMPATH\CodeIgniter.php(493): CodeIgniter\CodeIgniter->createController()
 3 SYSTEMPATH\CodeIgniter.php(361): CodeIgniter\CodeIgniter->handleRequest(null, Object(Config\Cache), false)
 4 FCPATH\index.php(79): CodeIgniter\CodeIgniter->run()
WARNING - 2024-09-09 05:15:52 --> [DEPRECATED] Creation of dynamic property App\Controllers\HomeController::$areaModel is deprecated in APPPATH\Controllers\HomeController.php on line 22.
 1 SYSTEMPATH\CodeIgniter.php(913): App\Controllers\HomeController->__construct()
 2 SYSTEMPATH\CodeIgniter.php(493): CodeIgniter\CodeIgniter->createController()
 3 SYSTEMPATH\CodeIgniter.php(361): CodeIgniter\CodeIgniter->handleRequest(null, Object(Config\Cache), false)
 4 FCPATH\index.php(79): CodeIgniter\CodeIgniter->run()
WARNING - 2024-09-09 05:15:53 --> [DEPRECATED] Creation of dynamic property App\Controllers\HomeController::$foodModel is deprecated in APPPATH\Controllers\HomeController.php on line 23.
 1 SYSTEMPATH\CodeIgniter.php(913): App\Controllers\HomeController->__construct()
 2 SYSTEMPATH\CodeIgniter.php(493): CodeIgniter\CodeIgniter->createController()
 3 SYSTEMPATH\CodeIgniter.php(361): CodeIgniter\CodeIgniter->handleRequest(null, Object(Config\Cache), false)
 4 FCPATH\index.php(79): CodeIgniter\CodeIgniter->run()
WARNING - 2024-09-09 05:15:53 --> [DEPRECATED] Creation of dynamic property App\Controllers\HomeController::$blogModel is deprecated in APPPATH\Controllers\HomeController.php on line 24.
 1 SYSTEMPATH\CodeIgniter.php(913): App\Controllers\HomeController->__construct()
 2 SYSTEMPATH\CodeIgniter.php(493): CodeIgniter\CodeIgniter->createController()
 3 SYSTEMPATH\CodeIgniter.php(361): CodeIgniter\CodeIgniter->handleRequest(null, Object(Config\Cache), false)
 4 FCPATH\index.php(79): CodeIgniter\CodeIgniter->run()
WARNING - 2024-09-09 05:15:53 --> [DEPRECATED] Creation of dynamic property App\Controllers\HomeController::$citiesModel is deprecated in APPPATH\Controllers\HomeController.php on line 19.
 1 SYSTEMPATH\CodeIgniter.php(913): App\Controllers\HomeController->__construct()
 2 SYSTEMPATH\CodeIgniter.php(493): CodeIgniter\CodeIgniter->createController()
 3 SYSTEMPATH\CodeIgniter.php(361): CodeIgniter\CodeIgniter->handleRequest(null, Object(Config\Cache), false)
 4 FCPATH\index.php(79): CodeIgniter\CodeIgniter->run()
WARNING - 2024-09-09 05:15:53 --> [DEPRECATED] Creation of dynamic property App\Controllers\HomeController::$uttarakhandModel is deprecated in APPPATH\Controllers\HomeController.php on line 20.
 1 SYSTEMPATH\CodeIgniter.php(913): App\Controllers\HomeController->__construct()
 2 SYSTEMPATH\CodeIgniter.php(493): CodeIgniter\CodeIgniter->createController()
 3 SYSTEMPATH\CodeIgniter.php(361): CodeIgniter\CodeIgniter->handleRequest(null, Object(Config\Cache), false)
 4 FCPATH\index.php(79): CodeIgniter\CodeIgniter->run()
WARNING - 2024-09-09 05:15:53 --> [DEPRECATED] Creation of dynamic property App\Controllers\HomeController::$imageModel is deprecated in APPPATH\Controllers\HomeController.php on line 21.
 1 SYSTEMPATH\CodeIgniter.php(913): App\Controllers\HomeController->__construct()
 2 SYSTEMPATH\CodeIgniter.php(493): CodeIgniter\CodeIgniter->createController()
 3 SYSTEMPATH\CodeIgniter.php(361): CodeIgniter\CodeIgniter->handleRequest(null, Object(Config\Cache), false)
 4 FCPATH\index.php(79): CodeIgniter\CodeIgniter->run()
WARNING - 2024-09-09 05:15:53 --> [DEPRECATED] Creation of dynamic property App\Controllers\HomeController::$areaModel is deprecated in APPPATH\Controllers\HomeController.php on line 22.
 1 SYSTEMPATH\CodeIgniter.php(913): App\Controllers\HomeController->__construct()
 2 SYSTEMPATH\CodeIgniter.php(493): CodeIgniter\CodeIgniter->createController()
 3 SYSTEMPATH\CodeIgniter.php(361): CodeIgniter\CodeIgniter->handleRequest(null, Object(Config\Cache), false)
 4 FCPATH\index.php(79): CodeIgniter\CodeIgniter->run()
WARNING - 2024-09-09 05:15:53 --> [DEPRECATED] Creation of dynamic property App\Controllers\HomeController::$foodModel is deprecated in APPPATH\Controllers\HomeController.php on line 23.
 1 SYSTEMPATH\CodeIgniter.php(913): App\Controllers\HomeController->__construct()
 2 SYSTEMPATH\CodeIgniter.php(493): CodeIgniter\CodeIgniter->createController()
 3 SYSTEMPATH\CodeIgniter.php(361): CodeIgniter\CodeIgniter->handleRequest(null, Object(Config\Cache), false)
 4 FCPATH\index.php(79): CodeIgniter\CodeIgniter->run()
WARNING - 2024-09-09 05:15:53 --> [DEPRECATED] Creation of dynamic property App\Controllers\HomeController::$blogModel is deprecated in APPPATH\Controllers\HomeController.php on line 24.
 1 SYSTEMPATH\CodeIgniter.php(913): App\Controllers\HomeController->__construct()
 2 SYSTEMPATH\CodeIgniter.php(493): CodeIgniter\CodeIgniter->createController()
 3 SYSTEMPATH\CodeIgniter.php(361): CodeIgniter\CodeIgniter->handleRequest(null, Object(Config\Cache), false)
 4 FCPATH\index.php(79): CodeIgniter\CodeIgniter->run()
WARNING - 2024-09-09 05:15:53 --> [DEPRECATED] Creation of dynamic property App\Controllers\HomeController::$citiesModel is deprecated in APPPATH\Controllers\HomeController.php on line 19.
 1 SYSTEMPATH\CodeIgniter.php(913): App\Controllers\HomeController->__construct()
 2 SYSTEMPATH\CodeIgniter.php(493): CodeIgniter\CodeIgniter->createController()
 3 SYSTEMPATH\CodeIgniter.php(361): CodeIgniter\CodeIgniter->handleRequest(null, Object(Config\Cache), false)
 4 FCPATH\index.php(79): CodeIgniter\CodeIgniter->run()
WARNING - 2024-09-09 05:15:53 --> [DEPRECATED] Creation of dynamic property App\Controllers\HomeController::$uttarakhandModel is deprecated in APPPATH\Controllers\HomeController.php on line 20.
 1 SYSTEMPATH\CodeIgniter.php(913): App\Controllers\HomeController->__construct()
 2 SYSTEMPATH\CodeIgniter.php(493): CodeIgniter\CodeIgniter->createController()
 3 SYSTEMPATH\CodeIgniter.php(361): CodeIgniter\CodeIgniter->handleRequest(null, Object(Config\Cache), false)
 4 FCPATH\index.php(79): CodeIgniter\CodeIgniter->run()
WARNING - 2024-09-09 05:15:53 --> [DEPRECATED] Creation of dynamic property App\Controllers\HomeController::$imageModel is deprecated in APPPATH\Controllers\HomeController.php on line 21.
 1 SYSTEMPATH\CodeIgniter.php(913): App\Controllers\HomeController->__construct()
 2 SYSTEMPATH\CodeIgniter.php(493): CodeIgniter\CodeIgniter->createController()
 3 SYSTEMPATH\CodeIgniter.php(361): CodeIgniter\CodeIgniter->handleRequest(null, Object(Config\Cache), false)
 4 FCPATH\index.php(79): CodeIgniter\CodeIgniter->run()
WARNING - 2024-09-09 05:15:53 --> [DEPRECATED] Creation of dynamic property App\Controllers\HomeController::$areaModel is deprecated in APPPATH\Controllers\HomeController.php on line 22.
 1 SYSTEMPATH\CodeIgniter.php(913): App\Controllers\HomeController->__construct()
 2 SYSTEMPATH\CodeIgniter.php(493): CodeIgniter\CodeIgniter->createController()
 3 SYSTEMPATH\CodeIgniter.php(361): CodeIgniter\CodeIgniter->handleRequest(null, Object(Config\Cache), false)
 4 FCPATH\index.php(79): CodeIgniter\CodeIgniter->run()
WARNING - 2024-09-09 05:15:53 --> [DEPRECATED] Creation of dynamic property App\Controllers\HomeController::$foodModel is deprecated in APPPATH\Controllers\HomeController.php on line 23.
 1 SYSTEMPATH\CodeIgniter.php(913): App\Controllers\HomeController->__construct()
 2 SYSTEMPATH\CodeIgniter.php(493): CodeIgniter\CodeIgniter->createController()
 3 SYSTEMPATH\CodeIgniter.php(361): CodeIgniter\CodeIgniter->handleRequest(null, Object(Config\Cache), false)
 4 FCPATH\index.php(79): CodeIgniter\CodeIgniter->run()
WARNING - 2024-09-09 05:15:53 --> [DEPRECATED] Creation of dynamic property App\Controllers\HomeController::$blogModel is deprecated in APPPATH\Controllers\HomeController.php on line 24.
 1 SYSTEMPATH\CodeIgniter.php(913): App\Controllers\HomeController->__construct()
 2 SYSTEMPATH\CodeIgniter.php(493): CodeIgniter\CodeIgniter->createController()
 3 SYSTEMPATH\CodeIgniter.php(361): CodeIgniter\CodeIgniter->handleRequest(null, Object(Config\Cache), false)
 4 FCPATH\index.php(79): CodeIgniter\CodeIgniter->run()
WARNING - 2024-09-09 05:16:00 --> [DEPRECATED] Creation of dynamic property App\Controllers\HomeController::$citiesModel is deprecated in APPPATH\Controllers\HomeController.php on line 19.
 1 SYSTEMPATH\CodeIgniter.php(913): App\Controllers\HomeController->__construct()
 2 SYSTEMPATH\CodeIgniter.php(493): CodeIgniter\CodeIgniter->createController()
 3 SYSTEMPATH\CodeIgniter.php(361): CodeIgniter\CodeIgniter->handleRequest(null, Object(Config\Cache), false)
 4 FCPATH\index.php(79): CodeIgniter\CodeIgniter->run()
WARNING - 2024-09-09 05:16:00 --> [DEPRECATED] Creation of dynamic property App\Controllers\HomeController::$uttarakhandModel is deprecated in APPPATH\Controllers\HomeController.php on line 20.
 1 SYSTEMPATH\CodeIgniter.php(913): App\Controllers\HomeController->__construct()
 2 SYSTEMPATH\CodeIgniter.php(493): CodeIgniter\CodeIgniter->createController()
 3 SYSTEMPATH\CodeIgniter.php(361): CodeIgniter\CodeIgniter->handleRequest(null, Object(Config\Cache), false)
 4 FCPATH\index.php(79): CodeIgniter\CodeIgniter->run()
WARNING - 2024-09-09 05:16:00 --> [DEPRECATED] Creation of dynamic property App\Controllers\HomeController::$imageModel is deprecated in APPPATH\Controllers\HomeController.php on line 21.
 1 SYSTEMPATH\CodeIgniter.php(913): App\Controllers\HomeController->__construct()
 2 SYSTEMPATH\CodeIgniter.php(493): CodeIgniter\CodeIgniter->createController()
 3 SYSTEMPATH\CodeIgniter.php(361): CodeIgniter\CodeIgniter->handleRequest(null, Object(Config\Cache), false)
 4 FCPATH\index.php(79): CodeIgniter\CodeIgniter->run()
WARNING - 2024-09-09 05:16:00 --> [DEPRECATED] Creation of dynamic property App\Controllers\HomeController::$areaModel is deprecated in APPPATH\Controllers\HomeController.php on line 22.
 1 SYSTEMPATH\CodeIgniter.php(913): App\Controllers\HomeController->__construct()
 2 SYSTEMPATH\CodeIgniter.php(493): CodeIgniter\CodeIgniter->createController()
 3 SYSTEMPATH\CodeIgniter.php(361): CodeIgniter\CodeIgniter->handleRequest(null, Object(Config\Cache), false)
 4 FCPATH\index.php(79): CodeIgniter\CodeIgniter->run()
WARNING - 2024-09-09 05:16:00 --> [DEPRECATED] Creation of dynamic property App\Controllers\HomeController::$foodModel is deprecated in APPPATH\Controllers\HomeController.php on line 23.
 1 SYSTEMPATH\CodeIgniter.php(913): App\Controllers\HomeController->__construct()
 2 SYSTEMPATH\CodeIgniter.php(493): CodeIgniter\CodeIgniter->createController()
 3 SYSTEMPATH\CodeIgniter.php(361): CodeIgniter\CodeIgniter->handleRequest(null, Object(Config\Cache), false)
 4 FCPATH\index.php(79): CodeIgniter\CodeIgniter->run()
WARNING - 2024-09-09 05:16:00 --> [DEPRECATED] Creation of dynamic property App\Controllers\HomeController::$blogModel is deprecated in APPPATH\Controllers\HomeController.php on line 24.
 1 SYSTEMPATH\CodeIgniter.php(913): App\Controllers\HomeController->__construct()
 2 SYSTEMPATH\CodeIgniter.php(493): CodeIgniter\CodeIgniter->createController()
 3 SYSTEMPATH\CodeIgniter.php(361): CodeIgniter\CodeIgniter->handleRequest(null, Object(Config\Cache), false)
 4 FCPATH\index.php(79): CodeIgniter\CodeIgniter->run()
WARNING - 2024-09-09 05:16:12 --> [DEPRECATED] Creation of dynamic property App\Controllers\HomeController::$citiesModel is deprecated in APPPATH\Controllers\HomeController.php on line 19.
 1 SYSTEMPATH\CodeIgniter.php(913): App\Controllers\HomeController->__construct()
 2 SYSTEMPATH\CodeIgniter.php(493): CodeIgniter\CodeIgniter->createController()
 3 SYSTEMPATH\CodeIgniter.php(361): CodeIgniter\CodeIgniter->handleRequest(null, Object(Config\Cache), false)
 4 FCPATH\index.php(79): CodeIgniter\CodeIgniter->run()
WARNING - 2024-09-09 05:16:12 --> [DEPRECATED] Creation of dynamic property App\Controllers\HomeController::$uttarakhandModel is deprecated in APPPATH\Controllers\HomeController.php on line 20.
 1 SYSTEMPATH\CodeIgniter.php(913): App\Controllers\HomeController->__construct()
 2 SYSTEMPATH\CodeIgniter.php(493): CodeIgniter\CodeIgniter->createController()
 3 SYSTEMPATH\CodeIgniter.php(361): CodeIgniter\CodeIgniter->handleRequest(null, Object(Config\Cache), false)
 4 FCPATH\index.php(79): CodeIgniter\CodeIgniter->run()
WARNING - 2024-09-09 05:16:12 --> [DEPRECATED] Creation of dynamic property App\Controllers\HomeController::$imageModel is deprecated in APPPATH\Controllers\HomeController.php on line 21.
 1 SYSTEMPATH\CodeIgniter.php(913): App\Controllers\HomeController->__construct()
 2 SYSTEMPATH\CodeIgniter.php(493): CodeIgniter\CodeIgniter->createController()
 3 SYSTEMPATH\CodeIgniter.php(361): CodeIgniter\CodeIgniter->handleRequest(null, Object(Config\Cache), false)
 4 FCPATH\index.php(79): CodeIgniter\CodeIgniter->run()
WARNING - 2024-09-09 05:16:12 --> [DEPRECATED] Creation of dynamic property App\Controllers\HomeController::$areaModel is deprecated in APPPATH\Controllers\HomeController.php on line 22.
 1 SYSTEMPATH\CodeIgniter.php(913): App\Controllers\HomeController->__construct()
 2 SYSTEMPATH\CodeIgniter.php(493): CodeIgniter\CodeIgniter->createController()
 3 SYSTEMPATH\CodeIgniter.php(361): CodeIgniter\CodeIgniter->handleRequest(null, Object(Config\Cache), false)
 4 FCPATH\index.php(79): CodeIgniter\CodeIgniter->run()
WARNING - 2024-09-09 05:16:12 --> [DEPRECATED] Creation of dynamic property App\Controllers\HomeController::$foodModel is deprecated in APPPATH\Controllers\HomeController.php on line 23.
 1 SYSTEMPATH\CodeIgniter.php(913): App\Controllers\HomeController->__construct()
 2 SYSTEMPATH\CodeIgniter.php(493): CodeIgniter\CodeIgniter->createController()
 3 SYSTEMPATH\CodeIgniter.php(361): CodeIgniter\CodeIgniter->handleRequest(null, Object(Config\Cache), false)
 4 FCPATH\index.php(79): CodeIgniter\CodeIgniter->run()
WARNING - 2024-09-09 05:16:12 --> [DEPRECATED] Creation of dynamic property App\Controllers\HomeController::$blogModel is deprecated in APPPATH\Controllers\HomeController.php on line 24.
 1 SYSTEMPATH\CodeIgniter.php(913): App\Controllers\HomeController->__construct()
 2 SYSTEMPATH\CodeIgniter.php(493): CodeIgniter\CodeIgniter->createController()
 3 SYSTEMPATH\CodeIgniter.php(361): CodeIgniter\CodeIgniter->handleRequest(null, Object(Config\Cache), false)
 4 FCPATH\index.php(79): CodeIgniter\CodeIgniter->run()
WARNING - 2024-09-09 05:16:16 --> [DEPRECATED] Creation of dynamic property App\Controllers\HomeController::$citiesModel is deprecated in APPPATH\Controllers\HomeController.php on line 19.
 1 SYSTEMPATH\CodeIgniter.php(913): App\Controllers\HomeController->__construct()
 2 SYSTEMPATH\CodeIgniter.php(493): CodeIgniter\CodeIgniter->createController()
 3 SYSTEMPATH\CodeIgniter.php(361): CodeIgniter\CodeIgniter->handleRequest(null, Object(Config\Cache), false)
 4 FCPATH\index.php(79): CodeIgniter\CodeIgniter->run()
WARNING - 2024-09-09 05:16:16 --> [DEPRECATED] Creation of dynamic property App\Controllers\HomeController::$uttarakhandModel is deprecated in APPPATH\Controllers\HomeController.php on line 20.
 1 SYSTEMPATH\CodeIgniter.php(913): App\Controllers\HomeController->__construct()
 2 SYSTEMPATH\CodeIgniter.php(493): CodeIgniter\CodeIgniter->createController()
 3 SYSTEMPATH\CodeIgniter.php(361): CodeIgniter\CodeIgniter->handleRequest(null, Object(Config\Cache), false)
 4 FCPATH\index.php(79): CodeIgniter\CodeIgniter->run()
WARNING - 2024-09-09 05:16:16 --> [DEPRECATED] Creation of dynamic property App\Controllers\HomeController::$imageModel is deprecated in APPPATH\Controllers\HomeController.php on line 21.
 1 SYSTEMPATH\CodeIgniter.php(913): App\Controllers\HomeController->__construct()
 2 SYSTEMPATH\CodeIgniter.php(493): CodeIgniter\CodeIgniter->createController()
 3 SYSTEMPATH\CodeIgniter.php(361): CodeIgniter\CodeIgniter->handleRequest(null, Object(Config\Cache), false)
 4 FCPATH\index.php(79): CodeIgniter\CodeIgniter->run()
WARNING - 2024-09-09 05:16:16 --> [DEPRECATED] Creation of dynamic property App\Controllers\HomeController::$areaModel is deprecated in APPPATH\Controllers\HomeController.php on line 22.
 1 SYSTEMPATH\CodeIgniter.php(913): App\Controllers\HomeController->__construct()
 2 SYSTEMPATH\CodeIgniter.php(493): CodeIgniter\CodeIgniter->createController()
 3 SYSTEMPATH\CodeIgniter.php(361): CodeIgniter\CodeIgniter->handleRequest(null, Object(Config\Cache), false)
 4 FCPATH\index.php(79): CodeIgniter\CodeIgniter->run()
WARNING - 2024-09-09 05:16:16 --> [DEPRECATED] Creation of dynamic property App\Controllers\HomeController::$foodModel is deprecated in APPPATH\Controllers\HomeController.php on line 23.
 1 SYSTEMPATH\CodeIgniter.php(913): App\Controllers\HomeController->__construct()
 2 SYSTEMPATH\CodeIgniter.php(493): CodeIgniter\CodeIgniter->createController()
 3 SYSTEMPATH\CodeIgniter.php(361): CodeIgniter\CodeIgniter->handleRequest(null, Object(Config\Cache), false)
 4 FCPATH\index.php(79): CodeIgniter\CodeIgniter->run()
WARNING - 2024-09-09 05:16:16 --> [DEPRECATED] Creation of dynamic property App\Controllers\HomeController::$blogModel is deprecated in APPPATH\Controllers\HomeController.php on line 24.
 1 SYSTEMPATH\CodeIgniter.php(913): App\Controllers\HomeController->__construct()
 2 SYSTEMPATH\CodeIgniter.php(493): CodeIgniter\CodeIgniter->createController()
 3 SYSTEMPATH\CodeIgniter.php(361): CodeIgniter\CodeIgniter->handleRequest(null, Object(Config\Cache), false)
 4 FCPATH\index.php(79): CodeIgniter\CodeIgniter->run()
WARNING - 2024-09-09 05:16:19 --> [DEPRECATED] Creation of dynamic property App\Controllers\HomeController::$citiesModel is deprecated in APPPATH\Controllers\HomeController.php on line 19.
 1 SYSTEMPATH\CodeIgniter.php(913): App\Controllers\HomeController->__construct()
 2 SYSTEMPATH\CodeIgniter.php(493): CodeIgniter\CodeIgniter->createController()
 3 SYSTEMPATH\CodeIgniter.php(361): CodeIgniter\CodeIgniter->handleRequest(null, Object(Config\Cache), false)
 4 FCPATH\index.php(79): CodeIgniter\CodeIgniter->run()
WARNING - 2024-09-09 05:16:19 --> [DEPRECATED] Creation of dynamic property App\Controllers\HomeController::$uttarakhandModel is deprecated in APPPATH\Controllers\HomeController.php on line 20.
 1 SYSTEMPATH\CodeIgniter.php(913): App\Controllers\HomeController->__construct()
 2 SYSTEMPATH\CodeIgniter.php(493): CodeIgniter\CodeIgniter->createController()
 3 SYSTEMPATH\CodeIgniter.php(361): CodeIgniter\CodeIgniter->handleRequest(null, Object(Config\Cache), false)
 4 FCPATH\index.php(79): CodeIgniter\CodeIgniter->run()
WARNING - 2024-09-09 05:16:19 --> [DEPRECATED] Creation of dynamic property App\Controllers\HomeController::$imageModel is deprecated in APPPATH\Controllers\HomeController.php on line 21.
 1 SYSTEMPATH\CodeIgniter.php(913): App\Controllers\HomeController->__construct()
 2 SYSTEMPATH\CodeIgniter.php(493): CodeIgniter\CodeIgniter->createController()
 3 SYSTEMPATH\CodeIgniter.php(361): CodeIgniter\CodeIgniter->handleRequest(null, Object(Config\Cache), false)
 4 FCPATH\index.php(79): CodeIgniter\CodeIgniter->run()
WARNING - 2024-09-09 05:16:19 --> [DEPRECATED] Creation of dynamic property App\Controllers\HomeController::$areaModel is deprecated in APPPATH\Controllers\HomeController.php on line 22.
 1 SYSTEMPATH\CodeIgniter.php(913): App\Controllers\HomeController->__construct()
 2 SYSTEMPATH\CodeIgniter.php(493): CodeIgniter\CodeIgniter->createController()
 3 SYSTEMPATH\CodeIgniter.php(361): CodeIgniter\CodeIgniter->handleRequest(null, Object(Config\Cache), false)
 4 FCPATH\index.php(79): CodeIgniter\CodeIgniter->run()
WARNING - 2024-09-09 05:16:19 --> [DEPRECATED] Creation of dynamic property App\Controllers\HomeController::$foodModel is deprecated in APPPATH\Controllers\HomeController.php on line 23.
 1 SYSTEMPATH\CodeIgniter.php(913): App\Controllers\HomeController->__construct()
 2 SYSTEMPATH\CodeIgniter.php(493): CodeIgniter\CodeIgniter->createController()
 3 SYSTEMPATH\CodeIgniter.php(361): CodeIgniter\CodeIgniter->handleRequest(null, Object(Config\Cache), false)
 4 FCPATH\index.php(79): CodeIgniter\CodeIgniter->run()
WARNING - 2024-09-09 05:16:19 --> [DEPRECATED] Creation of dynamic property App\Controllers\HomeController::$blogModel is deprecated in APPPATH\Controllers\HomeController.php on line 24.
 1 SYSTEMPATH\CodeIgniter.php(913): App\Controllers\HomeController->__construct()
 2 SYSTEMPATH\CodeIgniter.php(493): CodeIgniter\CodeIgniter->createController()
 3 SYSTEMPATH\CodeIgniter.php(361): CodeIgniter\CodeIgniter->handleRequest(null, Object(Config\Cache), false)
 4 FCPATH\index.php(79): CodeIgniter\CodeIgniter->run()
WARNING - 2024-09-09 05:17:11 --> [DEPRECATED] Creation of dynamic property App\Controllers\HomeController::$citiesModel is deprecated in APPPATH\Controllers\HomeController.php on line 19.
 1 SYSTEMPATH\CodeIgniter.php(913): App\Controllers\HomeController->__construct()
 2 SYSTEMPATH\CodeIgniter.php(493): CodeIgniter\CodeIgniter->createController()
 3 SYSTEMPATH\CodeIgniter.php(361): CodeIgniter\CodeIgniter->handleRequest(null, Object(Config\Cache), false)
 4 FCPATH\index.php(79): CodeIgniter\CodeIgniter->run()
WARNING - 2024-09-09 05:17:11 --> [DEPRECATED] Creation of dynamic property App\Controllers\HomeController::$uttarakhandModel is deprecated in APPPATH\Controllers\HomeController.php on line 20.
 1 SYSTEMPATH\CodeIgniter.php(913): App\Controllers\HomeController->__construct()
 2 SYSTEMPATH\CodeIgniter.php(493): CodeIgniter\CodeIgniter->createController()
 3 SYSTEMPATH\CodeIgniter.php(361): CodeIgniter\CodeIgniter->handleRequest(null, Object(Config\Cache), false)
 4 FCPATH\index.php(79): CodeIgniter\CodeIgniter->run()
WARNING - 2024-09-09 05:17:11 --> [DEPRECATED] Creation of dynamic property App\Controllers\HomeController::$imageModel is deprecated in APPPATH\Controllers\HomeController.php on line 21.
 1 SYSTEMPATH\CodeIgniter.php(913): App\Controllers\HomeController->__construct()
 2 SYSTEMPATH\CodeIgniter.php(493): CodeIgniter\CodeIgniter->createController()
 3 SYSTEMPATH\CodeIgniter.php(361): CodeIgniter\CodeIgniter->handleRequest(null, Object(Config\Cache), false)
 4 FCPATH\index.php(79): CodeIgniter\CodeIgniter->run()
WARNING - 2024-09-09 05:17:11 --> [DEPRECATED] Creation of dynamic property App\Controllers\HomeController::$areaModel is deprecated in APPPATH\Controllers\HomeController.php on line 22.
 1 SYSTEMPATH\CodeIgniter.php(913): App\Controllers\HomeController->__construct()
 2 SYSTEMPATH\CodeIgniter.php(493): CodeIgniter\CodeIgniter->createController()
 3 SYSTEMPATH\CodeIgniter.php(361): CodeIgniter\CodeIgniter->handleRequest(null, Object(Config\Cache), false)
 4 FCPATH\index.php(79): CodeIgniter\CodeIgniter->run()
WARNING - 2024-09-09 05:17:11 --> [DEPRECATED] Creation of dynamic property App\Controllers\HomeController::$foodModel is deprecated in APPPATH\Controllers\HomeController.php on line 23.
 1 SYSTEMPATH\CodeIgniter.php(913): App\Controllers\HomeController->__construct()
 2 SYSTEMPATH\CodeIgniter.php(493): CodeIgniter\CodeIgniter->createController()
 3 SYSTEMPATH\CodeIgniter.php(361): CodeIgniter\CodeIgniter->handleRequest(null, Object(Config\Cache), false)
 4 FCPATH\index.php(79): CodeIgniter\CodeIgniter->run()
WARNING - 2024-09-09 05:17:11 --> [DEPRECATED] Creation of dynamic property App\Controllers\HomeController::$blogModel is deprecated in APPPATH\Controllers\HomeController.php on line 24.
 1 SYSTEMPATH\CodeIgniter.php(913): App\Controllers\HomeController->__construct()
 2 SYSTEMPATH\CodeIgniter.php(493): CodeIgniter\CodeIgniter->createController()
 3 SYSTEMPATH\CodeIgniter.php(361): CodeIgniter\CodeIgniter->handleRequest(null, Object(Config\Cache), false)
 4 FCPATH\index.php(79): CodeIgniter\CodeIgniter->run()
WARNING - 2024-09-09 05:17:18 --> [DEPRECATED] Creation of dynamic property App\Controllers\HomeController::$citiesModel is deprecated in APPPATH\Controllers\HomeController.php on line 19.
 1 SYSTEMPATH\CodeIgniter.php(913): App\Controllers\HomeController->__construct()
 2 SYSTEMPATH\CodeIgniter.php(493): CodeIgniter\CodeIgniter->createController()
 3 SYSTEMPATH\CodeIgniter.php(361): CodeIgniter\CodeIgniter->handleRequest(null, Object(Config\Cache), false)
 4 FCPATH\index.php(79): CodeIgniter\CodeIgniter->run()
WARNING - 2024-09-09 05:17:18 --> [DEPRECATED] Creation of dynamic property App\Controllers\HomeController::$uttarakhandModel is deprecated in APPPATH\Controllers\HomeController.php on line 20.
 1 SYSTEMPATH\CodeIgniter.php(913): App\Controllers\HomeController->__construct()
 2 SYSTEMPATH\CodeIgniter.php(493): CodeIgniter\CodeIgniter->createController()
 3 SYSTEMPATH\CodeIgniter.php(361): CodeIgniter\CodeIgniter->handleRequest(null, Object(Config\Cache), false)
 4 FCPATH\index.php(79): CodeIgniter\CodeIgniter->run()
WARNING - 2024-09-09 05:17:18 --> [DEPRECATED] Creation of dynamic property App\Controllers\HomeController::$imageModel is deprecated in APPPATH\Controllers\HomeController.php on line 21.
 1 SYSTEMPATH\CodeIgniter.php(913): App\Controllers\HomeController->__construct()
 2 SYSTEMPATH\CodeIgniter.php(493): CodeIgniter\CodeIgniter->createController()
 3 SYSTEMPATH\CodeIgniter.php(361): CodeIgniter\CodeIgniter->handleRequest(null, Object(Config\Cache), false)
 4 FCPATH\index.php(79): CodeIgniter\CodeIgniter->run()
WARNING - 2024-09-09 05:17:18 --> [DEPRECATED] Creation of dynamic property App\Controllers\HomeController::$areaModel is deprecated in APPPATH\Controllers\HomeController.php on line 22.
 1 SYSTEMPATH\CodeIgniter.php(913): App\Controllers\HomeController->__construct()
 2 SYSTEMPATH\CodeIgniter.php(493): CodeIgniter\CodeIgniter->createController()
 3 SYSTEMPATH\CodeIgniter.php(361): CodeIgniter\CodeIgniter->handleRequest(null, Object(Config\Cache), false)
 4 FCPATH\index.php(79): CodeIgniter\CodeIgniter->run()
WARNING - 2024-09-09 05:17:18 --> [DEPRECATED] Creation of dynamic property App\Controllers\HomeController::$foodModel is deprecated in APPPATH\Controllers\HomeController.php on line 23.
 1 SYSTEMPATH\CodeIgniter.php(913): App\Controllers\HomeController->__construct()
 2 SYSTEMPATH\CodeIgniter.php(493): CodeIgniter\CodeIgniter->createController()
 3 SYSTEMPATH\CodeIgniter.php(361): CodeIgniter\CodeIgniter->handleRequest(null, Object(Config\Cache), false)
 4 FCPATH\index.php(79): CodeIgniter\CodeIgniter->run()
WARNING - 2024-09-09 05:17:18 --> [DEPRECATED] Creation of dynamic property App\Controllers\HomeController::$blogModel is deprecated in APPPATH\Controllers\HomeController.php on line 24.
 1 SYSTEMPATH\CodeIgniter.php(913): App\Controllers\HomeController->__construct()
 2 SYSTEMPATH\CodeIgniter.php(493): CodeIgniter\CodeIgniter->createController()
 3 SYSTEMPATH\CodeIgniter.php(361): CodeIgniter\CodeIgniter->handleRequest(null, Object(Config\Cache), false)
 4 FCPATH\index.php(79): CodeIgniter\CodeIgniter->run()
WARNING - 2024-09-09 05:17:41 --> [DEPRECATED] Creation of dynamic property App\Controllers\HomeController::$citiesModel is deprecated in APPPATH\Controllers\HomeController.php on line 19.
 1 SYSTEMPATH\CodeIgniter.php(913): App\Controllers\HomeController->__construct()
 2 SYSTEMPATH\CodeIgniter.php(493): CodeIgniter\CodeIgniter->createController()
 3 SYSTEMPATH\CodeIgniter.php(361): CodeIgniter\CodeIgniter->handleRequest(null, Object(Config\Cache), false)
 4 FCPATH\index.php(79): CodeIgniter\CodeIgniter->run()
WARNING - 2024-09-09 05:17:41 --> [DEPRECATED] Creation of dynamic property App\Controllers\HomeController::$uttarakhandModel is deprecated in APPPATH\Controllers\HomeController.php on line 20.
 1 SYSTEMPATH\CodeIgniter.php(913): App\Controllers\HomeController->__construct()
 2 SYSTEMPATH\CodeIgniter.php(493): CodeIgniter\CodeIgniter->createController()
 3 SYSTEMPATH\CodeIgniter.php(361): CodeIgniter\CodeIgniter->handleRequest(null, Object(Config\Cache), false)
 4 FCPATH\index.php(79): CodeIgniter\CodeIgniter->run()
WARNING - 2024-09-09 05:17:41 --> [DEPRECATED] Creation of dynamic property App\Controllers\HomeController::$imageModel is deprecated in APPPATH\Controllers\HomeController.php on line 21.
 1 SYSTEMPATH\CodeIgniter.php(913): App\Controllers\HomeController->__construct()
 2 SYSTEMPATH\CodeIgniter.php(493): CodeIgniter\CodeIgniter->createController()
 3 SYSTEMPATH\CodeIgniter.php(361): CodeIgniter\CodeIgniter->handleRequest(null, Object(Config\Cache), false)
 4 FCPATH\index.php(79): CodeIgniter\CodeIgniter->run()
WARNING - 2024-09-09 05:17:41 --> [DEPRECATED] Creation of dynamic property App\Controllers\HomeController::$areaModel is deprecated in APPPATH\Controllers\HomeController.php on line 22.
 1 SYSTEMPATH\CodeIgniter.php(913): App\Controllers\HomeController->__construct()
 2 SYSTEMPATH\CodeIgniter.php(493): CodeIgniter\CodeIgniter->createController()
 3 SYSTEMPATH\CodeIgniter.php(361): CodeIgniter\CodeIgniter->handleRequest(null, Object(Config\Cache), false)
 4 FCPATH\index.php(79): CodeIgniter\CodeIgniter->run()
WARNING - 2024-09-09 05:17:41 --> [DEPRECATED] Creation of dynamic property App\Controllers\HomeController::$foodModel is deprecated in APPPATH\Controllers\HomeController.php on line 23.
 1 SYSTEMPATH\CodeIgniter.php(913): App\Controllers\HomeController->__construct()
 2 SYSTEMPATH\CodeIgniter.php(493): CodeIgniter\CodeIgniter->createController()
 3 SYSTEMPATH\CodeIgniter.php(361): CodeIgniter\CodeIgniter->handleRequest(null, Object(Config\Cache), false)
 4 FCPATH\index.php(79): CodeIgniter\CodeIgniter->run()
WARNING - 2024-09-09 05:17:41 --> [DEPRECATED] Creation of dynamic property App\Controllers\HomeController::$blogModel is deprecated in APPPATH\Controllers\HomeController.php on line 24.
 1 SYSTEMPATH\CodeIgniter.php(913): App\Controllers\HomeController->__construct()
 2 SYSTEMPATH\CodeIgniter.php(493): CodeIgniter\CodeIgniter->createController()
 3 SYSTEMPATH\CodeIgniter.php(361): CodeIgniter\CodeIgniter->handleRequest(null, Object(Config\Cache), false)
 4 FCPATH\index.php(79): CodeIgniter\CodeIgniter->run()
WARNING - 2024-09-09 05:17:54 --> [DEPRECATED] Creation of dynamic property App\Controllers\HomeController::$citiesModel is deprecated in APPPATH\Controllers\HomeController.php on line 19.
 1 SYSTEMPATH\CodeIgniter.php(913): App\Controllers\HomeController->__construct()
 2 SYSTEMPATH\CodeIgniter.php(493): CodeIgniter\CodeIgniter->createController()
 3 SYSTEMPATH\CodeIgniter.php(361): CodeIgniter\CodeIgniter->handleRequest(null, Object(Config\Cache), false)
 4 FCPATH\index.php(79): CodeIgniter\CodeIgniter->run()
WARNING - 2024-09-09 05:17:54 --> [DEPRECATED] Creation of dynamic property App\Controllers\HomeController::$uttarakhandModel is deprecated in APPPATH\Controllers\HomeController.php on line 20.
 1 SYSTEMPATH\CodeIgniter.php(913): App\Controllers\HomeController->__construct()
 2 SYSTEMPATH\CodeIgniter.php(493): CodeIgniter\CodeIgniter->createController()
 3 SYSTEMPATH\CodeIgniter.php(361): CodeIgniter\CodeIgniter->handleRequest(null, Object(Config\Cache), false)
 4 FCPATH\index.php(79): CodeIgniter\CodeIgniter->run()
WARNING - 2024-09-09 05:17:54 --> [DEPRECATED] Creation of dynamic property App\Controllers\HomeController::$imageModel is deprecated in APPPATH\Controllers\HomeController.php on line 21.
 1 SYSTEMPATH\CodeIgniter.php(913): App\Controllers\HomeController->__construct()
 2 SYSTEMPATH\CodeIgniter.php(493): CodeIgniter\CodeIgniter->createController()
 3 SYSTEMPATH\CodeIgniter.php(361): CodeIgniter\CodeIgniter->handleRequest(null, Object(Config\Cache), false)
 4 FCPATH\index.php(79): CodeIgniter\CodeIgniter->run()
WARNING - 2024-09-09 05:17:54 --> [DEPRECATED] Creation of dynamic property App\Controllers\HomeController::$areaModel is deprecated in APPPATH\Controllers\HomeController.php on line 22.
 1 SYSTEMPATH\CodeIgniter.php(913): App\Controllers\HomeController->__construct()
 2 SYSTEMPATH\CodeIgniter.php(493): CodeIgniter\CodeIgniter->createController()
 3 SYSTEMPATH\CodeIgniter.php(361): CodeIgniter\CodeIgniter->handleRequest(null, Object(Config\Cache), false)
 4 FCPATH\index.php(79): CodeIgniter\CodeIgniter->run()
WARNING - 2024-09-09 05:17:54 --> [DEPRECATED] Creation of dynamic property App\Controllers\HomeController::$foodModel is deprecated in APPPATH\Controllers\HomeController.php on line 23.
 1 SYSTEMPATH\CodeIgniter.php(913): App\Controllers\HomeController->__construct()
 2 SYSTEMPATH\CodeIgniter.php(493): CodeIgniter\CodeIgniter->createController()
 3 SYSTEMPATH\CodeIgniter.php(361): CodeIgniter\CodeIgniter->handleRequest(null, Object(Config\Cache), false)
 4 FCPATH\index.php(79): CodeIgniter\CodeIgniter->run()
WARNING - 2024-09-09 05:17:54 --> [DEPRECATED] Creation of dynamic property App\Controllers\HomeController::$blogModel is deprecated in APPPATH\Controllers\HomeController.php on line 24.
 1 SYSTEMPATH\CodeIgniter.php(913): App\Controllers\HomeController->__construct()
 2 SYSTEMPATH\CodeIgniter.php(493): CodeIgniter\CodeIgniter->createController()
 3 SYSTEMPATH\CodeIgniter.php(361): CodeIgniter\CodeIgniter->handleRequest(null, Object(Config\Cache), false)
 4 FCPATH\index.php(79): CodeIgniter\CodeIgniter->run()
WARNING - 2024-09-09 05:18:01 --> [DEPRECATED] Creation of dynamic property App\Controllers\HomeController::$citiesModel is deprecated in APPPATH\Controllers\HomeController.php on line 19.
 1 SYSTEMPATH\CodeIgniter.php(913): App\Controllers\HomeController->__construct()
 2 SYSTEMPATH\CodeIgniter.php(493): CodeIgniter\CodeIgniter->createController()
 3 SYSTEMPATH\CodeIgniter.php(361): CodeIgniter\CodeIgniter->handleRequest(null, Object(Config\Cache), false)
 4 FCPATH\index.php(79): CodeIgniter\CodeIgniter->run()
WARNING - 2024-09-09 05:18:01 --> [DEPRECATED] Creation of dynamic property App\Controllers\HomeController::$uttarakhandModel is deprecated in APPPATH\Controllers\HomeController.php on line 20.
 1 SYSTEMPATH\CodeIgniter.php(913): App\Controllers\HomeController->__construct()
 2 SYSTEMPATH\CodeIgniter.php(493): CodeIgniter\CodeIgniter->createController()
 3 SYSTEMPATH\CodeIgniter.php(361): CodeIgniter\CodeIgniter->handleRequest(null, Object(Config\Cache), false)
 4 FCPATH\index.php(79): CodeIgniter\CodeIgniter->run()
WARNING - 2024-09-09 05:18:01 --> [DEPRECATED] Creation of dynamic property App\Controllers\HomeController::$imageModel is deprecated in APPPATH\Controllers\HomeController.php on line 21.
 1 SYSTEMPATH\CodeIgniter.php(913): App\Controllers\HomeController->__construct()
 2 SYSTEMPATH\CodeIgniter.php(493): CodeIgniter\CodeIgniter->createController()
 3 SYSTEMPATH\CodeIgniter.php(361): CodeIgniter\CodeIgniter->handleRequest(null, Object(Config\Cache), false)
 4 FCPATH\index.php(79): CodeIgniter\CodeIgniter->run()
WARNING - 2024-09-09 05:18:01 --> [DEPRECATED] Creation of dynamic property App\Controllers\HomeController::$areaModel is deprecated in APPPATH\Controllers\HomeController.php on line 22.
 1 SYSTEMPATH\CodeIgniter.php(913): App\Controllers\HomeController->__construct()
 2 SYSTEMPATH\CodeIgniter.php(493): CodeIgniter\CodeIgniter->createController()
 3 SYSTEMPATH\CodeIgniter.php(361): CodeIgniter\CodeIgniter->handleRequest(null, Object(Config\Cache), false)
 4 FCPATH\index.php(79): CodeIgniter\CodeIgniter->run()
WARNING - 2024-09-09 05:18:01 --> [DEPRECATED] Creation of dynamic property App\Controllers\HomeController::$foodModel is deprecated in APPPATH\Controllers\HomeController.php on line 23.
 1 SYSTEMPATH\CodeIgniter.php(913): App\Controllers\HomeController->__construct()
 2 SYSTEMPATH\CodeIgniter.php(493): CodeIgniter\CodeIgniter->createController()
 3 SYSTEMPATH\CodeIgniter.php(361): CodeIgniter\CodeIgniter->handleRequest(null, Object(Config\Cache), false)
 4 FCPATH\index.php(79): CodeIgniter\CodeIgniter->run()
WARNING - 2024-09-09 05:18:01 --> [DEPRECATED] Creation of dynamic property App\Controllers\HomeController::$blogModel is deprecated in APPPATH\Controllers\HomeController.php on line 24.
 1 SYSTEMPATH\CodeIgniter.php(913): App\Controllers\HomeController->__construct()
 2 SYSTEMPATH\CodeIgniter.php(493): CodeIgniter\CodeIgniter->createController()
 3 SYSTEMPATH\CodeIgniter.php(361): CodeIgniter\CodeIgniter->handleRequest(null, Object(Config\Cache), false)
 4 FCPATH\index.php(79): CodeIgniter\CodeIgniter->run()
WARNING - 2024-09-09 05:18:07 --> [DEPRECATED] Creation of dynamic property App\Controllers\HomeController::$citiesModel is deprecated in APPPATH\Controllers\HomeController.php on line 19.
 1 SYSTEMPATH\CodeIgniter.php(913): App\Controllers\HomeController->__construct()
 2 SYSTEMPATH\CodeIgniter.php(493): CodeIgniter\CodeIgniter->createController()
 3 SYSTEMPATH\CodeIgniter.php(361): CodeIgniter\CodeIgniter->handleRequest(null, Object(Config\Cache), false)
 4 FCPATH\index.php(79): CodeIgniter\CodeIgniter->run()
WARNING - 2024-09-09 05:18:07 --> [DEPRECATED] Creation of dynamic property App\Controllers\HomeController::$uttarakhandModel is deprecated in APPPATH\Controllers\HomeController.php on line 20.
 1 SYSTEMPATH\CodeIgniter.php(913): App\Controllers\HomeController->__construct()
 2 SYSTEMPATH\CodeIgniter.php(493): CodeIgniter\CodeIgniter->createController()
 3 SYSTEMPATH\CodeIgniter.php(361): CodeIgniter\CodeIgniter->handleRequest(null, Object(Config\Cache), false)
 4 FCPATH\index.php(79): CodeIgniter\CodeIgniter->run()
WARNING - 2024-09-09 05:18:07 --> [DEPRECATED] Creation of dynamic property App\Controllers\HomeController::$imageModel is deprecated in APPPATH\Controllers\HomeController.php on line 21.
 1 SYSTEMPATH\CodeIgniter.php(913): App\Controllers\HomeController->__construct()
 2 SYSTEMPATH\CodeIgniter.php(493): CodeIgniter\CodeIgniter->createController()
 3 SYSTEMPATH\CodeIgniter.php(361): CodeIgniter\CodeIgniter->handleRequest(null, Object(Config\Cache), false)
 4 FCPATH\index.php(79): CodeIgniter\CodeIgniter->run()
WARNING - 2024-09-09 05:18:07 --> [DEPRECATED] Creation of dynamic property App\Controllers\HomeController::$areaModel is deprecated in APPPATH\Controllers\HomeController.php on line 22.
 1 SYSTEMPATH\CodeIgniter.php(913): App\Controllers\HomeController->__construct()
 2 SYSTEMPATH\CodeIgniter.php(493): CodeIgniter\CodeIgniter->createController()
 3 SYSTEMPATH\CodeIgniter.php(361): CodeIgniter\CodeIgniter->handleRequest(null, Object(Config\Cache), false)
 4 FCPATH\index.php(79): CodeIgniter\CodeIgniter->run()
WARNING - 2024-09-09 05:18:07 --> [DEPRECATED] Creation of dynamic property App\Controllers\HomeController::$foodModel is deprecated in APPPATH\Controllers\HomeController.php on line 23.
 1 SYSTEMPATH\CodeIgniter.php(913): App\Controllers\HomeController->__construct()
 2 SYSTEMPATH\CodeIgniter.php(493): CodeIgniter\CodeIgniter->createController()
 3 SYSTEMPATH\CodeIgniter.php(361): CodeIgniter\CodeIgniter->handleRequest(null, Object(Config\Cache), false)
 4 FCPATH\index.php(79): CodeIgniter\CodeIgniter->run()
WARNING - 2024-09-09 05:18:07 --> [DEPRECATED] Creation of dynamic property App\Controllers\HomeController::$blogModel is deprecated in APPPATH\Controllers\HomeController.php on line 24.
 1 SYSTEMPATH\CodeIgniter.php(913): App\Controllers\HomeController->__construct()
 2 SYSTEMPATH\CodeIgniter.php(493): CodeIgniter\CodeIgniter->createController()
 3 SYSTEMPATH\CodeIgniter.php(361): CodeIgniter\CodeIgniter->handleRequest(null, Object(Config\Cache), false)
 4 FCPATH\index.php(79): CodeIgniter\CodeIgniter->run()
WARNING - 2024-09-09 05:18:07 --> [DEPRECATED] Creation of dynamic property App\Controllers\HomeController::$citiesModel is deprecated in APPPATH\Controllers\HomeController.php on line 19.
 1 SYSTEMPATH\CodeIgniter.php(913): App\Controllers\HomeController->__construct()
 2 SYSTEMPATH\CodeIgniter.php(493): CodeIgniter\CodeIgniter->createController()
 3 SYSTEMPATH\CodeIgniter.php(361): CodeIgniter\CodeIgniter->handleRequest(null, Object(Config\Cache), false)
 4 FCPATH\index.php(79): CodeIgniter\CodeIgniter->run()
WARNING - 2024-09-09 05:18:07 --> [DEPRECATED] Creation of dynamic property App\Controllers\HomeController::$uttarakhandModel is deprecated in APPPATH\Controllers\HomeController.php on line 20.
 1 SYSTEMPATH\CodeIgniter.php(913): App\Controllers\HomeController->__construct()
 2 SYSTEMPATH\CodeIgniter.php(493): CodeIgniter\CodeIgniter->createController()
 3 SYSTEMPATH\CodeIgniter.php(361): CodeIgniter\CodeIgniter->handleRequest(null, Object(Config\Cache), false)
 4 FCPATH\index.php(79): CodeIgniter\CodeIgniter->run()
WARNING - 2024-09-09 05:18:07 --> [DEPRECATED] Creation of dynamic property App\Controllers\HomeController::$imageModel is deprecated in APPPATH\Controllers\HomeController.php on line 21.
 1 SYSTEMPATH\CodeIgniter.php(913): App\Controllers\HomeController->__construct()
 2 SYSTEMPATH\CodeIgniter.php(493): CodeIgniter\CodeIgniter->createController()
 3 SYSTEMPATH\CodeIgniter.php(361): CodeIgniter\CodeIgniter->handleRequest(null, Object(Config\Cache), false)
 4 FCPATH\index.php(79): CodeIgniter\CodeIgniter->run()
WARNING - 2024-09-09 05:18:07 --> [DEPRECATED] Creation of dynamic property App\Controllers\HomeController::$areaModel is deprecated in APPPATH\Controllers\HomeController.php on line 22.
 1 SYSTEMPATH\CodeIgniter.php(913): App\Controllers\HomeController->__construct()
 2 SYSTEMPATH\CodeIgniter.php(493): CodeIgniter\CodeIgniter->createController()
 3 SYSTEMPATH\CodeIgniter.php(361): CodeIgniter\CodeIgniter->handleRequest(null, Object(Config\Cache), false)
 4 FCPATH\index.php(79): CodeIgniter\CodeIgniter->run()
WARNING - 2024-09-09 05:18:07 --> [DEPRECATED] Creation of dynamic property App\Controllers\HomeController::$foodModel is deprecated in APPPATH\Controllers\HomeController.php on line 23.
 1 SYSTEMPATH\CodeIgniter.php(913): App\Controllers\HomeController->__construct()
 2 SYSTEMPATH\CodeIgniter.php(493): CodeIgniter\CodeIgniter->createController()
 3 SYSTEMPATH\CodeIgniter.php(361): CodeIgniter\CodeIgniter->handleRequest(null, Object(Config\Cache), false)
 4 FCPATH\index.php(79): CodeIgniter\CodeIgniter->run()
WARNING - 2024-09-09 05:18:07 --> [DEPRECATED] Creation of dynamic property App\Controllers\HomeController::$blogModel is deprecated in APPPATH\Controllers\HomeController.php on line 24.
 1 SYSTEMPATH\CodeIgniter.php(913): App\Controllers\HomeController->__construct()
 2 SYSTEMPATH\CodeIgniter.php(493): CodeIgniter\CodeIgniter->createController()
 3 SYSTEMPATH\CodeIgniter.php(361): CodeIgniter\CodeIgniter->handleRequest(null, Object(Config\Cache), false)
 4 FCPATH\index.php(79): CodeIgniter\CodeIgniter->run()
CRITICAL - 2024-09-09 05:18:07 --> ErrorException: Trying to access array offset on value of type null
in APPPATH\Controllers\HomeController.php on line 79.
 1 APPPATH\Controllers\HomeController.php(79): CodeIgniter\Debug\Exceptions->errorHandler(2, 'Trying to access array offset on value of type null', 'C:\\xampp\\htdocs\\uttrakhand\\app\\Controllers\\HomeController.php', 79)
 2 SYSTEMPATH\CodeIgniter.php(941): App\Controllers\HomeController->page('Almora', 'jquery-confirm.min.js')
 3 SYSTEMPATH\CodeIgniter.php(502): CodeIgniter\CodeIgniter->runController(Object(App\Controllers\HomeController))
 4 SYSTEMPATH\CodeIgniter.php(361): CodeIgniter\CodeIgniter->handleRequest(null, Object(Config\Cache), false)
 5 FCPATH\index.php(79): CodeIgniter\CodeIgniter->run()
WARNING - 2024-09-09 05:18:10 --> [DEPRECATED] Creation of dynamic property App\Controllers\HomeController::$citiesModel is deprecated in APPPATH\Controllers\HomeController.php on line 19.
 1 SYSTEMPATH\CodeIgniter.php(913): App\Controllers\HomeController->__construct()
 2 SYSTEMPATH\CodeIgniter.php(493): CodeIgniter\CodeIgniter->createController()
 3 SYSTEMPATH\CodeIgniter.php(361): CodeIgniter\CodeIgniter->handleRequest(null, Object(Config\Cache), false)
 4 FCPATH\index.php(79): CodeIgniter\CodeIgniter->run()
WARNING - 2024-09-09 05:18:10 --> [DEPRECATED] Creation of dynamic property App\Controllers\HomeController::$uttarakhandModel is deprecated in APPPATH\Controllers\HomeController.php on line 20.
 1 SYSTEMPATH\CodeIgniter.php(913): App\Controllers\HomeController->__construct()
 2 SYSTEMPATH\CodeIgniter.php(493): CodeIgniter\CodeIgniter->createController()
 3 SYSTEMPATH\CodeIgniter.php(361): CodeIgniter\CodeIgniter->handleRequest(null, Object(Config\Cache), false)
 4 FCPATH\index.php(79): CodeIgniter\CodeIgniter->run()
WARNING - 2024-09-09 05:18:10 --> [DEPRECATED] Creation of dynamic property App\Controllers\HomeController::$imageModel is deprecated in APPPATH\Controllers\HomeController.php on line 21.
 1 SYSTEMPATH\CodeIgniter.php(913): App\Controllers\HomeController->__construct()
 2 SYSTEMPATH\CodeIgniter.php(493): CodeIgniter\CodeIgniter->createController()
 3 SYSTEMPATH\CodeIgniter.php(361): CodeIgniter\CodeIgniter->handleRequest(null, Object(Config\Cache), false)
 4 FCPATH\index.php(79): CodeIgniter\CodeIgniter->run()
WARNING - 2024-09-09 05:18:10 --> [DEPRECATED] Creation of dynamic property App\Controllers\HomeController::$areaModel is deprecated in APPPATH\Controllers\HomeController.php on line 22.
 1 SYSTEMPATH\CodeIgniter.php(913): App\Controllers\HomeController->__construct()
 2 SYSTEMPATH\CodeIgniter.php(493): CodeIgniter\CodeIgniter->createController()
 3 SYSTEMPATH\CodeIgniter.php(361): CodeIgniter\CodeIgniter->handleRequest(null, Object(Config\Cache), false)
 4 FCPATH\index.php(79): CodeIgniter\CodeIgniter->run()
WARNING - 2024-09-09 05:18:10 --> [DEPRECATED] Creation of dynamic property App\Controllers\HomeController::$foodModel is deprecated in APPPATH\Controllers\HomeController.php on line 23.
 1 SYSTEMPATH\CodeIgniter.php(913): App\Controllers\HomeController->__construct()
 2 SYSTEMPATH\CodeIgniter.php(493): CodeIgniter\CodeIgniter->createController()
 3 SYSTEMPATH\CodeIgniter.php(361): CodeIgniter\CodeIgniter->handleRequest(null, Object(Config\Cache), false)
 4 FCPATH\index.php(79): CodeIgniter\CodeIgniter->run()
WARNING - 2024-09-09 05:18:10 --> [DEPRECATED] Creation of dynamic property App\Controllers\HomeController::$blogModel is deprecated in APPPATH\Controllers\HomeController.php on line 24.
 1 SYSTEMPATH\CodeIgniter.php(913): App\Controllers\HomeController->__construct()
 2 SYSTEMPATH\CodeIgniter.php(493): CodeIgniter\CodeIgniter->createController()
 3 SYSTEMPATH\CodeIgniter.php(361): CodeIgniter\CodeIgniter->handleRequest(null, Object(Config\Cache), false)
 4 FCPATH\index.php(79): CodeIgniter\CodeIgniter->run()
WARNING - 2024-09-09 05:18:11 --> [DEPRECATED] Creation of dynamic property App\Controllers\HomeController::$citiesModel is deprecated in APPPATH\Controllers\HomeController.php on line 19.
 1 SYSTEMPATH\CodeIgniter.php(913): App\Controllers\HomeController->__construct()
 2 SYSTEMPATH\CodeIgniter.php(493): CodeIgniter\CodeIgniter->createController()
 3 SYSTEMPATH\CodeIgniter.php(361): CodeIgniter\CodeIgniter->handleRequest(null, Object(Config\Cache), false)
 4 FCPATH\index.php(79): CodeIgniter\CodeIgniter->run()
WARNING - 2024-09-09 05:18:11 --> [DEPRECATED] Creation of dynamic property App\Controllers\HomeController::$uttarakhandModel is deprecated in APPPATH\Controllers\HomeController.php on line 20.
 1 SYSTEMPATH\CodeIgniter.php(913): App\Controllers\HomeController->__construct()
 2 SYSTEMPATH\CodeIgniter.php(493): CodeIgniter\CodeIgniter->createController()
 3 SYSTEMPATH\CodeIgniter.php(361): CodeIgniter\CodeIgniter->handleRequest(null, Object(Config\Cache), false)
 4 FCPATH\index.php(79): CodeIgniter\CodeIgniter->run()
WARNING - 2024-09-09 05:18:11 --> [DEPRECATED] Creation of dynamic property App\Controllers\HomeController::$imageModel is deprecated in APPPATH\Controllers\HomeController.php on line 21.
 1 SYSTEMPATH\CodeIgniter.php(913): App\Controllers\HomeController->__construct()
 2 SYSTEMPATH\CodeIgniter.php(493): CodeIgniter\CodeIgniter->createController()
 3 SYSTEMPATH\CodeIgniter.php(361): CodeIgniter\CodeIgniter->handleRequest(null, Object(Config\Cache), false)
 4 FCPATH\index.php(79): CodeIgniter\CodeIgniter->run()
WARNING - 2024-09-09 05:18:11 --> [DEPRECATED] Creation of dynamic property App\Controllers\HomeController::$areaModel is deprecated in APPPATH\Controllers\HomeController.php on line 22.
 1 SYSTEMPATH\CodeIgniter.php(913): App\Controllers\HomeController->__construct()
 2 SYSTEMPATH\CodeIgniter.php(493): CodeIgniter\CodeIgniter->createController()
 3 SYSTEMPATH\CodeIgniter.php(361): CodeIgniter\CodeIgniter->handleRequest(null, Object(Config\Cache), false)
 4 FCPATH\index.php(79): CodeIgniter\CodeIgniter->run()
WARNING - 2024-09-09 05:18:11 --> [DEPRECATED] Creation of dynamic property App\Controllers\HomeController::$foodModel is deprecated in APPPATH\Controllers\HomeController.php on line 23.
 1 SYSTEMPATH\CodeIgniter.php(913): App\Controllers\HomeController->__construct()
 2 SYSTEMPATH\CodeIgniter.php(493): CodeIgniter\CodeIgniter->createController()
 3 SYSTEMPATH\CodeIgniter.php(361): CodeIgniter\CodeIgniter->handleRequest(null, Object(Config\Cache), false)
 4 FCPATH\index.php(79): CodeIgniter\CodeIgniter->run()
WARNING - 2024-09-09 05:18:11 --> [DEPRECATED] Creation of dynamic property App\Controllers\HomeController::$blogModel is deprecated in APPPATH\Controllers\HomeController.php on line 24.
 1 SYSTEMPATH\CodeIgniter.php(913): App\Controllers\HomeController->__construct()
 2 SYSTEMPATH\CodeIgniter.php(493): CodeIgniter\CodeIgniter->createController()
 3 SYSTEMPATH\CodeIgniter.php(361): CodeIgniter\CodeIgniter->handleRequest(null, Object(Config\Cache), false)
 4 FCPATH\index.php(79): CodeIgniter\CodeIgniter->run()
CRITICAL - 2024-09-09 05:18:11 --> ErrorException: Trying to access array offset on value of type null
in APPPATH\Controllers\HomeController.php on line 79.
 1 APPPATH\Controllers\HomeController.php(79): CodeIgniter\Debug\Exceptions->errorHandler(2, 'Trying to access array offset on value of type null', 'C:\\xampp\\htdocs\\uttrakhand\\app\\Controllers\\HomeController.php', 79)
 2 SYSTEMPATH\CodeIgniter.php(941): App\Controllers\HomeController->page('Almora', 'jquery-confirm.min.js')
 3 SYSTEMPATH\CodeIgniter.php(502): CodeIgniter\CodeIgniter->runController(Object(App\Controllers\HomeController))
 4 SYSTEMPATH\CodeIgniter.php(361): CodeIgniter\CodeIgniter->handleRequest(null, Object(Config\Cache), false)
 5 FCPATH\index.php(79): CodeIgniter\CodeIgniter->run()
WARNING - 2024-09-09 05:18:14 --> [DEPRECATED] Creation of dynamic property App\Controllers\HomeController::$citiesModel is deprecated in APPPATH\Controllers\HomeController.php on line 19.
 1 SYSTEMPATH\CodeIgniter.php(913): App\Controllers\HomeController->__construct()
 2 SYSTEMPATH\CodeIgniter.php(493): CodeIgniter\CodeIgniter->createController()
 3 SYSTEMPATH\CodeIgniter.php(361): CodeIgniter\CodeIgniter->handleRequest(null, Object(Config\Cache), false)
 4 FCPATH\index.php(79): CodeIgniter\CodeIgniter->run()
WARNING - 2024-09-09 05:18:14 --> [DEPRECATED] Creation of dynamic property App\Controllers\HomeController::$uttarakhandModel is deprecated in APPPATH\Controllers\HomeController.php on line 20.
 1 SYSTEMPATH\CodeIgniter.php(913): App\Controllers\HomeController->__construct()
 2 SYSTEMPATH\CodeIgniter.php(493): CodeIgniter\CodeIgniter->createController()
 3 SYSTEMPATH\CodeIgniter.php(361): CodeIgniter\CodeIgniter->handleRequest(null, Object(Config\Cache), false)
 4 FCPATH\index.php(79): CodeIgniter\CodeIgniter->run()
WARNING - 2024-09-09 05:18:14 --> [DEPRECATED] Creation of dynamic property App\Controllers\HomeController::$imageModel is deprecated in APPPATH\Controllers\HomeController.php on line 21.
 1 SYSTEMPATH\CodeIgniter.php(913): App\Controllers\HomeController->__construct()
 2 SYSTEMPATH\CodeIgniter.php(493): CodeIgniter\CodeIgniter->createController()
 3 SYSTEMPATH\CodeIgniter.php(361): CodeIgniter\CodeIgniter->handleRequest(null, Object(Config\Cache), false)
 4 FCPATH\index.php(79): CodeIgniter\CodeIgniter->run()
WARNING - 2024-09-09 05:18:14 --> [DEPRECATED] Creation of dynamic property App\Controllers\HomeController::$areaModel is deprecated in APPPATH\Controllers\HomeController.php on line 22.
 1 SYSTEMPATH\CodeIgniter.php(913): App\Controllers\HomeController->__construct()
 2 SYSTEMPATH\CodeIgniter.php(493): CodeIgniter\CodeIgniter->createController()
 3 SYSTEMPATH\CodeIgniter.php(361): CodeIgniter\CodeIgniter->handleRequest(null, Object(Config\Cache), false)
 4 FCPATH\index.php(79): CodeIgniter\CodeIgniter->run()
WARNING - 2024-09-09 05:18:14 --> [DEPRECATED] Creation of dynamic property App\Controllers\HomeController::$foodModel is deprecated in APPPATH\Controllers\HomeController.php on line 23.
 1 SYSTEMPATH\CodeIgniter.php(913): App\Controllers\HomeController->__construct()
 2 SYSTEMPATH\CodeIgniter.php(493): CodeIgniter\CodeIgniter->createController()
 3 SYSTEMPATH\CodeIgniter.php(361): CodeIgniter\CodeIgniter->handleRequest(null, Object(Config\Cache), false)
 4 FCPATH\index.php(79): CodeIgniter\CodeIgniter->run()
WARNING - 2024-09-09 05:18:14 --> [DEPRECATED] Creation of dynamic property App\Controllers\HomeController::$blogModel is deprecated in APPPATH\Controllers\HomeController.php on line 24.
 1 SYSTEMPATH\CodeIgniter.php(913): App\Controllers\HomeController->__construct()
 2 SYSTEMPATH\CodeIgniter.php(493): CodeIgniter\CodeIgniter->createController()
 3 SYSTEMPATH\CodeIgniter.php(361): CodeIgniter\CodeIgniter->handleRequest(null, Object(Config\Cache), false)
 4 FCPATH\index.php(79): CodeIgniter\CodeIgniter->run()
WARNING - 2024-09-09 05:18:48 --> [DEPRECATED] Creation of dynamic property App\Controllers\HomeController::$citiesModel is deprecated in APPPATH\Controllers\HomeController.php on line 19.
 1 SYSTEMPATH\CodeIgniter.php(913): App\Controllers\HomeController->__construct()
 2 SYSTEMPATH\CodeIgniter.php(493): CodeIgniter\CodeIgniter->createController()
 3 SYSTEMPATH\CodeIgniter.php(361): CodeIgniter\CodeIgniter->handleRequest(null, Object(Config\Cache), false)
 4 FCPATH\index.php(79): CodeIgniter\CodeIgniter->run()
WARNING - 2024-09-09 05:18:48 --> [DEPRECATED] Creation of dynamic property App\Controllers\HomeController::$uttarakhandModel is deprecated in APPPATH\Controllers\HomeController.php on line 20.
 1 SYSTEMPATH\CodeIgniter.php(913): App\Controllers\HomeController->__construct()
 2 SYSTEMPATH\CodeIgniter.php(493): CodeIgniter\CodeIgniter->createController()
 3 SYSTEMPATH\CodeIgniter.php(361): CodeIgniter\CodeIgniter->handleRequest(null, Object(Config\Cache), false)
 4 FCPATH\index.php(79): CodeIgniter\CodeIgniter->run()
WARNING - 2024-09-09 05:18:48 --> [DEPRECATED] Creation of dynamic property App\Controllers\HomeController::$imageModel is deprecated in APPPATH\Controllers\HomeController.php on line 21.
 1 SYSTEMPATH\CodeIgniter.php(913): App\Controllers\HomeController->__construct()
 2 SYSTEMPATH\CodeIgniter.php(493): CodeIgniter\CodeIgniter->createController()
 3 SYSTEMPATH\CodeIgniter.php(361): CodeIgniter\CodeIgniter->handleRequest(null, Object(Config\Cache), false)
 4 FCPATH\index.php(79): CodeIgniter\CodeIgniter->run()
WARNING - 2024-09-09 05:18:48 --> [DEPRECATED] Creation of dynamic property App\Controllers\HomeController::$areaModel is deprecated in APPPATH\Controllers\HomeController.php on line 22.
 1 SYSTEMPATH\CodeIgniter.php(913): App\Controllers\HomeController->__construct()
 2 SYSTEMPATH\CodeIgniter.php(493): CodeIgniter\CodeIgniter->createController()
 3 SYSTEMPATH\CodeIgniter.php(361): CodeIgniter\CodeIgniter->handleRequest(null, Object(Config\Cache), false)
 4 FCPATH\index.php(79): CodeIgniter\CodeIgniter->run()
WARNING - 2024-09-09 05:18:48 --> [DEPRECATED] Creation of dynamic property App\Controllers\HomeController::$foodModel is deprecated in APPPATH\Controllers\HomeController.php on line 23.
 1 SYSTEMPATH\CodeIgniter.php(913): App\Controllers\HomeController->__construct()
 2 SYSTEMPATH\CodeIgniter.php(493): CodeIgniter\CodeIgniter->createController()
 3 SYSTEMPATH\CodeIgniter.php(361): CodeIgniter\CodeIgniter->handleRequest(null, Object(Config\Cache), false)
 4 FCPATH\index.php(79): CodeIgniter\CodeIgniter->run()
WARNING - 2024-09-09 05:18:48 --> [DEPRECATED] Creation of dynamic property App\Controllers\HomeController::$blogModel is deprecated in APPPATH\Controllers\HomeController.php on line 24.
 1 SYSTEMPATH\CodeIgniter.php(913): App\Controllers\HomeController->__construct()
 2 SYSTEMPATH\CodeIgniter.php(493): CodeIgniter\CodeIgniter->createController()
 3 SYSTEMPATH\CodeIgniter.php(361): CodeIgniter\CodeIgniter->handleRequest(null, Object(Config\Cache), false)
 4 FCPATH\index.php(79): CodeIgniter\CodeIgniter->run()
WARNING - 2024-09-09 05:18:52 --> [DEPRECATED] Creation of dynamic property App\Controllers\HomeController::$citiesModel is deprecated in APPPATH\Controllers\HomeController.php on line 19.
 1 SYSTEMPATH\CodeIgniter.php(913): App\Controllers\HomeController->__construct()
 2 SYSTEMPATH\CodeIgniter.php(493): CodeIgniter\CodeIgniter->createController()
 3 SYSTEMPATH\CodeIgniter.php(361): CodeIgniter\CodeIgniter->handleRequest(null, Object(Config\Cache), false)
 4 FCPATH\index.php(79): CodeIgniter\CodeIgniter->run()
WARNING - 2024-09-09 05:18:52 --> [DEPRECATED] Creation of dynamic property App\Controllers\HomeController::$uttarakhandModel is deprecated in APPPATH\Controllers\HomeController.php on line 20.
 1 SYSTEMPATH\CodeIgniter.php(913): App\Controllers\HomeController->__construct()
 2 SYSTEMPATH\CodeIgniter.php(493): CodeIgniter\CodeIgniter->createController()
 3 SYSTEMPATH\CodeIgniter.php(361): CodeIgniter\CodeIgniter->handleRequest(null, Object(Config\Cache), false)
 4 FCPATH\index.php(79): CodeIgniter\CodeIgniter->run()
WARNING - 2024-09-09 05:18:52 --> [DEPRECATED] Creation of dynamic property App\Controllers\HomeController::$imageModel is deprecated in APPPATH\Controllers\HomeController.php on line 21.
 1 SYSTEMPATH\CodeIgniter.php(913): App\Controllers\HomeController->__construct()
 2 SYSTEMPATH\CodeIgniter.php(493): CodeIgniter\CodeIgniter->createController()
 3 SYSTEMPATH\CodeIgniter.php(361): CodeIgniter\CodeIgniter->handleRequest(null, Object(Config\Cache), false)
 4 FCPATH\index.php(79): CodeIgniter\CodeIgniter->run()
WARNING - 2024-09-09 05:18:52 --> [DEPRECATED] Creation of dynamic property App\Controllers\HomeController::$areaModel is deprecated in APPPATH\Controllers\HomeController.php on line 22.
 1 SYSTEMPATH\CodeIgniter.php(913): App\Controllers\HomeController->__construct()
 2 SYSTEMPATH\CodeIgniter.php(493): CodeIgniter\CodeIgniter->createController()
 3 SYSTEMPATH\CodeIgniter.php(361): CodeIgniter\CodeIgniter->handleRequest(null, Object(Config\Cache), false)
 4 FCPATH\index.php(79): CodeIgniter\CodeIgniter->run()
WARNING - 2024-09-09 05:18:52 --> [DEPRECATED] Creation of dynamic property App\Controllers\HomeController::$foodModel is deprecated in APPPATH\Controllers\HomeController.php on line 23.
 1 SYSTEMPATH\CodeIgniter.php(913): App\Controllers\HomeController->__construct()
 2 SYSTEMPATH\CodeIgniter.php(493): CodeIgniter\CodeIgniter->createController()
 3 SYSTEMPATH\CodeIgniter.php(361): CodeIgniter\CodeIgniter->handleRequest(null, Object(Config\Cache), false)
 4 FCPATH\index.php(79): CodeIgniter\CodeIgniter->run()
WARNING - 2024-09-09 05:18:52 --> [DEPRECATED] Creation of dynamic property App\Controllers\HomeController::$blogModel is deprecated in APPPATH\Controllers\HomeController.php on line 24.
 1 SYSTEMPATH\CodeIgniter.php(913): App\Controllers\HomeController->__construct()
 2 SYSTEMPATH\CodeIgniter.php(493): CodeIgniter\CodeIgniter->createController()
 3 SYSTEMPATH\CodeIgniter.php(361): CodeIgniter\CodeIgniter->handleRequest(null, Object(Config\Cache), false)
 4 FCPATH\index.php(79): CodeIgniter\CodeIgniter->run()
WARNING - 2024-09-09 05:18:55 --> [DEPRECATED] Creation of dynamic property App\Controllers\HomeController::$citiesModel is deprecated in APPPATH\Controllers\HomeController.php on line 19.
 1 SYSTEMPATH\CodeIgniter.php(913): App\Controllers\HomeController->__construct()
 2 SYSTEMPATH\CodeIgniter.php(493): CodeIgniter\CodeIgniter->createController()
 3 SYSTEMPATH\CodeIgniter.php(361): CodeIgniter\CodeIgniter->handleRequest(null, Object(Config\Cache), false)
 4 FCPATH\index.php(79): CodeIgniter\CodeIgniter->run()
WARNING - 2024-09-09 05:18:55 --> [DEPRECATED] Creation of dynamic property App\Controllers\HomeController::$uttarakhandModel is deprecated in APPPATH\Controllers\HomeController.php on line 20.
 1 SYSTEMPATH\CodeIgniter.php(913): App\Controllers\HomeController->__construct()
 2 SYSTEMPATH\CodeIgniter.php(493): CodeIgniter\CodeIgniter->createController()
 3 SYSTEMPATH\CodeIgniter.php(361): CodeIgniter\CodeIgniter->handleRequest(null, Object(Config\Cache), false)
 4 FCPATH\index.php(79): CodeIgniter\CodeIgniter->run()
WARNING - 2024-09-09 05:18:55 --> [DEPRECATED] Creation of dynamic property App\Controllers\HomeController::$imageModel is deprecated in APPPATH\Controllers\HomeController.php on line 21.
 1 SYSTEMPATH\CodeIgniter.php(913): App\Controllers\HomeController->__construct()
 2 SYSTEMPATH\CodeIgniter.php(493): CodeIgniter\CodeIgniter->createController()
 3 SYSTEMPATH\CodeIgniter.php(361): CodeIgniter\CodeIgniter->handleRequest(null, Object(Config\Cache), false)
 4 FCPATH\index.php(79): CodeIgniter\CodeIgniter->run()
WARNING - 2024-09-09 05:18:55 --> [DEPRECATED] Creation of dynamic property App\Controllers\HomeController::$areaModel is deprecated in APPPATH\Controllers\HomeController.php on line 22.
 1 SYSTEMPATH\CodeIgniter.php(913): App\Controllers\HomeController->__construct()
 2 SYSTEMPATH\CodeIgniter.php(493): CodeIgniter\CodeIgniter->createController()
 3 SYSTEMPATH\CodeIgniter.php(361): CodeIgniter\CodeIgniter->handleRequest(null, Object(Config\Cache), false)
 4 FCPATH\index.php(79): CodeIgniter\CodeIgniter->run()
WARNING - 2024-09-09 05:18:55 --> [DEPRECATED] Creation of dynamic property App\Controllers\HomeController::$foodModel is deprecated in APPPATH\Controllers\HomeController.php on line 23.
 1 SYSTEMPATH\CodeIgniter.php(913): App\Controllers\HomeController->__construct()
 2 SYSTEMPATH\CodeIgniter.php(493): CodeIgniter\CodeIgniter->createController()
 3 SYSTEMPATH\CodeIgniter.php(361): CodeIgniter\CodeIgniter->handleRequest(null, Object(Config\Cache), false)
 4 FCPATH\index.php(79): CodeIgniter\CodeIgniter->run()
WARNING - 2024-09-09 05:18:55 --> [DEPRECATED] Creation of dynamic property App\Controllers\HomeController::$blogModel is deprecated in APPPATH\Controllers\HomeController.php on line 24.
 1 SYSTEMPATH\CodeIgniter.php(913): App\Controllers\HomeController->__construct()
 2 SYSTEMPATH\CodeIgniter.php(493): CodeIgniter\CodeIgniter->createController()
 3 SYSTEMPATH\CodeIgniter.php(361): CodeIgniter\CodeIgniter->handleRequest(null, Object(Config\Cache), false)
 4 FCPATH\index.php(79): CodeIgniter\CodeIgniter->run()
WARNING - 2024-09-09 05:19:04 --> [DEPRECATED] Creation of dynamic property App\Controllers\HomeController::$citiesModel is deprecated in APPPATH\Controllers\HomeController.php on line 19.
 1 SYSTEMPATH\CodeIgniter.php(913): App\Controllers\HomeController->__construct()
 2 SYSTEMPATH\CodeIgniter.php(493): CodeIgniter\CodeIgniter->createController()
 3 SYSTEMPATH\CodeIgniter.php(361): CodeIgniter\CodeIgniter->handleRequest(null, Object(Config\Cache), false)
 4 FCPATH\index.php(79): CodeIgniter\CodeIgniter->run()
WARNING - 2024-09-09 05:19:04 --> [DEPRECATED] Creation of dynamic property App\Controllers\HomeController::$uttarakhandModel is deprecated in APPPATH\Controllers\HomeController.php on line 20.
 1 SYSTEMPATH\CodeIgniter.php(913): App\Controllers\HomeController->__construct()
 2 SYSTEMPATH\CodeIgniter.php(493): CodeIgniter\CodeIgniter->createController()
 3 SYSTEMPATH\CodeIgniter.php(361): CodeIgniter\CodeIgniter->handleRequest(null, Object(Config\Cache), false)
 4 FCPATH\index.php(79): CodeIgniter\CodeIgniter->run()
WARNING - 2024-09-09 05:19:04 --> [DEPRECATED] Creation of dynamic property App\Controllers\HomeController::$imageModel is deprecated in APPPATH\Controllers\HomeController.php on line 21.
 1 SYSTEMPATH\CodeIgniter.php(913): App\Controllers\HomeController->__construct()
 2 SYSTEMPATH\CodeIgniter.php(493): CodeIgniter\CodeIgniter->createController()
 3 SYSTEMPATH\CodeIgniter.php(361): CodeIgniter\CodeIgniter->handleRequest(null, Object(Config\Cache), false)
 4 FCPATH\index.php(79): CodeIgniter\CodeIgniter->run()
WARNING - 2024-09-09 05:19:04 --> [DEPRECATED] Creation of dynamic property App\Controllers\HomeController::$areaModel is deprecated in APPPATH\Controllers\HomeController.php on line 22.
 1 SYSTEMPATH\CodeIgniter.php(913): App\Controllers\HomeController->__construct()
 2 SYSTEMPATH\CodeIgniter.php(493): CodeIgniter\CodeIgniter->createController()
 3 SYSTEMPATH\CodeIgniter.php(361): CodeIgniter\CodeIgniter->handleRequest(null, Object(Config\Cache), false)
 4 FCPATH\index.php(79): CodeIgniter\CodeIgniter->run()
WARNING - 2024-09-09 05:19:04 --> [DEPRECATED] Creation of dynamic property App\Controllers\HomeController::$foodModel is deprecated in APPPATH\Controllers\HomeController.php on line 23.
 1 SYSTEMPATH\CodeIgniter.php(913): App\Controllers\HomeController->__construct()
 2 SYSTEMPATH\CodeIgniter.php(493): CodeIgniter\CodeIgniter->createController()
 3 SYSTEMPATH\CodeIgniter.php(361): CodeIgniter\CodeIgniter->handleRequest(null, Object(Config\Cache), false)
 4 FCPATH\index.php(79): CodeIgniter\CodeIgniter->run()
WARNING - 2024-09-09 05:19:04 --> [DEPRECATED] Creation of dynamic property App\Controllers\HomeController::$blogModel is deprecated in APPPATH\Controllers\HomeController.php on line 24.
 1 SYSTEMPATH\CodeIgniter.php(913): App\Controllers\HomeController->__construct()
 2 SYSTEMPATH\CodeIgniter.php(493): CodeIgniter\CodeIgniter->createController()
 3 SYSTEMPATH\CodeIgniter.php(361): CodeIgniter\CodeIgniter->handleRequest(null, Object(Config\Cache), false)
 4 FCPATH\index.php(79): CodeIgniter\CodeIgniter->run()
WARNING - 2024-09-09 05:19:04 --> [DEPRECATED] Creation of dynamic property App\Controllers\HomeController::$citiesModel is deprecated in APPPATH\Controllers\HomeController.php on line 19.
 1 SYSTEMPATH\CodeIgniter.php(913): App\Controllers\HomeController->__construct()
 2 SYSTEMPATH\CodeIgniter.php(493): CodeIgniter\CodeIgniter->createController()
 3 SYSTEMPATH\CodeIgniter.php(361): CodeIgniter\CodeIgniter->handleRequest(null, Object(Config\Cache), false)
 4 FCPATH\index.php(79): CodeIgniter\CodeIgniter->run()
WARNING - 2024-09-09 05:19:04 --> [DEPRECATED] Creation of dynamic property App\Controllers\HomeController::$uttarakhandModel is deprecated in APPPATH\Controllers\HomeController.php on line 20.
 1 SYSTEMPATH\CodeIgniter.php(913): App\Controllers\HomeController->__construct()
 2 SYSTEMPATH\CodeIgniter.php(493): CodeIgniter\CodeIgniter->createController()
 3 SYSTEMPATH\CodeIgniter.php(361): CodeIgniter\CodeIgniter->handleRequest(null, Object(Config\Cache), false)
 4 FCPATH\index.php(79): CodeIgniter\CodeIgniter->run()
WARNING - 2024-09-09 05:19:04 --> [DEPRECATED] Creation of dynamic property App\Controllers\HomeController::$imageModel is deprecated in APPPATH\Controllers\HomeController.php on line 21.
 1 SYSTEMPATH\CodeIgniter.php(913): App\Controllers\HomeController->__construct()
 2 SYSTEMPATH\CodeIgniter.php(493): CodeIgniter\CodeIgniter->createController()
 3 SYSTEMPATH\CodeIgniter.php(361): CodeIgniter\CodeIgniter->handleRequest(null, Object(Config\Cache), false)
 4 FCPATH\index.php(79): CodeIgniter\CodeIgniter->run()
WARNING - 2024-09-09 05:19:04 --> [DEPRECATED] Creation of dynamic property App\Controllers\HomeController::$areaModel is deprecated in APPPATH\Controllers\HomeController.php on line 22.
 1 SYSTEMPATH\CodeIgniter.php(913): App\Controllers\HomeController->__construct()
 2 SYSTEMPATH\CodeIgniter.php(493): CodeIgniter\CodeIgniter->createController()
 3 SYSTEMPATH\CodeIgniter.php(361): CodeIgniter\CodeIgniter->handleRequest(null, Object(Config\Cache), false)
 4 FCPATH\index.php(79): CodeIgniter\CodeIgniter->run()
WARNING - 2024-09-09 05:19:04 --> [DEPRECATED] Creation of dynamic property App\Controllers\HomeController::$foodModel is deprecated in APPPATH\Controllers\HomeController.php on line 23.
 1 SYSTEMPATH\CodeIgniter.php(913): App\Controllers\HomeController->__construct()
 2 SYSTEMPATH\CodeIgniter.php(493): CodeIgniter\CodeIgniter->createController()
 3 SYSTEMPATH\CodeIgniter.php(361): CodeIgniter\CodeIgniter->handleRequest(null, Object(Config\Cache), false)
 4 FCPATH\index.php(79): CodeIgniter\CodeIgniter->run()
WARNING - 2024-09-09 05:19:04 --> [DEPRECATED] Creation of dynamic property App\Controllers\HomeController::$blogModel is deprecated in APPPATH\Controllers\HomeController.php on line 24.
 1 SYSTEMPATH\CodeIgniter.php(913): App\Controllers\HomeController->__construct()
 2 SYSTEMPATH\CodeIgniter.php(493): CodeIgniter\CodeIgniter->createController()
 3 SYSTEMPATH\CodeIgniter.php(361): CodeIgniter\CodeIgniter->handleRequest(null, Object(Config\Cache), false)
 4 FCPATH\index.php(79): CodeIgniter\CodeIgniter->run()
WARNING - 2024-09-09 05:19:05 --> [DEPRECATED] Creation of dynamic property App\Controllers\HomeController::$citiesModel is deprecated in APPPATH\Controllers\HomeController.php on line 19.
 1 SYSTEMPATH\CodeIgniter.php(913): App\Controllers\HomeController->__construct()
 2 SYSTEMPATH\CodeIgniter.php(493): CodeIgniter\CodeIgniter->createController()
 3 SYSTEMPATH\CodeIgniter.php(361): CodeIgniter\CodeIgniter->handleRequest(null, Object(Config\Cache), false)
 4 FCPATH\index.php(79): CodeIgniter\CodeIgniter->run()
WARNING - 2024-09-09 05:19:05 --> [DEPRECATED] Creation of dynamic property App\Controllers\HomeController::$uttarakhandModel is deprecated in APPPATH\Controllers\HomeController.php on line 20.
 1 SYSTEMPATH\CodeIgniter.php(913): App\Controllers\HomeController->__construct()
 2 SYSTEMPATH\CodeIgniter.php(493): CodeIgniter\CodeIgniter->createController()
 3 SYSTEMPATH\CodeIgniter.php(361): CodeIgniter\CodeIgniter->handleRequest(null, Object(Config\Cache), false)
 4 FCPATH\index.php(79): CodeIgniter\CodeIgniter->run()
WARNING - 2024-09-09 05:19:05 --> [DEPRECATED] Creation of dynamic property App\Controllers\HomeController::$imageModel is deprecated in APPPATH\Controllers\HomeController.php on line 21.
 1 SYSTEMPATH\CodeIgniter.php(913): App\Controllers\HomeController->__construct()
 2 SYSTEMPATH\CodeIgniter.php(493): CodeIgniter\CodeIgniter->createController()
 3 SYSTEMPATH\CodeIgniter.php(361): CodeIgniter\CodeIgniter->handleRequest(null, Object(Config\Cache), false)
 4 FCPATH\index.php(79): CodeIgniter\CodeIgniter->run()
WARNING - 2024-09-09 05:19:05 --> [DEPRECATED] Creation of dynamic property App\Controllers\HomeController::$areaModel is deprecated in APPPATH\Controllers\HomeController.php on line 22.
 1 SYSTEMPATH\CodeIgniter.php(913): App\Controllers\HomeController->__construct()
 2 SYSTEMPATH\CodeIgniter.php(493): CodeIgniter\CodeIgniter->createController()
 3 SYSTEMPATH\CodeIgniter.php(361): CodeIgniter\CodeIgniter->handleRequest(null, Object(Config\Cache), false)
 4 FCPATH\index.php(79): CodeIgniter\CodeIgniter->run()
WARNING - 2024-09-09 05:19:05 --> [DEPRECATED] Creation of dynamic property App\Controllers\HomeController::$foodModel is deprecated in APPPATH\Controllers\HomeController.php on line 23.
 1 SYSTEMPATH\CodeIgniter.php(913): App\Controllers\HomeController->__construct()
 2 SYSTEMPATH\CodeIgniter.php(493): CodeIgniter\CodeIgniter->createController()
 3 SYSTEMPATH\CodeIgniter.php(361): CodeIgniter\CodeIgniter->handleRequest(null, Object(Config\Cache), false)
 4 FCPATH\index.php(79): CodeIgniter\CodeIgniter->run()
WARNING - 2024-09-09 05:19:05 --> [DEPRECATED] Creation of dynamic property App\Controllers\HomeController::$blogModel is deprecated in APPPATH\Controllers\HomeController.php on line 24.
 1 SYSTEMPATH\CodeIgniter.php(913): App\Controllers\HomeController->__construct()
 2 SYSTEMPATH\CodeIgniter.php(493): CodeIgniter\CodeIgniter->createController()
 3 SYSTEMPATH\CodeIgniter.php(361): CodeIgniter\CodeIgniter->handleRequest(null, Object(Config\Cache), false)
 4 FCPATH\index.php(79): CodeIgniter\CodeIgniter->run()
WARNING - 2024-09-09 05:19:05 --> [DEPRECATED] Creation of dynamic property App\Controllers\HomeController::$citiesModel is deprecated in APPPATH\Controllers\HomeController.php on line 19.
 1 SYSTEMPATH\CodeIgniter.php(913): App\Controllers\HomeController->__construct()
 2 SYSTEMPATH\CodeIgniter.php(493): CodeIgniter\CodeIgniter->createController()
 3 SYSTEMPATH\CodeIgniter.php(361): CodeIgniter\CodeIgniter->handleRequest(null, Object(Config\Cache), false)
 4 FCPATH\index.php(79): CodeIgniter\CodeIgniter->run()
WARNING - 2024-09-09 05:19:05 --> [DEPRECATED] Creation of dynamic property App\Controllers\HomeController::$uttarakhandModel is deprecated in APPPATH\Controllers\HomeController.php on line 20.
 1 SYSTEMPATH\CodeIgniter.php(913): App\Controllers\HomeController->__construct()
 2 SYSTEMPATH\CodeIgniter.php(493): CodeIgniter\CodeIgniter->createController()
 3 SYSTEMPATH\CodeIgniter.php(361): CodeIgniter\CodeIgniter->handleRequest(null, Object(Config\Cache), false)
 4 FCPATH\index.php(79): CodeIgniter\CodeIgniter->run()
WARNING - 2024-09-09 05:19:05 --> [DEPRECATED] Creation of dynamic property App\Controllers\HomeController::$imageModel is deprecated in APPPATH\Controllers\HomeController.php on line 21.
 1 SYSTEMPATH\CodeIgniter.php(913): App\Controllers\HomeController->__construct()
 2 SYSTEMPATH\CodeIgniter.php(493): CodeIgniter\CodeIgniter->createController()
 3 SYSTEMPATH\CodeIgniter.php(361): CodeIgniter\CodeIgniter->handleRequest(null, Object(Config\Cache), false)
 4 FCPATH\index.php(79): CodeIgniter\CodeIgniter->run()
WARNING - 2024-09-09 05:19:05 --> [DEPRECATED] Creation of dynamic property App\Controllers\HomeController::$areaModel is deprecated in APPPATH\Controllers\HomeController.php on line 22.
 1 SYSTEMPATH\CodeIgniter.php(913): App\Controllers\HomeController->__construct()
 2 SYSTEMPATH\CodeIgniter.php(493): CodeIgniter\CodeIgniter->createController()
 3 SYSTEMPATH\CodeIgniter.php(361): CodeIgniter\CodeIgniter->handleRequest(null, Object(Config\Cache), false)
 4 FCPATH\index.php(79): CodeIgniter\CodeIgniter->run()
WARNING - 2024-09-09 05:19:05 --> [DEPRECATED] Creation of dynamic property App\Controllers\HomeController::$foodModel is deprecated in APPPATH\Controllers\HomeController.php on line 23.
 1 SYSTEMPATH\CodeIgniter.php(913): App\Controllers\HomeController->__construct()
 2 SYSTEMPATH\CodeIgniter.php(493): CodeIgniter\CodeIgniter->createController()
 3 SYSTEMPATH\CodeIgniter.php(361): CodeIgniter\CodeIgniter->handleRequest(null, Object(Config\Cache), false)
 4 FCPATH\index.php(79): CodeIgniter\CodeIgniter->run()
WARNING - 2024-09-09 05:19:05 --> [DEPRECATED] Creation of dynamic property App\Controllers\HomeController::$blogModel is deprecated in APPPATH\Controllers\HomeController.php on line 24.
 1 SYSTEMPATH\CodeIgniter.php(913): App\Controllers\HomeController->__construct()
 2 SYSTEMPATH\CodeIgniter.php(493): CodeIgniter\CodeIgniter->createController()
 3 SYSTEMPATH\CodeIgniter.php(361): CodeIgniter\CodeIgniter->handleRequest(null, Object(Config\Cache), false)
 4 FCPATH\index.php(79): CodeIgniter\CodeIgniter->run()
WARNING - 2024-09-09 05:19:05 --> [DEPRECATED] Creation of dynamic property App\Controllers\HomeController::$citiesModel is deprecated in APPPATH\Controllers\HomeController.php on line 19.
 1 SYSTEMPATH\CodeIgniter.php(913): App\Controllers\HomeController->__construct()
 2 SYSTEMPATH\CodeIgniter.php(493): CodeIgniter\CodeIgniter->createController()
 3 SYSTEMPATH\CodeIgniter.php(361): CodeIgniter\CodeIgniter->handleRequest(null, Object(Config\Cache), false)
 4 FCPATH\index.php(79): CodeIgniter\CodeIgniter->run()
WARNING - 2024-09-09 05:19:05 --> [DEPRECATED] Creation of dynamic property App\Controllers\HomeController::$uttarakhandModel is deprecated in APPPATH\Controllers\HomeController.php on line 20.
 1 SYSTEMPATH\CodeIgniter.php(913): App\Controllers\HomeController->__construct()
 2 SYSTEMPATH\CodeIgniter.php(493): CodeIgniter\CodeIgniter->createController()
 3 SYSTEMPATH\CodeIgniter.php(361): CodeIgniter\CodeIgniter->handleRequest(null, Object(Config\Cache), false)
 4 FCPATH\index.php(79): CodeIgniter\CodeIgniter->run()
WARNING - 2024-09-09 05:19:05 --> [DEPRECATED] Creation of dynamic property App\Controllers\HomeController::$imageModel is deprecated in APPPATH\Controllers\HomeController.php on line 21.
 1 SYSTEMPATH\CodeIgniter.php(913): App\Controllers\HomeController->__construct()
 2 SYSTEMPATH\CodeIgniter.php(493): CodeIgniter\CodeIgniter->createController()
 3 SYSTEMPATH\CodeIgniter.php(361): CodeIgniter\CodeIgniter->handleRequest(null, Object(Config\Cache), false)
 4 FCPATH\index.php(79): CodeIgniter\CodeIgniter->run()
WARNING - 2024-09-09 05:19:05 --> [DEPRECATED] Creation of dynamic property App\Controllers\HomeController::$areaModel is deprecated in APPPATH\Controllers\HomeController.php on line 22.
 1 SYSTEMPATH\CodeIgniter.php(913): App\Controllers\HomeController->__construct()
 2 SYSTEMPATH\CodeIgniter.php(493): CodeIgniter\CodeIgniter->createController()
 3 SYSTEMPATH\CodeIgniter.php(361): CodeIgniter\CodeIgniter->handleRequest(null, Object(Config\Cache), false)
 4 FCPATH\index.php(79): CodeIgniter\CodeIgniter->run()
WARNING - 2024-09-09 05:19:05 --> [DEPRECATED] Creation of dynamic property App\Controllers\HomeController::$foodModel is deprecated in APPPATH\Controllers\HomeController.php on line 23.
 1 SYSTEMPATH\CodeIgniter.php(913): App\Controllers\HomeController->__construct()
 2 SYSTEMPATH\CodeIgniter.php(493): CodeIgniter\CodeIgniter->createController()
 3 SYSTEMPATH\CodeIgniter.php(361): CodeIgniter\CodeIgniter->handleRequest(null, Object(Config\Cache), false)
 4 FCPATH\index.php(79): CodeIgniter\CodeIgniter->run()
WARNING - 2024-09-09 05:19:05 --> [DEPRECATED] Creation of dynamic property App\Controllers\HomeController::$blogModel is deprecated in APPPATH\Controllers\HomeController.php on line 24.
 1 SYSTEMPATH\CodeIgniter.php(913): App\Controllers\HomeController->__construct()
 2 SYSTEMPATH\CodeIgniter.php(493): CodeIgniter\CodeIgniter->createController()
 3 SYSTEMPATH\CodeIgniter.php(361): CodeIgniter\CodeIgniter->handleRequest(null, Object(Config\Cache), false)
 4 FCPATH\index.php(79): CodeIgniter\CodeIgniter->run()
WARNING - 2024-09-09 05:19:05 --> [DEPRECATED] Creation of dynamic property App\Controllers\HomeController::$citiesModel is deprecated in APPPATH\Controllers\HomeController.php on line 19.
 1 SYSTEMPATH\CodeIgniter.php(913): App\Controllers\HomeController->__construct()
 2 SYSTEMPATH\CodeIgniter.php(493): CodeIgniter\CodeIgniter->createController()
 3 SYSTEMPATH\CodeIgniter.php(361): CodeIgniter\CodeIgniter->handleRequest(null, Object(Config\Cache), false)
 4 FCPATH\index.php(79): CodeIgniter\CodeIgniter->run()
WARNING - 2024-09-09 05:19:05 --> [DEPRECATED] Creation of dynamic property App\Controllers\HomeController::$uttarakhandModel is deprecated in APPPATH\Controllers\HomeController.php on line 20.
 1 SYSTEMPATH\CodeIgniter.php(913): App\Controllers\HomeController->__construct()
 2 SYSTEMPATH\CodeIgniter.php(493): CodeIgniter\CodeIgniter->createController()
 3 SYSTEMPATH\CodeIgniter.php(361): CodeIgniter\CodeIgniter->handleRequest(null, Object(Config\Cache), false)
 4 FCPATH\index.php(79): CodeIgniter\CodeIgniter->run()
WARNING - 2024-09-09 05:19:05 --> [DEPRECATED] Creation of dynamic property App\Controllers\HomeController::$imageModel is deprecated in APPPATH\Controllers\HomeController.php on line 21.
 1 SYSTEMPATH\CodeIgniter.php(913): App\Controllers\HomeController->__construct()
 2 SYSTEMPATH\CodeIgniter.php(493): CodeIgniter\CodeIgniter->createController()
 3 SYSTEMPATH\CodeIgniter.php(361): CodeIgniter\CodeIgniter->handleRequest(null, Object(Config\Cache), false)
 4 FCPATH\index.php(79): CodeIgniter\CodeIgniter->run()
WARNING - 2024-09-09 05:19:05 --> [DEPRECATED] Creation of dynamic property App\Controllers\HomeController::$areaModel is deprecated in APPPATH\Controllers\HomeController.php on line 22.
 1 SYSTEMPATH\CodeIgniter.php(913): App\Controllers\HomeController->__construct()
 2 SYSTEMPATH\CodeIgniter.php(493): CodeIgniter\CodeIgniter->createController()
 3 SYSTEMPATH\CodeIgniter.php(361): CodeIgniter\CodeIgniter->handleRequest(null, Object(Config\Cache), false)
 4 FCPATH\index.php(79): CodeIgniter\CodeIgniter->run()
WARNING - 2024-09-09 05:19:05 --> [DEPRECATED] Creation of dynamic property App\Controllers\HomeController::$foodModel is deprecated in APPPATH\Controllers\HomeController.php on line 23.
 1 SYSTEMPATH\CodeIgniter.php(913): App\Controllers\HomeController->__construct()
 2 SYSTEMPATH\CodeIgniter.php(493): CodeIgniter\CodeIgniter->createController()
 3 SYSTEMPATH\CodeIgniter.php(361): CodeIgniter\CodeIgniter->handleRequest(null, Object(Config\Cache), false)
 4 FCPATH\index.php(79): CodeIgniter\CodeIgniter->run()
WARNING - 2024-09-09 05:19:05 --> [DEPRECATED] Creation of dynamic property App\Controllers\HomeController::$blogModel is deprecated in APPPATH\Controllers\HomeController.php on line 24.
 1 SYSTEMPATH\CodeIgniter.php(913): App\Controllers\HomeController->__construct()
 2 SYSTEMPATH\CodeIgniter.php(493): CodeIgniter\CodeIgniter->createController()
 3 SYSTEMPATH\CodeIgniter.php(361): CodeIgniter\CodeIgniter->handleRequest(null, Object(Config\Cache), false)
 4 FCPATH\index.php(79): CodeIgniter\CodeIgniter->run()
WARNING - 2024-09-09 05:19:05 --> [DEPRECATED] Creation of dynamic property App\Controllers\HomeController::$citiesModel is deprecated in APPPATH\Controllers\HomeController.php on line 19.
 1 SYSTEMPATH\CodeIgniter.php(913): App\Controllers\HomeController->__construct()
 2 SYSTEMPATH\CodeIgniter.php(493): CodeIgniter\CodeIgniter->createController()
 3 SYSTEMPATH\CodeIgniter.php(361): CodeIgniter\CodeIgniter->handleRequest(null, Object(Config\Cache), false)
 4 FCPATH\index.php(79): CodeIgniter\CodeIgniter->run()
WARNING - 2024-09-09 05:19:05 --> [DEPRECATED] Creation of dynamic property App\Controllers\HomeController::$uttarakhandModel is deprecated in APPPATH\Controllers\HomeController.php on line 20.
 1 SYSTEMPATH\CodeIgniter.php(913): App\Controllers\HomeController->__construct()
 2 SYSTEMPATH\CodeIgniter.php(493): CodeIgniter\CodeIgniter->createController()
 3 SYSTEMPATH\CodeIgniter.php(361): CodeIgniter\CodeIgniter->handleRequest(null, Object(Config\Cache), false)
 4 FCPATH\index.php(79): CodeIgniter\CodeIgniter->run()
WARNING - 2024-09-09 05:19:05 --> [DEPRECATED] Creation of dynamic property App\Controllers\HomeController::$imageModel is deprecated in APPPATH\Controllers\HomeController.php on line 21.
 1 SYSTEMPATH\CodeIgniter.php(913): App\Controllers\HomeController->__construct()
 2 SYSTEMPATH\CodeIgniter.php(493): CodeIgniter\CodeIgniter->createController()
 3 SYSTEMPATH\CodeIgniter.php(361): CodeIgniter\CodeIgniter->handleRequest(null, Object(Config\Cache), false)
 4 FCPATH\index.php(79): CodeIgniter\CodeIgniter->run()
WARNING - 2024-09-09 05:19:05 --> [DEPRECATED] Creation of dynamic property App\Controllers\HomeController::$areaModel is deprecated in APPPATH\Controllers\HomeController.php on line 22.
 1 SYSTEMPATH\CodeIgniter.php(913): App\Controllers\HomeController->__construct()
 2 SYSTEMPATH\CodeIgniter.php(493): CodeIgniter\CodeIgniter->createController()
 3 SYSTEMPATH\CodeIgniter.php(361): CodeIgniter\CodeIgniter->handleRequest(null, Object(Config\Cache), false)
 4 FCPATH\index.php(79): CodeIgniter\CodeIgniter->run()
WARNING - 2024-09-09 05:19:05 --> [DEPRECATED] Creation of dynamic property App\Controllers\HomeController::$foodModel is deprecated in APPPATH\Controllers\HomeController.php on line 23.
 1 SYSTEMPATH\CodeIgniter.php(913): App\Controllers\HomeController->__construct()
 2 SYSTEMPATH\CodeIgniter.php(493): CodeIgniter\CodeIgniter->createController()
 3 SYSTEMPATH\CodeIgniter.php(361): CodeIgniter\CodeIgniter->handleRequest(null, Object(Config\Cache), false)
 4 FCPATH\index.php(79): CodeIgniter\CodeIgniter->run()
WARNING - 2024-09-09 05:19:05 --> [DEPRECATED] Creation of dynamic property App\Controllers\HomeController::$blogModel is deprecated in APPPATH\Controllers\HomeController.php on line 24.
 1 SYSTEMPATH\CodeIgniter.php(913): App\Controllers\HomeController->__construct()
 2 SYSTEMPATH\CodeIgniter.php(493): CodeIgniter\CodeIgniter->createController()
 3 SYSTEMPATH\CodeIgniter.php(361): CodeIgniter\CodeIgniter->handleRequest(null, Object(Config\Cache), false)
 4 FCPATH\index.php(79): CodeIgniter\CodeIgniter->run()
WARNING - 2024-09-09 05:19:06 --> [DEPRECATED] Creation of dynamic property App\Controllers\HomeController::$citiesModel is deprecated in APPPATH\Controllers\HomeController.php on line 19.
 1 SYSTEMPATH\CodeIgniter.php(913): App\Controllers\HomeController->__construct()
 2 SYSTEMPATH\CodeIgniter.php(493): CodeIgniter\CodeIgniter->createController()
 3 SYSTEMPATH\CodeIgniter.php(361): CodeIgniter\CodeIgniter->handleRequest(null, Object(Config\Cache), false)
 4 FCPATH\index.php(79): CodeIgniter\CodeIgniter->run()
WARNING - 2024-09-09 05:19:06 --> [DEPRECATED] Creation of dynamic property App\Controllers\HomeController::$uttarakhandModel is deprecated in APPPATH\Controllers\HomeController.php on line 20.
 1 SYSTEMPATH\CodeIgniter.php(913): App\Controllers\HomeController->__construct()
 2 SYSTEMPATH\CodeIgniter.php(493): CodeIgniter\CodeIgniter->createController()
 3 SYSTEMPATH\CodeIgniter.php(361): CodeIgniter\CodeIgniter->handleRequest(null, Object(Config\Cache), false)
 4 FCPATH\index.php(79): CodeIgniter\CodeIgniter->run()
WARNING - 2024-09-09 05:19:06 --> [DEPRECATED] Creation of dynamic property App\Controllers\HomeController::$imageModel is deprecated in APPPATH\Controllers\HomeController.php on line 21.
 1 SYSTEMPATH\CodeIgniter.php(913): App\Controllers\HomeController->__construct()
 2 SYSTEMPATH\CodeIgniter.php(493): CodeIgniter\CodeIgniter->createController()
 3 SYSTEMPATH\CodeIgniter.php(361): CodeIgniter\CodeIgniter->handleRequest(null, Object(Config\Cache), false)
 4 FCPATH\index.php(79): CodeIgniter\CodeIgniter->run()
WARNING - 2024-09-09 05:19:06 --> [DEPRECATED] Creation of dynamic property App\Controllers\HomeController::$areaModel is deprecated in APPPATH\Controllers\HomeController.php on line 22.
 1 SYSTEMPATH\CodeIgniter.php(913): App\Controllers\HomeController->__construct()
 2 SYSTEMPATH\CodeIgniter.php(493): CodeIgniter\CodeIgniter->createController()
 3 SYSTEMPATH\CodeIgniter.php(361): CodeIgniter\CodeIgniter->handleRequest(null, Object(Config\Cache), false)
 4 FCPATH\index.php(79): CodeIgniter\CodeIgniter->run()
WARNING - 2024-09-09 05:19:06 --> [DEPRECATED] Creation of dynamic property App\Controllers\HomeController::$foodModel is deprecated in APPPATH\Controllers\HomeController.php on line 23.
 1 SYSTEMPATH\CodeIgniter.php(913): App\Controllers\HomeController->__construct()
 2 SYSTEMPATH\CodeIgniter.php(493): CodeIgniter\CodeIgniter->createController()
 3 SYSTEMPATH\CodeIgniter.php(361): CodeIgniter\CodeIgniter->handleRequest(null, Object(Config\Cache), false)
 4 FCPATH\index.php(79): CodeIgniter\CodeIgniter->run()
WARNING - 2024-09-09 05:19:06 --> [DEPRECATED] Creation of dynamic property App\Controllers\HomeController::$blogModel is deprecated in APPPATH\Controllers\HomeController.php on line 24.
 1 SYSTEMPATH\CodeIgniter.php(913): App\Controllers\HomeController->__construct()
 2 SYSTEMPATH\CodeIgniter.php(493): CodeIgniter\CodeIgniter->createController()
 3 SYSTEMPATH\CodeIgniter.php(361): CodeIgniter\CodeIgniter->handleRequest(null, Object(Config\Cache), false)
 4 FCPATH\index.php(79): CodeIgniter\CodeIgniter->run()
WARNING - 2024-09-09 05:19:06 --> [DEPRECATED] Creation of dynamic property App\Controllers\HomeController::$citiesModel is deprecated in APPPATH\Controllers\HomeController.php on line 19.
 1 SYSTEMPATH\CodeIgniter.php(913): App\Controllers\HomeController->__construct()
 2 SYSTEMPATH\CodeIgniter.php(493): CodeIgniter\CodeIgniter->createController()
 3 SYSTEMPATH\CodeIgniter.php(361): CodeIgniter\CodeIgniter->handleRequest(null, Object(Config\Cache), false)
 4 FCPATH\index.php(79): CodeIgniter\CodeIgniter->run()
WARNING - 2024-09-09 05:19:06 --> [DEPRECATED] Creation of dynamic property App\Controllers\HomeController::$uttarakhandModel is deprecated in APPPATH\Controllers\HomeController.php on line 20.
 1 SYSTEMPATH\CodeIgniter.php(913): App\Controllers\HomeController->__construct()
 2 SYSTEMPATH\CodeIgniter.php(493): CodeIgniter\CodeIgniter->createController()
 3 SYSTEMPATH\CodeIgniter.php(361): CodeIgniter\CodeIgniter->handleRequest(null, Object(Config\Cache), false)
 4 FCPATH\index.php(79): CodeIgniter\CodeIgniter->run()
WARNING - 2024-09-09 05:19:06 --> [DEPRECATED] Creation of dynamic property App\Controllers\HomeController::$imageModel is deprecated in APPPATH\Controllers\HomeController.php on line 21.
 1 SYSTEMPATH\CodeIgniter.php(913): App\Controllers\HomeController->__construct()
 2 SYSTEMPATH\CodeIgniter.php(493): CodeIgniter\CodeIgniter->createController()
 3 SYSTEMPATH\CodeIgniter.php(361): CodeIgniter\CodeIgniter->handleRequest(null, Object(Config\Cache), false)
 4 FCPATH\index.php(79): CodeIgniter\CodeIgniter->run()
WARNING - 2024-09-09 05:19:06 --> [DEPRECATED] Creation of dynamic property App\Controllers\HomeController::$areaModel is deprecated in APPPATH\Controllers\HomeController.php on line 22.
 1 SYSTEMPATH\CodeIgniter.php(913): App\Controllers\HomeController->__construct()
 2 SYSTEMPATH\CodeIgniter.php(493): CodeIgniter\CodeIgniter->createController()
 3 SYSTEMPATH\CodeIgniter.php(361): CodeIgniter\CodeIgniter->handleRequest(null, Object(Config\Cache), false)
 4 FCPATH\index.php(79): CodeIgniter\CodeIgniter->run()
WARNING - 2024-09-09 05:19:06 --> [DEPRECATED] Creation of dynamic property App\Controllers\HomeController::$foodModel is deprecated in APPPATH\Controllers\HomeController.php on line 23.
 1 SYSTEMPATH\CodeIgniter.php(913): App\Controllers\HomeController->__construct()
 2 SYSTEMPATH\CodeIgniter.php(493): CodeIgniter\CodeIgniter->createController()
 3 SYSTEMPATH\CodeIgniter.php(361): CodeIgniter\CodeIgniter->handleRequest(null, Object(Config\Cache), false)
 4 FCPATH\index.php(79): CodeIgniter\CodeIgniter->run()
WARNING - 2024-09-09 05:19:06 --> [DEPRECATED] Creation of dynamic property App\Controllers\HomeController::$blogModel is deprecated in APPPATH\Controllers\HomeController.php on line 24.
 1 SYSTEMPATH\CodeIgniter.php(913): App\Controllers\HomeController->__construct()
 2 SYSTEMPATH\CodeIgniter.php(493): CodeIgniter\CodeIgniter->createController()
 3 SYSTEMPATH\CodeIgniter.php(361): CodeIgniter\CodeIgniter->handleRequest(null, Object(Config\Cache), false)
 4 FCPATH\index.php(79): CodeIgniter\CodeIgniter->run()
WARNING - 2024-09-09 05:19:07 --> [DEPRECATED] Creation of dynamic property App\Controllers\HomeController::$citiesModel is deprecated in APPPATH\Controllers\HomeController.php on line 19.
 1 SYSTEMPATH\CodeIgniter.php(913): App\Controllers\HomeController->__construct()
 2 SYSTEMPATH\CodeIgniter.php(493): CodeIgniter\CodeIgniter->createController()
 3 SYSTEMPATH\CodeIgniter.php(361): CodeIgniter\CodeIgniter->handleRequest(null, Object(Config\Cache), false)
 4 FCPATH\index.php(79): CodeIgniter\CodeIgniter->run()
WARNING - 2024-09-09 05:19:07 --> [DEPRECATED] Creation of dynamic property App\Controllers\HomeController::$uttarakhandModel is deprecated in APPPATH\Controllers\HomeController.php on line 20.
 1 SYSTEMPATH\CodeIgniter.php(913): App\Controllers\HomeController->__construct()
 2 SYSTEMPATH\CodeIgniter.php(493): CodeIgniter\CodeIgniter->createController()
 3 SYSTEMPATH\CodeIgniter.php(361): CodeIgniter\CodeIgniter->handleRequest(null, Object(Config\Cache), false)
 4 FCPATH\index.php(79): CodeIgniter\CodeIgniter->run()
WARNING - 2024-09-09 05:19:07 --> [DEPRECATED] Creation of dynamic property App\Controllers\HomeController::$imageModel is deprecated in APPPATH\Controllers\HomeController.php on line 21.
 1 SYSTEMPATH\CodeIgniter.php(913): App\Controllers\HomeController->__construct()
 2 SYSTEMPATH\CodeIgniter.php(493): CodeIgniter\CodeIgniter->createController()
 3 SYSTEMPATH\CodeIgniter.php(361): CodeIgniter\CodeIgniter->handleRequest(null, Object(Config\Cache), false)
 4 FCPATH\index.php(79): CodeIgniter\CodeIgniter->run()
WARNING - 2024-09-09 05:19:07 --> [DEPRECATED] Creation of dynamic property App\Controllers\HomeController::$areaModel is deprecated in APPPATH\Controllers\HomeController.php on line 22.
 1 SYSTEMPATH\CodeIgniter.php(913): App\Controllers\HomeController->__construct()
 2 SYSTEMPATH\CodeIgniter.php(493): CodeIgniter\CodeIgniter->createController()
 3 SYSTEMPATH\CodeIgniter.php(361): CodeIgniter\CodeIgniter->handleRequest(null, Object(Config\Cache), false)
 4 FCPATH\index.php(79): CodeIgniter\CodeIgniter->run()
WARNING - 2024-09-09 05:19:07 --> [DEPRECATED] Creation of dynamic property App\Controllers\HomeController::$foodModel is deprecated in APPPATH\Controllers\HomeController.php on line 23.
 1 SYSTEMPATH\CodeIgniter.php(913): App\Controllers\HomeController->__construct()
 2 SYSTEMPATH\CodeIgniter.php(493): CodeIgniter\CodeIgniter->createController()
 3 SYSTEMPATH\CodeIgniter.php(361): CodeIgniter\CodeIgniter->handleRequest(null, Object(Config\Cache), false)
 4 FCPATH\index.php(79): CodeIgniter\CodeIgniter->run()
WARNING - 2024-09-09 05:19:07 --> [DEPRECATED] Creation of dynamic property App\Controllers\HomeController::$blogModel is deprecated in APPPATH\Controllers\HomeController.php on line 24.
 1 SYSTEMPATH\CodeIgniter.php(913): App\Controllers\HomeController->__construct()
 2 SYSTEMPATH\CodeIgniter.php(493): CodeIgniter\CodeIgniter->createController()
 3 SYSTEMPATH\CodeIgniter.php(361): CodeIgniter\CodeIgniter->handleRequest(null, Object(Config\Cache), false)
 4 FCPATH\index.php(79): CodeIgniter\CodeIgniter->run()
WARNING - 2024-09-09 05:19:08 --> [DEPRECATED] Creation of dynamic property App\Controllers\HomeController::$citiesModel is deprecated in APPPATH\Controllers\HomeController.php on line 19.
 1 SYSTEMPATH\CodeIgniter.php(913): App\Controllers\HomeController->__construct()
 2 SYSTEMPATH\CodeIgniter.php(493): CodeIgniter\CodeIgniter->createController()
 3 SYSTEMPATH\CodeIgniter.php(361): CodeIgniter\CodeIgniter->handleRequest(null, Object(Config\Cache), false)
 4 FCPATH\index.php(79): CodeIgniter\CodeIgniter->run()
WARNING - 2024-09-09 05:19:08 --> [DEPRECATED] Creation of dynamic property App\Controllers\HomeController::$uttarakhandModel is deprecated in APPPATH\Controllers\HomeController.php on line 20.
 1 SYSTEMPATH\CodeIgniter.php(913): App\Controllers\HomeController->__construct()
 2 SYSTEMPATH\CodeIgniter.php(493): CodeIgniter\CodeIgniter->createController()
 3 SYSTEMPATH\CodeIgniter.php(361): CodeIgniter\CodeIgniter->handleRequest(null, Object(Config\Cache), false)
 4 FCPATH\index.php(79): CodeIgniter\CodeIgniter->run()
WARNING - 2024-09-09 05:19:08 --> [DEPRECATED] Creation of dynamic property App\Controllers\HomeController::$imageModel is deprecated in APPPATH\Controllers\HomeController.php on line 21.
 1 SYSTEMPATH\CodeIgniter.php(913): App\Controllers\HomeController->__construct()
 2 SYSTEMPATH\CodeIgniter.php(493): CodeIgniter\CodeIgniter->createController()
 3 SYSTEMPATH\CodeIgniter.php(361): CodeIgniter\CodeIgniter->handleRequest(null, Object(Config\Cache), false)
 4 FCPATH\index.php(79): CodeIgniter\CodeIgniter->run()
WARNING - 2024-09-09 05:19:08 --> [DEPRECATED] Creation of dynamic property App\Controllers\HomeController::$areaModel is deprecated in APPPATH\Controllers\HomeController.php on line 22.
 1 SYSTEMPATH\CodeIgniter.php(913): App\Controllers\HomeController->__construct()
 2 SYSTEMPATH\CodeIgniter.php(493): CodeIgniter\CodeIgniter->createController()
 3 SYSTEMPATH\CodeIgniter.php(361): CodeIgniter\CodeIgniter->handleRequest(null, Object(Config\Cache), false)
 4 FCPATH\index.php(79): CodeIgniter\CodeIgniter->run()
WARNING - 2024-09-09 05:19:08 --> [DEPRECATED] Creation of dynamic property App\Controllers\HomeController::$foodModel is deprecated in APPPATH\Controllers\HomeController.php on line 23.
 1 SYSTEMPATH\CodeIgniter.php(913): App\Controllers\HomeController->__construct()
 2 SYSTEMPATH\CodeIgniter.php(493): CodeIgniter\CodeIgniter->createController()
 3 SYSTEMPATH\CodeIgniter.php(361): CodeIgniter\CodeIgniter->handleRequest(null, Object(Config\Cache), false)
 4 FCPATH\index.php(79): CodeIgniter\CodeIgniter->run()
WARNING - 2024-09-09 05:19:08 --> [DEPRECATED] Creation of dynamic property App\Controllers\HomeController::$blogModel is deprecated in APPPATH\Controllers\HomeController.php on line 24.
 1 SYSTEMPATH\CodeIgniter.php(913): App\Controllers\HomeController->__construct()
 2 SYSTEMPATH\CodeIgniter.php(493): CodeIgniter\CodeIgniter->createController()
 3 SYSTEMPATH\CodeIgniter.php(361): CodeIgniter\CodeIgniter->handleRequest(null, Object(Config\Cache), false)
 4 FCPATH\index.php(79): CodeIgniter\CodeIgniter->run()
WARNING - 2024-09-09 05:19:08 --> [DEPRECATED] Creation of dynamic property App\Controllers\HomeController::$citiesModel is deprecated in APPPATH\Controllers\HomeController.php on line 19.
 1 SYSTEMPATH\CodeIgniter.php(913): App\Controllers\HomeController->__construct()
 2 SYSTEMPATH\CodeIgniter.php(493): CodeIgniter\CodeIgniter->createController()
 3 SYSTEMPATH\CodeIgniter.php(361): CodeIgniter\CodeIgniter->handleRequest(null, Object(Config\Cache), false)
 4 FCPATH\index.php(79): CodeIgniter\CodeIgniter->run()
WARNING - 2024-09-09 05:19:08 --> [DEPRECATED] Creation of dynamic property App\Controllers\HomeController::$uttarakhandModel is deprecated in APPPATH\Controllers\HomeController.php on line 20.
 1 SYSTEMPATH\CodeIgniter.php(913): App\Controllers\HomeController->__construct()
 2 SYSTEMPATH\CodeIgniter.php(493): CodeIgniter\CodeIgniter->createController()
 3 SYSTEMPATH\CodeIgniter.php(361): CodeIgniter\CodeIgniter->handleRequest(null, Object(Config\Cache), false)
 4 FCPATH\index.php(79): CodeIgniter\CodeIgniter->run()
WARNING - 2024-09-09 05:19:08 --> [DEPRECATED] Creation of dynamic property App\Controllers\HomeController::$imageModel is deprecated in APPPATH\Controllers\HomeController.php on line 21.
 1 SYSTEMPATH\CodeIgniter.php(913): App\Controllers\HomeController->__construct()
 2 SYSTEMPATH\CodeIgniter.php(493): CodeIgniter\CodeIgniter->createController()
 3 SYSTEMPATH\CodeIgniter.php(361): CodeIgniter\CodeIgniter->handleRequest(null, Object(Config\Cache), false)
 4 FCPATH\index.php(79): CodeIgniter\CodeIgniter->run()
WARNING - 2024-09-09 05:19:08 --> [DEPRECATED] Creation of dynamic property App\Controllers\HomeController::$areaModel is deprecated in APPPATH\Controllers\HomeController.php on line 22.
 1 SYSTEMPATH\CodeIgniter.php(913): App\Controllers\HomeController->__construct()
 2 SYSTEMPATH\CodeIgniter.php(493): CodeIgniter\CodeIgniter->createController()
 3 SYSTEMPATH\CodeIgniter.php(361): CodeIgniter\CodeIgniter->handleRequest(null, Object(Config\Cache), false)
 4 FCPATH\index.php(79): CodeIgniter\CodeIgniter->run()
WARNING - 2024-09-09 05:19:08 --> [DEPRECATED] Creation of dynamic property App\Controllers\HomeController::$foodModel is deprecated in APPPATH\Controllers\HomeController.php on line 23.
 1 SYSTEMPATH\CodeIgniter.php(913): App\Controllers\HomeController->__construct()
 2 SYSTEMPATH\CodeIgniter.php(493): CodeIgniter\CodeIgniter->createController()
 3 SYSTEMPATH\CodeIgniter.php(361): CodeIgniter\CodeIgniter->handleRequest(null, Object(Config\Cache), false)
 4 FCPATH\index.php(79): CodeIgniter\CodeIgniter->run()
WARNING - 2024-09-09 05:19:08 --> [DEPRECATED] Creation of dynamic property App\Controllers\HomeController::$blogModel is deprecated in APPPATH\Controllers\HomeController.php on line 24.
 1 SYSTEMPATH\CodeIgniter.php(913): App\Controllers\HomeController->__construct()
 2 SYSTEMPATH\CodeIgniter.php(493): CodeIgniter\CodeIgniter->createController()
 3 SYSTEMPATH\CodeIgniter.php(361): CodeIgniter\CodeIgniter->handleRequest(null, Object(Config\Cache), false)
 4 FCPATH\index.php(79): CodeIgniter\CodeIgniter->run()
WARNING - 2024-09-09 05:19:08 --> [DEPRECATED] Creation of dynamic property App\Controllers\HomeController::$citiesModel is deprecated in APPPATH\Controllers\HomeController.php on line 19.
 1 SYSTEMPATH\CodeIgniter.php(913): App\Controllers\HomeController->__construct()
 2 SYSTEMPATH\CodeIgniter.php(493): CodeIgniter\CodeIgniter->createController()
 3 SYSTEMPATH\CodeIgniter.php(361): CodeIgniter\CodeIgniter->handleRequest(null, Object(Config\Cache), false)
 4 FCPATH\index.php(79): CodeIgniter\CodeIgniter->run()
WARNING - 2024-09-09 05:19:08 --> [DEPRECATED] Creation of dynamic property App\Controllers\HomeController::$uttarakhandModel is deprecated in APPPATH\Controllers\HomeController.php on line 20.
 1 SYSTEMPATH\CodeIgniter.php(913): App\Controllers\HomeController->__construct()
 2 SYSTEMPATH\CodeIgniter.php(493): CodeIgniter\CodeIgniter->createController()
 3 SYSTEMPATH\CodeIgniter.php(361): CodeIgniter\CodeIgniter->handleRequest(null, Object(Config\Cache), false)
 4 FCPATH\index.php(79): CodeIgniter\CodeIgniter->run()
WARNING - 2024-09-09 05:19:08 --> [DEPRECATED] Creation of dynamic property App\Controllers\HomeController::$imageModel is deprecated in APPPATH\Controllers\HomeController.php on line 21.
 1 SYSTEMPATH\CodeIgniter.php(913): App\Controllers\HomeController->__construct()
 2 SYSTEMPATH\CodeIgniter.php(493): CodeIgniter\CodeIgniter->createController()
 3 SYSTEMPATH\CodeIgniter.php(361): CodeIgniter\CodeIgniter->handleRequest(null, Object(Config\Cache), false)
 4 FCPATH\index.php(79): CodeIgniter\CodeIgniter->run()
WARNING - 2024-09-09 05:19:08 --> [DEPRECATED] Creation of dynamic property App\Controllers\HomeController::$areaModel is deprecated in APPPATH\Controllers\HomeController.php on line 22.
 1 SYSTEMPATH\CodeIgniter.php(913): App\Controllers\HomeController->__construct()
 2 SYSTEMPATH\CodeIgniter.php(493): CodeIgniter\CodeIgniter->createController()
 3 SYSTEMPATH\CodeIgniter.php(361): CodeIgniter\CodeIgniter->handleRequest(null, Object(Config\Cache), false)
 4 FCPATH\index.php(79): CodeIgniter\CodeIgniter->run()
WARNING - 2024-09-09 05:19:08 --> [DEPRECATED] Creation of dynamic property App\Controllers\HomeController::$foodModel is deprecated in APPPATH\Controllers\HomeController.php on line 23.
 1 SYSTEMPATH\CodeIgniter.php(913): App\Controllers\HomeController->__construct()
 2 SYSTEMPATH\CodeIgniter.php(493): CodeIgniter\CodeIgniter->createController()
 3 SYSTEMPATH\CodeIgniter.php(361): CodeIgniter\CodeIgniter->handleRequest(null, Object(Config\Cache), false)
 4 FCPATH\index.php(79): CodeIgniter\CodeIgniter->run()
WARNING - 2024-09-09 05:19:08 --> [DEPRECATED] Creation of dynamic property App\Controllers\HomeController::$blogModel is deprecated in APPPATH\Controllers\HomeController.php on line 24.
 1 SYSTEMPATH\CodeIgniter.php(913): App\Controllers\HomeController->__construct()
 2 SYSTEMPATH\CodeIgniter.php(493): CodeIgniter\CodeIgniter->createController()
 3 SYSTEMPATH\CodeIgniter.php(361): CodeIgniter\CodeIgniter->handleRequest(null, Object(Config\Cache), false)
 4 FCPATH\index.php(79): CodeIgniter\CodeIgniter->run()
WARNING - 2024-09-09 05:19:09 --> [DEPRECATED] Creation of dynamic property App\Controllers\HomeController::$citiesModel is deprecated in APPPATH\Controllers\HomeController.php on line 19.
 1 SYSTEMPATH\CodeIgniter.php(913): App\Controllers\HomeController->__construct()
 2 SYSTEMPATH\CodeIgniter.php(493): CodeIgniter\CodeIgniter->createController()
 3 SYSTEMPATH\CodeIgniter.php(361): CodeIgniter\CodeIgniter->handleRequest(null, Object(Config\Cache), false)
 4 FCPATH\index.php(79): CodeIgniter\CodeIgniter->run()
WARNING - 2024-09-09 05:19:09 --> [DEPRECATED] Creation of dynamic property App\Controllers\HomeController::$uttarakhandModel is deprecated in APPPATH\Controllers\HomeController.php on line 20.
 1 SYSTEMPATH\CodeIgniter.php(913): App\Controllers\HomeController->__construct()
 2 SYSTEMPATH\CodeIgniter.php(493): CodeIgniter\CodeIgniter->createController()
 3 SYSTEMPATH\CodeIgniter.php(361): CodeIgniter\CodeIgniter->handleRequest(null, Object(Config\Cache), false)
 4 FCPATH\index.php(79): CodeIgniter\CodeIgniter->run()
WARNING - 2024-09-09 05:19:09 --> [DEPRECATED] Creation of dynamic property App\Controllers\HomeController::$imageModel is deprecated in APPPATH\Controllers\HomeController.php on line 21.
 1 SYSTEMPATH\CodeIgniter.php(913): App\Controllers\HomeController->__construct()
 2 SYSTEMPATH\CodeIgniter.php(493): CodeIgniter\CodeIgniter->createController()
 3 SYSTEMPATH\CodeIgniter.php(361): CodeIgniter\CodeIgniter->handleRequest(null, Object(Config\Cache), false)
 4 FCPATH\index.php(79): CodeIgniter\CodeIgniter->run()
WARNING - 2024-09-09 05:19:09 --> [DEPRECATED] Creation of dynamic property App\Controllers\HomeController::$areaModel is deprecated in APPPATH\Controllers\HomeController.php on line 22.
 1 SYSTEMPATH\CodeIgniter.php(913): App\Controllers\HomeController->__construct()
 2 SYSTEMPATH\CodeIgniter.php(493): CodeIgniter\CodeIgniter->createController()
 3 SYSTEMPATH\CodeIgniter.php(361): CodeIgniter\CodeIgniter->handleRequest(null, Object(Config\Cache), false)
 4 FCPATH\index.php(79): CodeIgniter\CodeIgniter->run()
WARNING - 2024-09-09 05:19:09 --> [DEPRECATED] Creation of dynamic property App\Controllers\HomeController::$foodModel is deprecated in APPPATH\Controllers\HomeController.php on line 23.
 1 SYSTEMPATH\CodeIgniter.php(913): App\Controllers\HomeController->__construct()
 2 SYSTEMPATH\CodeIgniter.php(493): CodeIgniter\CodeIgniter->createController()
 3 SYSTEMPATH\CodeIgniter.php(361): CodeIgniter\CodeIgniter->handleRequest(null, Object(Config\Cache), false)
 4 FCPATH\index.php(79): CodeIgniter\CodeIgniter->run()
WARNING - 2024-09-09 05:19:09 --> [DEPRECATED] Creation of dynamic property App\Controllers\HomeController::$blogModel is deprecated in APPPATH\Controllers\HomeController.php on line 24.
 1 SYSTEMPATH\CodeIgniter.php(913): App\Controllers\HomeController->__construct()
 2 SYSTEMPATH\CodeIgniter.php(493): CodeIgniter\CodeIgniter->createController()
 3 SYSTEMPATH\CodeIgniter.php(361): CodeIgniter\CodeIgniter->handleRequest(null, Object(Config\Cache), false)
 4 FCPATH\index.php(79): CodeIgniter\CodeIgniter->run()
WARNING - 2024-09-09 05:19:09 --> [DEPRECATED] Creation of dynamic property App\Controllers\HomeController::$citiesModel is deprecated in APPPATH\Controllers\HomeController.php on line 19.
 1 SYSTEMPATH\CodeIgniter.php(913): App\Controllers\HomeController->__construct()
 2 SYSTEMPATH\CodeIgniter.php(493): CodeIgniter\CodeIgniter->createController()
 3 SYSTEMPATH\CodeIgniter.php(361): CodeIgniter\CodeIgniter->handleRequest(null, Object(Config\Cache), false)
 4 FCPATH\index.php(79): CodeIgniter\CodeIgniter->run()
WARNING - 2024-09-09 05:19:09 --> [DEPRECATED] Creation of dynamic property App\Controllers\HomeController::$uttarakhandModel is deprecated in APPPATH\Controllers\HomeController.php on line 20.
 1 SYSTEMPATH\CodeIgniter.php(913): App\Controllers\HomeController->__construct()
 2 SYSTEMPATH\CodeIgniter.php(493): CodeIgniter\CodeIgniter->createController()
 3 SYSTEMPATH\CodeIgniter.php(361): CodeIgniter\CodeIgniter->handleRequest(null, Object(Config\Cache), false)
 4 FCPATH\index.php(79): CodeIgniter\CodeIgniter->run()
WARNING - 2024-09-09 05:19:09 --> [DEPRECATED] Creation of dynamic property App\Controllers\HomeController::$imageModel is deprecated in APPPATH\Controllers\HomeController.php on line 21.
 1 SYSTEMPATH\CodeIgniter.php(913): App\Controllers\HomeController->__construct()
 2 SYSTEMPATH\CodeIgniter.php(493): CodeIgniter\CodeIgniter->createController()
 3 SYSTEMPATH\CodeIgniter.php(361): CodeIgniter\CodeIgniter->handleRequest(null, Object(Config\Cache), false)
 4 FCPATH\index.php(79): CodeIgniter\CodeIgniter->run()
WARNING - 2024-09-09 05:19:09 --> [DEPRECATED] Creation of dynamic property App\Controllers\HomeController::$areaModel is deprecated in APPPATH\Controllers\HomeController.php on line 22.
 1 SYSTEMPATH\CodeIgniter.php(913): App\Controllers\HomeController->__construct()
 2 SYSTEMPATH\CodeIgniter.php(493): CodeIgniter\CodeIgniter->createController()
 3 SYSTEMPATH\CodeIgniter.php(361): CodeIgniter\CodeIgniter->handleRequest(null, Object(Config\Cache), false)
 4 FCPATH\index.php(79): CodeIgniter\CodeIgniter->run()
WARNING - 2024-09-09 05:19:09 --> [DEPRECATED] Creation of dynamic property App\Controllers\HomeController::$foodModel is deprecated in APPPATH\Controllers\HomeController.php on line 23.
 1 SYSTEMPATH\CodeIgniter.php(913): App\Controllers\HomeController->__construct()
 2 SYSTEMPATH\CodeIgniter.php(493): CodeIgniter\CodeIgniter->createController()
 3 SYSTEMPATH\CodeIgniter.php(361): CodeIgniter\CodeIgniter->handleRequest(null, Object(Config\Cache), false)
 4 FCPATH\index.php(79): CodeIgniter\CodeIgniter->run()
WARNING - 2024-09-09 05:19:09 --> [DEPRECATED] Creation of dynamic property App\Controllers\HomeController::$blogModel is deprecated in APPPATH\Controllers\HomeController.php on line 24.
 1 SYSTEMPATH\CodeIgniter.php(913): App\Controllers\HomeController->__construct()
 2 SYSTEMPATH\CodeIgniter.php(493): CodeIgniter\CodeIgniter->createController()
 3 SYSTEMPATH\CodeIgniter.php(361): CodeIgniter\CodeIgniter->handleRequest(null, Object(Config\Cache), false)
 4 FCPATH\index.php(79): CodeIgniter\CodeIgniter->run()
WARNING - 2024-09-09 05:19:09 --> [DEPRECATED] Creation of dynamic property App\Controllers\HomeController::$citiesModel is deprecated in APPPATH\Controllers\HomeController.php on line 19.
 1 SYSTEMPATH\CodeIgniter.php(913): App\Controllers\HomeController->__construct()
 2 SYSTEMPATH\CodeIgniter.php(493): CodeIgniter\CodeIgniter->createController()
 3 SYSTEMPATH\CodeIgniter.php(361): CodeIgniter\CodeIgniter->handleRequest(null, Object(Config\Cache), false)
 4 FCPATH\index.php(79): CodeIgniter\CodeIgniter->run()
WARNING - 2024-09-09 05:19:09 --> [DEPRECATED] Creation of dynamic property App\Controllers\HomeController::$uttarakhandModel is deprecated in APPPATH\Controllers\HomeController.php on line 20.
 1 SYSTEMPATH\CodeIgniter.php(913): App\Controllers\HomeController->__construct()
 2 SYSTEMPATH\CodeIgniter.php(493): CodeIgniter\CodeIgniter->createController()
 3 SYSTEMPATH\CodeIgniter.php(361): CodeIgniter\CodeIgniter->handleRequest(null, Object(Config\Cache), false)
 4 FCPATH\index.php(79): CodeIgniter\CodeIgniter->run()
WARNING - 2024-09-09 05:19:09 --> [DEPRECATED] Creation of dynamic property App\Controllers\HomeController::$imageModel is deprecated in APPPATH\Controllers\HomeController.php on line 21.
 1 SYSTEMPATH\CodeIgniter.php(913): App\Controllers\HomeController->__construct()
 2 SYSTEMPATH\CodeIgniter.php(493): CodeIgniter\CodeIgniter->createController()
 3 SYSTEMPATH\CodeIgniter.php(361): CodeIgniter\CodeIgniter->handleRequest(null, Object(Config\Cache), false)
 4 FCPATH\index.php(79): CodeIgniter\CodeIgniter->run()
WARNING - 2024-09-09 05:19:09 --> [DEPRECATED] Creation of dynamic property App\Controllers\HomeController::$areaModel is deprecated in APPPATH\Controllers\HomeController.php on line 22.
 1 SYSTEMPATH\CodeIgniter.php(913): App\Controllers\HomeController->__construct()
 2 SYSTEMPATH\CodeIgniter.php(493): CodeIgniter\CodeIgniter->createController()
 3 SYSTEMPATH\CodeIgniter.php(361): CodeIgniter\CodeIgniter->handleRequest(null, Object(Config\Cache), false)
 4 FCPATH\index.php(79): CodeIgniter\CodeIgniter->run()
WARNING - 2024-09-09 05:19:09 --> [DEPRECATED] Creation of dynamic property App\Controllers\HomeController::$foodModel is deprecated in APPPATH\Controllers\HomeController.php on line 23.
 1 SYSTEMPATH\CodeIgniter.php(913): App\Controllers\HomeController->__construct()
 2 SYSTEMPATH\CodeIgniter.php(493): CodeIgniter\CodeIgniter->createController()
 3 SYSTEMPATH\CodeIgniter.php(361): CodeIgniter\CodeIgniter->handleRequest(null, Object(Config\Cache), false)
 4 FCPATH\index.php(79): CodeIgniter\CodeIgniter->run()
WARNING - 2024-09-09 05:19:09 --> [DEPRECATED] Creation of dynamic property App\Controllers\HomeController::$blogModel is deprecated in APPPATH\Controllers\HomeController.php on line 24.
 1 SYSTEMPATH\CodeIgniter.php(913): App\Controllers\HomeController->__construct()
 2 SYSTEMPATH\CodeIgniter.php(493): CodeIgniter\CodeIgniter->createController()
 3 SYSTEMPATH\CodeIgniter.php(361): CodeIgniter\CodeIgniter->handleRequest(null, Object(Config\Cache), false)
 4 FCPATH\index.php(79): CodeIgniter\CodeIgniter->run()
WARNING - 2024-09-09 05:19:10 --> [DEPRECATED] Creation of dynamic property App\Controllers\HomeController::$citiesModel is deprecated in APPPATH\Controllers\HomeController.php on line 19.
 1 SYSTEMPATH\CodeIgniter.php(913): App\Controllers\HomeController->__construct()
 2 SYSTEMPATH\CodeIgniter.php(493): CodeIgniter\CodeIgniter->createController()
 3 SYSTEMPATH\CodeIgniter.php(361): CodeIgniter\CodeIgniter->handleRequest(null, Object(Config\Cache), false)
 4 FCPATH\index.php(79): CodeIgniter\CodeIgniter->run()
WARNING - 2024-09-09 05:19:10 --> [DEPRECATED] Creation of dynamic property App\Controllers\HomeController::$uttarakhandModel is deprecated in APPPATH\Controllers\HomeController.php on line 20.
 1 SYSTEMPATH\CodeIgniter.php(913): App\Controllers\HomeController->__construct()
 2 SYSTEMPATH\CodeIgniter.php(493): CodeIgniter\CodeIgniter->createController()
 3 SYSTEMPATH\CodeIgniter.php(361): CodeIgniter\CodeIgniter->handleRequest(null, Object(Config\Cache), false)
 4 FCPATH\index.php(79): CodeIgniter\CodeIgniter->run()
WARNING - 2024-09-09 05:19:10 --> [DEPRECATED] Creation of dynamic property App\Controllers\HomeController::$imageModel is deprecated in APPPATH\Controllers\HomeController.php on line 21.
 1 SYSTEMPATH\CodeIgniter.php(913): App\Controllers\HomeController->__construct()
 2 SYSTEMPATH\CodeIgniter.php(493): CodeIgniter\CodeIgniter->createController()
 3 SYSTEMPATH\CodeIgniter.php(361): CodeIgniter\CodeIgniter->handleRequest(null, Object(Config\Cache), false)
 4 FCPATH\index.php(79): CodeIgniter\CodeIgniter->run()
WARNING - 2024-09-09 05:19:10 --> [DEPRECATED] Creation of dynamic property App\Controllers\HomeController::$areaModel is deprecated in APPPATH\Controllers\HomeController.php on line 22.
 1 SYSTEMPATH\CodeIgniter.php(913): App\Controllers\HomeController->__construct()
 2 SYSTEMPATH\CodeIgniter.php(493): CodeIgniter\CodeIgniter->createController()
 3 SYSTEMPATH\CodeIgniter.php(361): CodeIgniter\CodeIgniter->handleRequest(null, Object(Config\Cache), false)
 4 FCPATH\index.php(79): CodeIgniter\CodeIgniter->run()
WARNING - 2024-09-09 05:19:10 --> [DEPRECATED] Creation of dynamic property App\Controllers\HomeController::$foodModel is deprecated in APPPATH\Controllers\HomeController.php on line 23.
 1 SYSTEMPATH\CodeIgniter.php(913): App\Controllers\HomeController->__construct()
 2 SYSTEMPATH\CodeIgniter.php(493): CodeIgniter\CodeIgniter->createController()
 3 SYSTEMPATH\CodeIgniter.php(361): CodeIgniter\CodeIgniter->handleRequest(null, Object(Config\Cache), false)
 4 FCPATH\index.php(79): CodeIgniter\CodeIgniter->run()
WARNING - 2024-09-09 05:19:10 --> [DEPRECATED] Creation of dynamic property App\Controllers\HomeController::$blogModel is deprecated in APPPATH\Controllers\HomeController.php on line 24.
 1 SYSTEMPATH\CodeIgniter.php(913): App\Controllers\HomeController->__construct()
 2 SYSTEMPATH\CodeIgniter.php(493): CodeIgniter\CodeIgniter->createController()
 3 SYSTEMPATH\CodeIgniter.php(361): CodeIgniter\CodeIgniter->handleRequest(null, Object(Config\Cache), false)
 4 FCPATH\index.php(79): CodeIgniter\CodeIgniter->run()
WARNING - 2024-09-09 05:19:10 --> [DEPRECATED] Creation of dynamic property App\Controllers\HomeController::$citiesModel is deprecated in APPPATH\Controllers\HomeController.php on line 19.
 1 SYSTEMPATH\CodeIgniter.php(913): App\Controllers\HomeController->__construct()
 2 SYSTEMPATH\CodeIgniter.php(493): CodeIgniter\CodeIgniter->createController()
 3 SYSTEMPATH\CodeIgniter.php(361): CodeIgniter\CodeIgniter->handleRequest(null, Object(Config\Cache), false)
 4 FCPATH\index.php(79): CodeIgniter\CodeIgniter->run()
WARNING - 2024-09-09 05:19:10 --> [DEPRECATED] Creation of dynamic property App\Controllers\HomeController::$uttarakhandModel is deprecated in APPPATH\Controllers\HomeController.php on line 20.
 1 SYSTEMPATH\CodeIgniter.php(913): App\Controllers\HomeController->__construct()
 2 SYSTEMPATH\CodeIgniter.php(493): CodeIgniter\CodeIgniter->createController()
 3 SYSTEMPATH\CodeIgniter.php(361): CodeIgniter\CodeIgniter->handleRequest(null, Object(Config\Cache), false)
 4 FCPATH\index.php(79): CodeIgniter\CodeIgniter->run()
WARNING - 2024-09-09 05:19:10 --> [DEPRECATED] Creation of dynamic property App\Controllers\HomeController::$imageModel is deprecated in APPPATH\Controllers\HomeController.php on line 21.
 1 SYSTEMPATH\CodeIgniter.php(913): App\Controllers\HomeController->__construct()
 2 SYSTEMPATH\CodeIgniter.php(493): CodeIgniter\CodeIgniter->createController()
 3 SYSTEMPATH\CodeIgniter.php(361): CodeIgniter\CodeIgniter->handleRequest(null, Object(Config\Cache), false)
 4 FCPATH\index.php(79): CodeIgniter\CodeIgniter->run()
WARNING - 2024-09-09 05:19:10 --> [DEPRECATED] Creation of dynamic property App\Controllers\HomeController::$areaModel is deprecated in APPPATH\Controllers\HomeController.php on line 22.
 1 SYSTEMPATH\CodeIgniter.php(913): App\Controllers\HomeController->__construct()
 2 SYSTEMPATH\CodeIgniter.php(493): CodeIgniter\CodeIgniter->createController()
 3 SYSTEMPATH\CodeIgniter.php(361): CodeIgniter\CodeIgniter->handleRequest(null, Object(Config\Cache), false)
 4 FCPATH\index.php(79): CodeIgniter\CodeIgniter->run()
WARNING - 2024-09-09 05:19:10 --> [DEPRECATED] Creation of dynamic property App\Controllers\HomeController::$foodModel is deprecated in APPPATH\Controllers\HomeController.php on line 23.
 1 SYSTEMPATH\CodeIgniter.php(913): App\Controllers\HomeController->__construct()
 2 SYSTEMPATH\CodeIgniter.php(493): CodeIgniter\CodeIgniter->createController()
 3 SYSTEMPATH\CodeIgniter.php(361): CodeIgniter\CodeIgniter->handleRequest(null, Object(Config\Cache), false)
 4 FCPATH\index.php(79): CodeIgniter\CodeIgniter->run()
WARNING - 2024-09-09 05:19:10 --> [DEPRECATED] Creation of dynamic property App\Controllers\HomeController::$blogModel is deprecated in APPPATH\Controllers\HomeController.php on line 24.
 1 SYSTEMPATH\CodeIgniter.php(913): App\Controllers\HomeController->__construct()
 2 SYSTEMPATH\CodeIgniter.php(493): CodeIgniter\CodeIgniter->createController()
 3 SYSTEMPATH\CodeIgniter.php(361): CodeIgniter\CodeIgniter->handleRequest(null, Object(Config\Cache), false)
 4 FCPATH\index.php(79): CodeIgniter\CodeIgniter->run()
WARNING - 2024-09-09 05:19:11 --> [DEPRECATED] Creation of dynamic property App\Controllers\HomeController::$citiesModel is deprecated in APPPATH\Controllers\HomeController.php on line 19.
 1 SYSTEMPATH\CodeIgniter.php(913): App\Controllers\HomeController->__construct()
 2 SYSTEMPATH\CodeIgniter.php(493): CodeIgniter\CodeIgniter->createController()
 3 SYSTEMPATH\CodeIgniter.php(361): CodeIgniter\CodeIgniter->handleRequest(null, Object(Config\Cache), false)
 4 FCPATH\index.php(79): CodeIgniter\CodeIgniter->run()
WARNING - 2024-09-09 05:19:11 --> [DEPRECATED] Creation of dynamic property App\Controllers\HomeController::$uttarakhandModel is deprecated in APPPATH\Controllers\HomeController.php on line 20.
 1 SYSTEMPATH\CodeIgniter.php(913): App\Controllers\HomeController->__construct()
 2 SYSTEMPATH\CodeIgniter.php(493): CodeIgniter\CodeIgniter->createController()
 3 SYSTEMPATH\CodeIgniter.php(361): CodeIgniter\CodeIgniter->handleRequest(null, Object(Config\Cache), false)
 4 FCPATH\index.php(79): CodeIgniter\CodeIgniter->run()
WARNING - 2024-09-09 05:19:11 --> [DEPRECATED] Creation of dynamic property App\Controllers\HomeController::$imageModel is deprecated in APPPATH\Controllers\HomeController.php on line 21.
 1 SYSTEMPATH\CodeIgniter.php(913): App\Controllers\HomeController->__construct()
 2 SYSTEMPATH\CodeIgniter.php(493): CodeIgniter\CodeIgniter->createController()
 3 SYSTEMPATH\CodeIgniter.php(361): CodeIgniter\CodeIgniter->handleRequest(null, Object(Config\Cache), false)
 4 FCPATH\index.php(79): CodeIgniter\CodeIgniter->run()
WARNING - 2024-09-09 05:19:11 --> [DEPRECATED] Creation of dynamic property App\Controllers\HomeController::$areaModel is deprecated in APPPATH\Controllers\HomeController.php on line 22.
 1 SYSTEMPATH\CodeIgniter.php(913): App\Controllers\HomeController->__construct()
 2 SYSTEMPATH\CodeIgniter.php(493): CodeIgniter\CodeIgniter->createController()
 3 SYSTEMPATH\CodeIgniter.php(361): CodeIgniter\CodeIgniter->handleRequest(null, Object(Config\Cache), false)
 4 FCPATH\index.php(79): CodeIgniter\CodeIgniter->run()
WARNING - 2024-09-09 05:19:11 --> [DEPRECATED] Creation of dynamic property App\Controllers\HomeController::$foodModel is deprecated in APPPATH\Controllers\HomeController.php on line 23.
 1 SYSTEMPATH\CodeIgniter.php(913): App\Controllers\HomeController->__construct()
 2 SYSTEMPATH\CodeIgniter.php(493): CodeIgniter\CodeIgniter->createController()
 3 SYSTEMPATH\CodeIgniter.php(361): CodeIgniter\CodeIgniter->handleRequest(null, Object(Config\Cache), false)
 4 FCPATH\index.php(79): CodeIgniter\CodeIgniter->run()
WARNING - 2024-09-09 05:19:11 --> [DEPRECATED] Creation of dynamic property App\Controllers\HomeController::$blogModel is deprecated in APPPATH\Controllers\HomeController.php on line 24.
 1 SYSTEMPATH\CodeIgniter.php(913): App\Controllers\HomeController->__construct()
 2 SYSTEMPATH\CodeIgniter.php(493): CodeIgniter\CodeIgniter->createController()
 3 SYSTEMPATH\CodeIgniter.php(361): CodeIgniter\CodeIgniter->handleRequest(null, Object(Config\Cache), false)
 4 FCPATH\index.php(79): CodeIgniter\CodeIgniter->run()
WARNING - 2024-09-09 05:19:11 --> [DEPRECATED] Creation of dynamic property App\Controllers\HomeController::$citiesModel is deprecated in APPPATH\Controllers\HomeController.php on line 19.
 1 SYSTEMPATH\CodeIgniter.php(913): App\Controllers\HomeController->__construct()
 2 SYSTEMPATH\CodeIgniter.php(493): CodeIgniter\CodeIgniter->createController()
 3 SYSTEMPATH\CodeIgniter.php(361): CodeIgniter\CodeIgniter->handleRequest(null, Object(Config\Cache), false)
 4 FCPATH\index.php(79): CodeIgniter\CodeIgniter->run()
WARNING - 2024-09-09 05:19:11 --> [DEPRECATED] Creation of dynamic property App\Controllers\HomeController::$uttarakhandModel is deprecated in APPPATH\Controllers\HomeController.php on line 20.
 1 SYSTEMPATH\CodeIgniter.php(913): App\Controllers\HomeController->__construct()
 2 SYSTEMPATH\CodeIgniter.php(493): CodeIgniter\CodeIgniter->createController()
 3 SYSTEMPATH\CodeIgniter.php(361): CodeIgniter\CodeIgniter->handleRequest(null, Object(Config\Cache), false)
 4 FCPATH\index.php(79): CodeIgniter\CodeIgniter->run()
WARNING - 2024-09-09 05:19:11 --> [DEPRECATED] Creation of dynamic property App\Controllers\HomeController::$imageModel is deprecated in APPPATH\Controllers\HomeController.php on line 21.
 1 SYSTEMPATH\CodeIgniter.php(913): App\Controllers\HomeController->__construct()
 2 SYSTEMPATH\CodeIgniter.php(493): CodeIgniter\CodeIgniter->createController()
 3 SYSTEMPATH\CodeIgniter.php(361): CodeIgniter\CodeIgniter->handleRequest(null, Object(Config\Cache), false)
 4 FCPATH\index.php(79): CodeIgniter\CodeIgniter->run()
WARNING - 2024-09-09 05:19:11 --> [DEPRECATED] Creation of dynamic property App\Controllers\HomeController::$areaModel is deprecated in APPPATH\Controllers\HomeController.php on line 22.
 1 SYSTEMPATH\CodeIgniter.php(913): App\Controllers\HomeController->__construct()
 2 SYSTEMPATH\CodeIgniter.php(493): CodeIgniter\CodeIgniter->createController()
 3 SYSTEMPATH\CodeIgniter.php(361): CodeIgniter\CodeIgniter->handleRequest(null, Object(Config\Cache), false)
 4 FCPATH\index.php(79): CodeIgniter\CodeIgniter->run()
WARNING - 2024-09-09 05:19:11 --> [DEPRECATED] Creation of dynamic property App\Controllers\HomeController::$foodModel is deprecated in APPPATH\Controllers\HomeController.php on line 23.
 1 SYSTEMPATH\CodeIgniter.php(913): App\Controllers\HomeController->__construct()
 2 SYSTEMPATH\CodeIgniter.php(493): CodeIgniter\CodeIgniter->createController()
 3 SYSTEMPATH\CodeIgniter.php(361): CodeIgniter\CodeIgniter->handleRequest(null, Object(Config\Cache), false)
 4 FCPATH\index.php(79): CodeIgniter\CodeIgniter->run()
WARNING - 2024-09-09 05:19:11 --> [DEPRECATED] Creation of dynamic property App\Controllers\HomeController::$blogModel is deprecated in APPPATH\Controllers\HomeController.php on line 24.
 1 SYSTEMPATH\CodeIgniter.php(913): App\Controllers\HomeController->__construct()
 2 SYSTEMPATH\CodeIgniter.php(493): CodeIgniter\CodeIgniter->createController()
 3 SYSTEMPATH\CodeIgniter.php(361): CodeIgniter\CodeIgniter->handleRequest(null, Object(Config\Cache), false)
 4 FCPATH\index.php(79): CodeIgniter\CodeIgniter->run()
WARNING - 2024-09-09 05:19:11 --> [DEPRECATED] Creation of dynamic property App\Controllers\HomeController::$citiesModel is deprecated in APPPATH\Controllers\HomeController.php on line 19.
 1 SYSTEMPATH\CodeIgniter.php(913): App\Controllers\HomeController->__construct()
 2 SYSTEMPATH\CodeIgniter.php(493): CodeIgniter\CodeIgniter->createController()
 3 SYSTEMPATH\CodeIgniter.php(361): CodeIgniter\CodeIgniter->handleRequest(null, Object(Config\Cache), false)
 4 FCPATH\index.php(79): CodeIgniter\CodeIgniter->run()
WARNING - 2024-09-09 05:19:11 --> [DEPRECATED] Creation of dynamic property App\Controllers\HomeController::$uttarakhandModel is deprecated in APPPATH\Controllers\HomeController.php on line 20.
 1 SYSTEMPATH\CodeIgniter.php(913): App\Controllers\HomeController->__construct()
 2 SYSTEMPATH\CodeIgniter.php(493): CodeIgniter\CodeIgniter->createController()
 3 SYSTEMPATH\CodeIgniter.php(361): CodeIgniter\CodeIgniter->handleRequest(null, Object(Config\Cache), false)
 4 FCPATH\index.php(79): CodeIgniter\CodeIgniter->run()
WARNING - 2024-09-09 05:19:11 --> [DEPRECATED] Creation of dynamic property App\Controllers\HomeController::$imageModel is deprecated in APPPATH\Controllers\HomeController.php on line 21.
 1 SYSTEMPATH\CodeIgniter.php(913): App\Controllers\HomeController->__construct()
 2 SYSTEMPATH\CodeIgniter.php(493): CodeIgniter\CodeIgniter->createController()
 3 SYSTEMPATH\CodeIgniter.php(361): CodeIgniter\CodeIgniter->handleRequest(null, Object(Config\Cache), false)
 4 FCPATH\index.php(79): CodeIgniter\CodeIgniter->run()
WARNING - 2024-09-09 05:19:11 --> [DEPRECATED] Creation of dynamic property App\Controllers\HomeController::$areaModel is deprecated in APPPATH\Controllers\HomeController.php on line 22.
 1 SYSTEMPATH\CodeIgniter.php(913): App\Controllers\HomeController->__construct()
 2 SYSTEMPATH\CodeIgniter.php(493): CodeIgniter\CodeIgniter->createController()
 3 SYSTEMPATH\CodeIgniter.php(361): CodeIgniter\CodeIgniter->handleRequest(null, Object(Config\Cache), false)
 4 FCPATH\index.php(79): CodeIgniter\CodeIgniter->run()
WARNING - 2024-09-09 05:19:11 --> [DEPRECATED] Creation of dynamic property App\Controllers\HomeController::$foodModel is deprecated in APPPATH\Controllers\HomeController.php on line 23.
 1 SYSTEMPATH\CodeIgniter.php(913): App\Controllers\HomeController->__construct()
 2 SYSTEMPATH\CodeIgniter.php(493): CodeIgniter\CodeIgniter->createController()
 3 SYSTEMPATH\CodeIgniter.php(361): CodeIgniter\CodeIgniter->handleRequest(null, Object(Config\Cache), false)
 4 FCPATH\index.php(79): CodeIgniter\CodeIgniter->run()
WARNING - 2024-09-09 05:19:11 --> [DEPRECATED] Creation of dynamic property App\Controllers\HomeController::$blogModel is deprecated in APPPATH\Controllers\HomeController.php on line 24.
 1 SYSTEMPATH\CodeIgniter.php(913): App\Controllers\HomeController->__construct()
 2 SYSTEMPATH\CodeIgniter.php(493): CodeIgniter\CodeIgniter->createController()
 3 SYSTEMPATH\CodeIgniter.php(361): CodeIgniter\CodeIgniter->handleRequest(null, Object(Config\Cache), false)
 4 FCPATH\index.php(79): CodeIgniter\CodeIgniter->run()
WARNING - 2024-09-09 05:19:15 --> [DEPRECATED] Creation of dynamic property App\Controllers\HomeController::$citiesModel is deprecated in APPPATH\Controllers\HomeController.php on line 19.
 1 SYSTEMPATH\CodeIgniter.php(913): App\Controllers\HomeController->__construct()
 2 SYSTEMPATH\CodeIgniter.php(493): CodeIgniter\CodeIgniter->createController()
 3 SYSTEMPATH\CodeIgniter.php(361): CodeIgniter\CodeIgniter->handleRequest(null, Object(Config\Cache), false)
 4 FCPATH\index.php(79): CodeIgniter\CodeIgniter->run()
WARNING - 2024-09-09 05:19:15 --> [DEPRECATED] Creation of dynamic property App\Controllers\HomeController::$uttarakhandModel is deprecated in APPPATH\Controllers\HomeController.php on line 20.
 1 SYSTEMPATH\CodeIgniter.php(913): App\Controllers\HomeController->__construct()
 2 SYSTEMPATH\CodeIgniter.php(493): CodeIgniter\CodeIgniter->createController()
 3 SYSTEMPATH\CodeIgniter.php(361): CodeIgniter\CodeIgniter->handleRequest(null, Object(Config\Cache), false)
 4 FCPATH\index.php(79): CodeIgniter\CodeIgniter->run()
WARNING - 2024-09-09 05:19:15 --> [DEPRECATED] Creation of dynamic property App\Controllers\HomeController::$imageModel is deprecated in APPPATH\Controllers\HomeController.php on line 21.
 1 SYSTEMPATH\CodeIgniter.php(913): App\Controllers\HomeController->__construct()
 2 SYSTEMPATH\CodeIgniter.php(493): CodeIgniter\CodeIgniter->createController()
 3 SYSTEMPATH\CodeIgniter.php(361): CodeIgniter\CodeIgniter->handleRequest(null, Object(Config\Cache), false)
 4 FCPATH\index.php(79): CodeIgniter\CodeIgniter->run()
WARNING - 2024-09-09 05:19:15 --> [DEPRECATED] Creation of dynamic property App\Controllers\HomeController::$areaModel is deprecated in APPPATH\Controllers\HomeController.php on line 22.
 1 SYSTEMPATH\CodeIgniter.php(913): App\Controllers\HomeController->__construct()
 2 SYSTEMPATH\CodeIgniter.php(493): CodeIgniter\CodeIgniter->createController()
 3 SYSTEMPATH\CodeIgniter.php(361): CodeIgniter\CodeIgniter->handleRequest(null, Object(Config\Cache), false)
 4 FCPATH\index.php(79): CodeIgniter\CodeIgniter->run()
WARNING - 2024-09-09 05:19:15 --> [DEPRECATED] Creation of dynamic property App\Controllers\HomeController::$foodModel is deprecated in APPPATH\Controllers\HomeController.php on line 23.
 1 SYSTEMPATH\CodeIgniter.php(913): App\Controllers\HomeController->__construct()
 2 SYSTEMPATH\CodeIgniter.php(493): CodeIgniter\CodeIgniter->createController()
 3 SYSTEMPATH\CodeIgniter.php(361): CodeIgniter\CodeIgniter->handleRequest(null, Object(Config\Cache), false)
 4 FCPATH\index.php(79): CodeIgniter\CodeIgniter->run()
WARNING - 2024-09-09 05:19:15 --> [DEPRECATED] Creation of dynamic property App\Controllers\HomeController::$blogModel is deprecated in APPPATH\Controllers\HomeController.php on line 24.
 1 SYSTEMPATH\CodeIgniter.php(913): App\Controllers\HomeController->__construct()
 2 SYSTEMPATH\CodeIgniter.php(493): CodeIgniter\CodeIgniter->createController()
 3 SYSTEMPATH\CodeIgniter.php(361): CodeIgniter\CodeIgniter->handleRequest(null, Object(Config\Cache), false)
 4 FCPATH\index.php(79): CodeIgniter\CodeIgniter->run()
WARNING - 2024-09-09 05:19:22 --> [DEPRECATED] Creation of dynamic property App\Controllers\HomeController::$citiesModel is deprecated in APPPATH\Controllers\HomeController.php on line 19.
 1 SYSTEMPATH\CodeIgniter.php(913): App\Controllers\HomeController->__construct()
 2 SYSTEMPATH\CodeIgniter.php(493): CodeIgniter\CodeIgniter->createController()
 3 SYSTEMPATH\CodeIgniter.php(361): CodeIgniter\CodeIgniter->handleRequest(null, Object(Config\Cache), false)
 4 FCPATH\index.php(79): CodeIgniter\CodeIgniter->run()
WARNING - 2024-09-09 05:19:22 --> [DEPRECATED] Creation of dynamic property App\Controllers\HomeController::$uttarakhandModel is deprecated in APPPATH\Controllers\HomeController.php on line 20.
 1 SYSTEMPATH\CodeIgniter.php(913): App\Controllers\HomeController->__construct()
 2 SYSTEMPATH\CodeIgniter.php(493): CodeIgniter\CodeIgniter->createController()
 3 SYSTEMPATH\CodeIgniter.php(361): CodeIgniter\CodeIgniter->handleRequest(null, Object(Config\Cache), false)
 4 FCPATH\index.php(79): CodeIgniter\CodeIgniter->run()
WARNING - 2024-09-09 05:19:22 --> [DEPRECATED] Creation of dynamic property App\Controllers\HomeController::$imageModel is deprecated in APPPATH\Controllers\HomeController.php on line 21.
 1 SYSTEMPATH\CodeIgniter.php(913): App\Controllers\HomeController->__construct()
 2 SYSTEMPATH\CodeIgniter.php(493): CodeIgniter\CodeIgniter->createController()
 3 SYSTEMPATH\CodeIgniter.php(361): CodeIgniter\CodeIgniter->handleRequest(null, Object(Config\Cache), false)
 4 FCPATH\index.php(79): CodeIgniter\CodeIgniter->run()
WARNING - 2024-09-09 05:19:22 --> [DEPRECATED] Creation of dynamic property App\Controllers\HomeController::$areaModel is deprecated in APPPATH\Controllers\HomeController.php on line 22.
 1 SYSTEMPATH\CodeIgniter.php(913): App\Controllers\HomeController->__construct()
 2 SYSTEMPATH\CodeIgniter.php(493): CodeIgniter\CodeIgniter->createController()
 3 SYSTEMPATH\CodeIgniter.php(361): CodeIgniter\CodeIgniter->handleRequest(null, Object(Config\Cache), false)
 4 FCPATH\index.php(79): CodeIgniter\CodeIgniter->run()
WARNING - 2024-09-09 05:19:22 --> [DEPRECATED] Creation of dynamic property App\Controllers\HomeController::$foodModel is deprecated in APPPATH\Controllers\HomeController.php on line 23.
 1 SYSTEMPATH\CodeIgniter.php(913): App\Controllers\HomeController->__construct()
 2 SYSTEMPATH\CodeIgniter.php(493): CodeIgniter\CodeIgniter->createController()
 3 SYSTEMPATH\CodeIgniter.php(361): CodeIgniter\CodeIgniter->handleRequest(null, Object(Config\Cache), false)
 4 FCPATH\index.php(79): CodeIgniter\CodeIgniter->run()
WARNING - 2024-09-09 05:19:22 --> [DEPRECATED] Creation of dynamic property App\Controllers\HomeController::$blogModel is deprecated in APPPATH\Controllers\HomeController.php on line 24.
 1 SYSTEMPATH\CodeIgniter.php(913): App\Controllers\HomeController->__construct()
 2 SYSTEMPATH\CodeIgniter.php(493): CodeIgniter\CodeIgniter->createController()
 3 SYSTEMPATH\CodeIgniter.php(361): CodeIgniter\CodeIgniter->handleRequest(null, Object(Config\Cache), false)
 4 FCPATH\index.php(79): CodeIgniter\CodeIgniter->run()
WARNING - 2024-09-09 05:19:26 --> [DEPRECATED] Creation of dynamic property App\Controllers\HomeController::$citiesModel is deprecated in APPPATH\Controllers\HomeController.php on line 19.
 1 SYSTEMPATH\CodeIgniter.php(913): App\Controllers\HomeController->__construct()
 2 SYSTEMPATH\CodeIgniter.php(493): CodeIgniter\CodeIgniter->createController()
 3 SYSTEMPATH\CodeIgniter.php(361): CodeIgniter\CodeIgniter->handleRequest(null, Object(Config\Cache), false)
 4 FCPATH\index.php(79): CodeIgniter\CodeIgniter->run()
WARNING - 2024-09-09 05:19:26 --> [DEPRECATED] Creation of dynamic property App\Controllers\HomeController::$uttarakhandModel is deprecated in APPPATH\Controllers\HomeController.php on line 20.
 1 SYSTEMPATH\CodeIgniter.php(913): App\Controllers\HomeController->__construct()
 2 SYSTEMPATH\CodeIgniter.php(493): CodeIgniter\CodeIgniter->createController()
 3 SYSTEMPATH\CodeIgniter.php(361): CodeIgniter\CodeIgniter->handleRequest(null, Object(Config\Cache), false)
 4 FCPATH\index.php(79): CodeIgniter\CodeIgniter->run()
WARNING - 2024-09-09 05:19:26 --> [DEPRECATED] Creation of dynamic property App\Controllers\HomeController::$imageModel is deprecated in APPPATH\Controllers\HomeController.php on line 21.
 1 SYSTEMPATH\CodeIgniter.php(913): App\Controllers\HomeController->__construct()
 2 SYSTEMPATH\CodeIgniter.php(493): CodeIgniter\CodeIgniter->createController()
 3 SYSTEMPATH\CodeIgniter.php(361): CodeIgniter\CodeIgniter->handleRequest(null, Object(Config\Cache), false)
 4 FCPATH\index.php(79): CodeIgniter\CodeIgniter->run()
WARNING - 2024-09-09 05:19:26 --> [DEPRECATED] Creation of dynamic property App\Controllers\HomeController::$areaModel is deprecated in APPPATH\Controllers\HomeController.php on line 22.
 1 SYSTEMPATH\CodeIgniter.php(913): App\Controllers\HomeController->__construct()
 2 SYSTEMPATH\CodeIgniter.php(493): CodeIgniter\CodeIgniter->createController()
 3 SYSTEMPATH\CodeIgniter.php(361): CodeIgniter\CodeIgniter->handleRequest(null, Object(Config\Cache), false)
 4 FCPATH\index.php(79): CodeIgniter\CodeIgniter->run()
WARNING - 2024-09-09 05:19:26 --> [DEPRECATED] Creation of dynamic property App\Controllers\HomeController::$foodModel is deprecated in APPPATH\Controllers\HomeController.php on line 23.
 1 SYSTEMPATH\CodeIgniter.php(913): App\Controllers\HomeController->__construct()
 2 SYSTEMPATH\CodeIgniter.php(493): CodeIgniter\CodeIgniter->createController()
 3 SYSTEMPATH\CodeIgniter.php(361): CodeIgniter\CodeIgniter->handleRequest(null, Object(Config\Cache), false)
 4 FCPATH\index.php(79): CodeIgniter\CodeIgniter->run()
WARNING - 2024-09-09 05:19:26 --> [DEPRECATED] Creation of dynamic property App\Controllers\HomeController::$blogModel is deprecated in APPPATH\Controllers\HomeController.php on line 24.
 1 SYSTEMPATH\CodeIgniter.php(913): App\Controllers\HomeController->__construct()
 2 SYSTEMPATH\CodeIgniter.php(493): CodeIgniter\CodeIgniter->createController()
 3 SYSTEMPATH\CodeIgniter.php(361): CodeIgniter\CodeIgniter->handleRequest(null, Object(Config\Cache), false)
 4 FCPATH\index.php(79): CodeIgniter\CodeIgniter->run()
WARNING - 2024-09-09 05:19:29 --> [DEPRECATED] Creation of dynamic property App\Controllers\HomeController::$citiesModel is deprecated in APPPATH\Controllers\HomeController.php on line 19.
 1 SYSTEMPATH\CodeIgniter.php(913): App\Controllers\HomeController->__construct()
 2 SYSTEMPATH\CodeIgniter.php(493): CodeIgniter\CodeIgniter->createController()
 3 SYSTEMPATH\CodeIgniter.php(361): CodeIgniter\CodeIgniter->handleRequest(null, Object(Config\Cache), false)
 4 FCPATH\index.php(79): CodeIgniter\CodeIgniter->run()
WARNING - 2024-09-09 05:19:29 --> [DEPRECATED] Creation of dynamic property App\Controllers\HomeController::$uttarakhandModel is deprecated in APPPATH\Controllers\HomeController.php on line 20.
 1 SYSTEMPATH\CodeIgniter.php(913): App\Controllers\HomeController->__construct()
 2 SYSTEMPATH\CodeIgniter.php(493): CodeIgniter\CodeIgniter->createController()
 3 SYSTEMPATH\CodeIgniter.php(361): CodeIgniter\CodeIgniter->handleRequest(null, Object(Config\Cache), false)
 4 FCPATH\index.php(79): CodeIgniter\CodeIgniter->run()
WARNING - 2024-09-09 05:19:29 --> [DEPRECATED] Creation of dynamic property App\Controllers\HomeController::$imageModel is deprecated in APPPATH\Controllers\HomeController.php on line 21.
 1 SYSTEMPATH\CodeIgniter.php(913): App\Controllers\HomeController->__construct()
 2 SYSTEMPATH\CodeIgniter.php(493): CodeIgniter\CodeIgniter->createController()
 3 SYSTEMPATH\CodeIgniter.php(361): CodeIgniter\CodeIgniter->handleRequest(null, Object(Config\Cache), false)
 4 FCPATH\index.php(79): CodeIgniter\CodeIgniter->run()
WARNING - 2024-09-09 05:19:29 --> [DEPRECATED] Creation of dynamic property App\Controllers\HomeController::$areaModel is deprecated in APPPATH\Controllers\HomeController.php on line 22.
 1 SYSTEMPATH\CodeIgniter.php(913): App\Controllers\HomeController->__construct()
 2 SYSTEMPATH\CodeIgniter.php(493): CodeIgniter\CodeIgniter->createController()
 3 SYSTEMPATH\CodeIgniter.php(361): CodeIgniter\CodeIgniter->handleRequest(null, Object(Config\Cache), false)
 4 FCPATH\index.php(79): CodeIgniter\CodeIgniter->run()
WARNING - 2024-09-09 05:19:29 --> [DEPRECATED] Creation of dynamic property App\Controllers\HomeController::$foodModel is deprecated in APPPATH\Controllers\HomeController.php on line 23.
 1 SYSTEMPATH\CodeIgniter.php(913): App\Controllers\HomeController->__construct()
 2 SYSTEMPATH\CodeIgniter.php(493): CodeIgniter\CodeIgniter->createController()
 3 SYSTEMPATH\CodeIgniter.php(361): CodeIgniter\CodeIgniter->handleRequest(null, Object(Config\Cache), false)
 4 FCPATH\index.php(79): CodeIgniter\CodeIgniter->run()
WARNING - 2024-09-09 05:19:29 --> [DEPRECATED] Creation of dynamic property App\Controllers\HomeController::$blogModel is deprecated in APPPATH\Controllers\HomeController.php on line 24.
 1 SYSTEMPATH\CodeIgniter.php(913): App\Controllers\HomeController->__construct()
 2 SYSTEMPATH\CodeIgniter.php(493): CodeIgniter\CodeIgniter->createController()
 3 SYSTEMPATH\CodeIgniter.php(361): CodeIgniter\CodeIgniter->handleRequest(null, Object(Config\Cache), false)
 4 FCPATH\index.php(79): CodeIgniter\CodeIgniter->run()
WARNING - 2024-09-09 05:19:41 --> [DEPRECATED] Creation of dynamic property App\Controllers\HomeController::$citiesModel is deprecated in APPPATH\Controllers\HomeController.php on line 19.
 1 SYSTEMPATH\CodeIgniter.php(913): App\Controllers\HomeController->__construct()
 2 SYSTEMPATH\CodeIgniter.php(493): CodeIgniter\CodeIgniter->createController()
 3 SYSTEMPATH\CodeIgniter.php(361): CodeIgniter\CodeIgniter->handleRequest(null, Object(Config\Cache), false)
 4 FCPATH\index.php(79): CodeIgniter\CodeIgniter->run()
WARNING - 2024-09-09 05:19:41 --> [DEPRECATED] Creation of dynamic property App\Controllers\HomeController::$uttarakhandModel is deprecated in APPPATH\Controllers\HomeController.php on line 20.
 1 SYSTEMPATH\CodeIgniter.php(913): App\Controllers\HomeController->__construct()
 2 SYSTEMPATH\CodeIgniter.php(493): CodeIgniter\CodeIgniter->createController()
 3 SYSTEMPATH\CodeIgniter.php(361): CodeIgniter\CodeIgniter->handleRequest(null, Object(Config\Cache), false)
 4 FCPATH\index.php(79): CodeIgniter\CodeIgniter->run()
WARNING - 2024-09-09 05:19:41 --> [DEPRECATED] Creation of dynamic property App\Controllers\HomeController::$imageModel is deprecated in APPPATH\Controllers\HomeController.php on line 21.
 1 SYSTEMPATH\CodeIgniter.php(913): App\Controllers\HomeController->__construct()
 2 SYSTEMPATH\CodeIgniter.php(493): CodeIgniter\CodeIgniter->createController()
 3 SYSTEMPATH\CodeIgniter.php(361): CodeIgniter\CodeIgniter->handleRequest(null, Object(Config\Cache), false)
 4 FCPATH\index.php(79): CodeIgniter\CodeIgniter->run()
WARNING - 2024-09-09 05:19:41 --> [DEPRECATED] Creation of dynamic property App\Controllers\HomeController::$areaModel is deprecated in APPPATH\Controllers\HomeController.php on line 22.
 1 SYSTEMPATH\CodeIgniter.php(913): App\Controllers\HomeController->__construct()
 2 SYSTEMPATH\CodeIgniter.php(493): CodeIgniter\CodeIgniter->createController()
 3 SYSTEMPATH\CodeIgniter.php(361): CodeIgniter\CodeIgniter->handleRequest(null, Object(Config\Cache), false)
 4 FCPATH\index.php(79): CodeIgniter\CodeIgniter->run()
WARNING - 2024-09-09 05:19:41 --> [DEPRECATED] Creation of dynamic property App\Controllers\HomeController::$foodModel is deprecated in APPPATH\Controllers\HomeController.php on line 23.
 1 SYSTEMPATH\CodeIgniter.php(913): App\Controllers\HomeController->__construct()
 2 SYSTEMPATH\CodeIgniter.php(493): CodeIgniter\CodeIgniter->createController()
 3 SYSTEMPATH\CodeIgniter.php(361): CodeIgniter\CodeIgniter->handleRequest(null, Object(Config\Cache), false)
 4 FCPATH\index.php(79): CodeIgniter\CodeIgniter->run()
WARNING - 2024-09-09 05:19:41 --> [DEPRECATED] Creation of dynamic property App\Controllers\HomeController::$blogModel is deprecated in APPPATH\Controllers\HomeController.php on line 24.
 1 SYSTEMPATH\CodeIgniter.php(913): App\Controllers\HomeController->__construct()
 2 SYSTEMPATH\CodeIgniter.php(493): CodeIgniter\CodeIgniter->createController()
 3 SYSTEMPATH\CodeIgniter.php(361): CodeIgniter\CodeIgniter->handleRequest(null, Object(Config\Cache), false)
 4 FCPATH\index.php(79): CodeIgniter\CodeIgniter->run()
WARNING - 2024-09-09 05:19:58 --> [DEPRECATED] Creation of dynamic property App\Controllers\HomeController::$citiesModel is deprecated in APPPATH\Controllers\HomeController.php on line 19.
 1 SYSTEMPATH\CodeIgniter.php(913): App\Controllers\HomeController->__construct()
 2 SYSTEMPATH\CodeIgniter.php(493): CodeIgniter\CodeIgniter->createController()
 3 SYSTEMPATH\CodeIgniter.php(361): CodeIgniter\CodeIgniter->handleRequest(null, Object(Config\Cache), false)
 4 FCPATH\index.php(79): CodeIgniter\CodeIgniter->run()
WARNING - 2024-09-09 05:19:58 --> [DEPRECATED] Creation of dynamic property App\Controllers\HomeController::$uttarakhandModel is deprecated in APPPATH\Controllers\HomeController.php on line 20.
 1 SYSTEMPATH\CodeIgniter.php(913): App\Controllers\HomeController->__construct()
 2 SYSTEMPATH\CodeIgniter.php(493): CodeIgniter\CodeIgniter->createController()
 3 SYSTEMPATH\CodeIgniter.php(361): CodeIgniter\CodeIgniter->handleRequest(null, Object(Config\Cache), false)
 4 FCPATH\index.php(79): CodeIgniter\CodeIgniter->run()
WARNING - 2024-09-09 05:19:58 --> [DEPRECATED] Creation of dynamic property App\Controllers\HomeController::$imageModel is deprecated in APPPATH\Controllers\HomeController.php on line 21.
 1 SYSTEMPATH\CodeIgniter.php(913): App\Controllers\HomeController->__construct()
 2 SYSTEMPATH\CodeIgniter.php(493): CodeIgniter\CodeIgniter->createController()
 3 SYSTEMPATH\CodeIgniter.php(361): CodeIgniter\CodeIgniter->handleRequest(null, Object(Config\Cache), false)
 4 FCPATH\index.php(79): CodeIgniter\CodeIgniter->run()
WARNING - 2024-09-09 05:19:58 --> [DEPRECATED] Creation of dynamic property App\Controllers\HomeController::$areaModel is deprecated in APPPATH\Controllers\HomeController.php on line 22.
 1 SYSTEMPATH\CodeIgniter.php(913): App\Controllers\HomeController->__construct()
 2 SYSTEMPATH\CodeIgniter.php(493): CodeIgniter\CodeIgniter->createController()
 3 SYSTEMPATH\CodeIgniter.php(361): CodeIgniter\CodeIgniter->handleRequest(null, Object(Config\Cache), false)
 4 FCPATH\index.php(79): CodeIgniter\CodeIgniter->run()
WARNING - 2024-09-09 05:19:58 --> [DEPRECATED] Creation of dynamic property App\Controllers\HomeController::$foodModel is deprecated in APPPATH\Controllers\HomeController.php on line 23.
 1 SYSTEMPATH\CodeIgniter.php(913): App\Controllers\HomeController->__construct()
 2 SYSTEMPATH\CodeIgniter.php(493): CodeIgniter\CodeIgniter->createController()
 3 SYSTEMPATH\CodeIgniter.php(361): CodeIgniter\CodeIgniter->handleRequest(null, Object(Config\Cache), false)
 4 FCPATH\index.php(79): CodeIgniter\CodeIgniter->run()
WARNING - 2024-09-09 05:19:58 --> [DEPRECATED] Creation of dynamic property App\Controllers\HomeController::$blogModel is deprecated in APPPATH\Controllers\HomeController.php on line 24.
 1 SYSTEMPATH\CodeIgniter.php(913): App\Controllers\HomeController->__construct()
 2 SYSTEMPATH\CodeIgniter.php(493): CodeIgniter\CodeIgniter->createController()
 3 SYSTEMPATH\CodeIgniter.php(361): CodeIgniter\CodeIgniter->handleRequest(null, Object(Config\Cache), false)
 4 FCPATH\index.php(79): CodeIgniter\CodeIgniter->run()
WARNING - 2024-09-09 05:20:06 --> [DEPRECATED] Creation of dynamic property App\Controllers\HomeController::$citiesModel is deprecated in APPPATH\Controllers\HomeController.php on line 19.
 1 SYSTEMPATH\CodeIgniter.php(913): App\Controllers\HomeController->__construct()
 2 SYSTEMPATH\CodeIgniter.php(493): CodeIgniter\CodeIgniter->createController()
 3 SYSTEMPATH\CodeIgniter.php(361): CodeIgniter\CodeIgniter->handleRequest(null, Object(Config\Cache), false)
 4 FCPATH\index.php(79): CodeIgniter\CodeIgniter->run()
WARNING - 2024-09-09 05:20:06 --> [DEPRECATED] Creation of dynamic property App\Controllers\HomeController::$uttarakhandModel is deprecated in APPPATH\Controllers\HomeController.php on line 20.
 1 SYSTEMPATH\CodeIgniter.php(913): App\Controllers\HomeController->__construct()
 2 SYSTEMPATH\CodeIgniter.php(493): CodeIgniter\CodeIgniter->createController()
 3 SYSTEMPATH\CodeIgniter.php(361): CodeIgniter\CodeIgniter->handleRequest(null, Object(Config\Cache), false)
 4 FCPATH\index.php(79): CodeIgniter\CodeIgniter->run()
WARNING - 2024-09-09 05:20:06 --> [DEPRECATED] Creation of dynamic property App\Controllers\HomeController::$imageModel is deprecated in APPPATH\Controllers\HomeController.php on line 21.
 1 SYSTEMPATH\CodeIgniter.php(913): App\Controllers\HomeController->__construct()
 2 SYSTEMPATH\CodeIgniter.php(493): CodeIgniter\CodeIgniter->createController()
 3 SYSTEMPATH\CodeIgniter.php(361): CodeIgniter\CodeIgniter->handleRequest(null, Object(Config\Cache), false)
 4 FCPATH\index.php(79): CodeIgniter\CodeIgniter->run()
WARNING - 2024-09-09 05:20:06 --> [DEPRECATED] Creation of dynamic property App\Controllers\HomeController::$areaModel is deprecated in APPPATH\Controllers\HomeController.php on line 22.
 1 SYSTEMPATH\CodeIgniter.php(913): App\Controllers\HomeController->__construct()
 2 SYSTEMPATH\CodeIgniter.php(493): CodeIgniter\CodeIgniter->createController()
 3 SYSTEMPATH\CodeIgniter.php(361): CodeIgniter\CodeIgniter->handleRequest(null, Object(Config\Cache), false)
 4 FCPATH\index.php(79): CodeIgniter\CodeIgniter->run()
WARNING - 2024-09-09 05:20:06 --> [DEPRECATED] Creation of dynamic property App\Controllers\HomeController::$foodModel is deprecated in APPPATH\Controllers\HomeController.php on line 23.
 1 SYSTEMPATH\CodeIgniter.php(913): App\Controllers\HomeController->__construct()
 2 SYSTEMPATH\CodeIgniter.php(493): CodeIgniter\CodeIgniter->createController()
 3 SYSTEMPATH\CodeIgniter.php(361): CodeIgniter\CodeIgniter->handleRequest(null, Object(Config\Cache), false)
 4 FCPATH\index.php(79): CodeIgniter\CodeIgniter->run()
WARNING - 2024-09-09 05:20:06 --> [DEPRECATED] Creation of dynamic property App\Controllers\HomeController::$blogModel is deprecated in APPPATH\Controllers\HomeController.php on line 24.
 1 SYSTEMPATH\CodeIgniter.php(913): App\Controllers\HomeController->__construct()
 2 SYSTEMPATH\CodeIgniter.php(493): CodeIgniter\CodeIgniter->createController()
 3 SYSTEMPATH\CodeIgniter.php(361): CodeIgniter\CodeIgniter->handleRequest(null, Object(Config\Cache), false)
 4 FCPATH\index.php(79): CodeIgniter\CodeIgniter->run()
WARNING - 2024-09-09 05:22:10 --> [DEPRECATED] Creation of dynamic property App\Controllers\HomeController::$citiesModel is deprecated in APPPATH\Controllers\HomeController.php on line 19.
 1 SYSTEMPATH\CodeIgniter.php(913): App\Controllers\HomeController->__construct()
 2 SYSTEMPATH\CodeIgniter.php(493): CodeIgniter\CodeIgniter->createController()
 3 SYSTEMPATH\CodeIgniter.php(361): CodeIgniter\CodeIgniter->handleRequest(null, Object(Config\Cache), false)
 4 FCPATH\index.php(79): CodeIgniter\CodeIgniter->run()
WARNING - 2024-09-09 05:22:10 --> [DEPRECATED] Creation of dynamic property App\Controllers\HomeController::$uttarakhandModel is deprecated in APPPATH\Controllers\HomeController.php on line 20.
 1 SYSTEMPATH\CodeIgniter.php(913): App\Controllers\HomeController->__construct()
 2 SYSTEMPATH\CodeIgniter.php(493): CodeIgniter\CodeIgniter->createController()
 3 SYSTEMPATH\CodeIgniter.php(361): CodeIgniter\CodeIgniter->handleRequest(null, Object(Config\Cache), false)
 4 FCPATH\index.php(79): CodeIgniter\CodeIgniter->run()
WARNING - 2024-09-09 05:22:10 --> [DEPRECATED] Creation of dynamic property App\Controllers\HomeController::$imageModel is deprecated in APPPATH\Controllers\HomeController.php on line 21.
 1 SYSTEMPATH\CodeIgniter.php(913): App\Controllers\HomeController->__construct()
 2 SYSTEMPATH\CodeIgniter.php(493): CodeIgniter\CodeIgniter->createController()
 3 SYSTEMPATH\CodeIgniter.php(361): CodeIgniter\CodeIgniter->handleRequest(null, Object(Config\Cache), false)
 4 FCPATH\index.php(79): CodeIgniter\CodeIgniter->run()
WARNING - 2024-09-09 05:22:10 --> [DEPRECATED] Creation of dynamic property App\Controllers\HomeController::$areaModel is deprecated in APPPATH\Controllers\HomeController.php on line 22.
 1 SYSTEMPATH\CodeIgniter.php(913): App\Controllers\HomeController->__construct()
 2 SYSTEMPATH\CodeIgniter.php(493): CodeIgniter\CodeIgniter->createController()
 3 SYSTEMPATH\CodeIgniter.php(361): CodeIgniter\CodeIgniter->handleRequest(null, Object(Config\Cache), false)
 4 FCPATH\index.php(79): CodeIgniter\CodeIgniter->run()
WARNING - 2024-09-09 05:22:10 --> [DEPRECATED] Creation of dynamic property App\Controllers\HomeController::$foodModel is deprecated in APPPATH\Controllers\HomeController.php on line 23.
 1 SYSTEMPATH\CodeIgniter.php(913): App\Controllers\HomeController->__construct()
 2 SYSTEMPATH\CodeIgniter.php(493): CodeIgniter\CodeIgniter->createController()
 3 SYSTEMPATH\CodeIgniter.php(361): CodeIgniter\CodeIgniter->handleRequest(null, Object(Config\Cache), false)
 4 FCPATH\index.php(79): CodeIgniter\CodeIgniter->run()
WARNING - 2024-09-09 05:22:10 --> [DEPRECATED] Creation of dynamic property App\Controllers\HomeController::$blogModel is deprecated in APPPATH\Controllers\HomeController.php on line 24.
 1 SYSTEMPATH\CodeIgniter.php(913): App\Controllers\HomeController->__construct()
 2 SYSTEMPATH\CodeIgniter.php(493): CodeIgniter\CodeIgniter->createController()
 3 SYSTEMPATH\CodeIgniter.php(361): CodeIgniter\CodeIgniter->handleRequest(null, Object(Config\Cache), false)
 4 FCPATH\index.php(79): CodeIgniter\CodeIgniter->run()
WARNING - 2024-09-09 05:22:25 --> [DEPRECATED] Creation of dynamic property App\Controllers\HomeController::$citiesModel is deprecated in APPPATH\Controllers\HomeController.php on line 19.
 1 SYSTEMPATH\CodeIgniter.php(913): App\Controllers\HomeController->__construct()
 2 SYSTEMPATH\CodeIgniter.php(493): CodeIgniter\CodeIgniter->createController()
 3 SYSTEMPATH\CodeIgniter.php(361): CodeIgniter\CodeIgniter->handleRequest(null, Object(Config\Cache), false)
 4 FCPATH\index.php(79): CodeIgniter\CodeIgniter->run()
WARNING - 2024-09-09 05:22:25 --> [DEPRECATED] Creation of dynamic property App\Controllers\HomeController::$uttarakhandModel is deprecated in APPPATH\Controllers\HomeController.php on line 20.
 1 SYSTEMPATH\CodeIgniter.php(913): App\Controllers\HomeController->__construct()
 2 SYSTEMPATH\CodeIgniter.php(493): CodeIgniter\CodeIgniter->createController()
 3 SYSTEMPATH\CodeIgniter.php(361): CodeIgniter\CodeIgniter->handleRequest(null, Object(Config\Cache), false)
 4 FCPATH\index.php(79): CodeIgniter\CodeIgniter->run()
WARNING - 2024-09-09 05:22:25 --> [DEPRECATED] Creation of dynamic property App\Controllers\HomeController::$imageModel is deprecated in APPPATH\Controllers\HomeController.php on line 21.
 1 SYSTEMPATH\CodeIgniter.php(913): App\Controllers\HomeController->__construct()
 2 SYSTEMPATH\CodeIgniter.php(493): CodeIgniter\CodeIgniter->createController()
 3 SYSTEMPATH\CodeIgniter.php(361): CodeIgniter\CodeIgniter->handleRequest(null, Object(Config\Cache), false)
 4 FCPATH\index.php(79): CodeIgniter\CodeIgniter->run()
WARNING - 2024-09-09 05:22:25 --> [DEPRECATED] Creation of dynamic property App\Controllers\HomeController::$areaModel is deprecated in APPPATH\Controllers\HomeController.php on line 22.
 1 SYSTEMPATH\CodeIgniter.php(913): App\Controllers\HomeController->__construct()
 2 SYSTEMPATH\CodeIgniter.php(493): CodeIgniter\CodeIgniter->createController()
 3 SYSTEMPATH\CodeIgniter.php(361): CodeIgniter\CodeIgniter->handleRequest(null, Object(Config\Cache), false)
 4 FCPATH\index.php(79): CodeIgniter\CodeIgniter->run()
WARNING - 2024-09-09 05:22:25 --> [DEPRECATED] Creation of dynamic property App\Controllers\HomeController::$foodModel is deprecated in APPPATH\Controllers\HomeController.php on line 23.
 1 SYSTEMPATH\CodeIgniter.php(913): App\Controllers\HomeController->__construct()
 2 SYSTEMPATH\CodeIgniter.php(493): CodeIgniter\CodeIgniter->createController()
 3 SYSTEMPATH\CodeIgniter.php(361): CodeIgniter\CodeIgniter->handleRequest(null, Object(Config\Cache), false)
 4 FCPATH\index.php(79): CodeIgniter\CodeIgniter->run()
WARNING - 2024-09-09 05:22:25 --> [DEPRECATED] Creation of dynamic property App\Controllers\HomeController::$blogModel is deprecated in APPPATH\Controllers\HomeController.php on line 24.
 1 SYSTEMPATH\CodeIgniter.php(913): App\Controllers\HomeController->__construct()
 2 SYSTEMPATH\CodeIgniter.php(493): CodeIgniter\CodeIgniter->createController()
 3 SYSTEMPATH\CodeIgniter.php(361): CodeIgniter\CodeIgniter->handleRequest(null, Object(Config\Cache), false)
 4 FCPATH\index.php(79): CodeIgniter\CodeIgniter->run()
WARNING - 2024-09-09 05:22:32 --> [DEPRECATED] Creation of dynamic property App\Controllers\HomeController::$citiesModel is deprecated in APPPATH\Controllers\HomeController.php on line 19.
 1 SYSTEMPATH\CodeIgniter.php(913): App\Controllers\HomeController->__construct()
 2 SYSTEMPATH\CodeIgniter.php(493): CodeIgniter\CodeIgniter->createController()
 3 SYSTEMPATH\CodeIgniter.php(361): CodeIgniter\CodeIgniter->handleRequest(null, Object(Config\Cache), false)
 4 FCPATH\index.php(79): CodeIgniter\CodeIgniter->run()
WARNING - 2024-09-09 05:22:32 --> [DEPRECATED] Creation of dynamic property App\Controllers\HomeController::$uttarakhandModel is deprecated in APPPATH\Controllers\HomeController.php on line 20.
 1 SYSTEMPATH\CodeIgniter.php(913): App\Controllers\HomeController->__construct()
 2 SYSTEMPATH\CodeIgniter.php(493): CodeIgniter\CodeIgniter->createController()
 3 SYSTEMPATH\CodeIgniter.php(361): CodeIgniter\CodeIgniter->handleRequest(null, Object(Config\Cache), false)
 4 FCPATH\index.php(79): CodeIgniter\CodeIgniter->run()
WARNING - 2024-09-09 05:22:32 --> [DEPRECATED] Creation of dynamic property App\Controllers\HomeController::$imageModel is deprecated in APPPATH\Controllers\HomeController.php on line 21.
 1 SYSTEMPATH\CodeIgniter.php(913): App\Controllers\HomeController->__construct()
 2 SYSTEMPATH\CodeIgniter.php(493): CodeIgniter\CodeIgniter->createController()
 3 SYSTEMPATH\CodeIgniter.php(361): CodeIgniter\CodeIgniter->handleRequest(null, Object(Config\Cache), false)
 4 FCPATH\index.php(79): CodeIgniter\CodeIgniter->run()
WARNING - 2024-09-09 05:22:32 --> [DEPRECATED] Creation of dynamic property App\Controllers\HomeController::$areaModel is deprecated in APPPATH\Controllers\HomeController.php on line 22.
 1 SYSTEMPATH\CodeIgniter.php(913): App\Controllers\HomeController->__construct()
 2 SYSTEMPATH\CodeIgniter.php(493): CodeIgniter\CodeIgniter->createController()
 3 SYSTEMPATH\CodeIgniter.php(361): CodeIgniter\CodeIgniter->handleRequest(null, Object(Config\Cache), false)
 4 FCPATH\index.php(79): CodeIgniter\CodeIgniter->run()
WARNING - 2024-09-09 05:22:32 --> [DEPRECATED] Creation of dynamic property App\Controllers\HomeController::$foodModel is deprecated in APPPATH\Controllers\HomeController.php on line 23.
 1 SYSTEMPATH\CodeIgniter.php(913): App\Controllers\HomeController->__construct()
 2 SYSTEMPATH\CodeIgniter.php(493): CodeIgniter\CodeIgniter->createController()
 3 SYSTEMPATH\CodeIgniter.php(361): CodeIgniter\CodeIgniter->handleRequest(null, Object(Config\Cache), false)
 4 FCPATH\index.php(79): CodeIgniter\CodeIgniter->run()
WARNING - 2024-09-09 05:22:32 --> [DEPRECATED] Creation of dynamic property App\Controllers\HomeController::$blogModel is deprecated in APPPATH\Controllers\HomeController.php on line 24.
 1 SYSTEMPATH\CodeIgniter.php(913): App\Controllers\HomeController->__construct()
 2 SYSTEMPATH\CodeIgniter.php(493): CodeIgniter\CodeIgniter->createController()
 3 SYSTEMPATH\CodeIgniter.php(361): CodeIgniter\CodeIgniter->handleRequest(null, Object(Config\Cache), false)
 4 FCPATH\index.php(79): CodeIgniter\CodeIgniter->run()
WARNING - 2024-09-09 05:22:36 --> [DEPRECATED] Creation of dynamic property App\Controllers\HomeController::$citiesModel is deprecated in APPPATH\Controllers\HomeController.php on line 19.
 1 SYSTEMPATH\CodeIgniter.php(913): App\Controllers\HomeController->__construct()
 2 SYSTEMPATH\CodeIgniter.php(493): CodeIgniter\CodeIgniter->createController()
 3 SYSTEMPATH\CodeIgniter.php(361): CodeIgniter\CodeIgniter->handleRequest(null, Object(Config\Cache), false)
 4 FCPATH\index.php(79): CodeIgniter\CodeIgniter->run()
WARNING - 2024-09-09 05:22:36 --> [DEPRECATED] Creation of dynamic property App\Controllers\HomeController::$uttarakhandModel is deprecated in APPPATH\Controllers\HomeController.php on line 20.
 1 SYSTEMPATH\CodeIgniter.php(913): App\Controllers\HomeController->__construct()
 2 SYSTEMPATH\CodeIgniter.php(493): CodeIgniter\CodeIgniter->createController()
 3 SYSTEMPATH\CodeIgniter.php(361): CodeIgniter\CodeIgniter->handleRequest(null, Object(Config\Cache), false)
 4 FCPATH\index.php(79): CodeIgniter\CodeIgniter->run()
WARNING - 2024-09-09 05:22:36 --> [DEPRECATED] Creation of dynamic property App\Controllers\HomeController::$imageModel is deprecated in APPPATH\Controllers\HomeController.php on line 21.
 1 SYSTEMPATH\CodeIgniter.php(913): App\Controllers\HomeController->__construct()
 2 SYSTEMPATH\CodeIgniter.php(493): CodeIgniter\CodeIgniter->createController()
 3 SYSTEMPATH\CodeIgniter.php(361): CodeIgniter\CodeIgniter->handleRequest(null, Object(Config\Cache), false)
 4 FCPATH\index.php(79): CodeIgniter\CodeIgniter->run()
WARNING - 2024-09-09 05:22:36 --> [DEPRECATED] Creation of dynamic property App\Controllers\HomeController::$areaModel is deprecated in APPPATH\Controllers\HomeController.php on line 22.
 1 SYSTEMPATH\CodeIgniter.php(913): App\Controllers\HomeController->__construct()
 2 SYSTEMPATH\CodeIgniter.php(493): CodeIgniter\CodeIgniter->createController()
 3 SYSTEMPATH\CodeIgniter.php(361): CodeIgniter\CodeIgniter->handleRequest(null, Object(Config\Cache), false)
 4 FCPATH\index.php(79): CodeIgniter\CodeIgniter->run()
WARNING - 2024-09-09 05:22:36 --> [DEPRECATED] Creation of dynamic property App\Controllers\HomeController::$foodModel is deprecated in APPPATH\Controllers\HomeController.php on line 23.
 1 SYSTEMPATH\CodeIgniter.php(913): App\Controllers\HomeController->__construct()
 2 SYSTEMPATH\CodeIgniter.php(493): CodeIgniter\CodeIgniter->createController()
 3 SYSTEMPATH\CodeIgniter.php(361): CodeIgniter\CodeIgniter->handleRequest(null, Object(Config\Cache), false)
 4 FCPATH\index.php(79): CodeIgniter\CodeIgniter->run()
WARNING - 2024-09-09 05:22:36 --> [DEPRECATED] Creation of dynamic property App\Controllers\HomeController::$blogModel is deprecated in APPPATH\Controllers\HomeController.php on line 24.
 1 SYSTEMPATH\CodeIgniter.php(913): App\Controllers\HomeController->__construct()
 2 SYSTEMPATH\CodeIgniter.php(493): CodeIgniter\CodeIgniter->createController()
 3 SYSTEMPATH\CodeIgniter.php(361): CodeIgniter\CodeIgniter->handleRequest(null, Object(Config\Cache), false)
 4 FCPATH\index.php(79): CodeIgniter\CodeIgniter->run()
WARNING - 2024-09-09 05:22:38 --> [DEPRECATED] Creation of dynamic property App\Controllers\BlogController::$blogcategoryModel is deprecated in APPPATH\Controllers\BlogController.php on line 14.
 1 SYSTEMPATH\CodeIgniter.php(913): App\Controllers\BlogController->__construct()
 2 SYSTEMPATH\CodeIgniter.php(493): CodeIgniter\CodeIgniter->createController()
 3 SYSTEMPATH\CodeIgniter.php(361): CodeIgniter\CodeIgniter->handleRequest(null, Object(Config\Cache), false)
 4 FCPATH\index.php(79): CodeIgniter\CodeIgniter->run()
WARNING - 2024-09-09 05:22:38 --> [DEPRECATED] Creation of dynamic property App\Controllers\BlogController::$blogModel is deprecated in APPPATH\Controllers\BlogController.php on line 15.
 1 SYSTEMPATH\CodeIgniter.php(913): App\Controllers\BlogController->__construct()
 2 SYSTEMPATH\CodeIgniter.php(493): CodeIgniter\CodeIgniter->createController()
 3 SYSTEMPATH\CodeIgniter.php(361): CodeIgniter\CodeIgniter->handleRequest(null, Object(Config\Cache), false)
 4 FCPATH\index.php(79): CodeIgniter\CodeIgniter->run()
WARNING - 2024-09-09 05:22:38 --> [DEPRECATED] Creation of dynamic property App\Controllers\BlogController::$citiesModel is deprecated in APPPATH\Controllers\BlogController.php on line 16.
 1 SYSTEMPATH\CodeIgniter.php(913): App\Controllers\BlogController->__construct()
 2 SYSTEMPATH\CodeIgniter.php(493): CodeIgniter\CodeIgniter->createController()
 3 SYSTEMPATH\CodeIgniter.php(361): CodeIgniter\CodeIgniter->handleRequest(null, Object(Config\Cache), false)
 4 FCPATH\index.php(79): CodeIgniter\CodeIgniter->run()
WARNING - 2024-09-09 05:22:38 --> [DEPRECATED] Creation of dynamic property App\Controllers\BlogController::$commentModel is deprecated in APPPATH\Controllers\BlogController.php on line 17.
 1 SYSTEMPATH\CodeIgniter.php(913): App\Controllers\BlogController->__construct()
 2 SYSTEMPATH\CodeIgniter.php(493): CodeIgniter\CodeIgniter->createController()
 3 SYSTEMPATH\CodeIgniter.php(361): CodeIgniter\CodeIgniter->handleRequest(null, Object(Config\Cache), false)
 4 FCPATH\index.php(79): CodeIgniter\CodeIgniter->run()
WARNING - 2024-09-09 05:22:38 --> [DEPRECATED] Creation of dynamic property App\Controllers\BlogController::$likesModel is deprecated in APPPATH\Controllers\BlogController.php on line 18.
 1 SYSTEMPATH\CodeIgniter.php(913): App\Controllers\BlogController->__construct()
 2 SYSTEMPATH\CodeIgniter.php(493): CodeIgniter\CodeIgniter->createController()
 3 SYSTEMPATH\CodeIgniter.php(361): CodeIgniter\CodeIgniter->handleRequest(null, Object(Config\Cache), false)
 4 FCPATH\index.php(79): CodeIgniter\CodeIgniter->run()
WARNING - 2024-09-09 05:22:41 --> [DEPRECATED] Creation of dynamic property App\Controllers\ContactController::$citiesModel is deprecated in APPPATH\Controllers\ContactController.php on line 21.
 1 SYSTEMPATH\CodeIgniter.php(913): App\Controllers\ContactController->__construct()
 2 SYSTEMPATH\CodeIgniter.php(493): CodeIgniter\CodeIgniter->createController()
 3 SYSTEMPATH\CodeIgniter.php(361): CodeIgniter\CodeIgniter->handleRequest(null, Object(Config\Cache), false)
 4 FCPATH\index.php(79): CodeIgniter\CodeIgniter->run()
WARNING - 2024-09-09 05:22:41 --> [DEPRECATED] Creation of dynamic property App\Controllers\ContactController::$uttarakhandModel is deprecated in APPPATH\Controllers\ContactController.php on line 22.
 1 SYSTEMPATH\CodeIgniter.php(913): App\Controllers\ContactController->__construct()
 2 SYSTEMPATH\CodeIgniter.php(493): CodeIgniter\CodeIgniter->createController()
 3 SYSTEMPATH\CodeIgniter.php(361): CodeIgniter\CodeIgniter->handleRequest(null, Object(Config\Cache), false)
 4 FCPATH\index.php(79): CodeIgniter\CodeIgniter->run()
WARNING - 2024-09-09 05:22:41 --> [DEPRECATED] Creation of dynamic property App\Controllers\ContactController::$imageModel is deprecated in APPPATH\Controllers\ContactController.php on line 23.
 1 SYSTEMPATH\CodeIgniter.php(913): App\Controllers\ContactController->__construct()
 2 SYSTEMPATH\CodeIgniter.php(493): CodeIgniter\CodeIgniter->createController()
 3 SYSTEMPATH\CodeIgniter.php(361): CodeIgniter\CodeIgniter->handleRequest(null, Object(Config\Cache), false)
 4 FCPATH\index.php(79): CodeIgniter\CodeIgniter->run()
WARNING - 2024-09-09 05:22:41 --> [DEPRECATED] Creation of dynamic property App\Controllers\ContactController::$areaModel is deprecated in APPPATH\Controllers\ContactController.php on line 24.
 1 SYSTEMPATH\CodeIgniter.php(913): App\Controllers\ContactController->__construct()
 2 SYSTEMPATH\CodeIgniter.php(493): CodeIgniter\CodeIgniter->createController()
 3 SYSTEMPATH\CodeIgniter.php(361): CodeIgniter\CodeIgniter->handleRequest(null, Object(Config\Cache), false)
 4 FCPATH\index.php(79): CodeIgniter\CodeIgniter->run()
WARNING - 2024-09-09 05:22:41 --> [DEPRECATED] Creation of dynamic property App\Controllers\ContactController::$foodModel is deprecated in APPPATH\Controllers\ContactController.php on line 25.
 1 SYSTEMPATH\CodeIgniter.php(913): App\Controllers\ContactController->__construct()
 2 SYSTEMPATH\CodeIgniter.php(493): CodeIgniter\CodeIgniter->createController()
 3 SYSTEMPATH\CodeIgniter.php(361): CodeIgniter\CodeIgniter->handleRequest(null, Object(Config\Cache), false)
 4 FCPATH\index.php(79): CodeIgniter\CodeIgniter->run()
WARNING - 2024-09-09 05:22:41 --> [DEPRECATED] Creation of dynamic property App\Controllers\ContactController::$blogModel is deprecated in APPPATH\Controllers\ContactController.php on line 26.
 1 SYSTEMPATH\CodeIgniter.php(913): App\Controllers\ContactController->__construct()
 2 SYSTEMPATH\CodeIgniter.php(493): CodeIgniter\CodeIgniter->createController()
 3 SYSTEMPATH\CodeIgniter.php(361): CodeIgniter\CodeIgniter->handleRequest(null, Object(Config\Cache), false)
 4 FCPATH\index.php(79): CodeIgniter\CodeIgniter->run()
WARNING - 2024-09-09 05:22:41 --> [DEPRECATED] Creation of dynamic property App\Controllers\ContactController::$contactModel is deprecated in APPPATH\Controllers\ContactController.php on line 27.
 1 SYSTEMPATH\CodeIgniter.php(913): App\Controllers\ContactController->__construct()
 2 SYSTEMPATH\CodeIgniter.php(493): CodeIgniter\CodeIgniter->createController()
 3 SYSTEMPATH\CodeIgniter.php(361): CodeIgniter\CodeIgniter->handleRequest(null, Object(Config\Cache), false)
 4 FCPATH\index.php(79): CodeIgniter\CodeIgniter->run()
WARNING - 2024-09-09 05:22:41 --> [DEPRECATED] Creation of dynamic property App\Controllers\ContactController::$subscribersModel is deprecated in APPPATH\Controllers\ContactController.php on line 28.
 1 SYSTEMPATH\CodeIgniter.php(913): App\Controllers\ContactController->__construct()
 2 SYSTEMPATH\CodeIgniter.php(493): CodeIgniter\CodeIgniter->createController()
 3 SYSTEMPATH\CodeIgniter.php(361): CodeIgniter\CodeIgniter->handleRequest(null, Object(Config\Cache), false)
 4 FCPATH\index.php(79): CodeIgniter\CodeIgniter->run()
WARNING - 2024-09-09 05:22:41 --> [DEPRECATED] Creation of dynamic property App\Controllers\ContactController::$commentModel is deprecated in APPPATH\Controllers\ContactController.php on line 29.
 1 SYSTEMPATH\CodeIgniter.php(913): App\Controllers\ContactController->__construct()
 2 SYSTEMPATH\CodeIgniter.php(493): CodeIgniter\CodeIgniter->createController()
 3 SYSTEMPATH\CodeIgniter.php(361): CodeIgniter\CodeIgniter->handleRequest(null, Object(Config\Cache), false)
 4 FCPATH\index.php(79): CodeIgniter\CodeIgniter->run()
WARNING - 2024-09-09 05:22:41 --> [DEPRECATED] Creation of dynamic property App\Controllers\ContactController::$likesModel is deprecated in APPPATH\Controllers\ContactController.php on line 30.
 1 SYSTEMPATH\CodeIgniter.php(913): App\Controllers\ContactController->__construct()
 2 SYSTEMPATH\CodeIgniter.php(493): CodeIgniter\CodeIgniter->createController()
 3 SYSTEMPATH\CodeIgniter.php(361): CodeIgniter\CodeIgniter->handleRequest(null, Object(Config\Cache), false)
 4 FCPATH\index.php(79): CodeIgniter\CodeIgniter->run()
WARNING - 2024-09-09 05:22:53 --> [DEPRECATED] Creation of dynamic property App\Controllers\ContactController::$citiesModel is deprecated in APPPATH\Controllers\ContactController.php on line 21.
 1 SYSTEMPATH\CodeIgniter.php(913): App\Controllers\ContactController->__construct()
 2 SYSTEMPATH\CodeIgniter.php(493): CodeIgniter\CodeIgniter->createController()
 3 SYSTEMPATH\CodeIgniter.php(361): CodeIgniter\CodeIgniter->handleRequest(null, Object(Config\Cache), false)
 4 FCPATH\index.php(79): CodeIgniter\CodeIgniter->run()
WARNING - 2024-09-09 05:22:53 --> [DEPRECATED] Creation of dynamic property App\Controllers\ContactController::$uttarakhandModel is deprecated in APPPATH\Controllers\ContactController.php on line 22.
 1 SYSTEMPATH\CodeIgniter.php(913): App\Controllers\ContactController->__construct()
 2 SYSTEMPATH\CodeIgniter.php(493): CodeIgniter\CodeIgniter->createController()
 3 SYSTEMPATH\CodeIgniter.php(361): CodeIgniter\CodeIgniter->handleRequest(null, Object(Config\Cache), false)
 4 FCPATH\index.php(79): CodeIgniter\CodeIgniter->run()
WARNING - 2024-09-09 05:22:53 --> [DEPRECATED] Creation of dynamic property App\Controllers\ContactController::$imageModel is deprecated in APPPATH\Controllers\ContactController.php on line 23.
 1 SYSTEMPATH\CodeIgniter.php(913): App\Controllers\ContactController->__construct()
 2 SYSTEMPATH\CodeIgniter.php(493): CodeIgniter\CodeIgniter->createController()
 3 SYSTEMPATH\CodeIgniter.php(361): CodeIgniter\CodeIgniter->handleRequest(null, Object(Config\Cache), false)
 4 FCPATH\index.php(79): CodeIgniter\CodeIgniter->run()
WARNING - 2024-09-09 05:22:53 --> [DEPRECATED] Creation of dynamic property App\Controllers\ContactController::$areaModel is deprecated in APPPATH\Controllers\ContactController.php on line 24.
 1 SYSTEMPATH\CodeIgniter.php(913): App\Controllers\ContactController->__construct()
 2 SYSTEMPATH\CodeIgniter.php(493): CodeIgniter\CodeIgniter->createController()
 3 SYSTEMPATH\CodeIgniter.php(361): CodeIgniter\CodeIgniter->handleRequest(null, Object(Config\Cache), false)
 4 FCPATH\index.php(79): CodeIgniter\CodeIgniter->run()
WARNING - 2024-09-09 05:22:53 --> [DEPRECATED] Creation of dynamic property App\Controllers\ContactController::$foodModel is deprecated in APPPATH\Controllers\ContactController.php on line 25.
 1 SYSTEMPATH\CodeIgniter.php(913): App\Controllers\ContactController->__construct()
 2 SYSTEMPATH\CodeIgniter.php(493): CodeIgniter\CodeIgniter->createController()
 3 SYSTEMPATH\CodeIgniter.php(361): CodeIgniter\CodeIgniter->handleRequest(null, Object(Config\Cache), false)
 4 FCPATH\index.php(79): CodeIgniter\CodeIgniter->run()
WARNING - 2024-09-09 05:22:53 --> [DEPRECATED] Creation of dynamic property App\Controllers\ContactController::$blogModel is deprecated in APPPATH\Controllers\ContactController.php on line 26.
 1 SYSTEMPATH\CodeIgniter.php(913): App\Controllers\ContactController->__construct()
 2 SYSTEMPATH\CodeIgniter.php(493): CodeIgniter\CodeIgniter->createController()
 3 SYSTEMPATH\CodeIgniter.php(361): CodeIgniter\CodeIgniter->handleRequest(null, Object(Config\Cache), false)
 4 FCPATH\index.php(79): CodeIgniter\CodeIgniter->run()
WARNING - 2024-09-09 05:22:53 --> [DEPRECATED] Creation of dynamic property App\Controllers\ContactController::$contactModel is deprecated in APPPATH\Controllers\ContactController.php on line 27.
 1 SYSTEMPATH\CodeIgniter.php(913): App\Controllers\ContactController->__construct()
 2 SYSTEMPATH\CodeIgniter.php(493): CodeIgniter\CodeIgniter->createController()
 3 SYSTEMPATH\CodeIgniter.php(361): CodeIgniter\CodeIgniter->handleRequest(null, Object(Config\Cache), false)
 4 FCPATH\index.php(79): CodeIgniter\CodeIgniter->run()
WARNING - 2024-09-09 05:22:53 --> [DEPRECATED] Creation of dynamic property App\Controllers\ContactController::$subscribersModel is deprecated in APPPATH\Controllers\ContactController.php on line 28.
 1 SYSTEMPATH\CodeIgniter.php(913): App\Controllers\ContactController->__construct()
 2 SYSTEMPATH\CodeIgniter.php(493): CodeIgniter\CodeIgniter->createController()
 3 SYSTEMPATH\CodeIgniter.php(361): CodeIgniter\CodeIgniter->handleRequest(null, Object(Config\Cache), false)
 4 FCPATH\index.php(79): CodeIgniter\CodeIgniter->run()
WARNING - 2024-09-09 05:22:53 --> [DEPRECATED] Creation of dynamic property App\Controllers\ContactController::$commentModel is deprecated in APPPATH\Controllers\ContactController.php on line 29.
 1 SYSTEMPATH\CodeIgniter.php(913): App\Controllers\ContactController->__construct()
 2 SYSTEMPATH\CodeIgniter.php(493): CodeIgniter\CodeIgniter->createController()
 3 SYSTEMPATH\CodeIgniter.php(361): CodeIgniter\CodeIgniter->handleRequest(null, Object(Config\Cache), false)
 4 FCPATH\index.php(79): CodeIgniter\CodeIgniter->run()
WARNING - 2024-09-09 05:22:53 --> [DEPRECATED] Creation of dynamic property App\Controllers\ContactController::$likesModel is deprecated in APPPATH\Controllers\ContactController.php on line 30.
 1 SYSTEMPATH\CodeIgniter.php(913): App\Controllers\ContactController->__construct()
 2 SYSTEMPATH\CodeIgniter.php(493): CodeIgniter\CodeIgniter->createController()
 3 SYSTEMPATH\CodeIgniter.php(361): CodeIgniter\CodeIgniter->handleRequest(null, Object(Config\Cache), false)
 4 FCPATH\index.php(79): CodeIgniter\CodeIgniter->run()
WARNING - 2024-09-09 05:23:18 --> [DEPRECATED] Creation of dynamic property App\Controllers\ContactController::$citiesModel is deprecated in APPPATH\Controllers\ContactController.php on line 21.
 1 SYSTEMPATH\CodeIgniter.php(913): App\Controllers\ContactController->__construct()
 2 SYSTEMPATH\CodeIgniter.php(493): CodeIgniter\CodeIgniter->createController()
 3 SYSTEMPATH\CodeIgniter.php(361): CodeIgniter\CodeIgniter->handleRequest(null, Object(Config\Cache), false)
 4 FCPATH\index.php(79): CodeIgniter\CodeIgniter->run()
WARNING - 2024-09-09 05:23:18 --> [DEPRECATED] Creation of dynamic property App\Controllers\ContactController::$uttarakhandModel is deprecated in APPPATH\Controllers\ContactController.php on line 22.
 1 SYSTEMPATH\CodeIgniter.php(913): App\Controllers\ContactController->__construct()
 2 SYSTEMPATH\CodeIgniter.php(493): CodeIgniter\CodeIgniter->createController()
 3 SYSTEMPATH\CodeIgniter.php(361): CodeIgniter\CodeIgniter->handleRequest(null, Object(Config\Cache), false)
 4 FCPATH\index.php(79): CodeIgniter\CodeIgniter->run()
WARNING - 2024-09-09 05:23:18 --> [DEPRECATED] Creation of dynamic property App\Controllers\ContactController::$imageModel is deprecated in APPPATH\Controllers\ContactController.php on line 23.
 1 SYSTEMPATH\CodeIgniter.php(913): App\Controllers\ContactController->__construct()
 2 SYSTEMPATH\CodeIgniter.php(493): CodeIgniter\CodeIgniter->createController()
 3 SYSTEMPATH\CodeIgniter.php(361): CodeIgniter\CodeIgniter->handleRequest(null, Object(Config\Cache), false)
 4 FCPATH\index.php(79): CodeIgniter\CodeIgniter->run()
WARNING - 2024-09-09 05:23:18 --> [DEPRECATED] Creation of dynamic property App\Controllers\ContactController::$areaModel is deprecated in APPPATH\Controllers\ContactController.php on line 24.
 1 SYSTEMPATH\CodeIgniter.php(913): App\Controllers\ContactController->__construct()
 2 SYSTEMPATH\CodeIgniter.php(493): CodeIgniter\CodeIgniter->createController()
 3 SYSTEMPATH\CodeIgniter.php(361): CodeIgniter\CodeIgniter->handleRequest(null, Object(Config\Cache), false)
 4 FCPATH\index.php(79): CodeIgniter\CodeIgniter->run()
WARNING - 2024-09-09 05:23:18 --> [DEPRECATED] Creation of dynamic property App\Controllers\ContactController::$foodModel is deprecated in APPPATH\Controllers\ContactController.php on line 25.
 1 SYSTEMPATH\CodeIgniter.php(913): App\Controllers\ContactController->__construct()
 2 SYSTEMPATH\CodeIgniter.php(493): CodeIgniter\CodeIgniter->createController()
 3 SYSTEMPATH\CodeIgniter.php(361): CodeIgniter\CodeIgniter->handleRequest(null, Object(Config\Cache), false)
 4 FCPATH\index.php(79): CodeIgniter\CodeIgniter->run()
WARNING - 2024-09-09 05:23:18 --> [DEPRECATED] Creation of dynamic property App\Controllers\ContactController::$blogModel is deprecated in APPPATH\Controllers\ContactController.php on line 26.
 1 SYSTEMPATH\CodeIgniter.php(913): App\Controllers\ContactController->__construct()
 2 SYSTEMPATH\CodeIgniter.php(493): CodeIgniter\CodeIgniter->createController()
 3 SYSTEMPATH\CodeIgniter.php(361): CodeIgniter\CodeIgniter->handleRequest(null, Object(Config\Cache), false)
 4 FCPATH\index.php(79): CodeIgniter\CodeIgniter->run()
WARNING - 2024-09-09 05:23:18 --> [DEPRECATED] Creation of dynamic property App\Controllers\ContactController::$contactModel is deprecated in APPPATH\Controllers\ContactController.php on line 27.
 1 SYSTEMPATH\CodeIgniter.php(913): App\Controllers\ContactController->__construct()
 2 SYSTEMPATH\CodeIgniter.php(493): CodeIgniter\CodeIgniter->createController()
 3 SYSTEMPATH\CodeIgniter.php(361): CodeIgniter\CodeIgniter->handleRequest(null, Object(Config\Cache), false)
 4 FCPATH\index.php(79): CodeIgniter\CodeIgniter->run()
WARNING - 2024-09-09 05:23:18 --> [DEPRECATED] Creation of dynamic property App\Controllers\ContactController::$subscribersModel is deprecated in APPPATH\Controllers\ContactController.php on line 28.
 1 SYSTEMPATH\CodeIgniter.php(913): App\Controllers\ContactController->__construct()
 2 SYSTEMPATH\CodeIgniter.php(493): CodeIgniter\CodeIgniter->createController()
 3 SYSTEMPATH\CodeIgniter.php(361): CodeIgniter\CodeIgniter->handleRequest(null, Object(Config\Cache), false)
 4 FCPATH\index.php(79): CodeIgniter\CodeIgniter->run()
WARNING - 2024-09-09 05:23:18 --> [DEPRECATED] Creation of dynamic property App\Controllers\ContactController::$commentModel is deprecated in APPPATH\Controllers\ContactController.php on line 29.
 1 SYSTEMPATH\CodeIgniter.php(913): App\Controllers\ContactController->__construct()
 2 SYSTEMPATH\CodeIgniter.php(493): CodeIgniter\CodeIgniter->createController()
 3 SYSTEMPATH\CodeIgniter.php(361): CodeIgniter\CodeIgniter->handleRequest(null, Object(Config\Cache), false)
 4 FCPATH\index.php(79): CodeIgniter\CodeIgniter->run()
WARNING - 2024-09-09 05:23:18 --> [DEPRECATED] Creation of dynamic property App\Controllers\ContactController::$likesModel is deprecated in APPPATH\Controllers\ContactController.php on line 30.
 1 SYSTEMPATH\CodeIgniter.php(913): App\Controllers\ContactController->__construct()
 2 SYSTEMPATH\CodeIgniter.php(493): CodeIgniter\CodeIgniter->createController()
 3 SYSTEMPATH\CodeIgniter.php(361): CodeIgniter\CodeIgniter->handleRequest(null, Object(Config\Cache), false)
 4 FCPATH\index.php(79): CodeIgniter\CodeIgniter->run()
WARNING - 2024-09-09 05:23:27 --> [DEPRECATED] Creation of dynamic property App\Controllers\ContactController::$citiesModel is deprecated in APPPATH\Controllers\ContactController.php on line 21.
 1 SYSTEMPATH\CodeIgniter.php(913): App\Controllers\ContactController->__construct()
 2 SYSTEMPATH\CodeIgniter.php(493): CodeIgniter\CodeIgniter->createController()
 3 SYSTEMPATH\CodeIgniter.php(361): CodeIgniter\CodeIgniter->handleRequest(null, Object(Config\Cache), false)
 4 FCPATH\index.php(79): CodeIgniter\CodeIgniter->run()
WARNING - 2024-09-09 05:23:27 --> [DEPRECATED] Creation of dynamic property App\Controllers\ContactController::$uttarakhandModel is deprecated in APPPATH\Controllers\ContactController.php on line 22.
 1 SYSTEMPATH\CodeIgniter.php(913): App\Controllers\ContactController->__construct()
 2 SYSTEMPATH\CodeIgniter.php(493): CodeIgniter\CodeIgniter->createController()
 3 SYSTEMPATH\CodeIgniter.php(361): CodeIgniter\CodeIgniter->handleRequest(null, Object(Config\Cache), false)
 4 FCPATH\index.php(79): CodeIgniter\CodeIgniter->run()
WARNING - 2024-09-09 05:23:27 --> [DEPRECATED] Creation of dynamic property App\Controllers\ContactController::$imageModel is deprecated in APPPATH\Controllers\ContactController.php on line 23.
 1 SYSTEMPATH\CodeIgniter.php(913): App\Controllers\ContactController->__construct()
 2 SYSTEMPATH\CodeIgniter.php(493): CodeIgniter\CodeIgniter->createController()
 3 SYSTEMPATH\CodeIgniter.php(361): CodeIgniter\CodeIgniter->handleRequest(null, Object(Config\Cache), false)
 4 FCPATH\index.php(79): CodeIgniter\CodeIgniter->run()
WARNING - 2024-09-09 05:23:27 --> [DEPRECATED] Creation of dynamic property App\Controllers\ContactController::$areaModel is deprecated in APPPATH\Controllers\ContactController.php on line 24.
 1 SYSTEMPATH\CodeIgniter.php(913): App\Controllers\ContactController->__construct()
 2 SYSTEMPATH\CodeIgniter.php(493): CodeIgniter\CodeIgniter->createController()
 3 SYSTEMPATH\CodeIgniter.php(361): CodeIgniter\CodeIgniter->handleRequest(null, Object(Config\Cache), false)
 4 FCPATH\index.php(79): CodeIgniter\CodeIgniter->run()
WARNING - 2024-09-09 05:23:27 --> [DEPRECATED] Creation of dynamic property App\Controllers\ContactController::$foodModel is deprecated in APPPATH\Controllers\ContactController.php on line 25.
 1 SYSTEMPATH\CodeIgniter.php(913): App\Controllers\ContactController->__construct()
 2 SYSTEMPATH\CodeIgniter.php(493): CodeIgniter\CodeIgniter->createController()
 3 SYSTEMPATH\CodeIgniter.php(361): CodeIgniter\CodeIgniter->handleRequest(null, Object(Config\Cache), false)
 4 FCPATH\index.php(79): CodeIgniter\CodeIgniter->run()
WARNING - 2024-09-09 05:23:27 --> [DEPRECATED] Creation of dynamic property App\Controllers\ContactController::$blogModel is deprecated in APPPATH\Controllers\ContactController.php on line 26.
 1 SYSTEMPATH\CodeIgniter.php(913): App\Controllers\ContactController->__construct()
 2 SYSTEMPATH\CodeIgniter.php(493): CodeIgniter\CodeIgniter->createController()
 3 SYSTEMPATH\CodeIgniter.php(361): CodeIgniter\CodeIgniter->handleRequest(null, Object(Config\Cache), false)
 4 FCPATH\index.php(79): CodeIgniter\CodeIgniter->run()
WARNING - 2024-09-09 05:23:27 --> [DEPRECATED] Creation of dynamic property App\Controllers\ContactController::$contactModel is deprecated in APPPATH\Controllers\ContactController.php on line 27.
 1 SYSTEMPATH\CodeIgniter.php(913): App\Controllers\ContactController->__construct()
 2 SYSTEMPATH\CodeIgniter.php(493): CodeIgniter\CodeIgniter->createController()
 3 SYSTEMPATH\CodeIgniter.php(361): CodeIgniter\CodeIgniter->handleRequest(null, Object(Config\Cache), false)
 4 FCPATH\index.php(79): CodeIgniter\CodeIgniter->run()
WARNING - 2024-09-09 05:23:27 --> [DEPRECATED] Creation of dynamic property App\Controllers\ContactController::$subscribersModel is deprecated in APPPATH\Controllers\ContactController.php on line 28.
 1 SYSTEMPATH\CodeIgniter.php(913): App\Controllers\ContactController->__construct()
 2 SYSTEMPATH\CodeIgniter.php(493): CodeIgniter\CodeIgniter->createController()
 3 SYSTEMPATH\CodeIgniter.php(361): CodeIgniter\CodeIgniter->handleRequest(null, Object(Config\Cache), false)
 4 FCPATH\index.php(79): CodeIgniter\CodeIgniter->run()
WARNING - 2024-09-09 05:23:27 --> [DEPRECATED] Creation of dynamic property App\Controllers\ContactController::$commentModel is deprecated in APPPATH\Controllers\ContactController.php on line 29.
 1 SYSTEMPATH\CodeIgniter.php(913): App\Controllers\ContactController->__construct()
 2 SYSTEMPATH\CodeIgniter.php(493): CodeIgniter\CodeIgniter->createController()
 3 SYSTEMPATH\CodeIgniter.php(361): CodeIgniter\CodeIgniter->handleRequest(null, Object(Config\Cache), false)
 4 FCPATH\index.php(79): CodeIgniter\CodeIgniter->run()
WARNING - 2024-09-09 05:23:27 --> [DEPRECATED] Creation of dynamic property App\Controllers\ContactController::$likesModel is deprecated in APPPATH\Controllers\ContactController.php on line 30.
 1 SYSTEMPATH\CodeIgniter.php(913): App\Controllers\ContactController->__construct()
 2 SYSTEMPATH\CodeIgniter.php(493): CodeIgniter\CodeIgniter->createController()
 3 SYSTEMPATH\CodeIgniter.php(361): CodeIgniter\CodeIgniter->handleRequest(null, Object(Config\Cache), false)
 4 FCPATH\index.php(79): CodeIgniter\CodeIgniter->run()
WARNING - 2024-09-09 05:23:49 --> [DEPRECATED] Creation of dynamic property App\Controllers\ContactController::$citiesModel is deprecated in APPPATH\Controllers\ContactController.php on line 21.
 1 SYSTEMPATH\CodeIgniter.php(913): App\Controllers\ContactController->__construct()
 2 SYSTEMPATH\CodeIgniter.php(493): CodeIgniter\CodeIgniter->createController()
 3 SYSTEMPATH\CodeIgniter.php(361): CodeIgniter\CodeIgniter->handleRequest(null, Object(Config\Cache), false)
 4 FCPATH\index.php(79): CodeIgniter\CodeIgniter->run()
WARNING - 2024-09-09 05:23:49 --> [DEPRECATED] Creation of dynamic property App\Controllers\ContactController::$uttarakhandModel is deprecated in APPPATH\Controllers\ContactController.php on line 22.
 1 SYSTEMPATH\CodeIgniter.php(913): App\Controllers\ContactController->__construct()
 2 SYSTEMPATH\CodeIgniter.php(493): CodeIgniter\CodeIgniter->createController()
 3 SYSTEMPATH\CodeIgniter.php(361): CodeIgniter\CodeIgniter->handleRequest(null, Object(Config\Cache), false)
 4 FCPATH\index.php(79): CodeIgniter\CodeIgniter->run()
WARNING - 2024-09-09 05:23:49 --> [DEPRECATED] Creation of dynamic property App\Controllers\ContactController::$imageModel is deprecated in APPPATH\Controllers\ContactController.php on line 23.
 1 SYSTEMPATH\CodeIgniter.php(913): App\Controllers\ContactController->__construct()
 2 SYSTEMPATH\CodeIgniter.php(493): CodeIgniter\CodeIgniter->createController()
 3 SYSTEMPATH\CodeIgniter.php(361): CodeIgniter\CodeIgniter->handleRequest(null, Object(Config\Cache), false)
 4 FCPATH\index.php(79): CodeIgniter\CodeIgniter->run()
WARNING - 2024-09-09 05:23:49 --> [DEPRECATED] Creation of dynamic property App\Controllers\ContactController::$areaModel is deprecated in APPPATH\Controllers\ContactController.php on line 24.
 1 SYSTEMPATH\CodeIgniter.php(913): App\Controllers\ContactController->__construct()
 2 SYSTEMPATH\CodeIgniter.php(493): CodeIgniter\CodeIgniter->createController()
 3 SYSTEMPATH\CodeIgniter.php(361): CodeIgniter\CodeIgniter->handleRequest(null, Object(Config\Cache), false)
 4 FCPATH\index.php(79): CodeIgniter\CodeIgniter->run()
WARNING - 2024-09-09 05:23:49 --> [DEPRECATED] Creation of dynamic property App\Controllers\ContactController::$foodModel is deprecated in APPPATH\Controllers\ContactController.php on line 25.
 1 SYSTEMPATH\CodeIgniter.php(913): App\Controllers\ContactController->__construct()
 2 SYSTEMPATH\CodeIgniter.php(493): CodeIgniter\CodeIgniter->createController()
 3 SYSTEMPATH\CodeIgniter.php(361): CodeIgniter\CodeIgniter->handleRequest(null, Object(Config\Cache), false)
 4 FCPATH\index.php(79): CodeIgniter\CodeIgniter->run()
WARNING - 2024-09-09 05:23:49 --> [DEPRECATED] Creation of dynamic property App\Controllers\ContactController::$blogModel is deprecated in APPPATH\Controllers\ContactController.php on line 26.
 1 SYSTEMPATH\CodeIgniter.php(913): App\Controllers\ContactController->__construct()
 2 SYSTEMPATH\CodeIgniter.php(493): CodeIgniter\CodeIgniter->createController()
 3 SYSTEMPATH\CodeIgniter.php(361): CodeIgniter\CodeIgniter->handleRequest(null, Object(Config\Cache), false)
 4 FCPATH\index.php(79): CodeIgniter\CodeIgniter->run()
WARNING - 2024-09-09 05:23:49 --> [DEPRECATED] Creation of dynamic property App\Controllers\ContactController::$contactModel is deprecated in APPPATH\Controllers\ContactController.php on line 27.
 1 SYSTEMPATH\CodeIgniter.php(913): App\Controllers\ContactController->__construct()
 2 SYSTEMPATH\CodeIgniter.php(493): CodeIgniter\CodeIgniter->createController()
 3 SYSTEMPATH\CodeIgniter.php(361): CodeIgniter\CodeIgniter->handleRequest(null, Object(Config\Cache), false)
 4 FCPATH\index.php(79): CodeIgniter\CodeIgniter->run()
WARNING - 2024-09-09 05:23:49 --> [DEPRECATED] Creation of dynamic property App\Controllers\ContactController::$subscribersModel is deprecated in APPPATH\Controllers\ContactController.php on line 28.
 1 SYSTEMPATH\CodeIgniter.php(913): App\Controllers\ContactController->__construct()
 2 SYSTEMPATH\CodeIgniter.php(493): CodeIgniter\CodeIgniter->createController()
 3 SYSTEMPATH\CodeIgniter.php(361): CodeIgniter\CodeIgniter->handleRequest(null, Object(Config\Cache), false)
 4 FCPATH\index.php(79): CodeIgniter\CodeIgniter->run()
WARNING - 2024-09-09 05:23:49 --> [DEPRECATED] Creation of dynamic property App\Controllers\ContactController::$commentModel is deprecated in APPPATH\Controllers\ContactController.php on line 29.
 1 SYSTEMPATH\CodeIgniter.php(913): App\Controllers\ContactController->__construct()
 2 SYSTEMPATH\CodeIgniter.php(493): CodeIgniter\CodeIgniter->createController()
 3 SYSTEMPATH\CodeIgniter.php(361): CodeIgniter\CodeIgniter->handleRequest(null, Object(Config\Cache), false)
 4 FCPATH\index.php(79): CodeIgniter\CodeIgniter->run()
WARNING - 2024-09-09 05:23:49 --> [DEPRECATED] Creation of dynamic property App\Controllers\ContactController::$likesModel is deprecated in APPPATH\Controllers\ContactController.php on line 30.
 1 SYSTEMPATH\CodeIgniter.php(913): App\Controllers\ContactController->__construct()
 2 SYSTEMPATH\CodeIgniter.php(493): CodeIgniter\CodeIgniter->createController()
 3 SYSTEMPATH\CodeIgniter.php(361): CodeIgniter\CodeIgniter->handleRequest(null, Object(Config\Cache), false)
 4 FCPATH\index.php(79): CodeIgniter\CodeIgniter->run()
WARNING - 2024-09-09 05:23:57 --> [DEPRECATED] Creation of dynamic property App\Controllers\ContactController::$citiesModel is deprecated in APPPATH\Controllers\ContactController.php on line 21.
 1 SYSTEMPATH\CodeIgniter.php(913): App\Controllers\ContactController->__construct()
 2 SYSTEMPATH\CodeIgniter.php(493): CodeIgniter\CodeIgniter->createController()
 3 SYSTEMPATH\CodeIgniter.php(361): CodeIgniter\CodeIgniter->handleRequest(null, Object(Config\Cache), false)
 4 FCPATH\index.php(79): CodeIgniter\CodeIgniter->run()
WARNING - 2024-09-09 05:23:57 --> [DEPRECATED] Creation of dynamic property App\Controllers\ContactController::$uttarakhandModel is deprecated in APPPATH\Controllers\ContactController.php on line 22.
 1 SYSTEMPATH\CodeIgniter.php(913): App\Controllers\ContactController->__construct()
 2 SYSTEMPATH\CodeIgniter.php(493): CodeIgniter\CodeIgniter->createController()
 3 SYSTEMPATH\CodeIgniter.php(361): CodeIgniter\CodeIgniter->handleRequest(null, Object(Config\Cache), false)
 4 FCPATH\index.php(79): CodeIgniter\CodeIgniter->run()
WARNING - 2024-09-09 05:23:57 --> [DEPRECATED] Creation of dynamic property App\Controllers\ContactController::$imageModel is deprecated in APPPATH\Controllers\ContactController.php on line 23.
 1 SYSTEMPATH\CodeIgniter.php(913): App\Controllers\ContactController->__construct()
 2 SYSTEMPATH\CodeIgniter.php(493): CodeIgniter\CodeIgniter->createController()
 3 SYSTEMPATH\CodeIgniter.php(361): CodeIgniter\CodeIgniter->handleRequest(null, Object(Config\Cache), false)
 4 FCPATH\index.php(79): CodeIgniter\CodeIgniter->run()
WARNING - 2024-09-09 05:23:57 --> [DEPRECATED] Creation of dynamic property App\Controllers\ContactController::$areaModel is deprecated in APPPATH\Controllers\ContactController.php on line 24.
 1 SYSTEMPATH\CodeIgniter.php(913): App\Controllers\ContactController->__construct()
 2 SYSTEMPATH\CodeIgniter.php(493): CodeIgniter\CodeIgniter->createController()
 3 SYSTEMPATH\CodeIgniter.php(361): CodeIgniter\CodeIgniter->handleRequest(null, Object(Config\Cache), false)
 4 FCPATH\index.php(79): CodeIgniter\CodeIgniter->run()
WARNING - 2024-09-09 05:23:57 --> [DEPRECATED] Creation of dynamic property App\Controllers\ContactController::$foodModel is deprecated in APPPATH\Controllers\ContactController.php on line 25.
 1 SYSTEMPATH\CodeIgniter.php(913): App\Controllers\ContactController->__construct()
 2 SYSTEMPATH\CodeIgniter.php(493): CodeIgniter\CodeIgniter->createController()
 3 SYSTEMPATH\CodeIgniter.php(361): CodeIgniter\CodeIgniter->handleRequest(null, Object(Config\Cache), false)
 4 FCPATH\index.php(79): CodeIgniter\CodeIgniter->run()
WARNING - 2024-09-09 05:23:57 --> [DEPRECATED] Creation of dynamic property App\Controllers\ContactController::$blogModel is deprecated in APPPATH\Controllers\ContactController.php on line 26.
 1 SYSTEMPATH\CodeIgniter.php(913): App\Controllers\ContactController->__construct()
 2 SYSTEMPATH\CodeIgniter.php(493): CodeIgniter\CodeIgniter->createController()
 3 SYSTEMPATH\CodeIgniter.php(361): CodeIgniter\CodeIgniter->handleRequest(null, Object(Config\Cache), false)
 4 FCPATH\index.php(79): CodeIgniter\CodeIgniter->run()
WARNING - 2024-09-09 05:23:57 --> [DEPRECATED] Creation of dynamic property App\Controllers\ContactController::$contactModel is deprecated in APPPATH\Controllers\ContactController.php on line 27.
 1 SYSTEMPATH\CodeIgniter.php(913): App\Controllers\ContactController->__construct()
 2 SYSTEMPATH\CodeIgniter.php(493): CodeIgniter\CodeIgniter->createController()
 3 SYSTEMPATH\CodeIgniter.php(361): CodeIgniter\CodeIgniter->handleRequest(null, Object(Config\Cache), false)
 4 FCPATH\index.php(79): CodeIgniter\CodeIgniter->run()
WARNING - 2024-09-09 05:23:57 --> [DEPRECATED] Creation of dynamic property App\Controllers\ContactController::$subscribersModel is deprecated in APPPATH\Controllers\ContactController.php on line 28.
 1 SYSTEMPATH\CodeIgniter.php(913): App\Controllers\ContactController->__construct()
 2 SYSTEMPATH\CodeIgniter.php(493): CodeIgniter\CodeIgniter->createController()
 3 SYSTEMPATH\CodeIgniter.php(361): CodeIgniter\CodeIgniter->handleRequest(null, Object(Config\Cache), false)
 4 FCPATH\index.php(79): CodeIgniter\CodeIgniter->run()
WARNING - 2024-09-09 05:23:57 --> [DEPRECATED] Creation of dynamic property App\Controllers\ContactController::$commentModel is deprecated in APPPATH\Controllers\ContactController.php on line 29.
 1 SYSTEMPATH\CodeIgniter.php(913): App\Controllers\ContactController->__construct()
 2 SYSTEMPATH\CodeIgniter.php(493): CodeIgniter\CodeIgniter->createController()
 3 SYSTEMPATH\CodeIgniter.php(361): CodeIgniter\CodeIgniter->handleRequest(null, Object(Config\Cache), false)
 4 FCPATH\index.php(79): CodeIgniter\CodeIgniter->run()
WARNING - 2024-09-09 05:23:57 --> [DEPRECATED] Creation of dynamic property App\Controllers\ContactController::$likesModel is deprecated in APPPATH\Controllers\ContactController.php on line 30.
 1 SYSTEMPATH\CodeIgniter.php(913): App\Controllers\ContactController->__construct()
 2 SYSTEMPATH\CodeIgniter.php(493): CodeIgniter\CodeIgniter->createController()
 3 SYSTEMPATH\CodeIgniter.php(361): CodeIgniter\CodeIgniter->handleRequest(null, Object(Config\Cache), false)
 4 FCPATH\index.php(79): CodeIgniter\CodeIgniter->run()
WARNING - 2024-09-09 05:24:12 --> [DEPRECATED] Creation of dynamic property App\Controllers\ContactController::$citiesModel is deprecated in APPPATH\Controllers\ContactController.php on line 21.
 1 SYSTEMPATH\CodeIgniter.php(913): App\Controllers\ContactController->__construct()
 2 SYSTEMPATH\CodeIgniter.php(493): CodeIgniter\CodeIgniter->createController()
 3 SYSTEMPATH\CodeIgniter.php(361): CodeIgniter\CodeIgniter->handleRequest(null, Object(Config\Cache), false)
 4 FCPATH\index.php(79): CodeIgniter\CodeIgniter->run()
WARNING - 2024-09-09 05:24:12 --> [DEPRECATED] Creation of dynamic property App\Controllers\ContactController::$uttarakhandModel is deprecated in APPPATH\Controllers\ContactController.php on line 22.
 1 SYSTEMPATH\CodeIgniter.php(913): App\Controllers\ContactController->__construct()
 2 SYSTEMPATH\CodeIgniter.php(493): CodeIgniter\CodeIgniter->createController()
 3 SYSTEMPATH\CodeIgniter.php(361): CodeIgniter\CodeIgniter->handleRequest(null, Object(Config\Cache), false)
 4 FCPATH\index.php(79): CodeIgniter\CodeIgniter->run()
WARNING - 2024-09-09 05:24:12 --> [DEPRECATED] Creation of dynamic property App\Controllers\ContactController::$imageModel is deprecated in APPPATH\Controllers\ContactController.php on line 23.
 1 SYSTEMPATH\CodeIgniter.php(913): App\Controllers\ContactController->__construct()
 2 SYSTEMPATH\CodeIgniter.php(493): CodeIgniter\CodeIgniter->createController()
 3 SYSTEMPATH\CodeIgniter.php(361): CodeIgniter\CodeIgniter->handleRequest(null, Object(Config\Cache), false)
 4 FCPATH\index.php(79): CodeIgniter\CodeIgniter->run()
WARNING - 2024-09-09 05:24:12 --> [DEPRECATED] Creation of dynamic property App\Controllers\ContactController::$areaModel is deprecated in APPPATH\Controllers\ContactController.php on line 24.
 1 SYSTEMPATH\CodeIgniter.php(913): App\Controllers\ContactController->__construct()
 2 SYSTEMPATH\CodeIgniter.php(493): CodeIgniter\CodeIgniter->createController()
 3 SYSTEMPATH\CodeIgniter.php(361): CodeIgniter\CodeIgniter->handleRequest(null, Object(Config\Cache), false)
 4 FCPATH\index.php(79): CodeIgniter\CodeIgniter->run()
WARNING - 2024-09-09 05:24:12 --> [DEPRECATED] Creation of dynamic property App\Controllers\ContactController::$foodModel is deprecated in APPPATH\Controllers\ContactController.php on line 25.
 1 SYSTEMPATH\CodeIgniter.php(913): App\Controllers\ContactController->__construct()
 2 SYSTEMPATH\CodeIgniter.php(493): CodeIgniter\CodeIgniter->createController()
 3 SYSTEMPATH\CodeIgniter.php(361): CodeIgniter\CodeIgniter->handleRequest(null, Object(Config\Cache), false)
 4 FCPATH\index.php(79): CodeIgniter\CodeIgniter->run()
WARNING - 2024-09-09 05:24:12 --> [DEPRECATED] Creation of dynamic property App\Controllers\ContactController::$blogModel is deprecated in APPPATH\Controllers\ContactController.php on line 26.
 1 SYSTEMPATH\CodeIgniter.php(913): App\Controllers\ContactController->__construct()
 2 SYSTEMPATH\CodeIgniter.php(493): CodeIgniter\CodeIgniter->createController()
 3 SYSTEMPATH\CodeIgniter.php(361): CodeIgniter\CodeIgniter->handleRequest(null, Object(Config\Cache), false)
 4 FCPATH\index.php(79): CodeIgniter\CodeIgniter->run()
WARNING - 2024-09-09 05:24:12 --> [DEPRECATED] Creation of dynamic property App\Controllers\ContactController::$contactModel is deprecated in APPPATH\Controllers\ContactController.php on line 27.
 1 SYSTEMPATH\CodeIgniter.php(913): App\Controllers\ContactController->__construct()
 2 SYSTEMPATH\CodeIgniter.php(493): CodeIgniter\CodeIgniter->createController()
 3 SYSTEMPATH\CodeIgniter.php(361): CodeIgniter\CodeIgniter->handleRequest(null, Object(Config\Cache), false)
 4 FCPATH\index.php(79): CodeIgniter\CodeIgniter->run()
WARNING - 2024-09-09 05:24:12 --> [DEPRECATED] Creation of dynamic property App\Controllers\ContactController::$subscribersModel is deprecated in APPPATH\Controllers\ContactController.php on line 28.
 1 SYSTEMPATH\CodeIgniter.php(913): App\Controllers\ContactController->__construct()
 2 SYSTEMPATH\CodeIgniter.php(493): CodeIgniter\CodeIgniter->createController()
 3 SYSTEMPATH\CodeIgniter.php(361): CodeIgniter\CodeIgniter->handleRequest(null, Object(Config\Cache), false)
 4 FCPATH\index.php(79): CodeIgniter\CodeIgniter->run()
WARNING - 2024-09-09 05:24:12 --> [DEPRECATED] Creation of dynamic property App\Controllers\ContactController::$commentModel is deprecated in APPPATH\Controllers\ContactController.php on line 29.
 1 SYSTEMPATH\CodeIgniter.php(913): App\Controllers\ContactController->__construct()
 2 SYSTEMPATH\CodeIgniter.php(493): CodeIgniter\CodeIgniter->createController()
 3 SYSTEMPATH\CodeIgniter.php(361): CodeIgniter\CodeIgniter->handleRequest(null, Object(Config\Cache), false)
 4 FCPATH\index.php(79): CodeIgniter\CodeIgniter->run()
WARNING - 2024-09-09 05:24:12 --> [DEPRECATED] Creation of dynamic property App\Controllers\ContactController::$likesModel is deprecated in APPPATH\Controllers\ContactController.php on line 30.
 1 SYSTEMPATH\CodeIgniter.php(913): App\Controllers\ContactController->__construct()
 2 SYSTEMPATH\CodeIgniter.php(493): CodeIgniter\CodeIgniter->createController()
 3 SYSTEMPATH\CodeIgniter.php(361): CodeIgniter\CodeIgniter->handleRequest(null, Object(Config\Cache), false)
 4 FCPATH\index.php(79): CodeIgniter\CodeIgniter->run()
WARNING - 2024-09-09 05:24:19 --> [DEPRECATED] Creation of dynamic property App\Controllers\ContactController::$citiesModel is deprecated in APPPATH\Controllers\ContactController.php on line 21.
 1 SYSTEMPATH\CodeIgniter.php(913): App\Controllers\ContactController->__construct()
 2 SYSTEMPATH\CodeIgniter.php(493): CodeIgniter\CodeIgniter->createController()
 3 SYSTEMPATH\CodeIgniter.php(361): CodeIgniter\CodeIgniter->handleRequest(null, Object(Config\Cache), false)
 4 FCPATH\index.php(79): CodeIgniter\CodeIgniter->run()
WARNING - 2024-09-09 05:24:19 --> [DEPRECATED] Creation of dynamic property App\Controllers\ContactController::$uttarakhandModel is deprecated in APPPATH\Controllers\ContactController.php on line 22.
 1 SYSTEMPATH\CodeIgniter.php(913): App\Controllers\ContactController->__construct()
 2 SYSTEMPATH\CodeIgniter.php(493): CodeIgniter\CodeIgniter->createController()
 3 SYSTEMPATH\CodeIgniter.php(361): CodeIgniter\CodeIgniter->handleRequest(null, Object(Config\Cache), false)
 4 FCPATH\index.php(79): CodeIgniter\CodeIgniter->run()
WARNING - 2024-09-09 05:24:19 --> [DEPRECATED] Creation of dynamic property App\Controllers\ContactController::$imageModel is deprecated in APPPATH\Controllers\ContactController.php on line 23.
 1 SYSTEMPATH\CodeIgniter.php(913): App\Controllers\ContactController->__construct()
 2 SYSTEMPATH\CodeIgniter.php(493): CodeIgniter\CodeIgniter->createController()
 3 SYSTEMPATH\CodeIgniter.php(361): CodeIgniter\CodeIgniter->handleRequest(null, Object(Config\Cache), false)
 4 FCPATH\index.php(79): CodeIgniter\CodeIgniter->run()
WARNING - 2024-09-09 05:24:19 --> [DEPRECATED] Creation of dynamic property App\Controllers\ContactController::$areaModel is deprecated in APPPATH\Controllers\ContactController.php on line 24.
 1 SYSTEMPATH\CodeIgniter.php(913): App\Controllers\ContactController->__construct()
 2 SYSTEMPATH\CodeIgniter.php(493): CodeIgniter\CodeIgniter->createController()
 3 SYSTEMPATH\CodeIgniter.php(361): CodeIgniter\CodeIgniter->handleRequest(null, Object(Config\Cache), false)
 4 FCPATH\index.php(79): CodeIgniter\CodeIgniter->run()
WARNING - 2024-09-09 05:24:19 --> [DEPRECATED] Creation of dynamic property App\Controllers\ContactController::$foodModel is deprecated in APPPATH\Controllers\ContactController.php on line 25.
 1 SYSTEMPATH\CodeIgniter.php(913): App\Controllers\ContactController->__construct()
 2 SYSTEMPATH\CodeIgniter.php(493): CodeIgniter\CodeIgniter->createController()
 3 SYSTEMPATH\CodeIgniter.php(361): CodeIgniter\CodeIgniter->handleRequest(null, Object(Config\Cache), false)
 4 FCPATH\index.php(79): CodeIgniter\CodeIgniter->run()
WARNING - 2024-09-09 05:24:19 --> [DEPRECATED] Creation of dynamic property App\Controllers\ContactController::$blogModel is deprecated in APPPATH\Controllers\ContactController.php on line 26.
 1 SYSTEMPATH\CodeIgniter.php(913): App\Controllers\ContactController->__construct()
 2 SYSTEMPATH\CodeIgniter.php(493): CodeIgniter\CodeIgniter->createController()
 3 SYSTEMPATH\CodeIgniter.php(361): CodeIgniter\CodeIgniter->handleRequest(null, Object(Config\Cache), false)
 4 FCPATH\index.php(79): CodeIgniter\CodeIgniter->run()
WARNING - 2024-09-09 05:24:19 --> [DEPRECATED] Creation of dynamic property App\Controllers\ContactController::$contactModel is deprecated in APPPATH\Controllers\ContactController.php on line 27.
 1 SYSTEMPATH\CodeIgniter.php(913): App\Controllers\ContactController->__construct()
 2 SYSTEMPATH\CodeIgniter.php(493): CodeIgniter\CodeIgniter->createController()
 3 SYSTEMPATH\CodeIgniter.php(361): CodeIgniter\CodeIgniter->handleRequest(null, Object(Config\Cache), false)
 4 FCPATH\index.php(79): CodeIgniter\CodeIgniter->run()
WARNING - 2024-09-09 05:24:19 --> [DEPRECATED] Creation of dynamic property App\Controllers\ContactController::$subscribersModel is deprecated in APPPATH\Controllers\ContactController.php on line 28.
 1 SYSTEMPATH\CodeIgniter.php(913): App\Controllers\ContactController->__construct()
 2 SYSTEMPATH\CodeIgniter.php(493): CodeIgniter\CodeIgniter->createController()
 3 SYSTEMPATH\CodeIgniter.php(361): CodeIgniter\CodeIgniter->handleRequest(null, Object(Config\Cache), false)
 4 FCPATH\index.php(79): CodeIgniter\CodeIgniter->run()
WARNING - 2024-09-09 05:24:19 --> [DEPRECATED] Creation of dynamic property App\Controllers\ContactController::$commentModel is deprecated in APPPATH\Controllers\ContactController.php on line 29.
 1 SYSTEMPATH\CodeIgniter.php(913): App\Controllers\ContactController->__construct()
 2 SYSTEMPATH\CodeIgniter.php(493): CodeIgniter\CodeIgniter->createController()
 3 SYSTEMPATH\CodeIgniter.php(361): CodeIgniter\CodeIgniter->handleRequest(null, Object(Config\Cache), false)
 4 FCPATH\index.php(79): CodeIgniter\CodeIgniter->run()
WARNING - 2024-09-09 05:24:19 --> [DEPRECATED] Creation of dynamic property App\Controllers\ContactController::$likesModel is deprecated in APPPATH\Controllers\ContactController.php on line 30.
 1 SYSTEMPATH\CodeIgniter.php(913): App\Controllers\ContactController->__construct()
 2 SYSTEMPATH\CodeIgniter.php(493): CodeIgniter\CodeIgniter->createController()
 3 SYSTEMPATH\CodeIgniter.php(361): CodeIgniter\CodeIgniter->handleRequest(null, Object(Config\Cache), false)
 4 FCPATH\index.php(79): CodeIgniter\CodeIgniter->run()
WARNING - 2024-09-09 05:24:28 --> [DEPRECATED] Creation of dynamic property App\Controllers\ContactController::$citiesModel is deprecated in APPPATH\Controllers\ContactController.php on line 21.
 1 SYSTEMPATH\CodeIgniter.php(913): App\Controllers\ContactController->__construct()
 2 SYSTEMPATH\CodeIgniter.php(493): CodeIgniter\CodeIgniter->createController()
 3 SYSTEMPATH\CodeIgniter.php(361): CodeIgniter\CodeIgniter->handleRequest(null, Object(Config\Cache), false)
 4 FCPATH\index.php(79): CodeIgniter\CodeIgniter->run()
WARNING - 2024-09-09 05:24:28 --> [DEPRECATED] Creation of dynamic property App\Controllers\ContactController::$uttarakhandModel is deprecated in APPPATH\Controllers\ContactController.php on line 22.
 1 SYSTEMPATH\CodeIgniter.php(913): App\Controllers\ContactController->__construct()
 2 SYSTEMPATH\CodeIgniter.php(493): CodeIgniter\CodeIgniter->createController()
 3 SYSTEMPATH\CodeIgniter.php(361): CodeIgniter\CodeIgniter->handleRequest(null, Object(Config\Cache), false)
 4 FCPATH\index.php(79): CodeIgniter\CodeIgniter->run()
WARNING - 2024-09-09 05:24:28 --> [DEPRECATED] Creation of dynamic property App\Controllers\ContactController::$imageModel is deprecated in APPPATH\Controllers\ContactController.php on line 23.
 1 SYSTEMPATH\CodeIgniter.php(913): App\Controllers\ContactController->__construct()
 2 SYSTEMPATH\CodeIgniter.php(493): CodeIgniter\CodeIgniter->createController()
 3 SYSTEMPATH\CodeIgniter.php(361): CodeIgniter\CodeIgniter->handleRequest(null, Object(Config\Cache), false)
 4 FCPATH\index.php(79): CodeIgniter\CodeIgniter->run()
WARNING - 2024-09-09 05:24:28 --> [DEPRECATED] Creation of dynamic property App\Controllers\ContactController::$areaModel is deprecated in APPPATH\Controllers\ContactController.php on line 24.
 1 SYSTEMPATH\CodeIgniter.php(913): App\Controllers\ContactController->__construct()
 2 SYSTEMPATH\CodeIgniter.php(493): CodeIgniter\CodeIgniter->createController()
 3 SYSTEMPATH\CodeIgniter.php(361): CodeIgniter\CodeIgniter->handleRequest(null, Object(Config\Cache), false)
 4 FCPATH\index.php(79): CodeIgniter\CodeIgniter->run()
WARNING - 2024-09-09 05:24:28 --> [DEPRECATED] Creation of dynamic property App\Controllers\ContactController::$foodModel is deprecated in APPPATH\Controllers\ContactController.php on line 25.
 1 SYSTEMPATH\CodeIgniter.php(913): App\Controllers\ContactController->__construct()
 2 SYSTEMPATH\CodeIgniter.php(493): CodeIgniter\CodeIgniter->createController()
 3 SYSTEMPATH\CodeIgniter.php(361): CodeIgniter\CodeIgniter->handleRequest(null, Object(Config\Cache), false)
 4 FCPATH\index.php(79): CodeIgniter\CodeIgniter->run()
WARNING - 2024-09-09 05:24:28 --> [DEPRECATED] Creation of dynamic property App\Controllers\ContactController::$blogModel is deprecated in APPPATH\Controllers\ContactController.php on line 26.
 1 SYSTEMPATH\CodeIgniter.php(913): App\Controllers\ContactController->__construct()
 2 SYSTEMPATH\CodeIgniter.php(493): CodeIgniter\CodeIgniter->createController()
 3 SYSTEMPATH\CodeIgniter.php(361): CodeIgniter\CodeIgniter->handleRequest(null, Object(Config\Cache), false)
 4 FCPATH\index.php(79): CodeIgniter\CodeIgniter->run()
WARNING - 2024-09-09 05:24:28 --> [DEPRECATED] Creation of dynamic property App\Controllers\ContactController::$contactModel is deprecated in APPPATH\Controllers\ContactController.php on line 27.
 1 SYSTEMPATH\CodeIgniter.php(913): App\Controllers\ContactController->__construct()
 2 SYSTEMPATH\CodeIgniter.php(493): CodeIgniter\CodeIgniter->createController()
 3 SYSTEMPATH\CodeIgniter.php(361): CodeIgniter\CodeIgniter->handleRequest(null, Object(Config\Cache), false)
 4 FCPATH\index.php(79): CodeIgniter\CodeIgniter->run()
WARNING - 2024-09-09 05:24:28 --> [DEPRECATED] Creation of dynamic property App\Controllers\ContactController::$subscribersModel is deprecated in APPPATH\Controllers\ContactController.php on line 28.
 1 SYSTEMPATH\CodeIgniter.php(913): App\Controllers\ContactController->__construct()
 2 SYSTEMPATH\CodeIgniter.php(493): CodeIgniter\CodeIgniter->createController()
 3 SYSTEMPATH\CodeIgniter.php(361): CodeIgniter\CodeIgniter->handleRequest(null, Object(Config\Cache), false)
 4 FCPATH\index.php(79): CodeIgniter\CodeIgniter->run()
WARNING - 2024-09-09 05:24:28 --> [DEPRECATED] Creation of dynamic property App\Controllers\ContactController::$commentModel is deprecated in APPPATH\Controllers\ContactController.php on line 29.
 1 SYSTEMPATH\CodeIgniter.php(913): App\Controllers\ContactController->__construct()
 2 SYSTEMPATH\CodeIgniter.php(493): CodeIgniter\CodeIgniter->createController()
 3 SYSTEMPATH\CodeIgniter.php(361): CodeIgniter\CodeIgniter->handleRequest(null, Object(Config\Cache), false)
 4 FCPATH\index.php(79): CodeIgniter\CodeIgniter->run()
WARNING - 2024-09-09 05:24:28 --> [DEPRECATED] Creation of dynamic property App\Controllers\ContactController::$likesModel is deprecated in APPPATH\Controllers\ContactController.php on line 30.
 1 SYSTEMPATH\CodeIgniter.php(913): App\Controllers\ContactController->__construct()
 2 SYSTEMPATH\CodeIgniter.php(493): CodeIgniter\CodeIgniter->createController()
 3 SYSTEMPATH\CodeIgniter.php(361): CodeIgniter\CodeIgniter->handleRequest(null, Object(Config\Cache), false)
 4 FCPATH\index.php(79): CodeIgniter\CodeIgniter->run()
WARNING - 2024-09-09 05:24:42 --> [DEPRECATED] Creation of dynamic property App\Controllers\ContactController::$citiesModel is deprecated in APPPATH\Controllers\ContactController.php on line 21.
 1 SYSTEMPATH\CodeIgniter.php(913): App\Controllers\ContactController->__construct()
 2 SYSTEMPATH\CodeIgniter.php(493): CodeIgniter\CodeIgniter->createController()
 3 SYSTEMPATH\CodeIgniter.php(361): CodeIgniter\CodeIgniter->handleRequest(null, Object(Config\Cache), false)
 4 FCPATH\index.php(79): CodeIgniter\CodeIgniter->run()
WARNING - 2024-09-09 05:24:42 --> [DEPRECATED] Creation of dynamic property App\Controllers\ContactController::$uttarakhandModel is deprecated in APPPATH\Controllers\ContactController.php on line 22.
 1 SYSTEMPATH\CodeIgniter.php(913): App\Controllers\ContactController->__construct()
 2 SYSTEMPATH\CodeIgniter.php(493): CodeIgniter\CodeIgniter->createController()
 3 SYSTEMPATH\CodeIgniter.php(361): CodeIgniter\CodeIgniter->handleRequest(null, Object(Config\Cache), false)
 4 FCPATH\index.php(79): CodeIgniter\CodeIgniter->run()
WARNING - 2024-09-09 05:24:42 --> [DEPRECATED] Creation of dynamic property App\Controllers\ContactController::$imageModel is deprecated in APPPATH\Controllers\ContactController.php on line 23.
 1 SYSTEMPATH\CodeIgniter.php(913): App\Controllers\ContactController->__construct()
 2 SYSTEMPATH\CodeIgniter.php(493): CodeIgniter\CodeIgniter->createController()
 3 SYSTEMPATH\CodeIgniter.php(361): CodeIgniter\CodeIgniter->handleRequest(null, Object(Config\Cache), false)
 4 FCPATH\index.php(79): CodeIgniter\CodeIgniter->run()
WARNING - 2024-09-09 05:24:42 --> [DEPRECATED] Creation of dynamic property App\Controllers\ContactController::$areaModel is deprecated in APPPATH\Controllers\ContactController.php on line 24.
 1 SYSTEMPATH\CodeIgniter.php(913): App\Controllers\ContactController->__construct()
 2 SYSTEMPATH\CodeIgniter.php(493): CodeIgniter\CodeIgniter->createController()
 3 SYSTEMPATH\CodeIgniter.php(361): CodeIgniter\CodeIgniter->handleRequest(null, Object(Config\Cache), false)
 4 FCPATH\index.php(79): CodeIgniter\CodeIgniter->run()
WARNING - 2024-09-09 05:24:42 --> [DEPRECATED] Creation of dynamic property App\Controllers\ContactController::$foodModel is deprecated in APPPATH\Controllers\ContactController.php on line 25.
 1 SYSTEMPATH\CodeIgniter.php(913): App\Controllers\ContactController->__construct()
 2 SYSTEMPATH\CodeIgniter.php(493): CodeIgniter\CodeIgniter->createController()
 3 SYSTEMPATH\CodeIgniter.php(361): CodeIgniter\CodeIgniter->handleRequest(null, Object(Config\Cache), false)
 4 FCPATH\index.php(79): CodeIgniter\CodeIgniter->run()
WARNING - 2024-09-09 05:24:42 --> [DEPRECATED] Creation of dynamic property App\Controllers\ContactController::$blogModel is deprecated in APPPATH\Controllers\ContactController.php on line 26.
 1 SYSTEMPATH\CodeIgniter.php(913): App\Controllers\ContactController->__construct()
 2 SYSTEMPATH\CodeIgniter.php(493): CodeIgniter\CodeIgniter->createController()
 3 SYSTEMPATH\CodeIgniter.php(361): CodeIgniter\CodeIgniter->handleRequest(null, Object(Config\Cache), false)
 4 FCPATH\index.php(79): CodeIgniter\CodeIgniter->run()
WARNING - 2024-09-09 05:24:42 --> [DEPRECATED] Creation of dynamic property App\Controllers\ContactController::$contactModel is deprecated in APPPATH\Controllers\ContactController.php on line 27.
 1 SYSTEMPATH\CodeIgniter.php(913): App\Controllers\ContactController->__construct()
 2 SYSTEMPATH\CodeIgniter.php(493): CodeIgniter\CodeIgniter->createController()
 3 SYSTEMPATH\CodeIgniter.php(361): CodeIgniter\CodeIgniter->handleRequest(null, Object(Config\Cache), false)
 4 FCPATH\index.php(79): CodeIgniter\CodeIgniter->run()
WARNING - 2024-09-09 05:24:42 --> [DEPRECATED] Creation of dynamic property App\Controllers\ContactController::$subscribersModel is deprecated in APPPATH\Controllers\ContactController.php on line 28.
 1 SYSTEMPATH\CodeIgniter.php(913): App\Controllers\ContactController->__construct()
 2 SYSTEMPATH\CodeIgniter.php(493): CodeIgniter\CodeIgniter->createController()
 3 SYSTEMPATH\CodeIgniter.php(361): CodeIgniter\CodeIgniter->handleRequest(null, Object(Config\Cache), false)
 4 FCPATH\index.php(79): CodeIgniter\CodeIgniter->run()
WARNING - 2024-09-09 05:24:42 --> [DEPRECATED] Creation of dynamic property App\Controllers\ContactController::$commentModel is deprecated in APPPATH\Controllers\ContactController.php on line 29.
 1 SYSTEMPATH\CodeIgniter.php(913): App\Controllers\ContactController->__construct()
 2 SYSTEMPATH\CodeIgniter.php(493): CodeIgniter\CodeIgniter->createController()
 3 SYSTEMPATH\CodeIgniter.php(361): CodeIgniter\CodeIgniter->handleRequest(null, Object(Config\Cache), false)
 4 FCPATH\index.php(79): CodeIgniter\CodeIgniter->run()
WARNING - 2024-09-09 05:24:42 --> [DEPRECATED] Creation of dynamic property App\Controllers\ContactController::$likesModel is deprecated in APPPATH\Controllers\ContactController.php on line 30.
 1 SYSTEMPATH\CodeIgniter.php(913): App\Controllers\ContactController->__construct()
 2 SYSTEMPATH\CodeIgniter.php(493): CodeIgniter\CodeIgniter->createController()
 3 SYSTEMPATH\CodeIgniter.php(361): CodeIgniter\CodeIgniter->handleRequest(null, Object(Config\Cache), false)
 4 FCPATH\index.php(79): CodeIgniter\CodeIgniter->run()
WARNING - 2024-09-09 05:24:46 --> [DEPRECATED] Creation of dynamic property App\Controllers\ContactController::$citiesModel is deprecated in APPPATH\Controllers\ContactController.php on line 21.
 1 SYSTEMPATH\CodeIgniter.php(913): App\Controllers\ContactController->__construct()
 2 SYSTEMPATH\CodeIgniter.php(493): CodeIgniter\CodeIgniter->createController()
 3 SYSTEMPATH\CodeIgniter.php(361): CodeIgniter\CodeIgniter->handleRequest(null, Object(Config\Cache), false)
 4 FCPATH\index.php(79): CodeIgniter\CodeIgniter->run()
WARNING - 2024-09-09 05:24:46 --> [DEPRECATED] Creation of dynamic property App\Controllers\ContactController::$uttarakhandModel is deprecated in APPPATH\Controllers\ContactController.php on line 22.
 1 SYSTEMPATH\CodeIgniter.php(913): App\Controllers\ContactController->__construct()
 2 SYSTEMPATH\CodeIgniter.php(493): CodeIgniter\CodeIgniter->createController()
 3 SYSTEMPATH\CodeIgniter.php(361): CodeIgniter\CodeIgniter->handleRequest(null, Object(Config\Cache), false)
 4 FCPATH\index.php(79): CodeIgniter\CodeIgniter->run()
WARNING - 2024-09-09 05:24:46 --> [DEPRECATED] Creation of dynamic property App\Controllers\ContactController::$imageModel is deprecated in APPPATH\Controllers\ContactController.php on line 23.
 1 SYSTEMPATH\CodeIgniter.php(913): App\Controllers\ContactController->__construct()
 2 SYSTEMPATH\CodeIgniter.php(493): CodeIgniter\CodeIgniter->createController()
 3 SYSTEMPATH\CodeIgniter.php(361): CodeIgniter\CodeIgniter->handleRequest(null, Object(Config\Cache), false)
 4 FCPATH\index.php(79): CodeIgniter\CodeIgniter->run()
WARNING - 2024-09-09 05:24:46 --> [DEPRECATED] Creation of dynamic property App\Controllers\ContactController::$areaModel is deprecated in APPPATH\Controllers\ContactController.php on line 24.
 1 SYSTEMPATH\CodeIgniter.php(913): App\Controllers\ContactController->__construct()
 2 SYSTEMPATH\CodeIgniter.php(493): CodeIgniter\CodeIgniter->createController()
 3 SYSTEMPATH\CodeIgniter.php(361): CodeIgniter\CodeIgniter->handleRequest(null, Object(Config\Cache), false)
 4 FCPATH\index.php(79): CodeIgniter\CodeIgniter->run()
WARNING - 2024-09-09 05:24:46 --> [DEPRECATED] Creation of dynamic property App\Controllers\ContactController::$foodModel is deprecated in APPPATH\Controllers\ContactController.php on line 25.
 1 SYSTEMPATH\CodeIgniter.php(913): App\Controllers\ContactController->__construct()
 2 SYSTEMPATH\CodeIgniter.php(493): CodeIgniter\CodeIgniter->createController()
 3 SYSTEMPATH\CodeIgniter.php(361): CodeIgniter\CodeIgniter->handleRequest(null, Object(Config\Cache), false)
 4 FCPATH\index.php(79): CodeIgniter\CodeIgniter->run()
WARNING - 2024-09-09 05:24:46 --> [DEPRECATED] Creation of dynamic property App\Controllers\ContactController::$blogModel is deprecated in APPPATH\Controllers\ContactController.php on line 26.
 1 SYSTEMPATH\CodeIgniter.php(913): App\Controllers\ContactController->__construct()
 2 SYSTEMPATH\CodeIgniter.php(493): CodeIgniter\CodeIgniter->createController()
 3 SYSTEMPATH\CodeIgniter.php(361): CodeIgniter\CodeIgniter->handleRequest(null, Object(Config\Cache), false)
 4 FCPATH\index.php(79): CodeIgniter\CodeIgniter->run()
WARNING - 2024-09-09 05:24:46 --> [DEPRECATED] Creation of dynamic property App\Controllers\ContactController::$contactModel is deprecated in APPPATH\Controllers\ContactController.php on line 27.
 1 SYSTEMPATH\CodeIgniter.php(913): App\Controllers\ContactController->__construct()
 2 SYSTEMPATH\CodeIgniter.php(493): CodeIgniter\CodeIgniter->createController()
 3 SYSTEMPATH\CodeIgniter.php(361): CodeIgniter\CodeIgniter->handleRequest(null, Object(Config\Cache), false)
 4 FCPATH\index.php(79): CodeIgniter\CodeIgniter->run()
WARNING - 2024-09-09 05:24:46 --> [DEPRECATED] Creation of dynamic property App\Controllers\ContactController::$subscribersModel is deprecated in APPPATH\Controllers\ContactController.php on line 28.
 1 SYSTEMPATH\CodeIgniter.php(913): App\Controllers\ContactController->__construct()
 2 SYSTEMPATH\CodeIgniter.php(493): CodeIgniter\CodeIgniter->createController()
 3 SYSTEMPATH\CodeIgniter.php(361): CodeIgniter\CodeIgniter->handleRequest(null, Object(Config\Cache), false)
 4 FCPATH\index.php(79): CodeIgniter\CodeIgniter->run()
WARNING - 2024-09-09 05:24:46 --> [DEPRECATED] Creation of dynamic property App\Controllers\ContactController::$commentModel is deprecated in APPPATH\Controllers\ContactController.php on line 29.
 1 SYSTEMPATH\CodeIgniter.php(913): App\Controllers\ContactController->__construct()
 2 SYSTEMPATH\CodeIgniter.php(493): CodeIgniter\CodeIgniter->createController()
 3 SYSTEMPATH\CodeIgniter.php(361): CodeIgniter\CodeIgniter->handleRequest(null, Object(Config\Cache), false)
 4 FCPATH\index.php(79): CodeIgniter\CodeIgniter->run()
WARNING - 2024-09-09 05:24:46 --> [DEPRECATED] Creation of dynamic property App\Controllers\ContactController::$likesModel is deprecated in APPPATH\Controllers\ContactController.php on line 30.
 1 SYSTEMPATH\CodeIgniter.php(913): App\Controllers\ContactController->__construct()
 2 SYSTEMPATH\CodeIgniter.php(493): CodeIgniter\CodeIgniter->createController()
 3 SYSTEMPATH\CodeIgniter.php(361): CodeIgniter\CodeIgniter->handleRequest(null, Object(Config\Cache), false)
 4 FCPATH\index.php(79): CodeIgniter\CodeIgniter->run()
WARNING - 2024-09-09 05:24:53 --> [DEPRECATED] Creation of dynamic property App\Controllers\ContactController::$citiesModel is deprecated in APPPATH\Controllers\ContactController.php on line 21.
 1 SYSTEMPATH\CodeIgniter.php(913): App\Controllers\ContactController->__construct()
 2 SYSTEMPATH\CodeIgniter.php(493): CodeIgniter\CodeIgniter->createController()
 3 SYSTEMPATH\CodeIgniter.php(361): CodeIgniter\CodeIgniter->handleRequest(null, Object(Config\Cache), false)
 4 FCPATH\index.php(79): CodeIgniter\CodeIgniter->run()
WARNING - 2024-09-09 05:24:53 --> [DEPRECATED] Creation of dynamic property App\Controllers\ContactController::$uttarakhandModel is deprecated in APPPATH\Controllers\ContactController.php on line 22.
 1 SYSTEMPATH\CodeIgniter.php(913): App\Controllers\ContactController->__construct()
 2 SYSTEMPATH\CodeIgniter.php(493): CodeIgniter\CodeIgniter->createController()
 3 SYSTEMPATH\CodeIgniter.php(361): CodeIgniter\CodeIgniter->handleRequest(null, Object(Config\Cache), false)
 4 FCPATH\index.php(79): CodeIgniter\CodeIgniter->run()
WARNING - 2024-09-09 05:24:53 --> [DEPRECATED] Creation of dynamic property App\Controllers\ContactController::$imageModel is deprecated in APPPATH\Controllers\ContactController.php on line 23.
 1 SYSTEMPATH\CodeIgniter.php(913): App\Controllers\ContactController->__construct()
 2 SYSTEMPATH\CodeIgniter.php(493): CodeIgniter\CodeIgniter->createController()
 3 SYSTEMPATH\CodeIgniter.php(361): CodeIgniter\CodeIgniter->handleRequest(null, Object(Config\Cache), false)
 4 FCPATH\index.php(79): CodeIgniter\CodeIgniter->run()
WARNING - 2024-09-09 05:24:53 --> [DEPRECATED] Creation of dynamic property App\Controllers\ContactController::$areaModel is deprecated in APPPATH\Controllers\ContactController.php on line 24.
 1 SYSTEMPATH\CodeIgniter.php(913): App\Controllers\ContactController->__construct()
 2 SYSTEMPATH\CodeIgniter.php(493): CodeIgniter\CodeIgniter->createController()
 3 SYSTEMPATH\CodeIgniter.php(361): CodeIgniter\CodeIgniter->handleRequest(null, Object(Config\Cache), false)
 4 FCPATH\index.php(79): CodeIgniter\CodeIgniter->run()
WARNING - 2024-09-09 05:24:53 --> [DEPRECATED] Creation of dynamic property App\Controllers\ContactController::$foodModel is deprecated in APPPATH\Controllers\ContactController.php on line 25.
 1 SYSTEMPATH\CodeIgniter.php(913): App\Controllers\ContactController->__construct()
 2 SYSTEMPATH\CodeIgniter.php(493): CodeIgniter\CodeIgniter->createController()
 3 SYSTEMPATH\CodeIgniter.php(361): CodeIgniter\CodeIgniter->handleRequest(null, Object(Config\Cache), false)
 4 FCPATH\index.php(79): CodeIgniter\CodeIgniter->run()
WARNING - 2024-09-09 05:24:53 --> [DEPRECATED] Creation of dynamic property App\Controllers\ContactController::$blogModel is deprecated in APPPATH\Controllers\ContactController.php on line 26.
 1 SYSTEMPATH\CodeIgniter.php(913): App\Controllers\ContactController->__construct()
 2 SYSTEMPATH\CodeIgniter.php(493): CodeIgniter\CodeIgniter->createController()
 3 SYSTEMPATH\CodeIgniter.php(361): CodeIgniter\CodeIgniter->handleRequest(null, Object(Config\Cache), false)
 4 FCPATH\index.php(79): CodeIgniter\CodeIgniter->run()
WARNING - 2024-09-09 05:24:53 --> [DEPRECATED] Creation of dynamic property App\Controllers\ContactController::$contactModel is deprecated in APPPATH\Controllers\ContactController.php on line 27.
 1 SYSTEMPATH\CodeIgniter.php(913): App\Controllers\ContactController->__construct()
 2 SYSTEMPATH\CodeIgniter.php(493): CodeIgniter\CodeIgniter->createController()
 3 SYSTEMPATH\CodeIgniter.php(361): CodeIgniter\CodeIgniter->handleRequest(null, Object(Config\Cache), false)
 4 FCPATH\index.php(79): CodeIgniter\CodeIgniter->run()
WARNING - 2024-09-09 05:24:53 --> [DEPRECATED] Creation of dynamic property App\Controllers\ContactController::$subscribersModel is deprecated in APPPATH\Controllers\ContactController.php on line 28.
 1 SYSTEMPATH\CodeIgniter.php(913): App\Controllers\ContactController->__construct()
 2 SYSTEMPATH\CodeIgniter.php(493): CodeIgniter\CodeIgniter->createController()
 3 SYSTEMPATH\CodeIgniter.php(361): CodeIgniter\CodeIgniter->handleRequest(null, Object(Config\Cache), false)
 4 FCPATH\index.php(79): CodeIgniter\CodeIgniter->run()
WARNING - 2024-09-09 05:24:53 --> [DEPRECATED] Creation of dynamic property App\Controllers\ContactController::$commentModel is deprecated in APPPATH\Controllers\ContactController.php on line 29.
 1 SYSTEMPATH\CodeIgniter.php(913): App\Controllers\ContactController->__construct()
 2 SYSTEMPATH\CodeIgniter.php(493): CodeIgniter\CodeIgniter->createController()
 3 SYSTEMPATH\CodeIgniter.php(361): CodeIgniter\CodeIgniter->handleRequest(null, Object(Config\Cache), false)
 4 FCPATH\index.php(79): CodeIgniter\CodeIgniter->run()
WARNING - 2024-09-09 05:24:53 --> [DEPRECATED] Creation of dynamic property App\Controllers\ContactController::$likesModel is deprecated in APPPATH\Controllers\ContactController.php on line 30.
 1 SYSTEMPATH\CodeIgniter.php(913): App\Controllers\ContactController->__construct()
 2 SYSTEMPATH\CodeIgniter.php(493): CodeIgniter\CodeIgniter->createController()
 3 SYSTEMPATH\CodeIgniter.php(361): CodeIgniter\CodeIgniter->handleRequest(null, Object(Config\Cache), false)
 4 FCPATH\index.php(79): CodeIgniter\CodeIgniter->run()
WARNING - 2024-09-09 05:25:00 --> [DEPRECATED] Creation of dynamic property App\Controllers\ContactController::$citiesModel is deprecated in APPPATH\Controllers\ContactController.php on line 21.
 1 SYSTEMPATH\CodeIgniter.php(913): App\Controllers\ContactController->__construct()
 2 SYSTEMPATH\CodeIgniter.php(493): CodeIgniter\CodeIgniter->createController()
 3 SYSTEMPATH\CodeIgniter.php(361): CodeIgniter\CodeIgniter->handleRequest(null, Object(Config\Cache), false)
 4 FCPATH\index.php(79): CodeIgniter\CodeIgniter->run()
WARNING - 2024-09-09 05:25:00 --> [DEPRECATED] Creation of dynamic property App\Controllers\ContactController::$uttarakhandModel is deprecated in APPPATH\Controllers\ContactController.php on line 22.
 1 SYSTEMPATH\CodeIgniter.php(913): App\Controllers\ContactController->__construct()
 2 SYSTEMPATH\CodeIgniter.php(493): CodeIgniter\CodeIgniter->createController()
 3 SYSTEMPATH\CodeIgniter.php(361): CodeIgniter\CodeIgniter->handleRequest(null, Object(Config\Cache), false)
 4 FCPATH\index.php(79): CodeIgniter\CodeIgniter->run()
WARNING - 2024-09-09 05:25:00 --> [DEPRECATED] Creation of dynamic property App\Controllers\ContactController::$imageModel is deprecated in APPPATH\Controllers\ContactController.php on line 23.
 1 SYSTEMPATH\CodeIgniter.php(913): App\Controllers\ContactController->__construct()
 2 SYSTEMPATH\CodeIgniter.php(493): CodeIgniter\CodeIgniter->createController()
 3 SYSTEMPATH\CodeIgniter.php(361): CodeIgniter\CodeIgniter->handleRequest(null, Object(Config\Cache), false)
 4 FCPATH\index.php(79): CodeIgniter\CodeIgniter->run()
WARNING - 2024-09-09 05:25:00 --> [DEPRECATED] Creation of dynamic property App\Controllers\ContactController::$areaModel is deprecated in APPPATH\Controllers\ContactController.php on line 24.
 1 SYSTEMPATH\CodeIgniter.php(913): App\Controllers\ContactController->__construct()
 2 SYSTEMPATH\CodeIgniter.php(493): CodeIgniter\CodeIgniter->createController()
 3 SYSTEMPATH\CodeIgniter.php(361): CodeIgniter\CodeIgniter->handleRequest(null, Object(Config\Cache), false)
 4 FCPATH\index.php(79): CodeIgniter\CodeIgniter->run()
WARNING - 2024-09-09 05:25:00 --> [DEPRECATED] Creation of dynamic property App\Controllers\ContactController::$foodModel is deprecated in APPPATH\Controllers\ContactController.php on line 25.
 1 SYSTEMPATH\CodeIgniter.php(913): App\Controllers\ContactController->__construct()
 2 SYSTEMPATH\CodeIgniter.php(493): CodeIgniter\CodeIgniter->createController()
 3 SYSTEMPATH\CodeIgniter.php(361): CodeIgniter\CodeIgniter->handleRequest(null, Object(Config\Cache), false)
 4 FCPATH\index.php(79): CodeIgniter\CodeIgniter->run()
WARNING - 2024-09-09 05:25:00 --> [DEPRECATED] Creation of dynamic property App\Controllers\ContactController::$blogModel is deprecated in APPPATH\Controllers\ContactController.php on line 26.
 1 SYSTEMPATH\CodeIgniter.php(913): App\Controllers\ContactController->__construct()
 2 SYSTEMPATH\CodeIgniter.php(493): CodeIgniter\CodeIgniter->createController()
 3 SYSTEMPATH\CodeIgniter.php(361): CodeIgniter\CodeIgniter->handleRequest(null, Object(Config\Cache), false)
 4 FCPATH\index.php(79): CodeIgniter\CodeIgniter->run()
WARNING - 2024-09-09 05:25:00 --> [DEPRECATED] Creation of dynamic property App\Controllers\ContactController::$contactModel is deprecated in APPPATH\Controllers\ContactController.php on line 27.
 1 SYSTEMPATH\CodeIgniter.php(913): App\Controllers\ContactController->__construct()
 2 SYSTEMPATH\CodeIgniter.php(493): CodeIgniter\CodeIgniter->createController()
 3 SYSTEMPATH\CodeIgniter.php(361): CodeIgniter\CodeIgniter->handleRequest(null, Object(Config\Cache), false)
 4 FCPATH\index.php(79): CodeIgniter\CodeIgniter->run()
WARNING - 2024-09-09 05:25:00 --> [DEPRECATED] Creation of dynamic property App\Controllers\ContactController::$subscribersModel is deprecated in APPPATH\Controllers\ContactController.php on line 28.
 1 SYSTEMPATH\CodeIgniter.php(913): App\Controllers\ContactController->__construct()
 2 SYSTEMPATH\CodeIgniter.php(493): CodeIgniter\CodeIgniter->createController()
 3 SYSTEMPATH\CodeIgniter.php(361): CodeIgniter\CodeIgniter->handleRequest(null, Object(Config\Cache), false)
 4 FCPATH\index.php(79): CodeIgniter\CodeIgniter->run()
WARNING - 2024-09-09 05:25:00 --> [DEPRECATED] Creation of dynamic property App\Controllers\ContactController::$commentModel is deprecated in APPPATH\Controllers\ContactController.php on line 29.
 1 SYSTEMPATH\CodeIgniter.php(913): App\Controllers\ContactController->__construct()
 2 SYSTEMPATH\CodeIgniter.php(493): CodeIgniter\CodeIgniter->createController()
 3 SYSTEMPATH\CodeIgniter.php(361): CodeIgniter\CodeIgniter->handleRequest(null, Object(Config\Cache), false)
 4 FCPATH\index.php(79): CodeIgniter\CodeIgniter->run()
WARNING - 2024-09-09 05:25:00 --> [DEPRECATED] Creation of dynamic property App\Controllers\ContactController::$likesModel is deprecated in APPPATH\Controllers\ContactController.php on line 30.
 1 SYSTEMPATH\CodeIgniter.php(913): App\Controllers\ContactController->__construct()
 2 SYSTEMPATH\CodeIgniter.php(493): CodeIgniter\CodeIgniter->createController()
 3 SYSTEMPATH\CodeIgniter.php(361): CodeIgniter\CodeIgniter->handleRequest(null, Object(Config\Cache), false)
 4 FCPATH\index.php(79): CodeIgniter\CodeIgniter->run()
WARNING - 2024-09-09 05:25:08 --> [DEPRECATED] Creation of dynamic property App\Controllers\ContactController::$citiesModel is deprecated in APPPATH\Controllers\ContactController.php on line 21.
 1 SYSTEMPATH\CodeIgniter.php(913): App\Controllers\ContactController->__construct()
 2 SYSTEMPATH\CodeIgniter.php(493): CodeIgniter\CodeIgniter->createController()
 3 SYSTEMPATH\CodeIgniter.php(361): CodeIgniter\CodeIgniter->handleRequest(null, Object(Config\Cache), false)
 4 FCPATH\index.php(79): CodeIgniter\CodeIgniter->run()
WARNING - 2024-09-09 05:25:08 --> [DEPRECATED] Creation of dynamic property App\Controllers\ContactController::$uttarakhandModel is deprecated in APPPATH\Controllers\ContactController.php on line 22.
 1 SYSTEMPATH\CodeIgniter.php(913): App\Controllers\ContactController->__construct()
 2 SYSTEMPATH\CodeIgniter.php(493): CodeIgniter\CodeIgniter->createController()
 3 SYSTEMPATH\CodeIgniter.php(361): CodeIgniter\CodeIgniter->handleRequest(null, Object(Config\Cache), false)
 4 FCPATH\index.php(79): CodeIgniter\CodeIgniter->run()
WARNING - 2024-09-09 05:25:08 --> [DEPRECATED] Creation of dynamic property App\Controllers\ContactController::$imageModel is deprecated in APPPATH\Controllers\ContactController.php on line 23.
 1 SYSTEMPATH\CodeIgniter.php(913): App\Controllers\ContactController->__construct()
 2 SYSTEMPATH\CodeIgniter.php(493): CodeIgniter\CodeIgniter->createController()
 3 SYSTEMPATH\CodeIgniter.php(361): CodeIgniter\CodeIgniter->handleRequest(null, Object(Config\Cache), false)
 4 FCPATH\index.php(79): CodeIgniter\CodeIgniter->run()
WARNING - 2024-09-09 05:25:08 --> [DEPRECATED] Creation of dynamic property App\Controllers\ContactController::$areaModel is deprecated in APPPATH\Controllers\ContactController.php on line 24.
 1 SYSTEMPATH\CodeIgniter.php(913): App\Controllers\ContactController->__construct()
 2 SYSTEMPATH\CodeIgniter.php(493): CodeIgniter\CodeIgniter->createController()
 3 SYSTEMPATH\CodeIgniter.php(361): CodeIgniter\CodeIgniter->handleRequest(null, Object(Config\Cache), false)
 4 FCPATH\index.php(79): CodeIgniter\CodeIgniter->run()
WARNING - 2024-09-09 05:25:08 --> [DEPRECATED] Creation of dynamic property App\Controllers\ContactController::$foodModel is deprecated in APPPATH\Controllers\ContactController.php on line 25.
 1 SYSTEMPATH\CodeIgniter.php(913): App\Controllers\ContactController->__construct()
 2 SYSTEMPATH\CodeIgniter.php(493): CodeIgniter\CodeIgniter->createController()
 3 SYSTEMPATH\CodeIgniter.php(361): CodeIgniter\CodeIgniter->handleRequest(null, Object(Config\Cache), false)
 4 FCPATH\index.php(79): CodeIgniter\CodeIgniter->run()
WARNING - 2024-09-09 05:25:08 --> [DEPRECATED] Creation of dynamic property App\Controllers\ContactController::$blogModel is deprecated in APPPATH\Controllers\ContactController.php on line 26.
 1 SYSTEMPATH\CodeIgniter.php(913): App\Controllers\ContactController->__construct()
 2 SYSTEMPATH\CodeIgniter.php(493): CodeIgniter\CodeIgniter->createController()
 3 SYSTEMPATH\CodeIgniter.php(361): CodeIgniter\CodeIgniter->handleRequest(null, Object(Config\Cache), false)
 4 FCPATH\index.php(79): CodeIgniter\CodeIgniter->run()
WARNING - 2024-09-09 05:25:08 --> [DEPRECATED] Creation of dynamic property App\Controllers\ContactController::$contactModel is deprecated in APPPATH\Controllers\ContactController.php on line 27.
 1 SYSTEMPATH\CodeIgniter.php(913): App\Controllers\ContactController->__construct()
 2 SYSTEMPATH\CodeIgniter.php(493): CodeIgniter\CodeIgniter->createController()
 3 SYSTEMPATH\CodeIgniter.php(361): CodeIgniter\CodeIgniter->handleRequest(null, Object(Config\Cache), false)
 4 FCPATH\index.php(79): CodeIgniter\CodeIgniter->run()
WARNING - 2024-09-09 05:25:08 --> [DEPRECATED] Creation of dynamic property App\Controllers\ContactController::$subscribersModel is deprecated in APPPATH\Controllers\ContactController.php on line 28.
 1 SYSTEMPATH\CodeIgniter.php(913): App\Controllers\ContactController->__construct()
 2 SYSTEMPATH\CodeIgniter.php(493): CodeIgniter\CodeIgniter->createController()
 3 SYSTEMPATH\CodeIgniter.php(361): CodeIgniter\CodeIgniter->handleRequest(null, Object(Config\Cache), false)
 4 FCPATH\index.php(79): CodeIgniter\CodeIgniter->run()
WARNING - 2024-09-09 05:25:08 --> [DEPRECATED] Creation of dynamic property App\Controllers\ContactController::$commentModel is deprecated in APPPATH\Controllers\ContactController.php on line 29.
 1 SYSTEMPATH\CodeIgniter.php(913): App\Controllers\ContactController->__construct()
 2 SYSTEMPATH\CodeIgniter.php(493): CodeIgniter\CodeIgniter->createController()
 3 SYSTEMPATH\CodeIgniter.php(361): CodeIgniter\CodeIgniter->handleRequest(null, Object(Config\Cache), false)
 4 FCPATH\index.php(79): CodeIgniter\CodeIgniter->run()
WARNING - 2024-09-09 05:25:08 --> [DEPRECATED] Creation of dynamic property App\Controllers\ContactController::$likesModel is deprecated in APPPATH\Controllers\ContactController.php on line 30.
 1 SYSTEMPATH\CodeIgniter.php(913): App\Controllers\ContactController->__construct()
 2 SYSTEMPATH\CodeIgniter.php(493): CodeIgniter\CodeIgniter->createController()
 3 SYSTEMPATH\CodeIgniter.php(361): CodeIgniter\CodeIgniter->handleRequest(null, Object(Config\Cache), false)
 4 FCPATH\index.php(79): CodeIgniter\CodeIgniter->run()
WARNING - 2024-09-09 05:25:25 --> [DEPRECATED] Creation of dynamic property App\Controllers\ContactController::$citiesModel is deprecated in APPPATH\Controllers\ContactController.php on line 21.
 1 SYSTEMPATH\CodeIgniter.php(913): App\Controllers\ContactController->__construct()
 2 SYSTEMPATH\CodeIgniter.php(493): CodeIgniter\CodeIgniter->createController()
 3 SYSTEMPATH\CodeIgniter.php(361): CodeIgniter\CodeIgniter->handleRequest(null, Object(Config\Cache), false)
 4 FCPATH\index.php(79): CodeIgniter\CodeIgniter->run()
WARNING - 2024-09-09 05:25:25 --> [DEPRECATED] Creation of dynamic property App\Controllers\ContactController::$uttarakhandModel is deprecated in APPPATH\Controllers\ContactController.php on line 22.
 1 SYSTEMPATH\CodeIgniter.php(913): App\Controllers\ContactController->__construct()
 2 SYSTEMPATH\CodeIgniter.php(493): CodeIgniter\CodeIgniter->createController()
 3 SYSTEMPATH\CodeIgniter.php(361): CodeIgniter\CodeIgniter->handleRequest(null, Object(Config\Cache), false)
 4 FCPATH\index.php(79): CodeIgniter\CodeIgniter->run()
WARNING - 2024-09-09 05:25:25 --> [DEPRECATED] Creation of dynamic property App\Controllers\ContactController::$imageModel is deprecated in APPPATH\Controllers\ContactController.php on line 23.
 1 SYSTEMPATH\CodeIgniter.php(913): App\Controllers\ContactController->__construct()
 2 SYSTEMPATH\CodeIgniter.php(493): CodeIgniter\CodeIgniter->createController()
 3 SYSTEMPATH\CodeIgniter.php(361): CodeIgniter\CodeIgniter->handleRequest(null, Object(Config\Cache), false)
 4 FCPATH\index.php(79): CodeIgniter\CodeIgniter->run()
WARNING - 2024-09-09 05:25:25 --> [DEPRECATED] Creation of dynamic property App\Controllers\ContactController::$areaModel is deprecated in APPPATH\Controllers\ContactController.php on line 24.
 1 SYSTEMPATH\CodeIgniter.php(913): App\Controllers\ContactController->__construct()
 2 SYSTEMPATH\CodeIgniter.php(493): CodeIgniter\CodeIgniter->createController()
 3 SYSTEMPATH\CodeIgniter.php(361): CodeIgniter\CodeIgniter->handleRequest(null, Object(Config\Cache), false)
 4 FCPATH\index.php(79): CodeIgniter\CodeIgniter->run()
WARNING - 2024-09-09 05:25:25 --> [DEPRECATED] Creation of dynamic property App\Controllers\ContactController::$foodModel is deprecated in APPPATH\Controllers\ContactController.php on line 25.
 1 SYSTEMPATH\CodeIgniter.php(913): App\Controllers\ContactController->__construct()
 2 SYSTEMPATH\CodeIgniter.php(493): CodeIgniter\CodeIgniter->createController()
 3 SYSTEMPATH\CodeIgniter.php(361): CodeIgniter\CodeIgniter->handleRequest(null, Object(Config\Cache), false)
 4 FCPATH\index.php(79): CodeIgniter\CodeIgniter->run()
WARNING - 2024-09-09 05:25:25 --> [DEPRECATED] Creation of dynamic property App\Controllers\ContactController::$blogModel is deprecated in APPPATH\Controllers\ContactController.php on line 26.
 1 SYSTEMPATH\CodeIgniter.php(913): App\Controllers\ContactController->__construct()
 2 SYSTEMPATH\CodeIgniter.php(493): CodeIgniter\CodeIgniter->createController()
 3 SYSTEMPATH\CodeIgniter.php(361): CodeIgniter\CodeIgniter->handleRequest(null, Object(Config\Cache), false)
 4 FCPATH\index.php(79): CodeIgniter\CodeIgniter->run()
WARNING - 2024-09-09 05:25:25 --> [DEPRECATED] Creation of dynamic property App\Controllers\ContactController::$contactModel is deprecated in APPPATH\Controllers\ContactController.php on line 27.
 1 SYSTEMPATH\CodeIgniter.php(913): App\Controllers\ContactController->__construct()
 2 SYSTEMPATH\CodeIgniter.php(493): CodeIgniter\CodeIgniter->createController()
 3 SYSTEMPATH\CodeIgniter.php(361): CodeIgniter\CodeIgniter->handleRequest(null, Object(Config\Cache), false)
 4 FCPATH\index.php(79): CodeIgniter\CodeIgniter->run()
WARNING - 2024-09-09 05:25:25 --> [DEPRECATED] Creation of dynamic property App\Controllers\ContactController::$subscribersModel is deprecated in APPPATH\Controllers\ContactController.php on line 28.
 1 SYSTEMPATH\CodeIgniter.php(913): App\Controllers\ContactController->__construct()
 2 SYSTEMPATH\CodeIgniter.php(493): CodeIgniter\CodeIgniter->createController()
 3 SYSTEMPATH\CodeIgniter.php(361): CodeIgniter\CodeIgniter->handleRequest(null, Object(Config\Cache), false)
 4 FCPATH\index.php(79): CodeIgniter\CodeIgniter->run()
WARNING - 2024-09-09 05:25:25 --> [DEPRECATED] Creation of dynamic property App\Controllers\ContactController::$commentModel is deprecated in APPPATH\Controllers\ContactController.php on line 29.
 1 SYSTEMPATH\CodeIgniter.php(913): App\Controllers\ContactController->__construct()
 2 SYSTEMPATH\CodeIgniter.php(493): CodeIgniter\CodeIgniter->createController()
 3 SYSTEMPATH\CodeIgniter.php(361): CodeIgniter\CodeIgniter->handleRequest(null, Object(Config\Cache), false)
 4 FCPATH\index.php(79): CodeIgniter\CodeIgniter->run()
WARNING - 2024-09-09 05:25:25 --> [DEPRECATED] Creation of dynamic property App\Controllers\ContactController::$likesModel is deprecated in APPPATH\Controllers\ContactController.php on line 30.
 1 SYSTEMPATH\CodeIgniter.php(913): App\Controllers\ContactController->__construct()
 2 SYSTEMPATH\CodeIgniter.php(493): CodeIgniter\CodeIgniter->createController()
 3 SYSTEMPATH\CodeIgniter.php(361): CodeIgniter\CodeIgniter->handleRequest(null, Object(Config\Cache), false)
 4 FCPATH\index.php(79): CodeIgniter\CodeIgniter->run()
WARNING - 2024-09-09 05:27:59 --> [DEPRECATED] Creation of dynamic property App\Controllers\HomeController::$citiesModel is deprecated in APPPATH\Controllers\HomeController.php on line 19.
 1 SYSTEMPATH\CodeIgniter.php(913): App\Controllers\HomeController->__construct()
 2 SYSTEMPATH\CodeIgniter.php(493): CodeIgniter\CodeIgniter->createController()
 3 SYSTEMPATH\CodeIgniter.php(361): CodeIgniter\CodeIgniter->handleRequest(null, Object(Config\Cache), false)
 4 FCPATH\index.php(79): CodeIgniter\CodeIgniter->run()
WARNING - 2024-09-09 05:27:59 --> [DEPRECATED] Creation of dynamic property App\Controllers\HomeController::$uttarakhandModel is deprecated in APPPATH\Controllers\HomeController.php on line 20.
 1 SYSTEMPATH\CodeIgniter.php(913): App\Controllers\HomeController->__construct()
 2 SYSTEMPATH\CodeIgniter.php(493): CodeIgniter\CodeIgniter->createController()
 3 SYSTEMPATH\CodeIgniter.php(361): CodeIgniter\CodeIgniter->handleRequest(null, Object(Config\Cache), false)
 4 FCPATH\index.php(79): CodeIgniter\CodeIgniter->run()
WARNING - 2024-09-09 05:27:59 --> [DEPRECATED] Creation of dynamic property App\Controllers\HomeController::$imageModel is deprecated in APPPATH\Controllers\HomeController.php on line 21.
 1 SYSTEMPATH\CodeIgniter.php(913): App\Controllers\HomeController->__construct()
 2 SYSTEMPATH\CodeIgniter.php(493): CodeIgniter\CodeIgniter->createController()
 3 SYSTEMPATH\CodeIgniter.php(361): CodeIgniter\CodeIgniter->handleRequest(null, Object(Config\Cache), false)
 4 FCPATH\index.php(79): CodeIgniter\CodeIgniter->run()
WARNING - 2024-09-09 05:27:59 --> [DEPRECATED] Creation of dynamic property App\Controllers\HomeController::$areaModel is deprecated in APPPATH\Controllers\HomeController.php on line 22.
 1 SYSTEMPATH\CodeIgniter.php(913): App\Controllers\HomeController->__construct()
 2 SYSTEMPATH\CodeIgniter.php(493): CodeIgniter\CodeIgniter->createController()
 3 SYSTEMPATH\CodeIgniter.php(361): CodeIgniter\CodeIgniter->handleRequest(null, Object(Config\Cache), false)
 4 FCPATH\index.php(79): CodeIgniter\CodeIgniter->run()
WARNING - 2024-09-09 05:27:59 --> [DEPRECATED] Creation of dynamic property App\Controllers\HomeController::$foodModel is deprecated in APPPATH\Controllers\HomeController.php on line 23.
 1 SYSTEMPATH\CodeIgniter.php(913): App\Controllers\HomeController->__construct()
 2 SYSTEMPATH\CodeIgniter.php(493): CodeIgniter\CodeIgniter->createController()
 3 SYSTEMPATH\CodeIgniter.php(361): CodeIgniter\CodeIgniter->handleRequest(null, Object(Config\Cache), false)
 4 FCPATH\index.php(79): CodeIgniter\CodeIgniter->run()
WARNING - 2024-09-09 05:27:59 --> [DEPRECATED] Creation of dynamic property App\Controllers\HomeController::$blogModel is deprecated in APPPATH\Controllers\HomeController.php on line 24.
 1 SYSTEMPATH\CodeIgniter.php(913): App\Controllers\HomeController->__construct()
 2 SYSTEMPATH\CodeIgniter.php(493): CodeIgniter\CodeIgniter->createController()
 3 SYSTEMPATH\CodeIgniter.php(361): CodeIgniter\CodeIgniter->handleRequest(null, Object(Config\Cache), false)
 4 FCPATH\index.php(79): CodeIgniter\CodeIgniter->run()
WARNING - 2024-09-09 05:29:16 --> [DEPRECATED] Creation of dynamic property App\Controllers\ContactController::$citiesModel is deprecated in APPPATH\Controllers\ContactController.php on line 21.
 1 SYSTEMPATH\CodeIgniter.php(913): App\Controllers\ContactController->__construct()
 2 SYSTEMPATH\CodeIgniter.php(493): CodeIgniter\CodeIgniter->createController()
 3 SYSTEMPATH\CodeIgniter.php(361): CodeIgniter\CodeIgniter->handleRequest(null, Object(Config\Cache), false)
 4 FCPATH\index.php(79): CodeIgniter\CodeIgniter->run()
WARNING - 2024-09-09 05:29:16 --> [DEPRECATED] Creation of dynamic property App\Controllers\ContactController::$uttarakhandModel is deprecated in APPPATH\Controllers\ContactController.php on line 22.
 1 SYSTEMPATH\CodeIgniter.php(913): App\Controllers\ContactController->__construct()
 2 SYSTEMPATH\CodeIgniter.php(493): CodeIgniter\CodeIgniter->createController()
 3 SYSTEMPATH\CodeIgniter.php(361): CodeIgniter\CodeIgniter->handleRequest(null, Object(Config\Cache), false)
 4 FCPATH\index.php(79): CodeIgniter\CodeIgniter->run()
WARNING - 2024-09-09 05:29:16 --> [DEPRECATED] Creation of dynamic property App\Controllers\ContactController::$imageModel is deprecated in APPPATH\Controllers\ContactController.php on line 23.
 1 SYSTEMPATH\CodeIgniter.php(913): App\Controllers\ContactController->__construct()
 2 SYSTEMPATH\CodeIgniter.php(493): CodeIgniter\CodeIgniter->createController()
 3 SYSTEMPATH\CodeIgniter.php(361): CodeIgniter\CodeIgniter->handleRequest(null, Object(Config\Cache), false)
 4 FCPATH\index.php(79): CodeIgniter\CodeIgniter->run()
WARNING - 2024-09-09 05:29:16 --> [DEPRECATED] Creation of dynamic property App\Controllers\ContactController::$areaModel is deprecated in APPPATH\Controllers\ContactController.php on line 24.
 1 SYSTEMPATH\CodeIgniter.php(913): App\Controllers\ContactController->__construct()
 2 SYSTEMPATH\CodeIgniter.php(493): CodeIgniter\CodeIgniter->createController()
 3 SYSTEMPATH\CodeIgniter.php(361): CodeIgniter\CodeIgniter->handleRequest(null, Object(Config\Cache), false)
 4 FCPATH\index.php(79): CodeIgniter\CodeIgniter->run()
WARNING - 2024-09-09 05:29:16 --> [DEPRECATED] Creation of dynamic property App\Controllers\ContactController::$foodModel is deprecated in APPPATH\Controllers\ContactController.php on line 25.
 1 SYSTEMPATH\CodeIgniter.php(913): App\Controllers\ContactController->__construct()
 2 SYSTEMPATH\CodeIgniter.php(493): CodeIgniter\CodeIgniter->createController()
 3 SYSTEMPATH\CodeIgniter.php(361): CodeIgniter\CodeIgniter->handleRequest(null, Object(Config\Cache), false)
 4 FCPATH\index.php(79): CodeIgniter\CodeIgniter->run()
WARNING - 2024-09-09 05:29:16 --> [DEPRECATED] Creation of dynamic property App\Controllers\ContactController::$blogModel is deprecated in APPPATH\Controllers\ContactController.php on line 26.
 1 SYSTEMPATH\CodeIgniter.php(913): App\Controllers\ContactController->__construct()
 2 SYSTEMPATH\CodeIgniter.php(493): CodeIgniter\CodeIgniter->createController()
 3 SYSTEMPATH\CodeIgniter.php(361): CodeIgniter\CodeIgniter->handleRequest(null, Object(Config\Cache), false)
 4 FCPATH\index.php(79): CodeIgniter\CodeIgniter->run()
WARNING - 2024-09-09 05:29:16 --> [DEPRECATED] Creation of dynamic property App\Controllers\ContactController::$contactModel is deprecated in APPPATH\Controllers\ContactController.php on line 27.
 1 SYSTEMPATH\CodeIgniter.php(913): App\Controllers\ContactController->__construct()
 2 SYSTEMPATH\CodeIgniter.php(493): CodeIgniter\CodeIgniter->createController()
 3 SYSTEMPATH\CodeIgniter.php(361): CodeIgniter\CodeIgniter->handleRequest(null, Object(Config\Cache), false)
 4 FCPATH\index.php(79): CodeIgniter\CodeIgniter->run()
WARNING - 2024-09-09 05:29:16 --> [DEPRECATED] Creation of dynamic property App\Controllers\ContactController::$subscribersModel is deprecated in APPPATH\Controllers\ContactController.php on line 28.
 1 SYSTEMPATH\CodeIgniter.php(913): App\Controllers\ContactController->__construct()
 2 SYSTEMPATH\CodeIgniter.php(493): CodeIgniter\CodeIgniter->createController()
 3 SYSTEMPATH\CodeIgniter.php(361): CodeIgniter\CodeIgniter->handleRequest(null, Object(Config\Cache), false)
 4 FCPATH\index.php(79): CodeIgniter\CodeIgniter->run()
WARNING - 2024-09-09 05:29:16 --> [DEPRECATED] Creation of dynamic property App\Controllers\ContactController::$commentModel is deprecated in APPPATH\Controllers\ContactController.php on line 29.
 1 SYSTEMPATH\CodeIgniter.php(913): App\Controllers\ContactController->__construct()
 2 SYSTEMPATH\CodeIgniter.php(493): CodeIgniter\CodeIgniter->createController()
 3 SYSTEMPATH\CodeIgniter.php(361): CodeIgniter\CodeIgniter->handleRequest(null, Object(Config\Cache), false)
 4 FCPATH\index.php(79): CodeIgniter\CodeIgniter->run()
WARNING - 2024-09-09 05:29:16 --> [DEPRECATED] Creation of dynamic property App\Controllers\ContactController::$likesModel is deprecated in APPPATH\Controllers\ContactController.php on line 30.
 1 SYSTEMPATH\CodeIgniter.php(913): App\Controllers\ContactController->__construct()
 2 SYSTEMPATH\CodeIgniter.php(493): CodeIgniter\CodeIgniter->createController()
 3 SYSTEMPATH\CodeIgniter.php(361): CodeIgniter\CodeIgniter->handleRequest(null, Object(Config\Cache), false)
 4 FCPATH\index.php(79): CodeIgniter\CodeIgniter->run()
WARNING - 2024-09-09 05:29:21 --> [DEPRECATED] Creation of dynamic property App\Controllers\ContactController::$citiesModel is deprecated in APPPATH\Controllers\ContactController.php on line 21.
 1 SYSTEMPATH\CodeIgniter.php(913): App\Controllers\ContactController->__construct()
 2 SYSTEMPATH\CodeIgniter.php(493): CodeIgniter\CodeIgniter->createController()
 3 SYSTEMPATH\CodeIgniter.php(361): CodeIgniter\CodeIgniter->handleRequest(null, Object(Config\Cache), false)
 4 FCPATH\index.php(79): CodeIgniter\CodeIgniter->run()
WARNING - 2024-09-09 05:29:21 --> [DEPRECATED] Creation of dynamic property App\Controllers\ContactController::$uttarakhandModel is deprecated in APPPATH\Controllers\ContactController.php on line 22.
 1 SYSTEMPATH\CodeIgniter.php(913): App\Controllers\ContactController->__construct()
 2 SYSTEMPATH\CodeIgniter.php(493): CodeIgniter\CodeIgniter->createController()
 3 SYSTEMPATH\CodeIgniter.php(361): CodeIgniter\CodeIgniter->handleRequest(null, Object(Config\Cache), false)
 4 FCPATH\index.php(79): CodeIgniter\CodeIgniter->run()
WARNING - 2024-09-09 05:29:21 --> [DEPRECATED] Creation of dynamic property App\Controllers\ContactController::$imageModel is deprecated in APPPATH\Controllers\ContactController.php on line 23.
 1 SYSTEMPATH\CodeIgniter.php(913): App\Controllers\ContactController->__construct()
 2 SYSTEMPATH\CodeIgniter.php(493): CodeIgniter\CodeIgniter->createController()
 3 SYSTEMPATH\CodeIgniter.php(361): CodeIgniter\CodeIgniter->handleRequest(null, Object(Config\Cache), false)
 4 FCPATH\index.php(79): CodeIgniter\CodeIgniter->run()
WARNING - 2024-09-09 05:29:21 --> [DEPRECATED] Creation of dynamic property App\Controllers\ContactController::$areaModel is deprecated in APPPATH\Controllers\ContactController.php on line 24.
 1 SYSTEMPATH\CodeIgniter.php(913): App\Controllers\ContactController->__construct()
 2 SYSTEMPATH\CodeIgniter.php(493): CodeIgniter\CodeIgniter->createController()
 3 SYSTEMPATH\CodeIgniter.php(361): CodeIgniter\CodeIgniter->handleRequest(null, Object(Config\Cache), false)
 4 FCPATH\index.php(79): CodeIgniter\CodeIgniter->run()
WARNING - 2024-09-09 05:29:21 --> [DEPRECATED] Creation of dynamic property App\Controllers\ContactController::$foodModel is deprecated in APPPATH\Controllers\ContactController.php on line 25.
 1 SYSTEMPATH\CodeIgniter.php(913): App\Controllers\ContactController->__construct()
 2 SYSTEMPATH\CodeIgniter.php(493): CodeIgniter\CodeIgniter->createController()
 3 SYSTEMPATH\CodeIgniter.php(361): CodeIgniter\CodeIgniter->handleRequest(null, Object(Config\Cache), false)
 4 FCPATH\index.php(79): CodeIgniter\CodeIgniter->run()
WARNING - 2024-09-09 05:29:21 --> [DEPRECATED] Creation of dynamic property App\Controllers\ContactController::$blogModel is deprecated in APPPATH\Controllers\ContactController.php on line 26.
 1 SYSTEMPATH\CodeIgniter.php(913): App\Controllers\ContactController->__construct()
 2 SYSTEMPATH\CodeIgniter.php(493): CodeIgniter\CodeIgniter->createController()
 3 SYSTEMPATH\CodeIgniter.php(361): CodeIgniter\CodeIgniter->handleRequest(null, Object(Config\Cache), false)
 4 FCPATH\index.php(79): CodeIgniter\CodeIgniter->run()
WARNING - 2024-09-09 05:29:21 --> [DEPRECATED] Creation of dynamic property App\Controllers\ContactController::$contactModel is deprecated in APPPATH\Controllers\ContactController.php on line 27.
 1 SYSTEMPATH\CodeIgniter.php(913): App\Controllers\ContactController->__construct()
 2 SYSTEMPATH\CodeIgniter.php(493): CodeIgniter\CodeIgniter->createController()
 3 SYSTEMPATH\CodeIgniter.php(361): CodeIgniter\CodeIgniter->handleRequest(null, Object(Config\Cache), false)
 4 FCPATH\index.php(79): CodeIgniter\CodeIgniter->run()
WARNING - 2024-09-09 05:29:21 --> [DEPRECATED] Creation of dynamic property App\Controllers\ContactController::$subscribersModel is deprecated in APPPATH\Controllers\ContactController.php on line 28.
 1 SYSTEMPATH\CodeIgniter.php(913): App\Controllers\ContactController->__construct()
 2 SYSTEMPATH\CodeIgniter.php(493): CodeIgniter\CodeIgniter->createController()
 3 SYSTEMPATH\CodeIgniter.php(361): CodeIgniter\CodeIgniter->handleRequest(null, Object(Config\Cache), false)
 4 FCPATH\index.php(79): CodeIgniter\CodeIgniter->run()
WARNING - 2024-09-09 05:29:21 --> [DEPRECATED] Creation of dynamic property App\Controllers\ContactController::$commentModel is deprecated in APPPATH\Controllers\ContactController.php on line 29.
 1 SYSTEMPATH\CodeIgniter.php(913): App\Controllers\ContactController->__construct()
 2 SYSTEMPATH\CodeIgniter.php(493): CodeIgniter\CodeIgniter->createController()
 3 SYSTEMPATH\CodeIgniter.php(361): CodeIgniter\CodeIgniter->handleRequest(null, Object(Config\Cache), false)
 4 FCPATH\index.php(79): CodeIgniter\CodeIgniter->run()
WARNING - 2024-09-09 05:29:21 --> [DEPRECATED] Creation of dynamic property App\Controllers\ContactController::$likesModel is deprecated in APPPATH\Controllers\ContactController.php on line 30.
 1 SYSTEMPATH\CodeIgniter.php(913): App\Controllers\ContactController->__construct()
 2 SYSTEMPATH\CodeIgniter.php(493): CodeIgniter\CodeIgniter->createController()
 3 SYSTEMPATH\CodeIgniter.php(361): CodeIgniter\CodeIgniter->handleRequest(null, Object(Config\Cache), false)
 4 FCPATH\index.php(79): CodeIgniter\CodeIgniter->run()
WARNING - 2024-09-09 05:29:31 --> [DEPRECATED] Creation of dynamic property App\Controllers\ContactController::$citiesModel is deprecated in APPPATH\Controllers\ContactController.php on line 21.
 1 SYSTEMPATH\CodeIgniter.php(913): App\Controllers\ContactController->__construct()
 2 SYSTEMPATH\CodeIgniter.php(493): CodeIgniter\CodeIgniter->createController()
 3 SYSTEMPATH\CodeIgniter.php(361): CodeIgniter\CodeIgniter->handleRequest(null, Object(Config\Cache), false)
 4 FCPATH\index.php(79): CodeIgniter\CodeIgniter->run()
WARNING - 2024-09-09 05:29:31 --> [DEPRECATED] Creation of dynamic property App\Controllers\ContactController::$uttarakhandModel is deprecated in APPPATH\Controllers\ContactController.php on line 22.
 1 SYSTEMPATH\CodeIgniter.php(913): App\Controllers\ContactController->__construct()
 2 SYSTEMPATH\CodeIgniter.php(493): CodeIgniter\CodeIgniter->createController()
 3 SYSTEMPATH\CodeIgniter.php(361): CodeIgniter\CodeIgniter->handleRequest(null, Object(Config\Cache), false)
 4 FCPATH\index.php(79): CodeIgniter\CodeIgniter->run()
WARNING - 2024-09-09 05:29:31 --> [DEPRECATED] Creation of dynamic property App\Controllers\ContactController::$imageModel is deprecated in APPPATH\Controllers\ContactController.php on line 23.
 1 SYSTEMPATH\CodeIgniter.php(913): App\Controllers\ContactController->__construct()
 2 SYSTEMPATH\CodeIgniter.php(493): CodeIgniter\CodeIgniter->createController()
 3 SYSTEMPATH\CodeIgniter.php(361): CodeIgniter\CodeIgniter->handleRequest(null, Object(Config\Cache), false)
 4 FCPATH\index.php(79): CodeIgniter\CodeIgniter->run()
WARNING - 2024-09-09 05:29:31 --> [DEPRECATED] Creation of dynamic property App\Controllers\ContactController::$areaModel is deprecated in APPPATH\Controllers\ContactController.php on line 24.
 1 SYSTEMPATH\CodeIgniter.php(913): App\Controllers\ContactController->__construct()
 2 SYSTEMPATH\CodeIgniter.php(493): CodeIgniter\CodeIgniter->createController()
 3 SYSTEMPATH\CodeIgniter.php(361): CodeIgniter\CodeIgniter->handleRequest(null, Object(Config\Cache), false)
 4 FCPATH\index.php(79): CodeIgniter\CodeIgniter->run()
WARNING - 2024-09-09 05:29:31 --> [DEPRECATED] Creation of dynamic property App\Controllers\ContactController::$foodModel is deprecated in APPPATH\Controllers\ContactController.php on line 25.
 1 SYSTEMPATH\CodeIgniter.php(913): App\Controllers\ContactController->__construct()
 2 SYSTEMPATH\CodeIgniter.php(493): CodeIgniter\CodeIgniter->createController()
 3 SYSTEMPATH\CodeIgniter.php(361): CodeIgniter\CodeIgniter->handleRequest(null, Object(Config\Cache), false)
 4 FCPATH\index.php(79): CodeIgniter\CodeIgniter->run()
WARNING - 2024-09-09 05:29:31 --> [DEPRECATED] Creation of dynamic property App\Controllers\ContactController::$blogModel is deprecated in APPPATH\Controllers\ContactController.php on line 26.
 1 SYSTEMPATH\CodeIgniter.php(913): App\Controllers\ContactController->__construct()
 2 SYSTEMPATH\CodeIgniter.php(493): CodeIgniter\CodeIgniter->createController()
 3 SYSTEMPATH\CodeIgniter.php(361): CodeIgniter\CodeIgniter->handleRequest(null, Object(Config\Cache), false)
 4 FCPATH\index.php(79): CodeIgniter\CodeIgniter->run()
WARNING - 2024-09-09 05:29:31 --> [DEPRECATED] Creation of dynamic property App\Controllers\ContactController::$contactModel is deprecated in APPPATH\Controllers\ContactController.php on line 27.
 1 SYSTEMPATH\CodeIgniter.php(913): App\Controllers\ContactController->__construct()
 2 SYSTEMPATH\CodeIgniter.php(493): CodeIgniter\CodeIgniter->createController()
 3 SYSTEMPATH\CodeIgniter.php(361): CodeIgniter\CodeIgniter->handleRequest(null, Object(Config\Cache), false)
 4 FCPATH\index.php(79): CodeIgniter\CodeIgniter->run()
WARNING - 2024-09-09 05:29:31 --> [DEPRECATED] Creation of dynamic property App\Controllers\ContactController::$subscribersModel is deprecated in APPPATH\Controllers\ContactController.php on line 28.
 1 SYSTEMPATH\CodeIgniter.php(913): App\Controllers\ContactController->__construct()
 2 SYSTEMPATH\CodeIgniter.php(493): CodeIgniter\CodeIgniter->createController()
 3 SYSTEMPATH\CodeIgniter.php(361): CodeIgniter\CodeIgniter->handleRequest(null, Object(Config\Cache), false)
 4 FCPATH\index.php(79): CodeIgniter\CodeIgniter->run()
WARNING - 2024-09-09 05:29:31 --> [DEPRECATED] Creation of dynamic property App\Controllers\ContactController::$commentModel is deprecated in APPPATH\Controllers\ContactController.php on line 29.
 1 SYSTEMPATH\CodeIgniter.php(913): App\Controllers\ContactController->__construct()
 2 SYSTEMPATH\CodeIgniter.php(493): CodeIgniter\CodeIgniter->createController()
 3 SYSTEMPATH\CodeIgniter.php(361): CodeIgniter\CodeIgniter->handleRequest(null, Object(Config\Cache), false)
 4 FCPATH\index.php(79): CodeIgniter\CodeIgniter->run()
WARNING - 2024-09-09 05:29:31 --> [DEPRECATED] Creation of dynamic property App\Controllers\ContactController::$likesModel is deprecated in APPPATH\Controllers\ContactController.php on line 30.
 1 SYSTEMPATH\CodeIgniter.php(913): App\Controllers\ContactController->__construct()
 2 SYSTEMPATH\CodeIgniter.php(493): CodeIgniter\CodeIgniter->createController()
 3 SYSTEMPATH\CodeIgniter.php(361): CodeIgniter\CodeIgniter->handleRequest(null, Object(Config\Cache), false)
 4 FCPATH\index.php(79): CodeIgniter\CodeIgniter->run()
WARNING - 2024-09-09 05:29:40 --> [DEPRECATED] Creation of dynamic property App\Controllers\ContactController::$citiesModel is deprecated in APPPATH\Controllers\ContactController.php on line 21.
 1 SYSTEMPATH\CodeIgniter.php(913): App\Controllers\ContactController->__construct()
 2 SYSTEMPATH\CodeIgniter.php(493): CodeIgniter\CodeIgniter->createController()
 3 SYSTEMPATH\CodeIgniter.php(361): CodeIgniter\CodeIgniter->handleRequest(null, Object(Config\Cache), false)
 4 FCPATH\index.php(79): CodeIgniter\CodeIgniter->run()
WARNING - 2024-09-09 05:29:40 --> [DEPRECATED] Creation of dynamic property App\Controllers\ContactController::$uttarakhandModel is deprecated in APPPATH\Controllers\ContactController.php on line 22.
 1 SYSTEMPATH\CodeIgniter.php(913): App\Controllers\ContactController->__construct()
 2 SYSTEMPATH\CodeIgniter.php(493): CodeIgniter\CodeIgniter->createController()
 3 SYSTEMPATH\CodeIgniter.php(361): CodeIgniter\CodeIgniter->handleRequest(null, Object(Config\Cache), false)
 4 FCPATH\index.php(79): CodeIgniter\CodeIgniter->run()
WARNING - 2024-09-09 05:29:40 --> [DEPRECATED] Creation of dynamic property App\Controllers\ContactController::$imageModel is deprecated in APPPATH\Controllers\ContactController.php on line 23.
 1 SYSTEMPATH\CodeIgniter.php(913): App\Controllers\ContactController->__construct()
 2 SYSTEMPATH\CodeIgniter.php(493): CodeIgniter\CodeIgniter->createController()
 3 SYSTEMPATH\CodeIgniter.php(361): CodeIgniter\CodeIgniter->handleRequest(null, Object(Config\Cache), false)
 4 FCPATH\index.php(79): CodeIgniter\CodeIgniter->run()
WARNING - 2024-09-09 05:29:40 --> [DEPRECATED] Creation of dynamic property App\Controllers\ContactController::$areaModel is deprecated in APPPATH\Controllers\ContactController.php on line 24.
 1 SYSTEMPATH\CodeIgniter.php(913): App\Controllers\ContactController->__construct()
 2 SYSTEMPATH\CodeIgniter.php(493): CodeIgniter\CodeIgniter->createController()
 3 SYSTEMPATH\CodeIgniter.php(361): CodeIgniter\CodeIgniter->handleRequest(null, Object(Config\Cache), false)
 4 FCPATH\index.php(79): CodeIgniter\CodeIgniter->run()
WARNING - 2024-09-09 05:29:40 --> [DEPRECATED] Creation of dynamic property App\Controllers\ContactController::$foodModel is deprecated in APPPATH\Controllers\ContactController.php on line 25.
 1 SYSTEMPATH\CodeIgniter.php(913): App\Controllers\ContactController->__construct()
 2 SYSTEMPATH\CodeIgniter.php(493): CodeIgniter\CodeIgniter->createController()
 3 SYSTEMPATH\CodeIgniter.php(361): CodeIgniter\CodeIgniter->handleRequest(null, Object(Config\Cache), false)
 4 FCPATH\index.php(79): CodeIgniter\CodeIgniter->run()
WARNING - 2024-09-09 05:29:40 --> [DEPRECATED] Creation of dynamic property App\Controllers\ContactController::$blogModel is deprecated in APPPATH\Controllers\ContactController.php on line 26.
 1 SYSTEMPATH\CodeIgniter.php(913): App\Controllers\ContactController->__construct()
 2 SYSTEMPATH\CodeIgniter.php(493): CodeIgniter\CodeIgniter->createController()
 3 SYSTEMPATH\CodeIgniter.php(361): CodeIgniter\CodeIgniter->handleRequest(null, Object(Config\Cache), false)
 4 FCPATH\index.php(79): CodeIgniter\CodeIgniter->run()
WARNING - 2024-09-09 05:29:40 --> [DEPRECATED] Creation of dynamic property App\Controllers\ContactController::$contactModel is deprecated in APPPATH\Controllers\ContactController.php on line 27.
 1 SYSTEMPATH\CodeIgniter.php(913): App\Controllers\ContactController->__construct()
 2 SYSTEMPATH\CodeIgniter.php(493): CodeIgniter\CodeIgniter->createController()
 3 SYSTEMPATH\CodeIgniter.php(361): CodeIgniter\CodeIgniter->handleRequest(null, Object(Config\Cache), false)
 4 FCPATH\index.php(79): CodeIgniter\CodeIgniter->run()
WARNING - 2024-09-09 05:29:40 --> [DEPRECATED] Creation of dynamic property App\Controllers\ContactController::$subscribersModel is deprecated in APPPATH\Controllers\ContactController.php on line 28.
 1 SYSTEMPATH\CodeIgniter.php(913): App\Controllers\ContactController->__construct()
 2 SYSTEMPATH\CodeIgniter.php(493): CodeIgniter\CodeIgniter->createController()
 3 SYSTEMPATH\CodeIgniter.php(361): CodeIgniter\CodeIgniter->handleRequest(null, Object(Config\Cache), false)
 4 FCPATH\index.php(79): CodeIgniter\CodeIgniter->run()
WARNING - 2024-09-09 05:29:40 --> [DEPRECATED] Creation of dynamic property App\Controllers\ContactController::$commentModel is deprecated in APPPATH\Controllers\ContactController.php on line 29.
 1 SYSTEMPATH\CodeIgniter.php(913): App\Controllers\ContactController->__construct()
 2 SYSTEMPATH\CodeIgniter.php(493): CodeIgniter\CodeIgniter->createController()
 3 SYSTEMPATH\CodeIgniter.php(361): CodeIgniter\CodeIgniter->handleRequest(null, Object(Config\Cache), false)
 4 FCPATH\index.php(79): CodeIgniter\CodeIgniter->run()
WARNING - 2024-09-09 05:29:40 --> [DEPRECATED] Creation of dynamic property App\Controllers\ContactController::$likesModel is deprecated in APPPATH\Controllers\ContactController.php on line 30.
 1 SYSTEMPATH\CodeIgniter.php(913): App\Controllers\ContactController->__construct()
 2 SYSTEMPATH\CodeIgniter.php(493): CodeIgniter\CodeIgniter->createController()
 3 SYSTEMPATH\CodeIgniter.php(361): CodeIgniter\CodeIgniter->handleRequest(null, Object(Config\Cache), false)
 4 FCPATH\index.php(79): CodeIgniter\CodeIgniter->run()
WARNING - 2024-09-09 05:29:48 --> [DEPRECATED] Creation of dynamic property App\Controllers\ContactController::$citiesModel is deprecated in APPPATH\Controllers\ContactController.php on line 21.
 1 SYSTEMPATH\CodeIgniter.php(913): App\Controllers\ContactController->__construct()
 2 SYSTEMPATH\CodeIgniter.php(493): CodeIgniter\CodeIgniter->createController()
 3 SYSTEMPATH\CodeIgniter.php(361): CodeIgniter\CodeIgniter->handleRequest(null, Object(Config\Cache), false)
 4 FCPATH\index.php(79): CodeIgniter\CodeIgniter->run()
WARNING - 2024-09-09 05:29:48 --> [DEPRECATED] Creation of dynamic property App\Controllers\ContactController::$uttarakhandModel is deprecated in APPPATH\Controllers\ContactController.php on line 22.
 1 SYSTEMPATH\CodeIgniter.php(913): App\Controllers\ContactController->__construct()
 2 SYSTEMPATH\CodeIgniter.php(493): CodeIgniter\CodeIgniter->createController()
 3 SYSTEMPATH\CodeIgniter.php(361): CodeIgniter\CodeIgniter->handleRequest(null, Object(Config\Cache), false)
 4 FCPATH\index.php(79): CodeIgniter\CodeIgniter->run()
WARNING - 2024-09-09 05:29:48 --> [DEPRECATED] Creation of dynamic property App\Controllers\ContactController::$imageModel is deprecated in APPPATH\Controllers\ContactController.php on line 23.
 1 SYSTEMPATH\CodeIgniter.php(913): App\Controllers\ContactController->__construct()
 2 SYSTEMPATH\CodeIgniter.php(493): CodeIgniter\CodeIgniter->createController()
 3 SYSTEMPATH\CodeIgniter.php(361): CodeIgniter\CodeIgniter->handleRequest(null, Object(Config\Cache), false)
 4 FCPATH\index.php(79): CodeIgniter\CodeIgniter->run()
WARNING - 2024-09-09 05:29:48 --> [DEPRECATED] Creation of dynamic property App\Controllers\ContactController::$areaModel is deprecated in APPPATH\Controllers\ContactController.php on line 24.
 1 SYSTEMPATH\CodeIgniter.php(913): App\Controllers\ContactController->__construct()
 2 SYSTEMPATH\CodeIgniter.php(493): CodeIgniter\CodeIgniter->createController()
 3 SYSTEMPATH\CodeIgniter.php(361): CodeIgniter\CodeIgniter->handleRequest(null, Object(Config\Cache), false)
 4 FCPATH\index.php(79): CodeIgniter\CodeIgniter->run()
WARNING - 2024-09-09 05:29:48 --> [DEPRECATED] Creation of dynamic property App\Controllers\ContactController::$foodModel is deprecated in APPPATH\Controllers\ContactController.php on line 25.
 1 SYSTEMPATH\CodeIgniter.php(913): App\Controllers\ContactController->__construct()
 2 SYSTEMPATH\CodeIgniter.php(493): CodeIgniter\CodeIgniter->createController()
 3 SYSTEMPATH\CodeIgniter.php(361): CodeIgniter\CodeIgniter->handleRequest(null, Object(Config\Cache), false)
 4 FCPATH\index.php(79): CodeIgniter\CodeIgniter->run()
WARNING - 2024-09-09 05:29:48 --> [DEPRECATED] Creation of dynamic property App\Controllers\ContactController::$blogModel is deprecated in APPPATH\Controllers\ContactController.php on line 26.
 1 SYSTEMPATH\CodeIgniter.php(913): App\Controllers\ContactController->__construct()
 2 SYSTEMPATH\CodeIgniter.php(493): CodeIgniter\CodeIgniter->createController()
 3 SYSTEMPATH\CodeIgniter.php(361): CodeIgniter\CodeIgniter->handleRequest(null, Object(Config\Cache), false)
 4 FCPATH\index.php(79): CodeIgniter\CodeIgniter->run()
WARNING - 2024-09-09 05:29:48 --> [DEPRECATED] Creation of dynamic property App\Controllers\ContactController::$contactModel is deprecated in APPPATH\Controllers\ContactController.php on line 27.
 1 SYSTEMPATH\CodeIgniter.php(913): App\Controllers\ContactController->__construct()
 2 SYSTEMPATH\CodeIgniter.php(493): CodeIgniter\CodeIgniter->createController()
 3 SYSTEMPATH\CodeIgniter.php(361): CodeIgniter\CodeIgniter->handleRequest(null, Object(Config\Cache), false)
 4 FCPATH\index.php(79): CodeIgniter\CodeIgniter->run()
WARNING - 2024-09-09 05:29:48 --> [DEPRECATED] Creation of dynamic property App\Controllers\ContactController::$subscribersModel is deprecated in APPPATH\Controllers\ContactController.php on line 28.
 1 SYSTEMPATH\CodeIgniter.php(913): App\Controllers\ContactController->__construct()
 2 SYSTEMPATH\CodeIgniter.php(493): CodeIgniter\CodeIgniter->createController()
 3 SYSTEMPATH\CodeIgniter.php(361): CodeIgniter\CodeIgniter->handleRequest(null, Object(Config\Cache), false)
 4 FCPATH\index.php(79): CodeIgniter\CodeIgniter->run()
WARNING - 2024-09-09 05:29:48 --> [DEPRECATED] Creation of dynamic property App\Controllers\ContactController::$commentModel is deprecated in APPPATH\Controllers\ContactController.php on line 29.
 1 SYSTEMPATH\CodeIgniter.php(913): App\Controllers\ContactController->__construct()
 2 SYSTEMPATH\CodeIgniter.php(493): CodeIgniter\CodeIgniter->createController()
 3 SYSTEMPATH\CodeIgniter.php(361): CodeIgniter\CodeIgniter->handleRequest(null, Object(Config\Cache), false)
 4 FCPATH\index.php(79): CodeIgniter\CodeIgniter->run()
WARNING - 2024-09-09 05:29:48 --> [DEPRECATED] Creation of dynamic property App\Controllers\ContactController::$likesModel is deprecated in APPPATH\Controllers\ContactController.php on line 30.
 1 SYSTEMPATH\CodeIgniter.php(913): App\Controllers\ContactController->__construct()
 2 SYSTEMPATH\CodeIgniter.php(493): CodeIgniter\CodeIgniter->createController()
 3 SYSTEMPATH\CodeIgniter.php(361): CodeIgniter\CodeIgniter->handleRequest(null, Object(Config\Cache), false)
 4 FCPATH\index.php(79): CodeIgniter\CodeIgniter->run()
WARNING - 2024-09-09 05:29:50 --> [DEPRECATED] Creation of dynamic property App\Controllers\HomeController::$citiesModel is deprecated in APPPATH\Controllers\HomeController.php on line 19.
 1 SYSTEMPATH\CodeIgniter.php(913): App\Controllers\HomeController->__construct()
 2 SYSTEMPATH\CodeIgniter.php(493): CodeIgniter\CodeIgniter->createController()
 3 SYSTEMPATH\CodeIgniter.php(361): CodeIgniter\CodeIgniter->handleRequest(null, Object(Config\Cache), false)
 4 FCPATH\index.php(79): CodeIgniter\CodeIgniter->run()
WARNING - 2024-09-09 05:29:50 --> [DEPRECATED] Creation of dynamic property App\Controllers\HomeController::$uttarakhandModel is deprecated in APPPATH\Controllers\HomeController.php on line 20.
 1 SYSTEMPATH\CodeIgniter.php(913): App\Controllers\HomeController->__construct()
 2 SYSTEMPATH\CodeIgniter.php(493): CodeIgniter\CodeIgniter->createController()
 3 SYSTEMPATH\CodeIgniter.php(361): CodeIgniter\CodeIgniter->handleRequest(null, Object(Config\Cache), false)
 4 FCPATH\index.php(79): CodeIgniter\CodeIgniter->run()
WARNING - 2024-09-09 05:29:50 --> [DEPRECATED] Creation of dynamic property App\Controllers\HomeController::$imageModel is deprecated in APPPATH\Controllers\HomeController.php on line 21.
 1 SYSTEMPATH\CodeIgniter.php(913): App\Controllers\HomeController->__construct()
 2 SYSTEMPATH\CodeIgniter.php(493): CodeIgniter\CodeIgniter->createController()
 3 SYSTEMPATH\CodeIgniter.php(361): CodeIgniter\CodeIgniter->handleRequest(null, Object(Config\Cache), false)
 4 FCPATH\index.php(79): CodeIgniter\CodeIgniter->run()
WARNING - 2024-09-09 05:29:50 --> [DEPRECATED] Creation of dynamic property App\Controllers\HomeController::$areaModel is deprecated in APPPATH\Controllers\HomeController.php on line 22.
 1 SYSTEMPATH\CodeIgniter.php(913): App\Controllers\HomeController->__construct()
 2 SYSTEMPATH\CodeIgniter.php(493): CodeIgniter\CodeIgniter->createController()
 3 SYSTEMPATH\CodeIgniter.php(361): CodeIgniter\CodeIgniter->handleRequest(null, Object(Config\Cache), false)
 4 FCPATH\index.php(79): CodeIgniter\CodeIgniter->run()
WARNING - 2024-09-09 05:29:50 --> [DEPRECATED] Creation of dynamic property App\Controllers\HomeController::$foodModel is deprecated in APPPATH\Controllers\HomeController.php on line 23.
 1 SYSTEMPATH\CodeIgniter.php(913): App\Controllers\HomeController->__construct()
 2 SYSTEMPATH\CodeIgniter.php(493): CodeIgniter\CodeIgniter->createController()
 3 SYSTEMPATH\CodeIgniter.php(361): CodeIgniter\CodeIgniter->handleRequest(null, Object(Config\Cache), false)
 4 FCPATH\index.php(79): CodeIgniter\CodeIgniter->run()
WARNING - 2024-09-09 05:29:50 --> [DEPRECATED] Creation of dynamic property App\Controllers\HomeController::$blogModel is deprecated in APPPATH\Controllers\HomeController.php on line 24.
 1 SYSTEMPATH\CodeIgniter.php(913): App\Controllers\HomeController->__construct()
 2 SYSTEMPATH\CodeIgniter.php(493): CodeIgniter\CodeIgniter->createController()
 3 SYSTEMPATH\CodeIgniter.php(361): CodeIgniter\CodeIgniter->handleRequest(null, Object(Config\Cache), false)
 4 FCPATH\index.php(79): CodeIgniter\CodeIgniter->run()
WARNING - 2024-09-09 05:30:45 --> [DEPRECATED] Creation of dynamic property App\Controllers\ContactController::$citiesModel is deprecated in APPPATH\Controllers\ContactController.php on line 21.
 1 SYSTEMPATH\CodeIgniter.php(913): App\Controllers\ContactController->__construct()
 2 SYSTEMPATH\CodeIgniter.php(493): CodeIgniter\CodeIgniter->createController()
 3 SYSTEMPATH\CodeIgniter.php(361): CodeIgniter\CodeIgniter->handleRequest(null, Object(Config\Cache), false)
 4 FCPATH\index.php(79): CodeIgniter\CodeIgniter->run()
WARNING - 2024-09-09 05:30:45 --> [DEPRECATED] Creation of dynamic property App\Controllers\ContactController::$uttarakhandModel is deprecated in APPPATH\Controllers\ContactController.php on line 22.
 1 SYSTEMPATH\CodeIgniter.php(913): App\Controllers\ContactController->__construct()
 2 SYSTEMPATH\CodeIgniter.php(493): CodeIgniter\CodeIgniter->createController()
 3 SYSTEMPATH\CodeIgniter.php(361): CodeIgniter\CodeIgniter->handleRequest(null, Object(Config\Cache), false)
 4 FCPATH\index.php(79): CodeIgniter\CodeIgniter->run()
WARNING - 2024-09-09 05:30:45 --> [DEPRECATED] Creation of dynamic property App\Controllers\ContactController::$imageModel is deprecated in APPPATH\Controllers\ContactController.php on line 23.
 1 SYSTEMPATH\CodeIgniter.php(913): App\Controllers\ContactController->__construct()
 2 SYSTEMPATH\CodeIgniter.php(493): CodeIgniter\CodeIgniter->createController()
 3 SYSTEMPATH\CodeIgniter.php(361): CodeIgniter\CodeIgniter->handleRequest(null, Object(Config\Cache), false)
 4 FCPATH\index.php(79): CodeIgniter\CodeIgniter->run()
WARNING - 2024-09-09 05:30:45 --> [DEPRECATED] Creation of dynamic property App\Controllers\ContactController::$areaModel is deprecated in APPPATH\Controllers\ContactController.php on line 24.
 1 SYSTEMPATH\CodeIgniter.php(913): App\Controllers\ContactController->__construct()
 2 SYSTEMPATH\CodeIgniter.php(493): CodeIgniter\CodeIgniter->createController()
 3 SYSTEMPATH\CodeIgniter.php(361): CodeIgniter\CodeIgniter->handleRequest(null, Object(Config\Cache), false)
 4 FCPATH\index.php(79): CodeIgniter\CodeIgniter->run()
WARNING - 2024-09-09 05:30:45 --> [DEPRECATED] Creation of dynamic property App\Controllers\ContactController::$foodModel is deprecated in APPPATH\Controllers\ContactController.php on line 25.
 1 SYSTEMPATH\CodeIgniter.php(913): App\Controllers\ContactController->__construct()
 2 SYSTEMPATH\CodeIgniter.php(493): CodeIgniter\CodeIgniter->createController()
 3 SYSTEMPATH\CodeIgniter.php(361): CodeIgniter\CodeIgniter->handleRequest(null, Object(Config\Cache), false)
 4 FCPATH\index.php(79): CodeIgniter\CodeIgniter->run()
WARNING - 2024-09-09 05:30:45 --> [DEPRECATED] Creation of dynamic property App\Controllers\ContactController::$blogModel is deprecated in APPPATH\Controllers\ContactController.php on line 26.
 1 SYSTEMPATH\CodeIgniter.php(913): App\Controllers\ContactController->__construct()
 2 SYSTEMPATH\CodeIgniter.php(493): CodeIgniter\CodeIgniter->createController()
 3 SYSTEMPATH\CodeIgniter.php(361): CodeIgniter\CodeIgniter->handleRequest(null, Object(Config\Cache), false)
 4 FCPATH\index.php(79): CodeIgniter\CodeIgniter->run()
WARNING - 2024-09-09 05:30:45 --> [DEPRECATED] Creation of dynamic property App\Controllers\ContactController::$contactModel is deprecated in APPPATH\Controllers\ContactController.php on line 27.
 1 SYSTEMPATH\CodeIgniter.php(913): App\Controllers\ContactController->__construct()
 2 SYSTEMPATH\CodeIgniter.php(493): CodeIgniter\CodeIgniter->createController()
 3 SYSTEMPATH\CodeIgniter.php(361): CodeIgniter\CodeIgniter->handleRequest(null, Object(Config\Cache), false)
 4 FCPATH\index.php(79): CodeIgniter\CodeIgniter->run()
WARNING - 2024-09-09 05:30:45 --> [DEPRECATED] Creation of dynamic property App\Controllers\ContactController::$subscribersModel is deprecated in APPPATH\Controllers\ContactController.php on line 28.
 1 SYSTEMPATH\CodeIgniter.php(913): App\Controllers\ContactController->__construct()
 2 SYSTEMPATH\CodeIgniter.php(493): CodeIgniter\CodeIgniter->createController()
 3 SYSTEMPATH\CodeIgniter.php(361): CodeIgniter\CodeIgniter->handleRequest(null, Object(Config\Cache), false)
 4 FCPATH\index.php(79): CodeIgniter\CodeIgniter->run()
WARNING - 2024-09-09 05:30:45 --> [DEPRECATED] Creation of dynamic property App\Controllers\ContactController::$commentModel is deprecated in APPPATH\Controllers\ContactController.php on line 29.
 1 SYSTEMPATH\CodeIgniter.php(913): App\Controllers\ContactController->__construct()
 2 SYSTEMPATH\CodeIgniter.php(493): CodeIgniter\CodeIgniter->createController()
 3 SYSTEMPATH\CodeIgniter.php(361): CodeIgniter\CodeIgniter->handleRequest(null, Object(Config\Cache), false)
 4 FCPATH\index.php(79): CodeIgniter\CodeIgniter->run()
WARNING - 2024-09-09 05:30:45 --> [DEPRECATED] Creation of dynamic property App\Controllers\ContactController::$likesModel is deprecated in APPPATH\Controllers\ContactController.php on line 30.
 1 SYSTEMPATH\CodeIgniter.php(913): App\Controllers\ContactController->__construct()
 2 SYSTEMPATH\CodeIgniter.php(493): CodeIgniter\CodeIgniter->createController()
 3 SYSTEMPATH\CodeIgniter.php(361): CodeIgniter\CodeIgniter->handleRequest(null, Object(Config\Cache), false)
 4 FCPATH\index.php(79): CodeIgniter\CodeIgniter->run()
WARNING - 2024-09-09 05:30:50 --> [DEPRECATED] Creation of dynamic property App\Controllers\ContactController::$citiesModel is deprecated in APPPATH\Controllers\ContactController.php on line 21.
 1 SYSTEMPATH\CodeIgniter.php(913): App\Controllers\ContactController->__construct()
 2 SYSTEMPATH\CodeIgniter.php(493): CodeIgniter\CodeIgniter->createController()
 3 SYSTEMPATH\CodeIgniter.php(361): CodeIgniter\CodeIgniter->handleRequest(null, Object(Config\Cache), false)
 4 FCPATH\index.php(79): CodeIgniter\CodeIgniter->run()
WARNING - 2024-09-09 05:30:50 --> [DEPRECATED] Creation of dynamic property App\Controllers\ContactController::$uttarakhandModel is deprecated in APPPATH\Controllers\ContactController.php on line 22.
 1 SYSTEMPATH\CodeIgniter.php(913): App\Controllers\ContactController->__construct()
 2 SYSTEMPATH\CodeIgniter.php(493): CodeIgniter\CodeIgniter->createController()
 3 SYSTEMPATH\CodeIgniter.php(361): CodeIgniter\CodeIgniter->handleRequest(null, Object(Config\Cache), false)
 4 FCPATH\index.php(79): CodeIgniter\CodeIgniter->run()
WARNING - 2024-09-09 05:30:50 --> [DEPRECATED] Creation of dynamic property App\Controllers\ContactController::$imageModel is deprecated in APPPATH\Controllers\ContactController.php on line 23.
 1 SYSTEMPATH\CodeIgniter.php(913): App\Controllers\ContactController->__construct()
 2 SYSTEMPATH\CodeIgniter.php(493): CodeIgniter\CodeIgniter->createController()
 3 SYSTEMPATH\CodeIgniter.php(361): CodeIgniter\CodeIgniter->handleRequest(null, Object(Config\Cache), false)
 4 FCPATH\index.php(79): CodeIgniter\CodeIgniter->run()
WARNING - 2024-09-09 05:30:50 --> [DEPRECATED] Creation of dynamic property App\Controllers\ContactController::$areaModel is deprecated in APPPATH\Controllers\ContactController.php on line 24.
 1 SYSTEMPATH\CodeIgniter.php(913): App\Controllers\ContactController->__construct()
 2 SYSTEMPATH\CodeIgniter.php(493): CodeIgniter\CodeIgniter->createController()
 3 SYSTEMPATH\CodeIgniter.php(361): CodeIgniter\CodeIgniter->handleRequest(null, Object(Config\Cache), false)
 4 FCPATH\index.php(79): CodeIgniter\CodeIgniter->run()
WARNING - 2024-09-09 05:30:50 --> [DEPRECATED] Creation of dynamic property App\Controllers\ContactController::$foodModel is deprecated in APPPATH\Controllers\ContactController.php on line 25.
 1 SYSTEMPATH\CodeIgniter.php(913): App\Controllers\ContactController->__construct()
 2 SYSTEMPATH\CodeIgniter.php(493): CodeIgniter\CodeIgniter->createController()
 3 SYSTEMPATH\CodeIgniter.php(361): CodeIgniter\CodeIgniter->handleRequest(null, Object(Config\Cache), false)
 4 FCPATH\index.php(79): CodeIgniter\CodeIgniter->run()
WARNING - 2024-09-09 05:30:50 --> [DEPRECATED] Creation of dynamic property App\Controllers\ContactController::$blogModel is deprecated in APPPATH\Controllers\ContactController.php on line 26.
 1 SYSTEMPATH\CodeIgniter.php(913): App\Controllers\ContactController->__construct()
 2 SYSTEMPATH\CodeIgniter.php(493): CodeIgniter\CodeIgniter->createController()
 3 SYSTEMPATH\CodeIgniter.php(361): CodeIgniter\CodeIgniter->handleRequest(null, Object(Config\Cache), false)
 4 FCPATH\index.php(79): CodeIgniter\CodeIgniter->run()
WARNING - 2024-09-09 05:30:50 --> [DEPRECATED] Creation of dynamic property App\Controllers\ContactController::$contactModel is deprecated in APPPATH\Controllers\ContactController.php on line 27.
 1 SYSTEMPATH\CodeIgniter.php(913): App\Controllers\ContactController->__construct()
 2 SYSTEMPATH\CodeIgniter.php(493): CodeIgniter\CodeIgniter->createController()
 3 SYSTEMPATH\CodeIgniter.php(361): CodeIgniter\CodeIgniter->handleRequest(null, Object(Config\Cache), false)
 4 FCPATH\index.php(79): CodeIgniter\CodeIgniter->run()
WARNING - 2024-09-09 05:30:50 --> [DEPRECATED] Creation of dynamic property App\Controllers\ContactController::$subscribersModel is deprecated in APPPATH\Controllers\ContactController.php on line 28.
 1 SYSTEMPATH\CodeIgniter.php(913): App\Controllers\ContactController->__construct()
 2 SYSTEMPATH\CodeIgniter.php(493): CodeIgniter\CodeIgniter->createController()
 3 SYSTEMPATH\CodeIgniter.php(361): CodeIgniter\CodeIgniter->handleRequest(null, Object(Config\Cache), false)
 4 FCPATH\index.php(79): CodeIgniter\CodeIgniter->run()
WARNING - 2024-09-09 05:30:50 --> [DEPRECATED] Creation of dynamic property App\Controllers\ContactController::$commentModel is deprecated in APPPATH\Controllers\ContactController.php on line 29.
 1 SYSTEMPATH\CodeIgniter.php(913): App\Controllers\ContactController->__construct()
 2 SYSTEMPATH\CodeIgniter.php(493): CodeIgniter\CodeIgniter->createController()
 3 SYSTEMPATH\CodeIgniter.php(361): CodeIgniter\CodeIgniter->handleRequest(null, Object(Config\Cache), false)
 4 FCPATH\index.php(79): CodeIgniter\CodeIgniter->run()
WARNING - 2024-09-09 05:30:50 --> [DEPRECATED] Creation of dynamic property App\Controllers\ContactController::$likesModel is deprecated in APPPATH\Controllers\ContactController.php on line 30.
 1 SYSTEMPATH\CodeIgniter.php(913): App\Controllers\ContactController->__construct()
 2 SYSTEMPATH\CodeIgniter.php(493): CodeIgniter\CodeIgniter->createController()
 3 SYSTEMPATH\CodeIgniter.php(361): CodeIgniter\CodeIgniter->handleRequest(null, Object(Config\Cache), false)
 4 FCPATH\index.php(79): CodeIgniter\CodeIgniter->run()
WARNING - 2024-09-09 05:30:51 --> [DEPRECATED] Creation of dynamic property App\Controllers\ContactController::$citiesModel is deprecated in APPPATH\Controllers\ContactController.php on line 21.
 1 SYSTEMPATH\CodeIgniter.php(913): App\Controllers\ContactController->__construct()
 2 SYSTEMPATH\CodeIgniter.php(493): CodeIgniter\CodeIgniter->createController()
 3 SYSTEMPATH\CodeIgniter.php(361): CodeIgniter\CodeIgniter->handleRequest(null, Object(Config\Cache), false)
 4 FCPATH\index.php(79): CodeIgniter\CodeIgniter->run()
WARNING - 2024-09-09 05:30:51 --> [DEPRECATED] Creation of dynamic property App\Controllers\ContactController::$uttarakhandModel is deprecated in APPPATH\Controllers\ContactController.php on line 22.
 1 SYSTEMPATH\CodeIgniter.php(913): App\Controllers\ContactController->__construct()
 2 SYSTEMPATH\CodeIgniter.php(493): CodeIgniter\CodeIgniter->createController()
 3 SYSTEMPATH\CodeIgniter.php(361): CodeIgniter\CodeIgniter->handleRequest(null, Object(Config\Cache), false)
 4 FCPATH\index.php(79): CodeIgniter\CodeIgniter->run()
WARNING - 2024-09-09 05:30:51 --> [DEPRECATED] Creation of dynamic property App\Controllers\ContactController::$imageModel is deprecated in APPPATH\Controllers\ContactController.php on line 23.
 1 SYSTEMPATH\CodeIgniter.php(913): App\Controllers\ContactController->__construct()
 2 SYSTEMPATH\CodeIgniter.php(493): CodeIgniter\CodeIgniter->createController()
 3 SYSTEMPATH\CodeIgniter.php(361): CodeIgniter\CodeIgniter->handleRequest(null, Object(Config\Cache), false)
 4 FCPATH\index.php(79): CodeIgniter\CodeIgniter->run()
WARNING - 2024-09-09 05:30:51 --> [DEPRECATED] Creation of dynamic property App\Controllers\ContactController::$areaModel is deprecated in APPPATH\Controllers\ContactController.php on line 24.
 1 SYSTEMPATH\CodeIgniter.php(913): App\Controllers\ContactController->__construct()
 2 SYSTEMPATH\CodeIgniter.php(493): CodeIgniter\CodeIgniter->createController()
 3 SYSTEMPATH\CodeIgniter.php(361): CodeIgniter\CodeIgniter->handleRequest(null, Object(Config\Cache), false)
 4 FCPATH\index.php(79): CodeIgniter\CodeIgniter->run()
WARNING - 2024-09-09 05:30:51 --> [DEPRECATED] Creation of dynamic property App\Controllers\ContactController::$foodModel is deprecated in APPPATH\Controllers\ContactController.php on line 25.
 1 SYSTEMPATH\CodeIgniter.php(913): App\Controllers\ContactController->__construct()
 2 SYSTEMPATH\CodeIgniter.php(493): CodeIgniter\CodeIgniter->createController()
 3 SYSTEMPATH\CodeIgniter.php(361): CodeIgniter\CodeIgniter->handleRequest(null, Object(Config\Cache), false)
 4 FCPATH\index.php(79): CodeIgniter\CodeIgniter->run()
WARNING - 2024-09-09 05:30:51 --> [DEPRECATED] Creation of dynamic property App\Controllers\ContactController::$blogModel is deprecated in APPPATH\Controllers\ContactController.php on line 26.
 1 SYSTEMPATH\CodeIgniter.php(913): App\Controllers\ContactController->__construct()
 2 SYSTEMPATH\CodeIgniter.php(493): CodeIgniter\CodeIgniter->createController()
 3 SYSTEMPATH\CodeIgniter.php(361): CodeIgniter\CodeIgniter->handleRequest(null, Object(Config\Cache), false)
 4 FCPATH\index.php(79): CodeIgniter\CodeIgniter->run()
WARNING - 2024-09-09 05:30:51 --> [DEPRECATED] Creation of dynamic property App\Controllers\ContactController::$contactModel is deprecated in APPPATH\Controllers\ContactController.php on line 27.
 1 SYSTEMPATH\CodeIgniter.php(913): App\Controllers\ContactController->__construct()
 2 SYSTEMPATH\CodeIgniter.php(493): CodeIgniter\CodeIgniter->createController()
 3 SYSTEMPATH\CodeIgniter.php(361): CodeIgniter\CodeIgniter->handleRequest(null, Object(Config\Cache), false)
 4 FCPATH\index.php(79): CodeIgniter\CodeIgniter->run()
WARNING - 2024-09-09 05:30:51 --> [DEPRECATED] Creation of dynamic property App\Controllers\ContactController::$subscribersModel is deprecated in APPPATH\Controllers\ContactController.php on line 28.
 1 SYSTEMPATH\CodeIgniter.php(913): App\Controllers\ContactController->__construct()
 2 SYSTEMPATH\CodeIgniter.php(493): CodeIgniter\CodeIgniter->createController()
 3 SYSTEMPATH\CodeIgniter.php(361): CodeIgniter\CodeIgniter->handleRequest(null, Object(Config\Cache), false)
 4 FCPATH\index.php(79): CodeIgniter\CodeIgniter->run()
WARNING - 2024-09-09 05:30:51 --> [DEPRECATED] Creation of dynamic property App\Controllers\ContactController::$commentModel is deprecated in APPPATH\Controllers\ContactController.php on line 29.
 1 SYSTEMPATH\CodeIgniter.php(913): App\Controllers\ContactController->__construct()
 2 SYSTEMPATH\CodeIgniter.php(493): CodeIgniter\CodeIgniter->createController()
 3 SYSTEMPATH\CodeIgniter.php(361): CodeIgniter\CodeIgniter->handleRequest(null, Object(Config\Cache), false)
 4 FCPATH\index.php(79): CodeIgniter\CodeIgniter->run()
WARNING - 2024-09-09 05:30:51 --> [DEPRECATED] Creation of dynamic property App\Controllers\ContactController::$likesModel is deprecated in APPPATH\Controllers\ContactController.php on line 30.
 1 SYSTEMPATH\CodeIgniter.php(913): App\Controllers\ContactController->__construct()
 2 SYSTEMPATH\CodeIgniter.php(493): CodeIgniter\CodeIgniter->createController()
 3 SYSTEMPATH\CodeIgniter.php(361): CodeIgniter\CodeIgniter->handleRequest(null, Object(Config\Cache), false)
 4 FCPATH\index.php(79): CodeIgniter\CodeIgniter->run()
WARNING - 2024-09-09 05:30:59 --> [DEPRECATED] Creation of dynamic property App\Controllers\ContactController::$citiesModel is deprecated in APPPATH\Controllers\ContactController.php on line 21.
 1 SYSTEMPATH\CodeIgniter.php(913): App\Controllers\ContactController->__construct()
 2 SYSTEMPATH\CodeIgniter.php(493): CodeIgniter\CodeIgniter->createController()
 3 SYSTEMPATH\CodeIgniter.php(361): CodeIgniter\CodeIgniter->handleRequest(null, Object(Config\Cache), false)
 4 FCPATH\index.php(79): CodeIgniter\CodeIgniter->run()
WARNING - 2024-09-09 05:30:59 --> [DEPRECATED] Creation of dynamic property App\Controllers\ContactController::$uttarakhandModel is deprecated in APPPATH\Controllers\ContactController.php on line 22.
 1 SYSTEMPATH\CodeIgniter.php(913): App\Controllers\ContactController->__construct()
 2 SYSTEMPATH\CodeIgniter.php(493): CodeIgniter\CodeIgniter->createController()
 3 SYSTEMPATH\CodeIgniter.php(361): CodeIgniter\CodeIgniter->handleRequest(null, Object(Config\Cache), false)
 4 FCPATH\index.php(79): CodeIgniter\CodeIgniter->run()
WARNING - 2024-09-09 05:30:59 --> [DEPRECATED] Creation of dynamic property App\Controllers\ContactController::$imageModel is deprecated in APPPATH\Controllers\ContactController.php on line 23.
 1 SYSTEMPATH\CodeIgniter.php(913): App\Controllers\ContactController->__construct()
 2 SYSTEMPATH\CodeIgniter.php(493): CodeIgniter\CodeIgniter->createController()
 3 SYSTEMPATH\CodeIgniter.php(361): CodeIgniter\CodeIgniter->handleRequest(null, Object(Config\Cache), false)
 4 FCPATH\index.php(79): CodeIgniter\CodeIgniter->run()
WARNING - 2024-09-09 05:30:59 --> [DEPRECATED] Creation of dynamic property App\Controllers\ContactController::$areaModel is deprecated in APPPATH\Controllers\ContactController.php on line 24.
 1 SYSTEMPATH\CodeIgniter.php(913): App\Controllers\ContactController->__construct()
 2 SYSTEMPATH\CodeIgniter.php(493): CodeIgniter\CodeIgniter->createController()
 3 SYSTEMPATH\CodeIgniter.php(361): CodeIgniter\CodeIgniter->handleRequest(null, Object(Config\Cache), false)
 4 FCPATH\index.php(79): CodeIgniter\CodeIgniter->run()
WARNING - 2024-09-09 05:30:59 --> [DEPRECATED] Creation of dynamic property App\Controllers\ContactController::$foodModel is deprecated in APPPATH\Controllers\ContactController.php on line 25.
 1 SYSTEMPATH\CodeIgniter.php(913): App\Controllers\ContactController->__construct()
 2 SYSTEMPATH\CodeIgniter.php(493): CodeIgniter\CodeIgniter->createController()
 3 SYSTEMPATH\CodeIgniter.php(361): CodeIgniter\CodeIgniter->handleRequest(null, Object(Config\Cache), false)
 4 FCPATH\index.php(79): CodeIgniter\CodeIgniter->run()
WARNING - 2024-09-09 05:30:59 --> [DEPRECATED] Creation of dynamic property App\Controllers\ContactController::$blogModel is deprecated in APPPATH\Controllers\ContactController.php on line 26.
 1 SYSTEMPATH\CodeIgniter.php(913): App\Controllers\ContactController->__construct()
 2 SYSTEMPATH\CodeIgniter.php(493): CodeIgniter\CodeIgniter->createController()
 3 SYSTEMPATH\CodeIgniter.php(361): CodeIgniter\CodeIgniter->handleRequest(null, Object(Config\Cache), false)
 4 FCPATH\index.php(79): CodeIgniter\CodeIgniter->run()
WARNING - 2024-09-09 05:30:59 --> [DEPRECATED] Creation of dynamic property App\Controllers\ContactController::$contactModel is deprecated in APPPATH\Controllers\ContactController.php on line 27.
 1 SYSTEMPATH\CodeIgniter.php(913): App\Controllers\ContactController->__construct()
 2 SYSTEMPATH\CodeIgniter.php(493): CodeIgniter\CodeIgniter->createController()
 3 SYSTEMPATH\CodeIgniter.php(361): CodeIgniter\CodeIgniter->handleRequest(null, Object(Config\Cache), false)
 4 FCPATH\index.php(79): CodeIgniter\CodeIgniter->run()
WARNING - 2024-09-09 05:30:59 --> [DEPRECATED] Creation of dynamic property App\Controllers\ContactController::$subscribersModel is deprecated in APPPATH\Controllers\ContactController.php on line 28.
 1 SYSTEMPATH\CodeIgniter.php(913): App\Controllers\ContactController->__construct()
 2 SYSTEMPATH\CodeIgniter.php(493): CodeIgniter\CodeIgniter->createController()
 3 SYSTEMPATH\CodeIgniter.php(361): CodeIgniter\CodeIgniter->handleRequest(null, Object(Config\Cache), false)
 4 FCPATH\index.php(79): CodeIgniter\CodeIgniter->run()
WARNING - 2024-09-09 05:30:59 --> [DEPRECATED] Creation of dynamic property App\Controllers\ContactController::$commentModel is deprecated in APPPATH\Controllers\ContactController.php on line 29.
 1 SYSTEMPATH\CodeIgniter.php(913): App\Controllers\ContactController->__construct()
 2 SYSTEMPATH\CodeIgniter.php(493): CodeIgniter\CodeIgniter->createController()
 3 SYSTEMPATH\CodeIgniter.php(361): CodeIgniter\CodeIgniter->handleRequest(null, Object(Config\Cache), false)
 4 FCPATH\index.php(79): CodeIgniter\CodeIgniter->run()
WARNING - 2024-09-09 05:30:59 --> [DEPRECATED] Creation of dynamic property App\Controllers\ContactController::$likesModel is deprecated in APPPATH\Controllers\ContactController.php on line 30.
 1 SYSTEMPATH\CodeIgniter.php(913): App\Controllers\ContactController->__construct()
 2 SYSTEMPATH\CodeIgniter.php(493): CodeIgniter\CodeIgniter->createController()
 3 SYSTEMPATH\CodeIgniter.php(361): CodeIgniter\CodeIgniter->handleRequest(null, Object(Config\Cache), false)
 4 FCPATH\index.php(79): CodeIgniter\CodeIgniter->run()
WARNING - 2024-09-09 05:31:08 --> [DEPRECATED] Creation of dynamic property App\Controllers\ContactController::$citiesModel is deprecated in APPPATH\Controllers\ContactController.php on line 21.
 1 SYSTEMPATH\CodeIgniter.php(913): App\Controllers\ContactController->__construct()
 2 SYSTEMPATH\CodeIgniter.php(493): CodeIgniter\CodeIgniter->createController()
 3 SYSTEMPATH\CodeIgniter.php(361): CodeIgniter\CodeIgniter->handleRequest(null, Object(Config\Cache), false)
 4 FCPATH\index.php(79): CodeIgniter\CodeIgniter->run()
WARNING - 2024-09-09 05:31:08 --> [DEPRECATED] Creation of dynamic property App\Controllers\ContactController::$uttarakhandModel is deprecated in APPPATH\Controllers\ContactController.php on line 22.
 1 SYSTEMPATH\CodeIgniter.php(913): App\Controllers\ContactController->__construct()
 2 SYSTEMPATH\CodeIgniter.php(493): CodeIgniter\CodeIgniter->createController()
 3 SYSTEMPATH\CodeIgniter.php(361): CodeIgniter\CodeIgniter->handleRequest(null, Object(Config\Cache), false)
 4 FCPATH\index.php(79): CodeIgniter\CodeIgniter->run()
WARNING - 2024-09-09 05:31:08 --> [DEPRECATED] Creation of dynamic property App\Controllers\ContactController::$imageModel is deprecated in APPPATH\Controllers\ContactController.php on line 23.
 1 SYSTEMPATH\CodeIgniter.php(913): App\Controllers\ContactController->__construct()
 2 SYSTEMPATH\CodeIgniter.php(493): CodeIgniter\CodeIgniter->createController()
 3 SYSTEMPATH\CodeIgniter.php(361): CodeIgniter\CodeIgniter->handleRequest(null, Object(Config\Cache), false)
 4 FCPATH\index.php(79): CodeIgniter\CodeIgniter->run()
WARNING - 2024-09-09 05:31:08 --> [DEPRECATED] Creation of dynamic property App\Controllers\ContactController::$areaModel is deprecated in APPPATH\Controllers\ContactController.php on line 24.
 1 SYSTEMPATH\CodeIgniter.php(913): App\Controllers\ContactController->__construct()
 2 SYSTEMPATH\CodeIgniter.php(493): CodeIgniter\CodeIgniter->createController()
 3 SYSTEMPATH\CodeIgniter.php(361): CodeIgniter\CodeIgniter->handleRequest(null, Object(Config\Cache), false)
 4 FCPATH\index.php(79): CodeIgniter\CodeIgniter->run()
WARNING - 2024-09-09 05:31:08 --> [DEPRECATED] Creation of dynamic property App\Controllers\ContactController::$foodModel is deprecated in APPPATH\Controllers\ContactController.php on line 25.
 1 SYSTEMPATH\CodeIgniter.php(913): App\Controllers\ContactController->__construct()
 2 SYSTEMPATH\CodeIgniter.php(493): CodeIgniter\CodeIgniter->createController()
 3 SYSTEMPATH\CodeIgniter.php(361): CodeIgniter\CodeIgniter->handleRequest(null, Object(Config\Cache), false)
 4 FCPATH\index.php(79): CodeIgniter\CodeIgniter->run()
WARNING - 2024-09-09 05:31:08 --> [DEPRECATED] Creation of dynamic property App\Controllers\ContactController::$blogModel is deprecated in APPPATH\Controllers\ContactController.php on line 26.
 1 SYSTEMPATH\CodeIgniter.php(913): App\Controllers\ContactController->__construct()
 2 SYSTEMPATH\CodeIgniter.php(493): CodeIgniter\CodeIgniter->createController()
 3 SYSTEMPATH\CodeIgniter.php(361): CodeIgniter\CodeIgniter->handleRequest(null, Object(Config\Cache), false)
 4 FCPATH\index.php(79): CodeIgniter\CodeIgniter->run()
WARNING - 2024-09-09 05:31:08 --> [DEPRECATED] Creation of dynamic property App\Controllers\ContactController::$contactModel is deprecated in APPPATH\Controllers\ContactController.php on line 27.
 1 SYSTEMPATH\CodeIgniter.php(913): App\Controllers\ContactController->__construct()
 2 SYSTEMPATH\CodeIgniter.php(493): CodeIgniter\CodeIgniter->createController()
 3 SYSTEMPATH\CodeIgniter.php(361): CodeIgniter\CodeIgniter->handleRequest(null, Object(Config\Cache), false)
 4 FCPATH\index.php(79): CodeIgniter\CodeIgniter->run()
WARNING - 2024-09-09 05:31:08 --> [DEPRECATED] Creation of dynamic property App\Controllers\ContactController::$subscribersModel is deprecated in APPPATH\Controllers\ContactController.php on line 28.
 1 SYSTEMPATH\CodeIgniter.php(913): App\Controllers\ContactController->__construct()
 2 SYSTEMPATH\CodeIgniter.php(493): CodeIgniter\CodeIgniter->createController()
 3 SYSTEMPATH\CodeIgniter.php(361): CodeIgniter\CodeIgniter->handleRequest(null, Object(Config\Cache), false)
 4 FCPATH\index.php(79): CodeIgniter\CodeIgniter->run()
WARNING - 2024-09-09 05:31:08 --> [DEPRECATED] Creation of dynamic property App\Controllers\ContactController::$commentModel is deprecated in APPPATH\Controllers\ContactController.php on line 29.
 1 SYSTEMPATH\CodeIgniter.php(913): App\Controllers\ContactController->__construct()
 2 SYSTEMPATH\CodeIgniter.php(493): CodeIgniter\CodeIgniter->createController()
 3 SYSTEMPATH\CodeIgniter.php(361): CodeIgniter\CodeIgniter->handleRequest(null, Object(Config\Cache), false)
 4 FCPATH\index.php(79): CodeIgniter\CodeIgniter->run()
WARNING - 2024-09-09 05:31:08 --> [DEPRECATED] Creation of dynamic property App\Controllers\ContactController::$likesModel is deprecated in APPPATH\Controllers\ContactController.php on line 30.
 1 SYSTEMPATH\CodeIgniter.php(913): App\Controllers\ContactController->__construct()
 2 SYSTEMPATH\CodeIgniter.php(493): CodeIgniter\CodeIgniter->createController()
 3 SYSTEMPATH\CodeIgniter.php(361): CodeIgniter\CodeIgniter->handleRequest(null, Object(Config\Cache), false)
 4 FCPATH\index.php(79): CodeIgniter\CodeIgniter->run()
WARNING - 2024-09-09 05:31:10 --> [DEPRECATED] Creation of dynamic property App\Controllers\ContactController::$citiesModel is deprecated in APPPATH\Controllers\ContactController.php on line 21.
 1 SYSTEMPATH\CodeIgniter.php(913): App\Controllers\ContactController->__construct()
 2 SYSTEMPATH\CodeIgniter.php(493): CodeIgniter\CodeIgniter->createController()
 3 SYSTEMPATH\CodeIgniter.php(361): CodeIgniter\CodeIgniter->handleRequest(null, Object(Config\Cache), false)
 4 FCPATH\index.php(79): CodeIgniter\CodeIgniter->run()
WARNING - 2024-09-09 05:31:10 --> [DEPRECATED] Creation of dynamic property App\Controllers\ContactController::$uttarakhandModel is deprecated in APPPATH\Controllers\ContactController.php on line 22.
 1 SYSTEMPATH\CodeIgniter.php(913): App\Controllers\ContactController->__construct()
 2 SYSTEMPATH\CodeIgniter.php(493): CodeIgniter\CodeIgniter->createController()
 3 SYSTEMPATH\CodeIgniter.php(361): CodeIgniter\CodeIgniter->handleRequest(null, Object(Config\Cache), false)
 4 FCPATH\index.php(79): CodeIgniter\CodeIgniter->run()
WARNING - 2024-09-09 05:31:10 --> [DEPRECATED] Creation of dynamic property App\Controllers\ContactController::$imageModel is deprecated in APPPATH\Controllers\ContactController.php on line 23.
 1 SYSTEMPATH\CodeIgniter.php(913): App\Controllers\ContactController->__construct()
 2 SYSTEMPATH\CodeIgniter.php(493): CodeIgniter\CodeIgniter->createController()
 3 SYSTEMPATH\CodeIgniter.php(361): CodeIgniter\CodeIgniter->handleRequest(null, Object(Config\Cache), false)
 4 FCPATH\index.php(79): CodeIgniter\CodeIgniter->run()
WARNING - 2024-09-09 05:31:10 --> [DEPRECATED] Creation of dynamic property App\Controllers\ContactController::$areaModel is deprecated in APPPATH\Controllers\ContactController.php on line 24.
 1 SYSTEMPATH\CodeIgniter.php(913): App\Controllers\ContactController->__construct()
 2 SYSTEMPATH\CodeIgniter.php(493): CodeIgniter\CodeIgniter->createController()
 3 SYSTEMPATH\CodeIgniter.php(361): CodeIgniter\CodeIgniter->handleRequest(null, Object(Config\Cache), false)
 4 FCPATH\index.php(79): CodeIgniter\CodeIgniter->run()
WARNING - 2024-09-09 05:31:10 --> [DEPRECATED] Creation of dynamic property App\Controllers\ContactController::$foodModel is deprecated in APPPATH\Controllers\ContactController.php on line 25.
 1 SYSTEMPATH\CodeIgniter.php(913): App\Controllers\ContactController->__construct()
 2 SYSTEMPATH\CodeIgniter.php(493): CodeIgniter\CodeIgniter->createController()
 3 SYSTEMPATH\CodeIgniter.php(361): CodeIgniter\CodeIgniter->handleRequest(null, Object(Config\Cache), false)
 4 FCPATH\index.php(79): CodeIgniter\CodeIgniter->run()
WARNING - 2024-09-09 05:31:10 --> [DEPRECATED] Creation of dynamic property App\Controllers\ContactController::$blogModel is deprecated in APPPATH\Controllers\ContactController.php on line 26.
 1 SYSTEMPATH\CodeIgniter.php(913): App\Controllers\ContactController->__construct()
 2 SYSTEMPATH\CodeIgniter.php(493): CodeIgniter\CodeIgniter->createController()
 3 SYSTEMPATH\CodeIgniter.php(361): CodeIgniter\CodeIgniter->handleRequest(null, Object(Config\Cache), false)
 4 FCPATH\index.php(79): CodeIgniter\CodeIgniter->run()
WARNING - 2024-09-09 05:31:10 --> [DEPRECATED] Creation of dynamic property App\Controllers\ContactController::$contactModel is deprecated in APPPATH\Controllers\ContactController.php on line 27.
 1 SYSTEMPATH\CodeIgniter.php(913): App\Controllers\ContactController->__construct()
 2 SYSTEMPATH\CodeIgniter.php(493): CodeIgniter\CodeIgniter->createController()
 3 SYSTEMPATH\CodeIgniter.php(361): CodeIgniter\CodeIgniter->handleRequest(null, Object(Config\Cache), false)
 4 FCPATH\index.php(79): CodeIgniter\CodeIgniter->run()
WARNING - 2024-09-09 05:31:10 --> [DEPRECATED] Creation of dynamic property App\Controllers\ContactController::$subscribersModel is deprecated in APPPATH\Controllers\ContactController.php on line 28.
 1 SYSTEMPATH\CodeIgniter.php(913): App\Controllers\ContactController->__construct()
 2 SYSTEMPATH\CodeIgniter.php(493): CodeIgniter\CodeIgniter->createController()
 3 SYSTEMPATH\CodeIgniter.php(361): CodeIgniter\CodeIgniter->handleRequest(null, Object(Config\Cache), false)
 4 FCPATH\index.php(79): CodeIgniter\CodeIgniter->run()
WARNING - 2024-09-09 05:31:10 --> [DEPRECATED] Creation of dynamic property App\Controllers\ContactController::$commentModel is deprecated in APPPATH\Controllers\ContactController.php on line 29.
 1 SYSTEMPATH\CodeIgniter.php(913): App\Controllers\ContactController->__construct()
 2 SYSTEMPATH\CodeIgniter.php(493): CodeIgniter\CodeIgniter->createController()
 3 SYSTEMPATH\CodeIgniter.php(361): CodeIgniter\CodeIgniter->handleRequest(null, Object(Config\Cache), false)
 4 FCPATH\index.php(79): CodeIgniter\CodeIgniter->run()
WARNING - 2024-09-09 05:31:10 --> [DEPRECATED] Creation of dynamic property App\Controllers\ContactController::$likesModel is deprecated in APPPATH\Controllers\ContactController.php on line 30.
 1 SYSTEMPATH\CodeIgniter.php(913): App\Controllers\ContactController->__construct()
 2 SYSTEMPATH\CodeIgniter.php(493): CodeIgniter\CodeIgniter->createController()
 3 SYSTEMPATH\CodeIgniter.php(361): CodeIgniter\CodeIgniter->handleRequest(null, Object(Config\Cache), false)
 4 FCPATH\index.php(79): CodeIgniter\CodeIgniter->run()
WARNING - 2024-09-09 05:31:19 --> [DEPRECATED] Creation of dynamic property App\Controllers\ContactController::$citiesModel is deprecated in APPPATH\Controllers\ContactController.php on line 21.
 1 SYSTEMPATH\CodeIgniter.php(913): App\Controllers\ContactController->__construct()
 2 SYSTEMPATH\CodeIgniter.php(493): CodeIgniter\CodeIgniter->createController()
 3 SYSTEMPATH\CodeIgniter.php(361): CodeIgniter\CodeIgniter->handleRequest(null, Object(Config\Cache), false)
 4 FCPATH\index.php(79): CodeIgniter\CodeIgniter->run()
WARNING - 2024-09-09 05:31:19 --> [DEPRECATED] Creation of dynamic property App\Controllers\ContactController::$uttarakhandModel is deprecated in APPPATH\Controllers\ContactController.php on line 22.
 1 SYSTEMPATH\CodeIgniter.php(913): App\Controllers\ContactController->__construct()
 2 SYSTEMPATH\CodeIgniter.php(493): CodeIgniter\CodeIgniter->createController()
 3 SYSTEMPATH\CodeIgniter.php(361): CodeIgniter\CodeIgniter->handleRequest(null, Object(Config\Cache), false)
 4 FCPATH\index.php(79): CodeIgniter\CodeIgniter->run()
WARNING - 2024-09-09 05:31:19 --> [DEPRECATED] Creation of dynamic property App\Controllers\ContactController::$imageModel is deprecated in APPPATH\Controllers\ContactController.php on line 23.
 1 SYSTEMPATH\CodeIgniter.php(913): App\Controllers\ContactController->__construct()
 2 SYSTEMPATH\CodeIgniter.php(493): CodeIgniter\CodeIgniter->createController()
 3 SYSTEMPATH\CodeIgniter.php(361): CodeIgniter\CodeIgniter->handleRequest(null, Object(Config\Cache), false)
 4 FCPATH\index.php(79): CodeIgniter\CodeIgniter->run()
WARNING - 2024-09-09 05:31:19 --> [DEPRECATED] Creation of dynamic property App\Controllers\ContactController::$areaModel is deprecated in APPPATH\Controllers\ContactController.php on line 24.
 1 SYSTEMPATH\CodeIgniter.php(913): App\Controllers\ContactController->__construct()
 2 SYSTEMPATH\CodeIgniter.php(493): CodeIgniter\CodeIgniter->createController()
 3 SYSTEMPATH\CodeIgniter.php(361): CodeIgniter\CodeIgniter->handleRequest(null, Object(Config\Cache), false)
 4 FCPATH\index.php(79): CodeIgniter\CodeIgniter->run()
WARNING - 2024-09-09 05:31:19 --> [DEPRECATED] Creation of dynamic property App\Controllers\ContactController::$foodModel is deprecated in APPPATH\Controllers\ContactController.php on line 25.
 1 SYSTEMPATH\CodeIgniter.php(913): App\Controllers\ContactController->__construct()
 2 SYSTEMPATH\CodeIgniter.php(493): CodeIgniter\CodeIgniter->createController()
 3 SYSTEMPATH\CodeIgniter.php(361): CodeIgniter\CodeIgniter->handleRequest(null, Object(Config\Cache), false)
 4 FCPATH\index.php(79): CodeIgniter\CodeIgniter->run()
WARNING - 2024-09-09 05:31:19 --> [DEPRECATED] Creation of dynamic property App\Controllers\ContactController::$blogModel is deprecated in APPPATH\Controllers\ContactController.php on line 26.
 1 SYSTEMPATH\CodeIgniter.php(913): App\Controllers\ContactController->__construct()
 2 SYSTEMPATH\CodeIgniter.php(493): CodeIgniter\CodeIgniter->createController()
 3 SYSTEMPATH\CodeIgniter.php(361): CodeIgniter\CodeIgniter->handleRequest(null, Object(Config\Cache), false)
 4 FCPATH\index.php(79): CodeIgniter\CodeIgniter->run()
WARNING - 2024-09-09 05:31:19 --> [DEPRECATED] Creation of dynamic property App\Controllers\ContactController::$contactModel is deprecated in APPPATH\Controllers\ContactController.php on line 27.
 1 SYSTEMPATH\CodeIgniter.php(913): App\Controllers\ContactController->__construct()
 2 SYSTEMPATH\CodeIgniter.php(493): CodeIgniter\CodeIgniter->createController()
 3 SYSTEMPATH\CodeIgniter.php(361): CodeIgniter\CodeIgniter->handleRequest(null, Object(Config\Cache), false)
 4 FCPATH\index.php(79): CodeIgniter\CodeIgniter->run()
WARNING - 2024-09-09 05:31:19 --> [DEPRECATED] Creation of dynamic property App\Controllers\ContactController::$subscribersModel is deprecated in APPPATH\Controllers\ContactController.php on line 28.
 1 SYSTEMPATH\CodeIgniter.php(913): App\Controllers\ContactController->__construct()
 2 SYSTEMPATH\CodeIgniter.php(493): CodeIgniter\CodeIgniter->createController()
 3 SYSTEMPATH\CodeIgniter.php(361): CodeIgniter\CodeIgniter->handleRequest(null, Object(Config\Cache), false)
 4 FCPATH\index.php(79): CodeIgniter\CodeIgniter->run()
WARNING - 2024-09-09 05:31:19 --> [DEPRECATED] Creation of dynamic property App\Controllers\ContactController::$commentModel is deprecated in APPPATH\Controllers\ContactController.php on line 29.
 1 SYSTEMPATH\CodeIgniter.php(913): App\Controllers\ContactController->__construct()
 2 SYSTEMPATH\CodeIgniter.php(493): CodeIgniter\CodeIgniter->createController()
 3 SYSTEMPATH\CodeIgniter.php(361): CodeIgniter\CodeIgniter->handleRequest(null, Object(Config\Cache), false)
 4 FCPATH\index.php(79): CodeIgniter\CodeIgniter->run()
WARNING - 2024-09-09 05:31:19 --> [DEPRECATED] Creation of dynamic property App\Controllers\ContactController::$likesModel is deprecated in APPPATH\Controllers\ContactController.php on line 30.
 1 SYSTEMPATH\CodeIgniter.php(913): App\Controllers\ContactController->__construct()
 2 SYSTEMPATH\CodeIgniter.php(493): CodeIgniter\CodeIgniter->createController()
 3 SYSTEMPATH\CodeIgniter.php(361): CodeIgniter\CodeIgniter->handleRequest(null, Object(Config\Cache), false)
 4 FCPATH\index.php(79): CodeIgniter\CodeIgniter->run()
WARNING - 2024-09-09 05:32:39 --> [DEPRECATED] Creation of dynamic property App\Controllers\ContactController::$citiesModel is deprecated in APPPATH\Controllers\ContactController.php on line 21.
 1 SYSTEMPATH\CodeIgniter.php(913): App\Controllers\ContactController->__construct()
 2 SYSTEMPATH\CodeIgniter.php(493): CodeIgniter\CodeIgniter->createController()
 3 SYSTEMPATH\CodeIgniter.php(361): CodeIgniter\CodeIgniter->handleRequest(null, Object(Config\Cache), false)
 4 FCPATH\index.php(79): CodeIgniter\CodeIgniter->run()
WARNING - 2024-09-09 05:32:39 --> [DEPRECATED] Creation of dynamic property App\Controllers\ContactController::$uttarakhandModel is deprecated in APPPATH\Controllers\ContactController.php on line 22.
 1 SYSTEMPATH\CodeIgniter.php(913): App\Controllers\ContactController->__construct()
 2 SYSTEMPATH\CodeIgniter.php(493): CodeIgniter\CodeIgniter->createController()
 3 SYSTEMPATH\CodeIgniter.php(361): CodeIgniter\CodeIgniter->handleRequest(null, Object(Config\Cache), false)
 4 FCPATH\index.php(79): CodeIgniter\CodeIgniter->run()
WARNING - 2024-09-09 05:32:39 --> [DEPRECATED] Creation of dynamic property App\Controllers\ContactController::$imageModel is deprecated in APPPATH\Controllers\ContactController.php on line 23.
 1 SYSTEMPATH\CodeIgniter.php(913): App\Controllers\ContactController->__construct()
 2 SYSTEMPATH\CodeIgniter.php(493): CodeIgniter\CodeIgniter->createController()
 3 SYSTEMPATH\CodeIgniter.php(361): CodeIgniter\CodeIgniter->handleRequest(null, Object(Config\Cache), false)
 4 FCPATH\index.php(79): CodeIgniter\CodeIgniter->run()
WARNING - 2024-09-09 05:32:39 --> [DEPRECATED] Creation of dynamic property App\Controllers\ContactController::$areaModel is deprecated in APPPATH\Controllers\ContactController.php on line 24.
 1 SYSTEMPATH\CodeIgniter.php(913): App\Controllers\ContactController->__construct()
 2 SYSTEMPATH\CodeIgniter.php(493): CodeIgniter\CodeIgniter->createController()
 3 SYSTEMPATH\CodeIgniter.php(361): CodeIgniter\CodeIgniter->handleRequest(null, Object(Config\Cache), false)
 4 FCPATH\index.php(79): CodeIgniter\CodeIgniter->run()
WARNING - 2024-09-09 05:32:39 --> [DEPRECATED] Creation of dynamic property App\Controllers\ContactController::$foodModel is deprecated in APPPATH\Controllers\ContactController.php on line 25.
 1 SYSTEMPATH\CodeIgniter.php(913): App\Controllers\ContactController->__construct()
 2 SYSTEMPATH\CodeIgniter.php(493): CodeIgniter\CodeIgniter->createController()
 3 SYSTEMPATH\CodeIgniter.php(361): CodeIgniter\CodeIgniter->handleRequest(null, Object(Config\Cache), false)
 4 FCPATH\index.php(79): CodeIgniter\CodeIgniter->run()
WARNING - 2024-09-09 05:32:39 --> [DEPRECATED] Creation of dynamic property App\Controllers\ContactController::$blogModel is deprecated in APPPATH\Controllers\ContactController.php on line 26.
 1 SYSTEMPATH\CodeIgniter.php(913): App\Controllers\ContactController->__construct()
 2 SYSTEMPATH\CodeIgniter.php(493): CodeIgniter\CodeIgniter->createController()
 3 SYSTEMPATH\CodeIgniter.php(361): CodeIgniter\CodeIgniter->handleRequest(null, Object(Config\Cache), false)
 4 FCPATH\index.php(79): CodeIgniter\CodeIgniter->run()
WARNING - 2024-09-09 05:32:39 --> [DEPRECATED] Creation of dynamic property App\Controllers\ContactController::$contactModel is deprecated in APPPATH\Controllers\ContactController.php on line 27.
 1 SYSTEMPATH\CodeIgniter.php(913): App\Controllers\ContactController->__construct()
 2 SYSTEMPATH\CodeIgniter.php(493): CodeIgniter\CodeIgniter->createController()
 3 SYSTEMPATH\CodeIgniter.php(361): CodeIgniter\CodeIgniter->handleRequest(null, Object(Config\Cache), false)
 4 FCPATH\index.php(79): CodeIgniter\CodeIgniter->run()
WARNING - 2024-09-09 05:32:39 --> [DEPRECATED] Creation of dynamic property App\Controllers\ContactController::$subscribersModel is deprecated in APPPATH\Controllers\ContactController.php on line 28.
 1 SYSTEMPATH\CodeIgniter.php(913): App\Controllers\ContactController->__construct()
 2 SYSTEMPATH\CodeIgniter.php(493): CodeIgniter\CodeIgniter->createController()
 3 SYSTEMPATH\CodeIgniter.php(361): CodeIgniter\CodeIgniter->handleRequest(null, Object(Config\Cache), false)
 4 FCPATH\index.php(79): CodeIgniter\CodeIgniter->run()
WARNING - 2024-09-09 05:32:39 --> [DEPRECATED] Creation of dynamic property App\Controllers\ContactController::$commentModel is deprecated in APPPATH\Controllers\ContactController.php on line 29.
 1 SYSTEMPATH\CodeIgniter.php(913): App\Controllers\ContactController->__construct()
 2 SYSTEMPATH\CodeIgniter.php(493): CodeIgniter\CodeIgniter->createController()
 3 SYSTEMPATH\CodeIgniter.php(361): CodeIgniter\CodeIgniter->handleRequest(null, Object(Config\Cache), false)
 4 FCPATH\index.php(79): CodeIgniter\CodeIgniter->run()
WARNING - 2024-09-09 05:32:39 --> [DEPRECATED] Creation of dynamic property App\Controllers\ContactController::$likesModel is deprecated in APPPATH\Controllers\ContactController.php on line 30.
 1 SYSTEMPATH\CodeIgniter.php(913): App\Controllers\ContactController->__construct()
 2 SYSTEMPATH\CodeIgniter.php(493): CodeIgniter\CodeIgniter->createController()
 3 SYSTEMPATH\CodeIgniter.php(361): CodeIgniter\CodeIgniter->handleRequest(null, Object(Config\Cache), false)
 4 FCPATH\index.php(79): CodeIgniter\CodeIgniter->run()
WARNING - 2024-09-09 05:32:54 --> [DEPRECATED] Creation of dynamic property App\Controllers\AdminController::$uttarakhandModel is deprecated in APPPATH\Controllers\AdminController.php on line 22.
 1 SYSTEMPATH\CodeIgniter.php(913): App\Controllers\AdminController->__construct()
 2 SYSTEMPATH\CodeIgniter.php(493): CodeIgniter\CodeIgniter->createController()
 3 SYSTEMPATH\CodeIgniter.php(361): CodeIgniter\CodeIgniter->handleRequest(null, Object(Config\Cache), false)
 4 FCPATH\index.php(79): CodeIgniter\CodeIgniter->run()
WARNING - 2024-09-09 05:32:54 --> [DEPRECATED] Creation of dynamic property App\Controllers\AdminController::$citiesModel is deprecated in APPPATH\Controllers\AdminController.php on line 23.
 1 SYSTEMPATH\CodeIgniter.php(913): App\Controllers\AdminController->__construct()
 2 SYSTEMPATH\CodeIgniter.php(493): CodeIgniter\CodeIgniter->createController()
 3 SYSTEMPATH\CodeIgniter.php(361): CodeIgniter\CodeIgniter->handleRequest(null, Object(Config\Cache), false)
 4 FCPATH\index.php(79): CodeIgniter\CodeIgniter->run()
WARNING - 2024-09-09 05:32:54 --> [DEPRECATED] Creation of dynamic property App\Controllers\AdminController::$imageModel is deprecated in APPPATH\Controllers\AdminController.php on line 24.
 1 SYSTEMPATH\CodeIgniter.php(913): App\Controllers\AdminController->__construct()
 2 SYSTEMPATH\CodeIgniter.php(493): CodeIgniter\CodeIgniter->createController()
 3 SYSTEMPATH\CodeIgniter.php(361): CodeIgniter\CodeIgniter->handleRequest(null, Object(Config\Cache), false)
 4 FCPATH\index.php(79): CodeIgniter\CodeIgniter->run()
WARNING - 2024-09-09 05:32:54 --> [DEPRECATED] Creation of dynamic property App\Controllers\AdminController::$areaModel is deprecated in APPPATH\Controllers\AdminController.php on line 25.
 1 SYSTEMPATH\CodeIgniter.php(913): App\Controllers\AdminController->__construct()
 2 SYSTEMPATH\CodeIgniter.php(493): CodeIgniter\CodeIgniter->createController()
 3 SYSTEMPATH\CodeIgniter.php(361): CodeIgniter\CodeIgniter->handleRequest(null, Object(Config\Cache), false)
 4 FCPATH\index.php(79): CodeIgniter\CodeIgniter->run()
WARNING - 2024-09-09 05:32:54 --> [DEPRECATED] Creation of dynamic property App\Controllers\AdminController::$foodModel is deprecated in APPPATH\Controllers\AdminController.php on line 26.
 1 SYSTEMPATH\CodeIgniter.php(913): App\Controllers\AdminController->__construct()
 2 SYSTEMPATH\CodeIgniter.php(493): CodeIgniter\CodeIgniter->createController()
 3 SYSTEMPATH\CodeIgniter.php(361): CodeIgniter\CodeIgniter->handleRequest(null, Object(Config\Cache), false)
 4 FCPATH\index.php(79): CodeIgniter\CodeIgniter->run()
WARNING - 2024-09-09 05:32:54 --> [DEPRECATED] Creation of dynamic property App\Controllers\AdminController::$contact is deprecated in APPPATH\Controllers\AdminController.php on line 27.
 1 SYSTEMPATH\CodeIgniter.php(913): App\Controllers\AdminController->__construct()
 2 SYSTEMPATH\CodeIgniter.php(493): CodeIgniter\CodeIgniter->createController()
 3 SYSTEMPATH\CodeIgniter.php(361): CodeIgniter\CodeIgniter->handleRequest(null, Object(Config\Cache), false)
 4 FCPATH\index.php(79): CodeIgniter\CodeIgniter->run()
WARNING - 2024-09-09 05:32:54 --> [DEPRECATED] Creation of dynamic property App\Controllers\AdminController::$subscriber is deprecated in APPPATH\Controllers\AdminController.php on line 28.
 1 SYSTEMPATH\CodeIgniter.php(913): App\Controllers\AdminController->__construct()
 2 SYSTEMPATH\CodeIgniter.php(493): CodeIgniter\CodeIgniter->createController()
 3 SYSTEMPATH\CodeIgniter.php(361): CodeIgniter\CodeIgniter->handleRequest(null, Object(Config\Cache), false)
 4 FCPATH\index.php(79): CodeIgniter\CodeIgniter->run()
INFO - 2024-09-09 05:32:54 --> Session: Class initialized using 'CodeIgniter\Session\Handlers\FileHandler' driver.
WARNING - 2024-09-09 05:33:09 --> [DEPRECATED] Creation of dynamic property App\Controllers\AdminController::$uttarakhandModel is deprecated in APPPATH\Controllers\AdminController.php on line 22.
 1 SYSTEMPATH\CodeIgniter.php(913): App\Controllers\AdminController->__construct()
 2 SYSTEMPATH\CodeIgniter.php(493): CodeIgniter\CodeIgniter->createController()
 3 SYSTEMPATH\CodeIgniter.php(361): CodeIgniter\CodeIgniter->handleRequest(null, Object(Config\Cache), false)
 4 FCPATH\index.php(79): CodeIgniter\CodeIgniter->run()
WARNING - 2024-09-09 05:33:09 --> [DEPRECATED] Creation of dynamic property App\Controllers\AdminController::$citiesModel is deprecated in APPPATH\Controllers\AdminController.php on line 23.
 1 SYSTEMPATH\CodeIgniter.php(913): App\Controllers\AdminController->__construct()
 2 SYSTEMPATH\CodeIgniter.php(493): CodeIgniter\CodeIgniter->createController()
 3 SYSTEMPATH\CodeIgniter.php(361): CodeIgniter\CodeIgniter->handleRequest(null, Object(Config\Cache), false)
 4 FCPATH\index.php(79): CodeIgniter\CodeIgniter->run()
WARNING - 2024-09-09 05:33:09 --> [DEPRECATED] Creation of dynamic property App\Controllers\AdminController::$imageModel is deprecated in APPPATH\Controllers\AdminController.php on line 24.
 1 SYSTEMPATH\CodeIgniter.php(913): App\Controllers\AdminController->__construct()
 2 SYSTEMPATH\CodeIgniter.php(493): CodeIgniter\CodeIgniter->createController()
 3 SYSTEMPATH\CodeIgniter.php(361): CodeIgniter\CodeIgniter->handleRequest(null, Object(Config\Cache), false)
 4 FCPATH\index.php(79): CodeIgniter\CodeIgniter->run()
WARNING - 2024-09-09 05:33:09 --> [DEPRECATED] Creation of dynamic property App\Controllers\AdminController::$areaModel is deprecated in APPPATH\Controllers\AdminController.php on line 25.
 1 SYSTEMPATH\CodeIgniter.php(913): App\Controllers\AdminController->__construct()
 2 SYSTEMPATH\CodeIgniter.php(493): CodeIgniter\CodeIgniter->createController()
 3 SYSTEMPATH\CodeIgniter.php(361): CodeIgniter\CodeIgniter->handleRequest(null, Object(Config\Cache), false)
 4 FCPATH\index.php(79): CodeIgniter\CodeIgniter->run()
WARNING - 2024-09-09 05:33:09 --> [DEPRECATED] Creation of dynamic property App\Controllers\AdminController::$foodModel is deprecated in APPPATH\Controllers\AdminController.php on line 26.
 1 SYSTEMPATH\CodeIgniter.php(913): App\Controllers\AdminController->__construct()
 2 SYSTEMPATH\CodeIgniter.php(493): CodeIgniter\CodeIgniter->createController()
 3 SYSTEMPATH\CodeIgniter.php(361): CodeIgniter\CodeIgniter->handleRequest(null, Object(Config\Cache), false)
 4 FCPATH\index.php(79): CodeIgniter\CodeIgniter->run()
WARNING - 2024-09-09 05:33:09 --> [DEPRECATED] Creation of dynamic property App\Controllers\AdminController::$contact is deprecated in APPPATH\Controllers\AdminController.php on line 27.
 1 SYSTEMPATH\CodeIgniter.php(913): App\Controllers\AdminController->__construct()
 2 SYSTEMPATH\CodeIgniter.php(493): CodeIgniter\CodeIgniter->createController()
 3 SYSTEMPATH\CodeIgniter.php(361): CodeIgniter\CodeIgniter->handleRequest(null, Object(Config\Cache), false)
 4 FCPATH\index.php(79): CodeIgniter\CodeIgniter->run()
WARNING - 2024-09-09 05:33:09 --> [DEPRECATED] Creation of dynamic property App\Controllers\AdminController::$subscriber is deprecated in APPPATH\Controllers\AdminController.php on line 28.
 1 SYSTEMPATH\CodeIgniter.php(913): App\Controllers\AdminController->__construct()
 2 SYSTEMPATH\CodeIgniter.php(493): CodeIgniter\CodeIgniter->createController()
 3 SYSTEMPATH\CodeIgniter.php(361): CodeIgniter\CodeIgniter->handleRequest(null, Object(Config\Cache), false)
 4 FCPATH\index.php(79): CodeIgniter\CodeIgniter->run()
INFO - 2024-09-09 05:33:09 --> Session: Class initialized using 'CodeIgniter\Session\Handlers\FileHandler' driver.
WARNING - 2024-09-09 05:34:17 --> [DEPRECATED] Creation of dynamic property App\Controllers\AdminController::$uttarakhandModel is deprecated in APPPATH\Controllers\AdminController.php on line 22.
 1 SYSTEMPATH\CodeIgniter.php(913): App\Controllers\AdminController->__construct()
 2 SYSTEMPATH\CodeIgniter.php(493): CodeIgniter\CodeIgniter->createController()
 3 SYSTEMPATH\CodeIgniter.php(361): CodeIgniter\CodeIgniter->handleRequest(null, Object(Config\Cache), false)
 4 FCPATH\index.php(79): CodeIgniter\CodeIgniter->run()
WARNING - 2024-09-09 05:34:17 --> [DEPRECATED] Creation of dynamic property App\Controllers\AdminController::$citiesModel is deprecated in APPPATH\Controllers\AdminController.php on line 23.
 1 SYSTEMPATH\CodeIgniter.php(913): App\Controllers\AdminController->__construct()
 2 SYSTEMPATH\CodeIgniter.php(493): CodeIgniter\CodeIgniter->createController()
 3 SYSTEMPATH\CodeIgniter.php(361): CodeIgniter\CodeIgniter->handleRequest(null, Object(Config\Cache), false)
 4 FCPATH\index.php(79): CodeIgniter\CodeIgniter->run()
WARNING - 2024-09-09 05:34:17 --> [DEPRECATED] Creation of dynamic property App\Controllers\AdminController::$imageModel is deprecated in APPPATH\Controllers\AdminController.php on line 24.
 1 SYSTEMPATH\CodeIgniter.php(913): App\Controllers\AdminController->__construct()
 2 SYSTEMPATH\CodeIgniter.php(493): CodeIgniter\CodeIgniter->createController()
 3 SYSTEMPATH\CodeIgniter.php(361): CodeIgniter\CodeIgniter->handleRequest(null, Object(Config\Cache), false)
 4 FCPATH\index.php(79): CodeIgniter\CodeIgniter->run()
WARNING - 2024-09-09 05:34:17 --> [DEPRECATED] Creation of dynamic property App\Controllers\AdminController::$areaModel is deprecated in APPPATH\Controllers\AdminController.php on line 25.
 1 SYSTEMPATH\CodeIgniter.php(913): App\Controllers\AdminController->__construct()
 2 SYSTEMPATH\CodeIgniter.php(493): CodeIgniter\CodeIgniter->createController()
 3 SYSTEMPATH\CodeIgniter.php(361): CodeIgniter\CodeIgniter->handleRequest(null, Object(Config\Cache), false)
 4 FCPATH\index.php(79): CodeIgniter\CodeIgniter->run()
WARNING - 2024-09-09 05:34:17 --> [DEPRECATED] Creation of dynamic property App\Controllers\AdminController::$foodModel is deprecated in APPPATH\Controllers\AdminController.php on line 26.
 1 SYSTEMPATH\CodeIgniter.php(913): App\Controllers\AdminController->__construct()
 2 SYSTEMPATH\CodeIgniter.php(493): CodeIgniter\CodeIgniter->createController()
 3 SYSTEMPATH\CodeIgniter.php(361): CodeIgniter\CodeIgniter->handleRequest(null, Object(Config\Cache), false)
 4 FCPATH\index.php(79): CodeIgniter\CodeIgniter->run()
WARNING - 2024-09-09 05:34:17 --> [DEPRECATED] Creation of dynamic property App\Controllers\AdminController::$contact is deprecated in APPPATH\Controllers\AdminController.php on line 27.
 1 SYSTEMPATH\CodeIgniter.php(913): App\Controllers\AdminController->__construct()
 2 SYSTEMPATH\CodeIgniter.php(493): CodeIgniter\CodeIgniter->createController()
 3 SYSTEMPATH\CodeIgniter.php(361): CodeIgniter\CodeIgniter->handleRequest(null, Object(Config\Cache), false)
 4 FCPATH\index.php(79): CodeIgniter\CodeIgniter->run()
WARNING - 2024-09-09 05:34:17 --> [DEPRECATED] Creation of dynamic property App\Controllers\AdminController::$subscriber is deprecated in APPPATH\Controllers\AdminController.php on line 28.
 1 SYSTEMPATH\CodeIgniter.php(913): App\Controllers\AdminController->__construct()
 2 SYSTEMPATH\CodeIgniter.php(493): CodeIgniter\CodeIgniter->createController()
 3 SYSTEMPATH\CodeIgniter.php(361): CodeIgniter\CodeIgniter->handleRequest(null, Object(Config\Cache), false)
 4 FCPATH\index.php(79): CodeIgniter\CodeIgniter->run()
INFO - 2024-09-09 05:34:17 --> Session: Class initialized using 'CodeIgniter\Session\Handlers\FileHandler' driver.
WARNING - 2024-09-09 05:34:30 --> [DEPRECATED] Creation of dynamic property App\Controllers\AdminController::$uttarakhandModel is deprecated in APPPATH\Controllers\AdminController.php on line 22.
 1 SYSTEMPATH\CodeIgniter.php(913): App\Controllers\AdminController->__construct()
 2 SYSTEMPATH\CodeIgniter.php(493): CodeIgniter\CodeIgniter->createController()
 3 SYSTEMPATH\CodeIgniter.php(361): CodeIgniter\CodeIgniter->handleRequest(null, Object(Config\Cache), false)
 4 FCPATH\index.php(79): CodeIgniter\CodeIgniter->run()
WARNING - 2024-09-09 05:34:30 --> [DEPRECATED] Creation of dynamic property App\Controllers\AdminController::$citiesModel is deprecated in APPPATH\Controllers\AdminController.php on line 23.
 1 SYSTEMPATH\CodeIgniter.php(913): App\Controllers\AdminController->__construct()
 2 SYSTEMPATH\CodeIgniter.php(493): CodeIgniter\CodeIgniter->createController()
 3 SYSTEMPATH\CodeIgniter.php(361): CodeIgniter\CodeIgniter->handleRequest(null, Object(Config\Cache), false)
 4 FCPATH\index.php(79): CodeIgniter\CodeIgniter->run()
WARNING - 2024-09-09 05:34:30 --> [DEPRECATED] Creation of dynamic property App\Controllers\AdminController::$imageModel is deprecated in APPPATH\Controllers\AdminController.php on line 24.
 1 SYSTEMPATH\CodeIgniter.php(913): App\Controllers\AdminController->__construct()
 2 SYSTEMPATH\CodeIgniter.php(493): CodeIgniter\CodeIgniter->createController()
 3 SYSTEMPATH\CodeIgniter.php(361): CodeIgniter\CodeIgniter->handleRequest(null, Object(Config\Cache), false)
 4 FCPATH\index.php(79): CodeIgniter\CodeIgniter->run()
WARNING - 2024-09-09 05:34:30 --> [DEPRECATED] Creation of dynamic property App\Controllers\AdminController::$areaModel is deprecated in APPPATH\Controllers\AdminController.php on line 25.
 1 SYSTEMPATH\CodeIgniter.php(913): App\Controllers\AdminController->__construct()
 2 SYSTEMPATH\CodeIgniter.php(493): CodeIgniter\CodeIgniter->createController()
 3 SYSTEMPATH\CodeIgniter.php(361): CodeIgniter\CodeIgniter->handleRequest(null, Object(Config\Cache), false)
 4 FCPATH\index.php(79): CodeIgniter\CodeIgniter->run()
WARNING - 2024-09-09 05:34:30 --> [DEPRECATED] Creation of dynamic property App\Controllers\AdminController::$foodModel is deprecated in APPPATH\Controllers\AdminController.php on line 26.
 1 SYSTEMPATH\CodeIgniter.php(913): App\Controllers\AdminController->__construct()
 2 SYSTEMPATH\CodeIgniter.php(493): CodeIgniter\CodeIgniter->createController()
 3 SYSTEMPATH\CodeIgniter.php(361): CodeIgniter\CodeIgniter->handleRequest(null, Object(Config\Cache), false)
 4 FCPATH\index.php(79): CodeIgniter\CodeIgniter->run()
WARNING - 2024-09-09 05:34:30 --> [DEPRECATED] Creation of dynamic property App\Controllers\AdminController::$contact is deprecated in APPPATH\Controllers\AdminController.php on line 27.
 1 SYSTEMPATH\CodeIgniter.php(913): App\Controllers\AdminController->__construct()
 2 SYSTEMPATH\CodeIgniter.php(493): CodeIgniter\CodeIgniter->createController()
 3 SYSTEMPATH\CodeIgniter.php(361): CodeIgniter\CodeIgniter->handleRequest(null, Object(Config\Cache), false)
 4 FCPATH\index.php(79): CodeIgniter\CodeIgniter->run()
WARNING - 2024-09-09 05:34:30 --> [DEPRECATED] Creation of dynamic property App\Controllers\AdminController::$subscriber is deprecated in APPPATH\Controllers\AdminController.php on line 28.
 1 SYSTEMPATH\CodeIgniter.php(913): App\Controllers\AdminController->__construct()
 2 SYSTEMPATH\CodeIgniter.php(493): CodeIgniter\CodeIgniter->createController()
 3 SYSTEMPATH\CodeIgniter.php(361): CodeIgniter\CodeIgniter->handleRequest(null, Object(Config\Cache), false)
 4 FCPATH\index.php(79): CodeIgniter\CodeIgniter->run()
INFO - 2024-09-09 05:34:30 --> Session: Class initialized using 'CodeIgniter\Session\Handlers\FileHandler' driver.
WARNING - 2024-09-09 05:36:00 --> [DEPRECATED] Creation of dynamic property App\Controllers\AdminController::$uttarakhandModel is deprecated in APPPATH\Controllers\AdminController.php on line 22.
 1 SYSTEMPATH\CodeIgniter.php(913): App\Controllers\AdminController->__construct()
 2 SYSTEMPATH\CodeIgniter.php(493): CodeIgniter\CodeIgniter->createController()
 3 SYSTEMPATH\CodeIgniter.php(361): CodeIgniter\CodeIgniter->handleRequest(null, Object(Config\Cache), false)
 4 FCPATH\index.php(79): CodeIgniter\CodeIgniter->run()
WARNING - 2024-09-09 05:36:00 --> [DEPRECATED] Creation of dynamic property App\Controllers\AdminController::$citiesModel is deprecated in APPPATH\Controllers\AdminController.php on line 23.
 1 SYSTEMPATH\CodeIgniter.php(913): App\Controllers\AdminController->__construct()
 2 SYSTEMPATH\CodeIgniter.php(493): CodeIgniter\CodeIgniter->createController()
 3 SYSTEMPATH\CodeIgniter.php(361): CodeIgniter\CodeIgniter->handleRequest(null, Object(Config\Cache), false)
 4 FCPATH\index.php(79): CodeIgniter\CodeIgniter->run()
WARNING - 2024-09-09 05:36:00 --> [DEPRECATED] Creation of dynamic property App\Controllers\AdminController::$imageModel is deprecated in APPPATH\Controllers\AdminController.php on line 24.
 1 SYSTEMPATH\CodeIgniter.php(913): App\Controllers\AdminController->__construct()
 2 SYSTEMPATH\CodeIgniter.php(493): CodeIgniter\CodeIgniter->createController()
 3 SYSTEMPATH\CodeIgniter.php(361): CodeIgniter\CodeIgniter->handleRequest(null, Object(Config\Cache), false)
 4 FCPATH\index.php(79): CodeIgniter\CodeIgniter->run()
WARNING - 2024-09-09 05:36:00 --> [DEPRECATED] Creation of dynamic property App\Controllers\AdminController::$areaModel is deprecated in APPPATH\Controllers\AdminController.php on line 25.
 1 SYSTEMPATH\CodeIgniter.php(913): App\Controllers\AdminController->__construct()
 2 SYSTEMPATH\CodeIgniter.php(493): CodeIgniter\CodeIgniter->createController()
 3 SYSTEMPATH\CodeIgniter.php(361): CodeIgniter\CodeIgniter->handleRequest(null, Object(Config\Cache), false)
 4 FCPATH\index.php(79): CodeIgniter\CodeIgniter->run()
WARNING - 2024-09-09 05:36:00 --> [DEPRECATED] Creation of dynamic property App\Controllers\AdminController::$foodModel is deprecated in APPPATH\Controllers\AdminController.php on line 26.
 1 SYSTEMPATH\CodeIgniter.php(913): App\Controllers\AdminController->__construct()
 2 SYSTEMPATH\CodeIgniter.php(493): CodeIgniter\CodeIgniter->createController()
 3 SYSTEMPATH\CodeIgniter.php(361): CodeIgniter\CodeIgniter->handleRequest(null, Object(Config\Cache), false)
 4 FCPATH\index.php(79): CodeIgniter\CodeIgniter->run()
WARNING - 2024-09-09 05:36:00 --> [DEPRECATED] Creation of dynamic property App\Controllers\AdminController::$contact is deprecated in APPPATH\Controllers\AdminController.php on line 27.
 1 SYSTEMPATH\CodeIgniter.php(913): App\Controllers\AdminController->__construct()
 2 SYSTEMPATH\CodeIgniter.php(493): CodeIgniter\CodeIgniter->createController()
 3 SYSTEMPATH\CodeIgniter.php(361): CodeIgniter\CodeIgniter->handleRequest(null, Object(Config\Cache), false)
 4 FCPATH\index.php(79): CodeIgniter\CodeIgniter->run()
WARNING - 2024-09-09 05:36:00 --> [DEPRECATED] Creation of dynamic property App\Controllers\AdminController::$subscriber is deprecated in APPPATH\Controllers\AdminController.php on line 28.
 1 SYSTEMPATH\CodeIgniter.php(913): App\Controllers\AdminController->__construct()
 2 SYSTEMPATH\CodeIgniter.php(493): CodeIgniter\CodeIgniter->createController()
 3 SYSTEMPATH\CodeIgniter.php(361): CodeIgniter\CodeIgniter->handleRequest(null, Object(Config\Cache), false)
 4 FCPATH\index.php(79): CodeIgniter\CodeIgniter->run()
INFO - 2024-09-09 05:36:00 --> Session: Class initialized using 'CodeIgniter\Session\Handlers\FileHandler' driver.
WARNING - 2024-09-09 05:36:04 --> [DEPRECATED] Creation of dynamic property App\Controllers\AdminController::$uttarakhandModel is deprecated in APPPATH\Controllers\AdminController.php on line 22.
 1 SYSTEMPATH\CodeIgniter.php(913): App\Controllers\AdminController->__construct()
 2 SYSTEMPATH\CodeIgniter.php(493): CodeIgniter\CodeIgniter->createController()
 3 SYSTEMPATH\CodeIgniter.php(361): CodeIgniter\CodeIgniter->handleRequest(null, Object(Config\Cache), false)
 4 FCPATH\index.php(79): CodeIgniter\CodeIgniter->run()
WARNING - 2024-09-09 05:36:04 --> [DEPRECATED] Creation of dynamic property App\Controllers\AdminController::$citiesModel is deprecated in APPPATH\Controllers\AdminController.php on line 23.
 1 SYSTEMPATH\CodeIgniter.php(913): App\Controllers\AdminController->__construct()
 2 SYSTEMPATH\CodeIgniter.php(493): CodeIgniter\CodeIgniter->createController()
 3 SYSTEMPATH\CodeIgniter.php(361): CodeIgniter\CodeIgniter->handleRequest(null, Object(Config\Cache), false)
 4 FCPATH\index.php(79): CodeIgniter\CodeIgniter->run()
WARNING - 2024-09-09 05:36:04 --> [DEPRECATED] Creation of dynamic property App\Controllers\AdminController::$imageModel is deprecated in APPPATH\Controllers\AdminController.php on line 24.
 1 SYSTEMPATH\CodeIgniter.php(913): App\Controllers\AdminController->__construct()
 2 SYSTEMPATH\CodeIgniter.php(493): CodeIgniter\CodeIgniter->createController()
 3 SYSTEMPATH\CodeIgniter.php(361): CodeIgniter\CodeIgniter->handleRequest(null, Object(Config\Cache), false)
 4 FCPATH\index.php(79): CodeIgniter\CodeIgniter->run()
WARNING - 2024-09-09 05:36:04 --> [DEPRECATED] Creation of dynamic property App\Controllers\AdminController::$areaModel is deprecated in APPPATH\Controllers\AdminController.php on line 25.
 1 SYSTEMPATH\CodeIgniter.php(913): App\Controllers\AdminController->__construct()
 2 SYSTEMPATH\CodeIgniter.php(493): CodeIgniter\CodeIgniter->createController()
 3 SYSTEMPATH\CodeIgniter.php(361): CodeIgniter\CodeIgniter->handleRequest(null, Object(Config\Cache), false)
 4 FCPATH\index.php(79): CodeIgniter\CodeIgniter->run()
WARNING - 2024-09-09 05:36:04 --> [DEPRECATED] Creation of dynamic property App\Controllers\AdminController::$foodModel is deprecated in APPPATH\Controllers\AdminController.php on line 26.
 1 SYSTEMPATH\CodeIgniter.php(913): App\Controllers\AdminController->__construct()
 2 SYSTEMPATH\CodeIgniter.php(493): CodeIgniter\CodeIgniter->createController()
 3 SYSTEMPATH\CodeIgniter.php(361): CodeIgniter\CodeIgniter->handleRequest(null, Object(Config\Cache), false)
 4 FCPATH\index.php(79): CodeIgniter\CodeIgniter->run()
WARNING - 2024-09-09 05:36:04 --> [DEPRECATED] Creation of dynamic property App\Controllers\AdminController::$contact is deprecated in APPPATH\Controllers\AdminController.php on line 27.
 1 SYSTEMPATH\CodeIgniter.php(913): App\Controllers\AdminController->__construct()
 2 SYSTEMPATH\CodeIgniter.php(493): CodeIgniter\CodeIgniter->createController()
 3 SYSTEMPATH\CodeIgniter.php(361): CodeIgniter\CodeIgniter->handleRequest(null, Object(Config\Cache), false)
 4 FCPATH\index.php(79): CodeIgniter\CodeIgniter->run()
WARNING - 2024-09-09 05:36:04 --> [DEPRECATED] Creation of dynamic property App\Controllers\AdminController::$subscriber is deprecated in APPPATH\Controllers\AdminController.php on line 28.
 1 SYSTEMPATH\CodeIgniter.php(913): App\Controllers\AdminController->__construct()
 2 SYSTEMPATH\CodeIgniter.php(493): CodeIgniter\CodeIgniter->createController()
 3 SYSTEMPATH\CodeIgniter.php(361): CodeIgniter\CodeIgniter->handleRequest(null, Object(Config\Cache), false)
 4 FCPATH\index.php(79): CodeIgniter\CodeIgniter->run()
INFO - 2024-09-09 05:36:04 --> Session: Class initialized using 'CodeIgniter\Session\Handlers\FileHandler' driver.
WARNING - 2024-09-09 05:36:07 --> [DEPRECATED] Creation of dynamic property App\Controllers\AdminController::$uttarakhandModel is deprecated in APPPATH\Controllers\AdminController.php on line 22.
 1 SYSTEMPATH\CodeIgniter.php(913): App\Controllers\AdminController->__construct()
 2 SYSTEMPATH\CodeIgniter.php(493): CodeIgniter\CodeIgniter->createController()
 3 SYSTEMPATH\CodeIgniter.php(361): CodeIgniter\CodeIgniter->handleRequest(null, Object(Config\Cache), false)
 4 FCPATH\index.php(79): CodeIgniter\CodeIgniter->run()
WARNING - 2024-09-09 05:36:07 --> [DEPRECATED] Creation of dynamic property App\Controllers\AdminController::$citiesModel is deprecated in APPPATH\Controllers\AdminController.php on line 23.
 1 SYSTEMPATH\CodeIgniter.php(913): App\Controllers\AdminController->__construct()
 2 SYSTEMPATH\CodeIgniter.php(493): CodeIgniter\CodeIgniter->createController()
 3 SYSTEMPATH\CodeIgniter.php(361): CodeIgniter\CodeIgniter->handleRequest(null, Object(Config\Cache), false)
 4 FCPATH\index.php(79): CodeIgniter\CodeIgniter->run()
WARNING - 2024-09-09 05:36:07 --> [DEPRECATED] Creation of dynamic property App\Controllers\AdminController::$imageModel is deprecated in APPPATH\Controllers\AdminController.php on line 24.
 1 SYSTEMPATH\CodeIgniter.php(913): App\Controllers\AdminController->__construct()
 2 SYSTEMPATH\CodeIgniter.php(493): CodeIgniter\CodeIgniter->createController()
 3 SYSTEMPATH\CodeIgniter.php(361): CodeIgniter\CodeIgniter->handleRequest(null, Object(Config\Cache), false)
 4 FCPATH\index.php(79): CodeIgniter\CodeIgniter->run()
WARNING - 2024-09-09 05:36:07 --> [DEPRECATED] Creation of dynamic property App\Controllers\AdminController::$areaModel is deprecated in APPPATH\Controllers\AdminController.php on line 25.
 1 SYSTEMPATH\CodeIgniter.php(913): App\Controllers\AdminController->__construct()
 2 SYSTEMPATH\CodeIgniter.php(493): CodeIgniter\CodeIgniter->createController()
 3 SYSTEMPATH\CodeIgniter.php(361): CodeIgniter\CodeIgniter->handleRequest(null, Object(Config\Cache), false)
 4 FCPATH\index.php(79): CodeIgniter\CodeIgniter->run()
WARNING - 2024-09-09 05:36:07 --> [DEPRECATED] Creation of dynamic property App\Controllers\AdminController::$foodModel is deprecated in APPPATH\Controllers\AdminController.php on line 26.
 1 SYSTEMPATH\CodeIgniter.php(913): App\Controllers\AdminController->__construct()
 2 SYSTEMPATH\CodeIgniter.php(493): CodeIgniter\CodeIgniter->createController()
 3 SYSTEMPATH\CodeIgniter.php(361): CodeIgniter\CodeIgniter->handleRequest(null, Object(Config\Cache), false)
 4 FCPATH\index.php(79): CodeIgniter\CodeIgniter->run()
WARNING - 2024-09-09 05:36:07 --> [DEPRECATED] Creation of dynamic property App\Controllers\AdminController::$contact is deprecated in APPPATH\Controllers\AdminController.php on line 27.
 1 SYSTEMPATH\CodeIgniter.php(913): App\Controllers\AdminController->__construct()
 2 SYSTEMPATH\CodeIgniter.php(493): CodeIgniter\CodeIgniter->createController()
 3 SYSTEMPATH\CodeIgniter.php(361): CodeIgniter\CodeIgniter->handleRequest(null, Object(Config\Cache), false)
 4 FCPATH\index.php(79): CodeIgniter\CodeIgniter->run()
WARNING - 2024-09-09 05:36:07 --> [DEPRECATED] Creation of dynamic property App\Controllers\AdminController::$subscriber is deprecated in APPPATH\Controllers\AdminController.php on line 28.
 1 SYSTEMPATH\CodeIgniter.php(913): App\Controllers\AdminController->__construct()
 2 SYSTEMPATH\CodeIgniter.php(493): CodeIgniter\CodeIgniter->createController()
 3 SYSTEMPATH\CodeIgniter.php(361): CodeIgniter\CodeIgniter->handleRequest(null, Object(Config\Cache), false)
 4 FCPATH\index.php(79): CodeIgniter\CodeIgniter->run()
INFO - 2024-09-09 05:36:07 --> Session: Class initialized using 'CodeIgniter\Session\Handlers\FileHandler' driver.
WARNING - 2024-09-09 05:36:11 --> [DEPRECATED] Creation of dynamic property App\Controllers\AdminController::$uttarakhandModel is deprecated in APPPATH\Controllers\AdminController.php on line 22.
 1 SYSTEMPATH\CodeIgniter.php(913): App\Controllers\AdminController->__construct()
 2 SYSTEMPATH\CodeIgniter.php(493): CodeIgniter\CodeIgniter->createController()
 3 SYSTEMPATH\CodeIgniter.php(361): CodeIgniter\CodeIgniter->handleRequest(null, Object(Config\Cache), false)
 4 FCPATH\index.php(79): CodeIgniter\CodeIgniter->run()
WARNING - 2024-09-09 05:36:11 --> [DEPRECATED] Creation of dynamic property App\Controllers\AdminController::$citiesModel is deprecated in APPPATH\Controllers\AdminController.php on line 23.
 1 SYSTEMPATH\CodeIgniter.php(913): App\Controllers\AdminController->__construct()
 2 SYSTEMPATH\CodeIgniter.php(493): CodeIgniter\CodeIgniter->createController()
 3 SYSTEMPATH\CodeIgniter.php(361): CodeIgniter\CodeIgniter->handleRequest(null, Object(Config\Cache), false)
 4 FCPATH\index.php(79): CodeIgniter\CodeIgniter->run()
WARNING - 2024-09-09 05:36:11 --> [DEPRECATED] Creation of dynamic property App\Controllers\AdminController::$imageModel is deprecated in APPPATH\Controllers\AdminController.php on line 24.
 1 SYSTEMPATH\CodeIgniter.php(913): App\Controllers\AdminController->__construct()
 2 SYSTEMPATH\CodeIgniter.php(493): CodeIgniter\CodeIgniter->createController()
 3 SYSTEMPATH\CodeIgniter.php(361): CodeIgniter\CodeIgniter->handleRequest(null, Object(Config\Cache), false)
 4 FCPATH\index.php(79): CodeIgniter\CodeIgniter->run()
WARNING - 2024-09-09 05:36:11 --> [DEPRECATED] Creation of dynamic property App\Controllers\AdminController::$areaModel is deprecated in APPPATH\Controllers\AdminController.php on line 25.
 1 SYSTEMPATH\CodeIgniter.php(913): App\Controllers\AdminController->__construct()
 2 SYSTEMPATH\CodeIgniter.php(493): CodeIgniter\CodeIgniter->createController()
 3 SYSTEMPATH\CodeIgniter.php(361): CodeIgniter\CodeIgniter->handleRequest(null, Object(Config\Cache), false)
 4 FCPATH\index.php(79): CodeIgniter\CodeIgniter->run()
WARNING - 2024-09-09 05:36:11 --> [DEPRECATED] Creation of dynamic property App\Controllers\AdminController::$foodModel is deprecated in APPPATH\Controllers\AdminController.php on line 26.
 1 SYSTEMPATH\CodeIgniter.php(913): App\Controllers\AdminController->__construct()
 2 SYSTEMPATH\CodeIgniter.php(493): CodeIgniter\CodeIgniter->createController()
 3 SYSTEMPATH\CodeIgniter.php(361): CodeIgniter\CodeIgniter->handleRequest(null, Object(Config\Cache), false)
 4 FCPATH\index.php(79): CodeIgniter\CodeIgniter->run()
WARNING - 2024-09-09 05:36:11 --> [DEPRECATED] Creation of dynamic property App\Controllers\AdminController::$contact is deprecated in APPPATH\Controllers\AdminController.php on line 27.
 1 SYSTEMPATH\CodeIgniter.php(913): App\Controllers\AdminController->__construct()
 2 SYSTEMPATH\CodeIgniter.php(493): CodeIgniter\CodeIgniter->createController()
 3 SYSTEMPATH\CodeIgniter.php(361): CodeIgniter\CodeIgniter->handleRequest(null, Object(Config\Cache), false)
 4 FCPATH\index.php(79): CodeIgniter\CodeIgniter->run()
WARNING - 2024-09-09 05:36:11 --> [DEPRECATED] Creation of dynamic property App\Controllers\AdminController::$subscriber is deprecated in APPPATH\Controllers\AdminController.php on line 28.
 1 SYSTEMPATH\CodeIgniter.php(913): App\Controllers\AdminController->__construct()
 2 SYSTEMPATH\CodeIgniter.php(493): CodeIgniter\CodeIgniter->createController()
 3 SYSTEMPATH\CodeIgniter.php(361): CodeIgniter\CodeIgniter->handleRequest(null, Object(Config\Cache), false)
 4 FCPATH\index.php(79): CodeIgniter\CodeIgniter->run()
INFO - 2024-09-09 05:36:11 --> Session: Class initialized using 'CodeIgniter\Session\Handlers\FileHandler' driver.
WARNING - 2024-09-09 05:36:15 --> [DEPRECATED] Creation of dynamic property App\Controllers\AdminController::$uttarakhandModel is deprecated in APPPATH\Controllers\AdminController.php on line 22.
 1 SYSTEMPATH\CodeIgniter.php(913): App\Controllers\AdminController->__construct()
 2 SYSTEMPATH\CodeIgniter.php(493): CodeIgniter\CodeIgniter->createController()
 3 SYSTEMPATH\CodeIgniter.php(361): CodeIgniter\CodeIgniter->handleRequest(null, Object(Config\Cache), false)
 4 FCPATH\index.php(79): CodeIgniter\CodeIgniter->run()
WARNING - 2024-09-09 05:36:15 --> [DEPRECATED] Creation of dynamic property App\Controllers\AdminController::$citiesModel is deprecated in APPPATH\Controllers\AdminController.php on line 23.
 1 SYSTEMPATH\CodeIgniter.php(913): App\Controllers\AdminController->__construct()
 2 SYSTEMPATH\CodeIgniter.php(493): CodeIgniter\CodeIgniter->createController()
 3 SYSTEMPATH\CodeIgniter.php(361): CodeIgniter\CodeIgniter->handleRequest(null, Object(Config\Cache), false)
 4 FCPATH\index.php(79): CodeIgniter\CodeIgniter->run()
WARNING - 2024-09-09 05:36:15 --> [DEPRECATED] Creation of dynamic property App\Controllers\AdminController::$imageModel is deprecated in APPPATH\Controllers\AdminController.php on line 24.
 1 SYSTEMPATH\CodeIgniter.php(913): App\Controllers\AdminController->__construct()
 2 SYSTEMPATH\CodeIgniter.php(493): CodeIgniter\CodeIgniter->createController()
 3 SYSTEMPATH\CodeIgniter.php(361): CodeIgniter\CodeIgniter->handleRequest(null, Object(Config\Cache), false)
 4 FCPATH\index.php(79): CodeIgniter\CodeIgniter->run()
WARNING - 2024-09-09 05:36:15 --> [DEPRECATED] Creation of dynamic property App\Controllers\AdminController::$areaModel is deprecated in APPPATH\Controllers\AdminController.php on line 25.
 1 SYSTEMPATH\CodeIgniter.php(913): App\Controllers\AdminController->__construct()
 2 SYSTEMPATH\CodeIgniter.php(493): CodeIgniter\CodeIgniter->createController()
 3 SYSTEMPATH\CodeIgniter.php(361): CodeIgniter\CodeIgniter->handleRequest(null, Object(Config\Cache), false)
 4 FCPATH\index.php(79): CodeIgniter\CodeIgniter->run()
WARNING - 2024-09-09 05:36:15 --> [DEPRECATED] Creation of dynamic property App\Controllers\AdminController::$foodModel is deprecated in APPPATH\Controllers\AdminController.php on line 26.
 1 SYSTEMPATH\CodeIgniter.php(913): App\Controllers\AdminController->__construct()
 2 SYSTEMPATH\CodeIgniter.php(493): CodeIgniter\CodeIgniter->createController()
 3 SYSTEMPATH\CodeIgniter.php(361): CodeIgniter\CodeIgniter->handleRequest(null, Object(Config\Cache), false)
 4 FCPATH\index.php(79): CodeIgniter\CodeIgniter->run()
WARNING - 2024-09-09 05:36:15 --> [DEPRECATED] Creation of dynamic property App\Controllers\AdminController::$contact is deprecated in APPPATH\Controllers\AdminController.php on line 27.
 1 SYSTEMPATH\CodeIgniter.php(913): App\Controllers\AdminController->__construct()
 2 SYSTEMPATH\CodeIgniter.php(493): CodeIgniter\CodeIgniter->createController()
 3 SYSTEMPATH\CodeIgniter.php(361): CodeIgniter\CodeIgniter->handleRequest(null, Object(Config\Cache), false)
 4 FCPATH\index.php(79): CodeIgniter\CodeIgniter->run()
WARNING - 2024-09-09 05:36:15 --> [DEPRECATED] Creation of dynamic property App\Controllers\AdminController::$subscriber is deprecated in APPPATH\Controllers\AdminController.php on line 28.
 1 SYSTEMPATH\CodeIgniter.php(913): App\Controllers\AdminController->__construct()
 2 SYSTEMPATH\CodeIgniter.php(493): CodeIgniter\CodeIgniter->createController()
 3 SYSTEMPATH\CodeIgniter.php(361): CodeIgniter\CodeIgniter->handleRequest(null, Object(Config\Cache), false)
 4 FCPATH\index.php(79): CodeIgniter\CodeIgniter->run()
INFO - 2024-09-09 05:36:15 --> Session: Class initialized using 'CodeIgniter\Session\Handlers\FileHandler' driver.
WARNING - 2024-09-09 05:36:31 --> [DEPRECATED] Creation of dynamic property App\Controllers\AdminController::$uttarakhandModel is deprecated in APPPATH\Controllers\AdminController.php on line 22.
 1 SYSTEMPATH\CodeIgniter.php(913): App\Controllers\AdminController->__construct()
 2 SYSTEMPATH\CodeIgniter.php(493): CodeIgniter\CodeIgniter->createController()
 3 SYSTEMPATH\CodeIgniter.php(361): CodeIgniter\CodeIgniter->handleRequest(null, Object(Config\Cache), false)
 4 FCPATH\index.php(79): CodeIgniter\CodeIgniter->run()
WARNING - 2024-09-09 05:36:31 --> [DEPRECATED] Creation of dynamic property App\Controllers\AdminController::$citiesModel is deprecated in APPPATH\Controllers\AdminController.php on line 23.
 1 SYSTEMPATH\CodeIgniter.php(913): App\Controllers\AdminController->__construct()
 2 SYSTEMPATH\CodeIgniter.php(493): CodeIgniter\CodeIgniter->createController()
 3 SYSTEMPATH\CodeIgniter.php(361): CodeIgniter\CodeIgniter->handleRequest(null, Object(Config\Cache), false)
 4 FCPATH\index.php(79): CodeIgniter\CodeIgniter->run()
WARNING - 2024-09-09 05:36:31 --> [DEPRECATED] Creation of dynamic property App\Controllers\AdminController::$imageModel is deprecated in APPPATH\Controllers\AdminController.php on line 24.
 1 SYSTEMPATH\CodeIgniter.php(913): App\Controllers\AdminController->__construct()
 2 SYSTEMPATH\CodeIgniter.php(493): CodeIgniter\CodeIgniter->createController()
 3 SYSTEMPATH\CodeIgniter.php(361): CodeIgniter\CodeIgniter->handleRequest(null, Object(Config\Cache), false)
 4 FCPATH\index.php(79): CodeIgniter\CodeIgniter->run()
WARNING - 2024-09-09 05:36:31 --> [DEPRECATED] Creation of dynamic property App\Controllers\AdminController::$areaModel is deprecated in APPPATH\Controllers\AdminController.php on line 25.
 1 SYSTEMPATH\CodeIgniter.php(913): App\Controllers\AdminController->__construct()
 2 SYSTEMPATH\CodeIgniter.php(493): CodeIgniter\CodeIgniter->createController()
 3 SYSTEMPATH\CodeIgniter.php(361): CodeIgniter\CodeIgniter->handleRequest(null, Object(Config\Cache), false)
 4 FCPATH\index.php(79): CodeIgniter\CodeIgniter->run()
WARNING - 2024-09-09 05:36:31 --> [DEPRECATED] Creation of dynamic property App\Controllers\AdminController::$foodModel is deprecated in APPPATH\Controllers\AdminController.php on line 26.
 1 SYSTEMPATH\CodeIgniter.php(913): App\Controllers\AdminController->__construct()
 2 SYSTEMPATH\CodeIgniter.php(493): CodeIgniter\CodeIgniter->createController()
 3 SYSTEMPATH\CodeIgniter.php(361): CodeIgniter\CodeIgniter->handleRequest(null, Object(Config\Cache), false)
 4 FCPATH\index.php(79): CodeIgniter\CodeIgniter->run()
WARNING - 2024-09-09 05:36:31 --> [DEPRECATED] Creation of dynamic property App\Controllers\AdminController::$contact is deprecated in APPPATH\Controllers\AdminController.php on line 27.
 1 SYSTEMPATH\CodeIgniter.php(913): App\Controllers\AdminController->__construct()
 2 SYSTEMPATH\CodeIgniter.php(493): CodeIgniter\CodeIgniter->createController()
 3 SYSTEMPATH\CodeIgniter.php(361): CodeIgniter\CodeIgniter->handleRequest(null, Object(Config\Cache), false)
 4 FCPATH\index.php(79): CodeIgniter\CodeIgniter->run()
WARNING - 2024-09-09 05:36:31 --> [DEPRECATED] Creation of dynamic property App\Controllers\AdminController::$subscriber is deprecated in APPPATH\Controllers\AdminController.php on line 28.
 1 SYSTEMPATH\CodeIgniter.php(913): App\Controllers\AdminController->__construct()
 2 SYSTEMPATH\CodeIgniter.php(493): CodeIgniter\CodeIgniter->createController()
 3 SYSTEMPATH\CodeIgniter.php(361): CodeIgniter\CodeIgniter->handleRequest(null, Object(Config\Cache), false)
 4 FCPATH\index.php(79): CodeIgniter\CodeIgniter->run()
INFO - 2024-09-09 05:36:31 --> Session: Class initialized using 'CodeIgniter\Session\Handlers\FileHandler' driver.
WARNING - 2024-09-09 05:36:49 --> [DEPRECATED] Creation of dynamic property App\Controllers\AdminController::$uttarakhandModel is deprecated in APPPATH\Controllers\AdminController.php on line 22.
 1 SYSTEMPATH\CodeIgniter.php(913): App\Controllers\AdminController->__construct()
 2 SYSTEMPATH\CodeIgniter.php(493): CodeIgniter\CodeIgniter->createController()
 3 SYSTEMPATH\CodeIgniter.php(361): CodeIgniter\CodeIgniter->handleRequest(null, Object(Config\Cache), false)
 4 FCPATH\index.php(79): CodeIgniter\CodeIgniter->run()
WARNING - 2024-09-09 05:36:49 --> [DEPRECATED] Creation of dynamic property App\Controllers\AdminController::$citiesModel is deprecated in APPPATH\Controllers\AdminController.php on line 23.
 1 SYSTEMPATH\CodeIgniter.php(913): App\Controllers\AdminController->__construct()
 2 SYSTEMPATH\CodeIgniter.php(493): CodeIgniter\CodeIgniter->createController()
 3 SYSTEMPATH\CodeIgniter.php(361): CodeIgniter\CodeIgniter->handleRequest(null, Object(Config\Cache), false)
 4 FCPATH\index.php(79): CodeIgniter\CodeIgniter->run()
WARNING - 2024-09-09 05:36:49 --> [DEPRECATED] Creation of dynamic property App\Controllers\AdminController::$imageModel is deprecated in APPPATH\Controllers\AdminController.php on line 24.
 1 SYSTEMPATH\CodeIgniter.php(913): App\Controllers\AdminController->__construct()
 2 SYSTEMPATH\CodeIgniter.php(493): CodeIgniter\CodeIgniter->createController()
 3 SYSTEMPATH\CodeIgniter.php(361): CodeIgniter\CodeIgniter->handleRequest(null, Object(Config\Cache), false)
 4 FCPATH\index.php(79): CodeIgniter\CodeIgniter->run()
WARNING - 2024-09-09 05:36:49 --> [DEPRECATED] Creation of dynamic property App\Controllers\AdminController::$areaModel is deprecated in APPPATH\Controllers\AdminController.php on line 25.
 1 SYSTEMPATH\CodeIgniter.php(913): App\Controllers\AdminController->__construct()
 2 SYSTEMPATH\CodeIgniter.php(493): CodeIgniter\CodeIgniter->createController()
 3 SYSTEMPATH\CodeIgniter.php(361): CodeIgniter\CodeIgniter->handleRequest(null, Object(Config\Cache), false)
 4 FCPATH\index.php(79): CodeIgniter\CodeIgniter->run()
WARNING - 2024-09-09 05:36:49 --> [DEPRECATED] Creation of dynamic property App\Controllers\AdminController::$foodModel is deprecated in APPPATH\Controllers\AdminController.php on line 26.
 1 SYSTEMPATH\CodeIgniter.php(913): App\Controllers\AdminController->__construct()
 2 SYSTEMPATH\CodeIgniter.php(493): CodeIgniter\CodeIgniter->createController()
 3 SYSTEMPATH\CodeIgniter.php(361): CodeIgniter\CodeIgniter->handleRequest(null, Object(Config\Cache), false)
 4 FCPATH\index.php(79): CodeIgniter\CodeIgniter->run()
WARNING - 2024-09-09 05:36:49 --> [DEPRECATED] Creation of dynamic property App\Controllers\AdminController::$contact is deprecated in APPPATH\Controllers\AdminController.php on line 27.
 1 SYSTEMPATH\CodeIgniter.php(913): App\Controllers\AdminController->__construct()
 2 SYSTEMPATH\CodeIgniter.php(493): CodeIgniter\CodeIgniter->createController()
 3 SYSTEMPATH\CodeIgniter.php(361): CodeIgniter\CodeIgniter->handleRequest(null, Object(Config\Cache), false)
 4 FCPATH\index.php(79): CodeIgniter\CodeIgniter->run()
WARNING - 2024-09-09 05:36:49 --> [DEPRECATED] Creation of dynamic property App\Controllers\AdminController::$subscriber is deprecated in APPPATH\Controllers\AdminController.php on line 28.
 1 SYSTEMPATH\CodeIgniter.php(913): App\Controllers\AdminController->__construct()
 2 SYSTEMPATH\CodeIgniter.php(493): CodeIgniter\CodeIgniter->createController()
 3 SYSTEMPATH\CodeIgniter.php(361): CodeIgniter\CodeIgniter->handleRequest(null, Object(Config\Cache), false)
 4 FCPATH\index.php(79): CodeIgniter\CodeIgniter->run()
INFO - 2024-09-09 05:36:49 --> Session: Class initialized using 'CodeIgniter\Session\Handlers\FileHandler' driver.
WARNING - 2024-09-09 05:36:57 --> [DEPRECATED] Creation of dynamic property App\Controllers\AdminController::$uttarakhandModel is deprecated in APPPATH\Controllers\AdminController.php on line 22.
 1 SYSTEMPATH\CodeIgniter.php(913): App\Controllers\AdminController->__construct()
 2 SYSTEMPATH\CodeIgniter.php(493): CodeIgniter\CodeIgniter->createController()
 3 SYSTEMPATH\CodeIgniter.php(361): CodeIgniter\CodeIgniter->handleRequest(null, Object(Config\Cache), false)
 4 FCPATH\index.php(79): CodeIgniter\CodeIgniter->run()
WARNING - 2024-09-09 05:36:57 --> [DEPRECATED] Creation of dynamic property App\Controllers\AdminController::$citiesModel is deprecated in APPPATH\Controllers\AdminController.php on line 23.
 1 SYSTEMPATH\CodeIgniter.php(913): App\Controllers\AdminController->__construct()
 2 SYSTEMPATH\CodeIgniter.php(493): CodeIgniter\CodeIgniter->createController()
 3 SYSTEMPATH\CodeIgniter.php(361): CodeIgniter\CodeIgniter->handleRequest(null, Object(Config\Cache), false)
 4 FCPATH\index.php(79): CodeIgniter\CodeIgniter->run()
WARNING - 2024-09-09 05:36:57 --> [DEPRECATED] Creation of dynamic property App\Controllers\AdminController::$imageModel is deprecated in APPPATH\Controllers\AdminController.php on line 24.
 1 SYSTEMPATH\CodeIgniter.php(913): App\Controllers\AdminController->__construct()
 2 SYSTEMPATH\CodeIgniter.php(493): CodeIgniter\CodeIgniter->createController()
 3 SYSTEMPATH\CodeIgniter.php(361): CodeIgniter\CodeIgniter->handleRequest(null, Object(Config\Cache), false)
 4 FCPATH\index.php(79): CodeIgniter\CodeIgniter->run()
WARNING - 2024-09-09 05:36:57 --> [DEPRECATED] Creation of dynamic property App\Controllers\AdminController::$areaModel is deprecated in APPPATH\Controllers\AdminController.php on line 25.
 1 SYSTEMPATH\CodeIgniter.php(913): App\Controllers\AdminController->__construct()
 2 SYSTEMPATH\CodeIgniter.php(493): CodeIgniter\CodeIgniter->createController()
 3 SYSTEMPATH\CodeIgniter.php(361): CodeIgniter\CodeIgniter->handleRequest(null, Object(Config\Cache), false)
 4 FCPATH\index.php(79): CodeIgniter\CodeIgniter->run()
WARNING - 2024-09-09 05:36:57 --> [DEPRECATED] Creation of dynamic property App\Controllers\AdminController::$foodModel is deprecated in APPPATH\Controllers\AdminController.php on line 26.
 1 SYSTEMPATH\CodeIgniter.php(913): App\Controllers\AdminController->__construct()
 2 SYSTEMPATH\CodeIgniter.php(493): CodeIgniter\CodeIgniter->createController()
 3 SYSTEMPATH\CodeIgniter.php(361): CodeIgniter\CodeIgniter->handleRequest(null, Object(Config\Cache), false)
 4 FCPATH\index.php(79): CodeIgniter\CodeIgniter->run()
WARNING - 2024-09-09 05:36:57 --> [DEPRECATED] Creation of dynamic property App\Controllers\AdminController::$contact is deprecated in APPPATH\Controllers\AdminController.php on line 27.
 1 SYSTEMPATH\CodeIgniter.php(913): App\Controllers\AdminController->__construct()
 2 SYSTEMPATH\CodeIgniter.php(493): CodeIgniter\CodeIgniter->createController()
 3 SYSTEMPATH\CodeIgniter.php(361): CodeIgniter\CodeIgniter->handleRequest(null, Object(Config\Cache), false)
 4 FCPATH\index.php(79): CodeIgniter\CodeIgniter->run()
WARNING - 2024-09-09 05:36:57 --> [DEPRECATED] Creation of dynamic property App\Controllers\AdminController::$subscriber is deprecated in APPPATH\Controllers\AdminController.php on line 28.
 1 SYSTEMPATH\CodeIgniter.php(913): App\Controllers\AdminController->__construct()
 2 SYSTEMPATH\CodeIgniter.php(493): CodeIgniter\CodeIgniter->createController()
 3 SYSTEMPATH\CodeIgniter.php(361): CodeIgniter\CodeIgniter->handleRequest(null, Object(Config\Cache), false)
 4 FCPATH\index.php(79): CodeIgniter\CodeIgniter->run()
INFO - 2024-09-09 05:36:57 --> Session: Class initialized using 'CodeIgniter\Session\Handlers\FileHandler' driver.
WARNING - 2024-09-09 05:37:10 --> [DEPRECATED] Creation of dynamic property App\Controllers\AdminController::$uttarakhandModel is deprecated in APPPATH\Controllers\AdminController.php on line 22.
 1 SYSTEMPATH\CodeIgniter.php(913): App\Controllers\AdminController->__construct()
 2 SYSTEMPATH\CodeIgniter.php(493): CodeIgniter\CodeIgniter->createController()
 3 SYSTEMPATH\CodeIgniter.php(361): CodeIgniter\CodeIgniter->handleRequest(null, Object(Config\Cache), false)
 4 FCPATH\index.php(79): CodeIgniter\CodeIgniter->run()
WARNING - 2024-09-09 05:37:10 --> [DEPRECATED] Creation of dynamic property App\Controllers\AdminController::$citiesModel is deprecated in APPPATH\Controllers\AdminController.php on line 23.
 1 SYSTEMPATH\CodeIgniter.php(913): App\Controllers\AdminController->__construct()
 2 SYSTEMPATH\CodeIgniter.php(493): CodeIgniter\CodeIgniter->createController()
 3 SYSTEMPATH\CodeIgniter.php(361): CodeIgniter\CodeIgniter->handleRequest(null, Object(Config\Cache), false)
 4 FCPATH\index.php(79): CodeIgniter\CodeIgniter->run()
WARNING - 2024-09-09 05:37:10 --> [DEPRECATED] Creation of dynamic property App\Controllers\AdminController::$imageModel is deprecated in APPPATH\Controllers\AdminController.php on line 24.
 1 SYSTEMPATH\CodeIgniter.php(913): App\Controllers\AdminController->__construct()
 2 SYSTEMPATH\CodeIgniter.php(493): CodeIgniter\CodeIgniter->createController()
 3 SYSTEMPATH\CodeIgniter.php(361): CodeIgniter\CodeIgniter->handleRequest(null, Object(Config\Cache), false)
 4 FCPATH\index.php(79): CodeIgniter\CodeIgniter->run()
WARNING - 2024-09-09 05:37:10 --> [DEPRECATED] Creation of dynamic property App\Controllers\AdminController::$areaModel is deprecated in APPPATH\Controllers\AdminController.php on line 25.
 1 SYSTEMPATH\CodeIgniter.php(913): App\Controllers\AdminController->__construct()
 2 SYSTEMPATH\CodeIgniter.php(493): CodeIgniter\CodeIgniter->createController()
 3 SYSTEMPATH\CodeIgniter.php(361): CodeIgniter\CodeIgniter->handleRequest(null, Object(Config\Cache), false)
 4 FCPATH\index.php(79): CodeIgniter\CodeIgniter->run()
WARNING - 2024-09-09 05:37:10 --> [DEPRECATED] Creation of dynamic property App\Controllers\AdminController::$foodModel is deprecated in APPPATH\Controllers\AdminController.php on line 26.
 1 SYSTEMPATH\CodeIgniter.php(913): App\Controllers\AdminController->__construct()
 2 SYSTEMPATH\CodeIgniter.php(493): CodeIgniter\CodeIgniter->createController()
 3 SYSTEMPATH\CodeIgniter.php(361): CodeIgniter\CodeIgniter->handleRequest(null, Object(Config\Cache), false)
 4 FCPATH\index.php(79): CodeIgniter\CodeIgniter->run()
WARNING - 2024-09-09 05:37:10 --> [DEPRECATED] Creation of dynamic property App\Controllers\AdminController::$contact is deprecated in APPPATH\Controllers\AdminController.php on line 27.
 1 SYSTEMPATH\CodeIgniter.php(913): App\Controllers\AdminController->__construct()
 2 SYSTEMPATH\CodeIgniter.php(493): CodeIgniter\CodeIgniter->createController()
 3 SYSTEMPATH\CodeIgniter.php(361): CodeIgniter\CodeIgniter->handleRequest(null, Object(Config\Cache), false)
 4 FCPATH\index.php(79): CodeIgniter\CodeIgniter->run()
WARNING - 2024-09-09 05:37:10 --> [DEPRECATED] Creation of dynamic property App\Controllers\AdminController::$subscriber is deprecated in APPPATH\Controllers\AdminController.php on line 28.
 1 SYSTEMPATH\CodeIgniter.php(913): App\Controllers\AdminController->__construct()
 2 SYSTEMPATH\CodeIgniter.php(493): CodeIgniter\CodeIgniter->createController()
 3 SYSTEMPATH\CodeIgniter.php(361): CodeIgniter\CodeIgniter->handleRequest(null, Object(Config\Cache), false)
 4 FCPATH\index.php(79): CodeIgniter\CodeIgniter->run()
INFO - 2024-09-09 05:37:10 --> Session: Class initialized using 'CodeIgniter\Session\Handlers\FileHandler' driver.
WARNING - 2024-09-09 05:37:12 --> [DEPRECATED] Creation of dynamic property App\Controllers\AdminController::$uttarakhandModel is deprecated in APPPATH\Controllers\AdminController.php on line 22.
 1 SYSTEMPATH\CodeIgniter.php(913): App\Controllers\AdminController->__construct()
 2 SYSTEMPATH\CodeIgniter.php(493): CodeIgniter\CodeIgniter->createController()
 3 SYSTEMPATH\CodeIgniter.php(361): CodeIgniter\CodeIgniter->handleRequest(null, Object(Config\Cache), false)
 4 FCPATH\index.php(79): CodeIgniter\CodeIgniter->run()
WARNING - 2024-09-09 05:37:12 --> [DEPRECATED] Creation of dynamic property App\Controllers\AdminController::$citiesModel is deprecated in APPPATH\Controllers\AdminController.php on line 23.
 1 SYSTEMPATH\CodeIgniter.php(913): App\Controllers\AdminController->__construct()
 2 SYSTEMPATH\CodeIgniter.php(493): CodeIgniter\CodeIgniter->createController()
 3 SYSTEMPATH\CodeIgniter.php(361): CodeIgniter\CodeIgniter->handleRequest(null, Object(Config\Cache), false)
 4 FCPATH\index.php(79): CodeIgniter\CodeIgniter->run()
WARNING - 2024-09-09 05:37:12 --> [DEPRECATED] Creation of dynamic property App\Controllers\AdminController::$imageModel is deprecated in APPPATH\Controllers\AdminController.php on line 24.
 1 SYSTEMPATH\CodeIgniter.php(913): App\Controllers\AdminController->__construct()
 2 SYSTEMPATH\CodeIgniter.php(493): CodeIgniter\CodeIgniter->createController()
 3 SYSTEMPATH\CodeIgniter.php(361): CodeIgniter\CodeIgniter->handleRequest(null, Object(Config\Cache), false)
 4 FCPATH\index.php(79): CodeIgniter\CodeIgniter->run()
WARNING - 2024-09-09 05:37:12 --> [DEPRECATED] Creation of dynamic property App\Controllers\AdminController::$areaModel is deprecated in APPPATH\Controllers\AdminController.php on line 25.
 1 SYSTEMPATH\CodeIgniter.php(913): App\Controllers\AdminController->__construct()
 2 SYSTEMPATH\CodeIgniter.php(493): CodeIgniter\CodeIgniter->createController()
 3 SYSTEMPATH\CodeIgniter.php(361): CodeIgniter\CodeIgniter->handleRequest(null, Object(Config\Cache), false)
 4 FCPATH\index.php(79): CodeIgniter\CodeIgniter->run()
WARNING - 2024-09-09 05:37:12 --> [DEPRECATED] Creation of dynamic property App\Controllers\AdminController::$foodModel is deprecated in APPPATH\Controllers\AdminController.php on line 26.
 1 SYSTEMPATH\CodeIgniter.php(913): App\Controllers\AdminController->__construct()
 2 SYSTEMPATH\CodeIgniter.php(493): CodeIgniter\CodeIgniter->createController()
 3 SYSTEMPATH\CodeIgniter.php(361): CodeIgniter\CodeIgniter->handleRequest(null, Object(Config\Cache), false)
 4 FCPATH\index.php(79): CodeIgniter\CodeIgniter->run()
WARNING - 2024-09-09 05:37:12 --> [DEPRECATED] Creation of dynamic property App\Controllers\AdminController::$contact is deprecated in APPPATH\Controllers\AdminController.php on line 27.
 1 SYSTEMPATH\CodeIgniter.php(913): App\Controllers\AdminController->__construct()
 2 SYSTEMPATH\CodeIgniter.php(493): CodeIgniter\CodeIgniter->createController()
 3 SYSTEMPATH\CodeIgniter.php(361): CodeIgniter\CodeIgniter->handleRequest(null, Object(Config\Cache), false)
 4 FCPATH\index.php(79): CodeIgniter\CodeIgniter->run()
WARNING - 2024-09-09 05:37:12 --> [DEPRECATED] Creation of dynamic property App\Controllers\AdminController::$subscriber is deprecated in APPPATH\Controllers\AdminController.php on line 28.
 1 SYSTEMPATH\CodeIgniter.php(913): App\Controllers\AdminController->__construct()
 2 SYSTEMPATH\CodeIgniter.php(493): CodeIgniter\CodeIgniter->createController()
 3 SYSTEMPATH\CodeIgniter.php(361): CodeIgniter\CodeIgniter->handleRequest(null, Object(Config\Cache), false)
 4 FCPATH\index.php(79): CodeIgniter\CodeIgniter->run()
INFO - 2024-09-09 05:37:12 --> Session: Class initialized using 'CodeIgniter\Session\Handlers\FileHandler' driver.
WARNING - 2024-09-09 05:37:14 --> [DEPRECATED] Creation of dynamic property App\Controllers\AdminController::$uttarakhandModel is deprecated in APPPATH\Controllers\AdminController.php on line 22.
 1 SYSTEMPATH\CodeIgniter.php(913): App\Controllers\AdminController->__construct()
 2 SYSTEMPATH\CodeIgniter.php(493): CodeIgniter\CodeIgniter->createController()
 3 SYSTEMPATH\CodeIgniter.php(361): CodeIgniter\CodeIgniter->handleRequest(null, Object(Config\Cache), false)
 4 FCPATH\index.php(79): CodeIgniter\CodeIgniter->run()
WARNING - 2024-09-09 05:37:14 --> [DEPRECATED] Creation of dynamic property App\Controllers\AdminController::$citiesModel is deprecated in APPPATH\Controllers\AdminController.php on line 23.
 1 SYSTEMPATH\CodeIgniter.php(913): App\Controllers\AdminController->__construct()
 2 SYSTEMPATH\CodeIgniter.php(493): CodeIgniter\CodeIgniter->createController()
 3 SYSTEMPATH\CodeIgniter.php(361): CodeIgniter\CodeIgniter->handleRequest(null, Object(Config\Cache), false)
 4 FCPATH\index.php(79): CodeIgniter\CodeIgniter->run()
WARNING - 2024-09-09 05:37:14 --> [DEPRECATED] Creation of dynamic property App\Controllers\AdminController::$imageModel is deprecated in APPPATH\Controllers\AdminController.php on line 24.
 1 SYSTEMPATH\CodeIgniter.php(913): App\Controllers\AdminController->__construct()
 2 SYSTEMPATH\CodeIgniter.php(493): CodeIgniter\CodeIgniter->createController()
 3 SYSTEMPATH\CodeIgniter.php(361): CodeIgniter\CodeIgniter->handleRequest(null, Object(Config\Cache), false)
 4 FCPATH\index.php(79): CodeIgniter\CodeIgniter->run()
WARNING - 2024-09-09 05:37:14 --> [DEPRECATED] Creation of dynamic property App\Controllers\AdminController::$areaModel is deprecated in APPPATH\Controllers\AdminController.php on line 25.
 1 SYSTEMPATH\CodeIgniter.php(913): App\Controllers\AdminController->__construct()
 2 SYSTEMPATH\CodeIgniter.php(493): CodeIgniter\CodeIgniter->createController()
 3 SYSTEMPATH\CodeIgniter.php(361): CodeIgniter\CodeIgniter->handleRequest(null, Object(Config\Cache), false)
 4 FCPATH\index.php(79): CodeIgniter\CodeIgniter->run()
WARNING - 2024-09-09 05:37:14 --> [DEPRECATED] Creation of dynamic property App\Controllers\AdminController::$foodModel is deprecated in APPPATH\Controllers\AdminController.php on line 26.
 1 SYSTEMPATH\CodeIgniter.php(913): App\Controllers\AdminController->__construct()
 2 SYSTEMPATH\CodeIgniter.php(493): CodeIgniter\CodeIgniter->createController()
 3 SYSTEMPATH\CodeIgniter.php(361): CodeIgniter\CodeIgniter->handleRequest(null, Object(Config\Cache), false)
 4 FCPATH\index.php(79): CodeIgniter\CodeIgniter->run()
WARNING - 2024-09-09 05:37:14 --> [DEPRECATED] Creation of dynamic property App\Controllers\AdminController::$contact is deprecated in APPPATH\Controllers\AdminController.php on line 27.
 1 SYSTEMPATH\CodeIgniter.php(913): App\Controllers\AdminController->__construct()
 2 SYSTEMPATH\CodeIgniter.php(493): CodeIgniter\CodeIgniter->createController()
 3 SYSTEMPATH\CodeIgniter.php(361): CodeIgniter\CodeIgniter->handleRequest(null, Object(Config\Cache), false)
 4 FCPATH\index.php(79): CodeIgniter\CodeIgniter->run()
WARNING - 2024-09-09 05:37:14 --> [DEPRECATED] Creation of dynamic property App\Controllers\AdminController::$subscriber is deprecated in APPPATH\Controllers\AdminController.php on line 28.
 1 SYSTEMPATH\CodeIgniter.php(913): App\Controllers\AdminController->__construct()
 2 SYSTEMPATH\CodeIgniter.php(493): CodeIgniter\CodeIgniter->createController()
 3 SYSTEMPATH\CodeIgniter.php(361): CodeIgniter\CodeIgniter->handleRequest(null, Object(Config\Cache), false)
 4 FCPATH\index.php(79): CodeIgniter\CodeIgniter->run()
INFO - 2024-09-09 05:37:14 --> Session: Class initialized using 'CodeIgniter\Session\Handlers\FileHandler' driver.
WARNING - 2024-09-09 05:37:25 --> [DEPRECATED] Creation of dynamic property App\Controllers\AdminController::$uttarakhandModel is deprecated in APPPATH\Controllers\AdminController.php on line 22.
 1 SYSTEMPATH\CodeIgniter.php(913): App\Controllers\AdminController->__construct()
 2 SYSTEMPATH\CodeIgniter.php(493): CodeIgniter\CodeIgniter->createController()
 3 SYSTEMPATH\CodeIgniter.php(361): CodeIgniter\CodeIgniter->handleRequest(null, Object(Config\Cache), false)
 4 FCPATH\index.php(79): CodeIgniter\CodeIgniter->run()
WARNING - 2024-09-09 05:37:25 --> [DEPRECATED] Creation of dynamic property App\Controllers\AdminController::$citiesModel is deprecated in APPPATH\Controllers\AdminController.php on line 23.
 1 SYSTEMPATH\CodeIgniter.php(913): App\Controllers\AdminController->__construct()
 2 SYSTEMPATH\CodeIgniter.php(493): CodeIgniter\CodeIgniter->createController()
 3 SYSTEMPATH\CodeIgniter.php(361): CodeIgniter\CodeIgniter->handleRequest(null, Object(Config\Cache), false)
 4 FCPATH\index.php(79): CodeIgniter\CodeIgniter->run()
WARNING - 2024-09-09 05:37:25 --> [DEPRECATED] Creation of dynamic property App\Controllers\AdminController::$imageModel is deprecated in APPPATH\Controllers\AdminController.php on line 24.
 1 SYSTEMPATH\CodeIgniter.php(913): App\Controllers\AdminController->__construct()
 2 SYSTEMPATH\CodeIgniter.php(493): CodeIgniter\CodeIgniter->createController()
 3 SYSTEMPATH\CodeIgniter.php(361): CodeIgniter\CodeIgniter->handleRequest(null, Object(Config\Cache), false)
 4 FCPATH\index.php(79): CodeIgniter\CodeIgniter->run()
WARNING - 2024-09-09 05:37:25 --> [DEPRECATED] Creation of dynamic property App\Controllers\AdminController::$areaModel is deprecated in APPPATH\Controllers\AdminController.php on line 25.
 1 SYSTEMPATH\CodeIgniter.php(913): App\Controllers\AdminController->__construct()
 2 SYSTEMPATH\CodeIgniter.php(493): CodeIgniter\CodeIgniter->createController()
 3 SYSTEMPATH\CodeIgniter.php(361): CodeIgniter\CodeIgniter->handleRequest(null, Object(Config\Cache), false)
 4 FCPATH\index.php(79): CodeIgniter\CodeIgniter->run()
WARNING - 2024-09-09 05:37:25 --> [DEPRECATED] Creation of dynamic property App\Controllers\AdminController::$foodModel is deprecated in APPPATH\Controllers\AdminController.php on line 26.
 1 SYSTEMPATH\CodeIgniter.php(913): App\Controllers\AdminController->__construct()
 2 SYSTEMPATH\CodeIgniter.php(493): CodeIgniter\CodeIgniter->createController()
 3 SYSTEMPATH\CodeIgniter.php(361): CodeIgniter\CodeIgniter->handleRequest(null, Object(Config\Cache), false)
 4 FCPATH\index.php(79): CodeIgniter\CodeIgniter->run()
WARNING - 2024-09-09 05:37:25 --> [DEPRECATED] Creation of dynamic property App\Controllers\AdminController::$contact is deprecated in APPPATH\Controllers\AdminController.php on line 27.
 1 SYSTEMPATH\CodeIgniter.php(913): App\Controllers\AdminController->__construct()
 2 SYSTEMPATH\CodeIgniter.php(493): CodeIgniter\CodeIgniter->createController()
 3 SYSTEMPATH\CodeIgniter.php(361): CodeIgniter\CodeIgniter->handleRequest(null, Object(Config\Cache), false)
 4 FCPATH\index.php(79): CodeIgniter\CodeIgniter->run()
WARNING - 2024-09-09 05:37:25 --> [DEPRECATED] Creation of dynamic property App\Controllers\AdminController::$subscriber is deprecated in APPPATH\Controllers\AdminController.php on line 28.
 1 SYSTEMPATH\CodeIgniter.php(913): App\Controllers\AdminController->__construct()
 2 SYSTEMPATH\CodeIgniter.php(493): CodeIgniter\CodeIgniter->createController()
 3 SYSTEMPATH\CodeIgniter.php(361): CodeIgniter\CodeIgniter->handleRequest(null, Object(Config\Cache), false)
 4 FCPATH\index.php(79): CodeIgniter\CodeIgniter->run()
INFO - 2024-09-09 05:37:25 --> Session: Class initialized using 'CodeIgniter\Session\Handlers\FileHandler' driver.
WARNING - 2024-09-09 05:43:27 --> [DEPRECATED] Creation of dynamic property App\Controllers\AdminController::$uttarakhandModel is deprecated in APPPATH\Controllers\AdminController.php on line 22.
 1 SYSTEMPATH\CodeIgniter.php(913): App\Controllers\AdminController->__construct()
 2 SYSTEMPATH\CodeIgniter.php(493): CodeIgniter\CodeIgniter->createController()
 3 SYSTEMPATH\CodeIgniter.php(361): CodeIgniter\CodeIgniter->handleRequest(null, Object(Config\Cache), false)
 4 FCPATH\index.php(79): CodeIgniter\CodeIgniter->run()
WARNING - 2024-09-09 05:43:27 --> [DEPRECATED] Creation of dynamic property App\Controllers\AdminController::$citiesModel is deprecated in APPPATH\Controllers\AdminController.php on line 23.
 1 SYSTEMPATH\CodeIgniter.php(913): App\Controllers\AdminController->__construct()
 2 SYSTEMPATH\CodeIgniter.php(493): CodeIgniter\CodeIgniter->createController()
 3 SYSTEMPATH\CodeIgniter.php(361): CodeIgniter\CodeIgniter->handleRequest(null, Object(Config\Cache), false)
 4 FCPATH\index.php(79): CodeIgniter\CodeIgniter->run()
WARNING - 2024-09-09 05:43:27 --> [DEPRECATED] Creation of dynamic property App\Controllers\AdminController::$imageModel is deprecated in APPPATH\Controllers\AdminController.php on line 24.
 1 SYSTEMPATH\CodeIgniter.php(913): App\Controllers\AdminController->__construct()
 2 SYSTEMPATH\CodeIgniter.php(493): CodeIgniter\CodeIgniter->createController()
 3 SYSTEMPATH\CodeIgniter.php(361): CodeIgniter\CodeIgniter->handleRequest(null, Object(Config\Cache), false)
 4 FCPATH\index.php(79): CodeIgniter\CodeIgniter->run()
WARNING - 2024-09-09 05:43:27 --> [DEPRECATED] Creation of dynamic property App\Controllers\AdminController::$areaModel is deprecated in APPPATH\Controllers\AdminController.php on line 25.
 1 SYSTEMPATH\CodeIgniter.php(913): App\Controllers\AdminController->__construct()
 2 SYSTEMPATH\CodeIgniter.php(493): CodeIgniter\CodeIgniter->createController()
 3 SYSTEMPATH\CodeIgniter.php(361): CodeIgniter\CodeIgniter->handleRequest(null, Object(Config\Cache), false)
 4 FCPATH\index.php(79): CodeIgniter\CodeIgniter->run()
WARNING - 2024-09-09 05:43:27 --> [DEPRECATED] Creation of dynamic property App\Controllers\AdminController::$foodModel is deprecated in APPPATH\Controllers\AdminController.php on line 26.
 1 SYSTEMPATH\CodeIgniter.php(913): App\Controllers\AdminController->__construct()
 2 SYSTEMPATH\CodeIgniter.php(493): CodeIgniter\CodeIgniter->createController()
 3 SYSTEMPATH\CodeIgniter.php(361): CodeIgniter\CodeIgniter->handleRequest(null, Object(Config\Cache), false)
 4 FCPATH\index.php(79): CodeIgniter\CodeIgniter->run()
WARNING - 2024-09-09 05:43:27 --> [DEPRECATED] Creation of dynamic property App\Controllers\AdminController::$contact is deprecated in APPPATH\Controllers\AdminController.php on line 27.
 1 SYSTEMPATH\CodeIgniter.php(913): App\Controllers\AdminController->__construct()
 2 SYSTEMPATH\CodeIgniter.php(493): CodeIgniter\CodeIgniter->createController()
 3 SYSTEMPATH\CodeIgniter.php(361): CodeIgniter\CodeIgniter->handleRequest(null, Object(Config\Cache), false)
 4 FCPATH\index.php(79): CodeIgniter\CodeIgniter->run()
WARNING - 2024-09-09 05:43:27 --> [DEPRECATED] Creation of dynamic property App\Controllers\AdminController::$subscriber is deprecated in APPPATH\Controllers\AdminController.php on line 28.
 1 SYSTEMPATH\CodeIgniter.php(913): App\Controllers\AdminController->__construct()
 2 SYSTEMPATH\CodeIgniter.php(493): CodeIgniter\CodeIgniter->createController()
 3 SYSTEMPATH\CodeIgniter.php(361): CodeIgniter\CodeIgniter->handleRequest(null, Object(Config\Cache), false)
 4 FCPATH\index.php(79): CodeIgniter\CodeIgniter->run()
INFO - 2024-09-09 05:43:27 --> Session: Class initialized using 'CodeIgniter\Session\Handlers\FileHandler' driver.
WARNING - 2024-09-09 05:43:31 --> [DEPRECATED] Creation of dynamic property App\Controllers\AdminController::$uttarakhandModel is deprecated in APPPATH\Controllers\AdminController.php on line 22.
 1 SYSTEMPATH\CodeIgniter.php(913): App\Controllers\AdminController->__construct()
 2 SYSTEMPATH\CodeIgniter.php(493): CodeIgniter\CodeIgniter->createController()
 3 SYSTEMPATH\CodeIgniter.php(361): CodeIgniter\CodeIgniter->handleRequest(null, Object(Config\Cache), false)
 4 FCPATH\index.php(79): CodeIgniter\CodeIgniter->run()
WARNING - 2024-09-09 05:43:31 --> [DEPRECATED] Creation of dynamic property App\Controllers\AdminController::$citiesModel is deprecated in APPPATH\Controllers\AdminController.php on line 23.
 1 SYSTEMPATH\CodeIgniter.php(913): App\Controllers\AdminController->__construct()
 2 SYSTEMPATH\CodeIgniter.php(493): CodeIgniter\CodeIgniter->createController()
 3 SYSTEMPATH\CodeIgniter.php(361): CodeIgniter\CodeIgniter->handleRequest(null, Object(Config\Cache), false)
 4 FCPATH\index.php(79): CodeIgniter\CodeIgniter->run()
WARNING - 2024-09-09 05:43:31 --> [DEPRECATED] Creation of dynamic property App\Controllers\AdminController::$imageModel is deprecated in APPPATH\Controllers\AdminController.php on line 24.
 1 SYSTEMPATH\CodeIgniter.php(913): App\Controllers\AdminController->__construct()
 2 SYSTEMPATH\CodeIgniter.php(493): CodeIgniter\CodeIgniter->createController()
 3 SYSTEMPATH\CodeIgniter.php(361): CodeIgniter\CodeIgniter->handleRequest(null, Object(Config\Cache), false)
 4 FCPATH\index.php(79): CodeIgniter\CodeIgniter->run()
WARNING - 2024-09-09 05:43:31 --> [DEPRECATED] Creation of dynamic property App\Controllers\AdminController::$areaModel is deprecated in APPPATH\Controllers\AdminController.php on line 25.
 1 SYSTEMPATH\CodeIgniter.php(913): App\Controllers\AdminController->__construct()
 2 SYSTEMPATH\CodeIgniter.php(493): CodeIgniter\CodeIgniter->createController()
 3 SYSTEMPATH\CodeIgniter.php(361): CodeIgniter\CodeIgniter->handleRequest(null, Object(Config\Cache), false)
 4 FCPATH\index.php(79): CodeIgniter\CodeIgniter->run()
WARNING - 2024-09-09 05:43:31 --> [DEPRECATED] Creation of dynamic property App\Controllers\AdminController::$foodModel is deprecated in APPPATH\Controllers\AdminController.php on line 26.
 1 SYSTEMPATH\CodeIgniter.php(913): App\Controllers\AdminController->__construct()
 2 SYSTEMPATH\CodeIgniter.php(493): CodeIgniter\CodeIgniter->createController()
 3 SYSTEMPATH\CodeIgniter.php(361): CodeIgniter\CodeIgniter->handleRequest(null, Object(Config\Cache), false)
 4 FCPATH\index.php(79): CodeIgniter\CodeIgniter->run()
WARNING - 2024-09-09 05:43:31 --> [DEPRECATED] Creation of dynamic property App\Controllers\AdminController::$contact is deprecated in APPPATH\Controllers\AdminController.php on line 27.
 1 SYSTEMPATH\CodeIgniter.php(913): App\Controllers\AdminController->__construct()
 2 SYSTEMPATH\CodeIgniter.php(493): CodeIgniter\CodeIgniter->createController()
 3 SYSTEMPATH\CodeIgniter.php(361): CodeIgniter\CodeIgniter->handleRequest(null, Object(Config\Cache), false)
 4 FCPATH\index.php(79): CodeIgniter\CodeIgniter->run()
WARNING - 2024-09-09 05:43:31 --> [DEPRECATED] Creation of dynamic property App\Controllers\AdminController::$subscriber is deprecated in APPPATH\Controllers\AdminController.php on line 28.
 1 SYSTEMPATH\CodeIgniter.php(913): App\Controllers\AdminController->__construct()
 2 SYSTEMPATH\CodeIgniter.php(493): CodeIgniter\CodeIgniter->createController()
 3 SYSTEMPATH\CodeIgniter.php(361): CodeIgniter\CodeIgniter->handleRequest(null, Object(Config\Cache), false)
 4 FCPATH\index.php(79): CodeIgniter\CodeIgniter->run()
INFO - 2024-09-09 05:43:31 --> Session: Class initialized using 'CodeIgniter\Session\Handlers\FileHandler' driver.
WARNING - 2024-09-09 05:43:38 --> [DEPRECATED] Creation of dynamic property App\Controllers\AdminController::$uttarakhandModel is deprecated in APPPATH\Controllers\AdminController.php on line 22.
 1 SYSTEMPATH\CodeIgniter.php(913): App\Controllers\AdminController->__construct()
 2 SYSTEMPATH\CodeIgniter.php(493): CodeIgniter\CodeIgniter->createController()
 3 SYSTEMPATH\CodeIgniter.php(361): CodeIgniter\CodeIgniter->handleRequest(null, Object(Config\Cache), false)
 4 FCPATH\index.php(79): CodeIgniter\CodeIgniter->run()
WARNING - 2024-09-09 05:43:38 --> [DEPRECATED] Creation of dynamic property App\Controllers\AdminController::$citiesModel is deprecated in APPPATH\Controllers\AdminController.php on line 23.
 1 SYSTEMPATH\CodeIgniter.php(913): App\Controllers\AdminController->__construct()
 2 SYSTEMPATH\CodeIgniter.php(493): CodeIgniter\CodeIgniter->createController()
 3 SYSTEMPATH\CodeIgniter.php(361): CodeIgniter\CodeIgniter->handleRequest(null, Object(Config\Cache), false)
 4 FCPATH\index.php(79): CodeIgniter\CodeIgniter->run()
WARNING - 2024-09-09 05:43:38 --> [DEPRECATED] Creation of dynamic property App\Controllers\AdminController::$imageModel is deprecated in APPPATH\Controllers\AdminController.php on line 24.
 1 SYSTEMPATH\CodeIgniter.php(913): App\Controllers\AdminController->__construct()
 2 SYSTEMPATH\CodeIgniter.php(493): CodeIgniter\CodeIgniter->createController()
 3 SYSTEMPATH\CodeIgniter.php(361): CodeIgniter\CodeIgniter->handleRequest(null, Object(Config\Cache), false)
 4 FCPATH\index.php(79): CodeIgniter\CodeIgniter->run()
WARNING - 2024-09-09 05:43:38 --> [DEPRECATED] Creation of dynamic property App\Controllers\AdminController::$areaModel is deprecated in APPPATH\Controllers\AdminController.php on line 25.
 1 SYSTEMPATH\CodeIgniter.php(913): App\Controllers\AdminController->__construct()
 2 SYSTEMPATH\CodeIgniter.php(493): CodeIgniter\CodeIgniter->createController()
 3 SYSTEMPATH\CodeIgniter.php(361): CodeIgniter\CodeIgniter->handleRequest(null, Object(Config\Cache), false)
 4 FCPATH\index.php(79): CodeIgniter\CodeIgniter->run()
WARNING - 2024-09-09 05:43:38 --> [DEPRECATED] Creation of dynamic property App\Controllers\AdminController::$foodModel is deprecated in APPPATH\Controllers\AdminController.php on line 26.
 1 SYSTEMPATH\CodeIgniter.php(913): App\Controllers\AdminController->__construct()
 2 SYSTEMPATH\CodeIgniter.php(493): CodeIgniter\CodeIgniter->createController()
 3 SYSTEMPATH\CodeIgniter.php(361): CodeIgniter\CodeIgniter->handleRequest(null, Object(Config\Cache), false)
 4 FCPATH\index.php(79): CodeIgniter\CodeIgniter->run()
WARNING - 2024-09-09 05:43:38 --> [DEPRECATED] Creation of dynamic property App\Controllers\AdminController::$contact is deprecated in APPPATH\Controllers\AdminController.php on line 27.
 1 SYSTEMPATH\CodeIgniter.php(913): App\Controllers\AdminController->__construct()
 2 SYSTEMPATH\CodeIgniter.php(493): CodeIgniter\CodeIgniter->createController()
 3 SYSTEMPATH\CodeIgniter.php(361): CodeIgniter\CodeIgniter->handleRequest(null, Object(Config\Cache), false)
 4 FCPATH\index.php(79): CodeIgniter\CodeIgniter->run()
WARNING - 2024-09-09 05:43:38 --> [DEPRECATED] Creation of dynamic property App\Controllers\AdminController::$subscriber is deprecated in APPPATH\Controllers\AdminController.php on line 28.
 1 SYSTEMPATH\CodeIgniter.php(913): App\Controllers\AdminController->__construct()
 2 SYSTEMPATH\CodeIgniter.php(493): CodeIgniter\CodeIgniter->createController()
 3 SYSTEMPATH\CodeIgniter.php(361): CodeIgniter\CodeIgniter->handleRequest(null, Object(Config\Cache), false)
 4 FCPATH\index.php(79): CodeIgniter\CodeIgniter->run()
INFO - 2024-09-09 05:43:38 --> Session: Class initialized using 'CodeIgniter\Session\Handlers\FileHandler' driver.
WARNING - 2024-09-09 05:43:41 --> [DEPRECATED] Creation of dynamic property App\Controllers\AdminController::$uttarakhandModel is deprecated in APPPATH\Controllers\AdminController.php on line 22.
 1 SYSTEMPATH\CodeIgniter.php(913): App\Controllers\AdminController->__construct()
 2 SYSTEMPATH\CodeIgniter.php(493): CodeIgniter\CodeIgniter->createController()
 3 SYSTEMPATH\CodeIgniter.php(361): CodeIgniter\CodeIgniter->handleRequest(null, Object(Config\Cache), false)
 4 FCPATH\index.php(79): CodeIgniter\CodeIgniter->run()
WARNING - 2024-09-09 05:43:41 --> [DEPRECATED] Creation of dynamic property App\Controllers\AdminController::$citiesModel is deprecated in APPPATH\Controllers\AdminController.php on line 23.
 1 SYSTEMPATH\CodeIgniter.php(913): App\Controllers\AdminController->__construct()
 2 SYSTEMPATH\CodeIgniter.php(493): CodeIgniter\CodeIgniter->createController()
 3 SYSTEMPATH\CodeIgniter.php(361): CodeIgniter\CodeIgniter->handleRequest(null, Object(Config\Cache), false)
 4 FCPATH\index.php(79): CodeIgniter\CodeIgniter->run()
WARNING - 2024-09-09 05:43:41 --> [DEPRECATED] Creation of dynamic property App\Controllers\AdminController::$imageModel is deprecated in APPPATH\Controllers\AdminController.php on line 24.
 1 SYSTEMPATH\CodeIgniter.php(913): App\Controllers\AdminController->__construct()
 2 SYSTEMPATH\CodeIgniter.php(493): CodeIgniter\CodeIgniter->createController()
 3 SYSTEMPATH\CodeIgniter.php(361): CodeIgniter\CodeIgniter->handleRequest(null, Object(Config\Cache), false)
 4 FCPATH\index.php(79): CodeIgniter\CodeIgniter->run()
WARNING - 2024-09-09 05:43:41 --> [DEPRECATED] Creation of dynamic property App\Controllers\AdminController::$areaModel is deprecated in APPPATH\Controllers\AdminController.php on line 25.
 1 SYSTEMPATH\CodeIgniter.php(913): App\Controllers\AdminController->__construct()
 2 SYSTEMPATH\CodeIgniter.php(493): CodeIgniter\CodeIgniter->createController()
 3 SYSTEMPATH\CodeIgniter.php(361): CodeIgniter\CodeIgniter->handleRequest(null, Object(Config\Cache), false)
 4 FCPATH\index.php(79): CodeIgniter\CodeIgniter->run()
WARNING - 2024-09-09 05:43:41 --> [DEPRECATED] Creation of dynamic property App\Controllers\AdminController::$foodModel is deprecated in APPPATH\Controllers\AdminController.php on line 26.
 1 SYSTEMPATH\CodeIgniter.php(913): App\Controllers\AdminController->__construct()
 2 SYSTEMPATH\CodeIgniter.php(493): CodeIgniter\CodeIgniter->createController()
 3 SYSTEMPATH\CodeIgniter.php(361): CodeIgniter\CodeIgniter->handleRequest(null, Object(Config\Cache), false)
 4 FCPATH\index.php(79): CodeIgniter\CodeIgniter->run()
WARNING - 2024-09-09 05:43:41 --> [DEPRECATED] Creation of dynamic property App\Controllers\AdminController::$contact is deprecated in APPPATH\Controllers\AdminController.php on line 27.
 1 SYSTEMPATH\CodeIgniter.php(913): App\Controllers\AdminController->__construct()
 2 SYSTEMPATH\CodeIgniter.php(493): CodeIgniter\CodeIgniter->createController()
 3 SYSTEMPATH\CodeIgniter.php(361): CodeIgniter\CodeIgniter->handleRequest(null, Object(Config\Cache), false)
 4 FCPATH\index.php(79): CodeIgniter\CodeIgniter->run()
WARNING - 2024-09-09 05:43:41 --> [DEPRECATED] Creation of dynamic property App\Controllers\AdminController::$subscriber is deprecated in APPPATH\Controllers\AdminController.php on line 28.
 1 SYSTEMPATH\CodeIgniter.php(913): App\Controllers\AdminController->__construct()
 2 SYSTEMPATH\CodeIgniter.php(493): CodeIgniter\CodeIgniter->createController()
 3 SYSTEMPATH\CodeIgniter.php(361): CodeIgniter\CodeIgniter->handleRequest(null, Object(Config\Cache), false)
 4 FCPATH\index.php(79): CodeIgniter\CodeIgniter->run()
INFO - 2024-09-09 05:43:41 --> Session: Class initialized using 'CodeIgniter\Session\Handlers\FileHandler' driver.
WARNING - 2024-09-09 05:43:51 --> [DEPRECATED] Creation of dynamic property App\Controllers\AdminController::$uttarakhandModel is deprecated in APPPATH\Controllers\AdminController.php on line 22.
 1 SYSTEMPATH\CodeIgniter.php(913): App\Controllers\AdminController->__construct()
 2 SYSTEMPATH\CodeIgniter.php(493): CodeIgniter\CodeIgniter->createController()
 3 SYSTEMPATH\CodeIgniter.php(361): CodeIgniter\CodeIgniter->handleRequest(null, Object(Config\Cache), false)
 4 FCPATH\index.php(79): CodeIgniter\CodeIgniter->run()
WARNING - 2024-09-09 05:43:51 --> [DEPRECATED] Creation of dynamic property App\Controllers\AdminController::$citiesModel is deprecated in APPPATH\Controllers\AdminController.php on line 23.
 1 SYSTEMPATH\CodeIgniter.php(913): App\Controllers\AdminController->__construct()
 2 SYSTEMPATH\CodeIgniter.php(493): CodeIgniter\CodeIgniter->createController()
 3 SYSTEMPATH\CodeIgniter.php(361): CodeIgniter\CodeIgniter->handleRequest(null, Object(Config\Cache), false)
 4 FCPATH\index.php(79): CodeIgniter\CodeIgniter->run()
WARNING - 2024-09-09 05:43:51 --> [DEPRECATED] Creation of dynamic property App\Controllers\AdminController::$imageModel is deprecated in APPPATH\Controllers\AdminController.php on line 24.
 1 SYSTEMPATH\CodeIgniter.php(913): App\Controllers\AdminController->__construct()
 2 SYSTEMPATH\CodeIgniter.php(493): CodeIgniter\CodeIgniter->createController()
 3 SYSTEMPATH\CodeIgniter.php(361): CodeIgniter\CodeIgniter->handleRequest(null, Object(Config\Cache), false)
 4 FCPATH\index.php(79): CodeIgniter\CodeIgniter->run()
WARNING - 2024-09-09 05:43:51 --> [DEPRECATED] Creation of dynamic property App\Controllers\AdminController::$areaModel is deprecated in APPPATH\Controllers\AdminController.php on line 25.
 1 SYSTEMPATH\CodeIgniter.php(913): App\Controllers\AdminController->__construct()
 2 SYSTEMPATH\CodeIgniter.php(493): CodeIgniter\CodeIgniter->createController()
 3 SYSTEMPATH\CodeIgniter.php(361): CodeIgniter\CodeIgniter->handleRequest(null, Object(Config\Cache), false)
 4 FCPATH\index.php(79): CodeIgniter\CodeIgniter->run()
WARNING - 2024-09-09 05:43:51 --> [DEPRECATED] Creation of dynamic property App\Controllers\AdminController::$foodModel is deprecated in APPPATH\Controllers\AdminController.php on line 26.
 1 SYSTEMPATH\CodeIgniter.php(913): App\Controllers\AdminController->__construct()
 2 SYSTEMPATH\CodeIgniter.php(493): CodeIgniter\CodeIgniter->createController()
 3 SYSTEMPATH\CodeIgniter.php(361): CodeIgniter\CodeIgniter->handleRequest(null, Object(Config\Cache), false)
 4 FCPATH\index.php(79): CodeIgniter\CodeIgniter->run()
WARNING - 2024-09-09 05:43:51 --> [DEPRECATED] Creation of dynamic property App\Controllers\AdminController::$contact is deprecated in APPPATH\Controllers\AdminController.php on line 27.
 1 SYSTEMPATH\CodeIgniter.php(913): App\Controllers\AdminController->__construct()
 2 SYSTEMPATH\CodeIgniter.php(493): CodeIgniter\CodeIgniter->createController()
 3 SYSTEMPATH\CodeIgniter.php(361): CodeIgniter\CodeIgniter->handleRequest(null, Object(Config\Cache), false)
 4 FCPATH\index.php(79): CodeIgniter\CodeIgniter->run()
WARNING - 2024-09-09 05:43:51 --> [DEPRECATED] Creation of dynamic property App\Controllers\AdminController::$subscriber is deprecated in APPPATH\Controllers\AdminController.php on line 28.
 1 SYSTEMPATH\CodeIgniter.php(913): App\Controllers\AdminController->__construct()
 2 SYSTEMPATH\CodeIgniter.php(493): CodeIgniter\CodeIgniter->createController()
 3 SYSTEMPATH\CodeIgniter.php(361): CodeIgniter\CodeIgniter->handleRequest(null, Object(Config\Cache), false)
 4 FCPATH\index.php(79): CodeIgniter\CodeIgniter->run()
INFO - 2024-09-09 05:43:51 --> Session: Class initialized using 'CodeIgniter\Session\Handlers\FileHandler' driver.
WARNING - 2024-09-09 05:44:02 --> [DEPRECATED] Creation of dynamic property App\Controllers\AdminController::$uttarakhandModel is deprecated in APPPATH\Controllers\AdminController.php on line 22.
 1 SYSTEMPATH\CodeIgniter.php(913): App\Controllers\AdminController->__construct()
 2 SYSTEMPATH\CodeIgniter.php(493): CodeIgniter\CodeIgniter->createController()
 3 SYSTEMPATH\CodeIgniter.php(361): CodeIgniter\CodeIgniter->handleRequest(null, Object(Config\Cache), false)
 4 FCPATH\index.php(79): CodeIgniter\CodeIgniter->run()
WARNING - 2024-09-09 05:44:02 --> [DEPRECATED] Creation of dynamic property App\Controllers\AdminController::$citiesModel is deprecated in APPPATH\Controllers\AdminController.php on line 23.
 1 SYSTEMPATH\CodeIgniter.php(913): App\Controllers\AdminController->__construct()
 2 SYSTEMPATH\CodeIgniter.php(493): CodeIgniter\CodeIgniter->createController()
 3 SYSTEMPATH\CodeIgniter.php(361): CodeIgniter\CodeIgniter->handleRequest(null, Object(Config\Cache), false)
 4 FCPATH\index.php(79): CodeIgniter\CodeIgniter->run()
WARNING - 2024-09-09 05:44:02 --> [DEPRECATED] Creation of dynamic property App\Controllers\AdminController::$imageModel is deprecated in APPPATH\Controllers\AdminController.php on line 24.
 1 SYSTEMPATH\CodeIgniter.php(913): App\Controllers\AdminController->__construct()
 2 SYSTEMPATH\CodeIgniter.php(493): CodeIgniter\CodeIgniter->createController()
 3 SYSTEMPATH\CodeIgniter.php(361): CodeIgniter\CodeIgniter->handleRequest(null, Object(Config\Cache), false)
 4 FCPATH\index.php(79): CodeIgniter\CodeIgniter->run()
WARNING - 2024-09-09 05:44:02 --> [DEPRECATED] Creation of dynamic property App\Controllers\AdminController::$areaModel is deprecated in APPPATH\Controllers\AdminController.php on line 25.
 1 SYSTEMPATH\CodeIgniter.php(913): App\Controllers\AdminController->__construct()
 2 SYSTEMPATH\CodeIgniter.php(493): CodeIgniter\CodeIgniter->createController()
 3 SYSTEMPATH\CodeIgniter.php(361): CodeIgniter\CodeIgniter->handleRequest(null, Object(Config\Cache), false)
 4 FCPATH\index.php(79): CodeIgniter\CodeIgniter->run()
WARNING - 2024-09-09 05:44:02 --> [DEPRECATED] Creation of dynamic property App\Controllers\AdminController::$foodModel is deprecated in APPPATH\Controllers\AdminController.php on line 26.
 1 SYSTEMPATH\CodeIgniter.php(913): App\Controllers\AdminController->__construct()
 2 SYSTEMPATH\CodeIgniter.php(493): CodeIgniter\CodeIgniter->createController()
 3 SYSTEMPATH\CodeIgniter.php(361): CodeIgniter\CodeIgniter->handleRequest(null, Object(Config\Cache), false)
 4 FCPATH\index.php(79): CodeIgniter\CodeIgniter->run()
WARNING - 2024-09-09 05:44:02 --> [DEPRECATED] Creation of dynamic property App\Controllers\AdminController::$contact is deprecated in APPPATH\Controllers\AdminController.php on line 27.
 1 SYSTEMPATH\CodeIgniter.php(913): App\Controllers\AdminController->__construct()
 2 SYSTEMPATH\CodeIgniter.php(493): CodeIgniter\CodeIgniter->createController()
 3 SYSTEMPATH\CodeIgniter.php(361): CodeIgniter\CodeIgniter->handleRequest(null, Object(Config\Cache), false)
 4 FCPATH\index.php(79): CodeIgniter\CodeIgniter->run()
WARNING - 2024-09-09 05:44:02 --> [DEPRECATED] Creation of dynamic property App\Controllers\AdminController::$subscriber is deprecated in APPPATH\Controllers\AdminController.php on line 28.
 1 SYSTEMPATH\CodeIgniter.php(913): App\Controllers\AdminController->__construct()
 2 SYSTEMPATH\CodeIgniter.php(493): CodeIgniter\CodeIgniter->createController()
 3 SYSTEMPATH\CodeIgniter.php(361): CodeIgniter\CodeIgniter->handleRequest(null, Object(Config\Cache), false)
 4 FCPATH\index.php(79): CodeIgniter\CodeIgniter->run()
INFO - 2024-09-09 05:44:02 --> Session: Class initialized using 'CodeIgniter\Session\Handlers\FileHandler' driver.
WARNING - 2024-09-09 05:44:17 --> [DEPRECATED] Creation of dynamic property App\Controllers\AdminController::$uttarakhandModel is deprecated in APPPATH\Controllers\AdminController.php on line 22.
 1 SYSTEMPATH\CodeIgniter.php(913): App\Controllers\AdminController->__construct()
 2 SYSTEMPATH\CodeIgniter.php(493): CodeIgniter\CodeIgniter->createController()
 3 SYSTEMPATH\CodeIgniter.php(361): CodeIgniter\CodeIgniter->handleRequest(null, Object(Config\Cache), false)
 4 FCPATH\index.php(79): CodeIgniter\CodeIgniter->run()
WARNING - 2024-09-09 05:44:17 --> [DEPRECATED] Creation of dynamic property App\Controllers\AdminController::$citiesModel is deprecated in APPPATH\Controllers\AdminController.php on line 23.
 1 SYSTEMPATH\CodeIgniter.php(913): App\Controllers\AdminController->__construct()
 2 SYSTEMPATH\CodeIgniter.php(493): CodeIgniter\CodeIgniter->createController()
 3 SYSTEMPATH\CodeIgniter.php(361): CodeIgniter\CodeIgniter->handleRequest(null, Object(Config\Cache), false)
 4 FCPATH\index.php(79): CodeIgniter\CodeIgniter->run()
WARNING - 2024-09-09 05:44:17 --> [DEPRECATED] Creation of dynamic property App\Controllers\AdminController::$imageModel is deprecated in APPPATH\Controllers\AdminController.php on line 24.
 1 SYSTEMPATH\CodeIgniter.php(913): App\Controllers\AdminController->__construct()
 2 SYSTEMPATH\CodeIgniter.php(493): CodeIgniter\CodeIgniter->createController()
 3 SYSTEMPATH\CodeIgniter.php(361): CodeIgniter\CodeIgniter->handleRequest(null, Object(Config\Cache), false)
 4 FCPATH\index.php(79): CodeIgniter\CodeIgniter->run()
WARNING - 2024-09-09 05:44:17 --> [DEPRECATED] Creation of dynamic property App\Controllers\AdminController::$areaModel is deprecated in APPPATH\Controllers\AdminController.php on line 25.
 1 SYSTEMPATH\CodeIgniter.php(913): App\Controllers\AdminController->__construct()
 2 SYSTEMPATH\CodeIgniter.php(493): CodeIgniter\CodeIgniter->createController()
 3 SYSTEMPATH\CodeIgniter.php(361): CodeIgniter\CodeIgniter->handleRequest(null, Object(Config\Cache), false)
 4 FCPATH\index.php(79): CodeIgniter\CodeIgniter->run()
WARNING - 2024-09-09 05:44:17 --> [DEPRECATED] Creation of dynamic property App\Controllers\AdminController::$foodModel is deprecated in APPPATH\Controllers\AdminController.php on line 26.
 1 SYSTEMPATH\CodeIgniter.php(913): App\Controllers\AdminController->__construct()
 2 SYSTEMPATH\CodeIgniter.php(493): CodeIgniter\CodeIgniter->createController()
 3 SYSTEMPATH\CodeIgniter.php(361): CodeIgniter\CodeIgniter->handleRequest(null, Object(Config\Cache), false)
 4 FCPATH\index.php(79): CodeIgniter\CodeIgniter->run()
WARNING - 2024-09-09 05:44:17 --> [DEPRECATED] Creation of dynamic property App\Controllers\AdminController::$contact is deprecated in APPPATH\Controllers\AdminController.php on line 27.
 1 SYSTEMPATH\CodeIgniter.php(913): App\Controllers\AdminController->__construct()
 2 SYSTEMPATH\CodeIgniter.php(493): CodeIgniter\CodeIgniter->createController()
 3 SYSTEMPATH\CodeIgniter.php(361): CodeIgniter\CodeIgniter->handleRequest(null, Object(Config\Cache), false)
 4 FCPATH\index.php(79): CodeIgniter\CodeIgniter->run()
WARNING - 2024-09-09 05:44:17 --> [DEPRECATED] Creation of dynamic property App\Controllers\AdminController::$subscriber is deprecated in APPPATH\Controllers\AdminController.php on line 28.
 1 SYSTEMPATH\CodeIgniter.php(913): App\Controllers\AdminController->__construct()
 2 SYSTEMPATH\CodeIgniter.php(493): CodeIgniter\CodeIgniter->createController()
 3 SYSTEMPATH\CodeIgniter.php(361): CodeIgniter\CodeIgniter->handleRequest(null, Object(Config\Cache), false)
 4 FCPATH\index.php(79): CodeIgniter\CodeIgniter->run()
INFO - 2024-09-09 05:44:17 --> Session: Class initialized using 'CodeIgniter\Session\Handlers\FileHandler' driver.
WARNING - 2024-09-09 05:44:21 --> [DEPRECATED] Creation of dynamic property App\Controllers\AdminController::$uttarakhandModel is deprecated in APPPATH\Controllers\AdminController.php on line 22.
 1 SYSTEMPATH\CodeIgniter.php(913): App\Controllers\AdminController->__construct()
 2 SYSTEMPATH\CodeIgniter.php(493): CodeIgniter\CodeIgniter->createController()
 3 SYSTEMPATH\CodeIgniter.php(361): CodeIgniter\CodeIgniter->handleRequest(null, Object(Config\Cache), false)
 4 FCPATH\index.php(79): CodeIgniter\CodeIgniter->run()
WARNING - 2024-09-09 05:44:21 --> [DEPRECATED] Creation of dynamic property App\Controllers\AdminController::$citiesModel is deprecated in APPPATH\Controllers\AdminController.php on line 23.
 1 SYSTEMPATH\CodeIgniter.php(913): App\Controllers\AdminController->__construct()
 2 SYSTEMPATH\CodeIgniter.php(493): CodeIgniter\CodeIgniter->createController()
 3 SYSTEMPATH\CodeIgniter.php(361): CodeIgniter\CodeIgniter->handleRequest(null, Object(Config\Cache), false)
 4 FCPATH\index.php(79): CodeIgniter\CodeIgniter->run()
WARNING - 2024-09-09 05:44:21 --> [DEPRECATED] Creation of dynamic property App\Controllers\AdminController::$imageModel is deprecated in APPPATH\Controllers\AdminController.php on line 24.
 1 SYSTEMPATH\CodeIgniter.php(913): App\Controllers\AdminController->__construct()
 2 SYSTEMPATH\CodeIgniter.php(493): CodeIgniter\CodeIgniter->createController()
 3 SYSTEMPATH\CodeIgniter.php(361): CodeIgniter\CodeIgniter->handleRequest(null, Object(Config\Cache), false)
 4 FCPATH\index.php(79): CodeIgniter\CodeIgniter->run()
WARNING - 2024-09-09 05:44:21 --> [DEPRECATED] Creation of dynamic property App\Controllers\AdminController::$areaModel is deprecated in APPPATH\Controllers\AdminController.php on line 25.
 1 SYSTEMPATH\CodeIgniter.php(913): App\Controllers\AdminController->__construct()
 2 SYSTEMPATH\CodeIgniter.php(493): CodeIgniter\CodeIgniter->createController()
 3 SYSTEMPATH\CodeIgniter.php(361): CodeIgniter\CodeIgniter->handleRequest(null, Object(Config\Cache), false)
 4 FCPATH\index.php(79): CodeIgniter\CodeIgniter->run()
WARNING - 2024-09-09 05:44:21 --> [DEPRECATED] Creation of dynamic property App\Controllers\AdminController::$foodModel is deprecated in APPPATH\Controllers\AdminController.php on line 26.
 1 SYSTEMPATH\CodeIgniter.php(913): App\Controllers\AdminController->__construct()
 2 SYSTEMPATH\CodeIgniter.php(493): CodeIgniter\CodeIgniter->createController()
 3 SYSTEMPATH\CodeIgniter.php(361): CodeIgniter\CodeIgniter->handleRequest(null, Object(Config\Cache), false)
 4 FCPATH\index.php(79): CodeIgniter\CodeIgniter->run()
WARNING - 2024-09-09 05:44:21 --> [DEPRECATED] Creation of dynamic property App\Controllers\AdminController::$contact is deprecated in APPPATH\Controllers\AdminController.php on line 27.
 1 SYSTEMPATH\CodeIgniter.php(913): App\Controllers\AdminController->__construct()
 2 SYSTEMPATH\CodeIgniter.php(493): CodeIgniter\CodeIgniter->createController()
 3 SYSTEMPATH\CodeIgniter.php(361): CodeIgniter\CodeIgniter->handleRequest(null, Object(Config\Cache), false)
 4 FCPATH\index.php(79): CodeIgniter\CodeIgniter->run()
WARNING - 2024-09-09 05:44:21 --> [DEPRECATED] Creation of dynamic property App\Controllers\AdminController::$subscriber is deprecated in APPPATH\Controllers\AdminController.php on line 28.
 1 SYSTEMPATH\CodeIgniter.php(913): App\Controllers\AdminController->__construct()
 2 SYSTEMPATH\CodeIgniter.php(493): CodeIgniter\CodeIgniter->createController()
 3 SYSTEMPATH\CodeIgniter.php(361): CodeIgniter\CodeIgniter->handleRequest(null, Object(Config\Cache), false)
 4 FCPATH\index.php(79): CodeIgniter\CodeIgniter->run()
INFO - 2024-09-09 05:44:21 --> Session: Class initialized using 'CodeIgniter\Session\Handlers\FileHandler' driver.
WARNING - 2024-09-09 05:44:33 --> [DEPRECATED] Creation of dynamic property App\Controllers\AdminController::$uttarakhandModel is deprecated in APPPATH\Controllers\AdminController.php on line 22.
 1 SYSTEMPATH\CodeIgniter.php(913): App\Controllers\AdminController->__construct()
 2 SYSTEMPATH\CodeIgniter.php(493): CodeIgniter\CodeIgniter->createController()
 3 SYSTEMPATH\CodeIgniter.php(361): CodeIgniter\CodeIgniter->handleRequest(null, Object(Config\Cache), false)
 4 FCPATH\index.php(79): CodeIgniter\CodeIgniter->run()
WARNING - 2024-09-09 05:44:33 --> [DEPRECATED] Creation of dynamic property App\Controllers\AdminController::$citiesModel is deprecated in APPPATH\Controllers\AdminController.php on line 23.
 1 SYSTEMPATH\CodeIgniter.php(913): App\Controllers\AdminController->__construct()
 2 SYSTEMPATH\CodeIgniter.php(493): CodeIgniter\CodeIgniter->createController()
 3 SYSTEMPATH\CodeIgniter.php(361): CodeIgniter\CodeIgniter->handleRequest(null, Object(Config\Cache), false)
 4 FCPATH\index.php(79): CodeIgniter\CodeIgniter->run()
WARNING - 2024-09-09 05:44:33 --> [DEPRECATED] Creation of dynamic property App\Controllers\AdminController::$imageModel is deprecated in APPPATH\Controllers\AdminController.php on line 24.
 1 SYSTEMPATH\CodeIgniter.php(913): App\Controllers\AdminController->__construct()
 2 SYSTEMPATH\CodeIgniter.php(493): CodeIgniter\CodeIgniter->createController()
 3 SYSTEMPATH\CodeIgniter.php(361): CodeIgniter\CodeIgniter->handleRequest(null, Object(Config\Cache), false)
 4 FCPATH\index.php(79): CodeIgniter\CodeIgniter->run()
WARNING - 2024-09-09 05:44:33 --> [DEPRECATED] Creation of dynamic property App\Controllers\AdminController::$areaModel is deprecated in APPPATH\Controllers\AdminController.php on line 25.
 1 SYSTEMPATH\CodeIgniter.php(913): App\Controllers\AdminController->__construct()
 2 SYSTEMPATH\CodeIgniter.php(493): CodeIgniter\CodeIgniter->createController()
 3 SYSTEMPATH\CodeIgniter.php(361): CodeIgniter\CodeIgniter->handleRequest(null, Object(Config\Cache), false)
 4 FCPATH\index.php(79): CodeIgniter\CodeIgniter->run()
WARNING - 2024-09-09 05:44:33 --> [DEPRECATED] Creation of dynamic property App\Controllers\AdminController::$foodModel is deprecated in APPPATH\Controllers\AdminController.php on line 26.
 1 SYSTEMPATH\CodeIgniter.php(913): App\Controllers\AdminController->__construct()
 2 SYSTEMPATH\CodeIgniter.php(493): CodeIgniter\CodeIgniter->createController()
 3 SYSTEMPATH\CodeIgniter.php(361): CodeIgniter\CodeIgniter->handleRequest(null, Object(Config\Cache), false)
 4 FCPATH\index.php(79): CodeIgniter\CodeIgniter->run()
WARNING - 2024-09-09 05:44:33 --> [DEPRECATED] Creation of dynamic property App\Controllers\AdminController::$contact is deprecated in APPPATH\Controllers\AdminController.php on line 27.
 1 SYSTEMPATH\CodeIgniter.php(913): App\Controllers\AdminController->__construct()
 2 SYSTEMPATH\CodeIgniter.php(493): CodeIgniter\CodeIgniter->createController()
 3 SYSTEMPATH\CodeIgniter.php(361): CodeIgniter\CodeIgniter->handleRequest(null, Object(Config\Cache), false)
 4 FCPATH\index.php(79): CodeIgniter\CodeIgniter->run()
WARNING - 2024-09-09 05:44:33 --> [DEPRECATED] Creation of dynamic property App\Controllers\AdminController::$subscriber is deprecated in APPPATH\Controllers\AdminController.php on line 28.
 1 SYSTEMPATH\CodeIgniter.php(913): App\Controllers\AdminController->__construct()
 2 SYSTEMPATH\CodeIgniter.php(493): CodeIgniter\CodeIgniter->createController()
 3 SYSTEMPATH\CodeIgniter.php(361): CodeIgniter\CodeIgniter->handleRequest(null, Object(Config\Cache), false)
 4 FCPATH\index.php(79): CodeIgniter\CodeIgniter->run()
INFO - 2024-09-09 05:44:33 --> Session: Class initialized using 'CodeIgniter\Session\Handlers\FileHandler' driver.
WARNING - 2024-09-09 05:44:33 --> [DEPRECATED] Creation of dynamic property App\Controllers\AdminController::$uttarakhandModel is deprecated in APPPATH\Controllers\AdminController.php on line 22.
 1 SYSTEMPATH\CodeIgniter.php(913): App\Controllers\AdminController->__construct()
 2 SYSTEMPATH\CodeIgniter.php(493): CodeIgniter\CodeIgniter->createController()
 3 SYSTEMPATH\CodeIgniter.php(361): CodeIgniter\CodeIgniter->handleRequest(null, Object(Config\Cache), false)
 4 FCPATH\index.php(79): CodeIgniter\CodeIgniter->run()
WARNING - 2024-09-09 05:44:33 --> [DEPRECATED] Creation of dynamic property App\Controllers\AdminController::$citiesModel is deprecated in APPPATH\Controllers\AdminController.php on line 23.
 1 SYSTEMPATH\CodeIgniter.php(913): App\Controllers\AdminController->__construct()
 2 SYSTEMPATH\CodeIgniter.php(493): CodeIgniter\CodeIgniter->createController()
 3 SYSTEMPATH\CodeIgniter.php(361): CodeIgniter\CodeIgniter->handleRequest(null, Object(Config\Cache), false)
 4 FCPATH\index.php(79): CodeIgniter\CodeIgniter->run()
WARNING - 2024-09-09 05:44:33 --> [DEPRECATED] Creation of dynamic property App\Controllers\AdminController::$imageModel is deprecated in APPPATH\Controllers\AdminController.php on line 24.
 1 SYSTEMPATH\CodeIgniter.php(913): App\Controllers\AdminController->__construct()
 2 SYSTEMPATH\CodeIgniter.php(493): CodeIgniter\CodeIgniter->createController()
 3 SYSTEMPATH\CodeIgniter.php(361): CodeIgniter\CodeIgniter->handleRequest(null, Object(Config\Cache), false)
 4 FCPATH\index.php(79): CodeIgniter\CodeIgniter->run()
WARNING - 2024-09-09 05:44:33 --> [DEPRECATED] Creation of dynamic property App\Controllers\AdminController::$areaModel is deprecated in APPPATH\Controllers\AdminController.php on line 25.
 1 SYSTEMPATH\CodeIgniter.php(913): App\Controllers\AdminController->__construct()
 2 SYSTEMPATH\CodeIgniter.php(493): CodeIgniter\CodeIgniter->createController()
 3 SYSTEMPATH\CodeIgniter.php(361): CodeIgniter\CodeIgniter->handleRequest(null, Object(Config\Cache), false)
 4 FCPATH\index.php(79): CodeIgniter\CodeIgniter->run()
WARNING - 2024-09-09 05:44:33 --> [DEPRECATED] Creation of dynamic property App\Controllers\AdminController::$foodModel is deprecated in APPPATH\Controllers\AdminController.php on line 26.
 1 SYSTEMPATH\CodeIgniter.php(913): App\Controllers\AdminController->__construct()
 2 SYSTEMPATH\CodeIgniter.php(493): CodeIgniter\CodeIgniter->createController()
 3 SYSTEMPATH\CodeIgniter.php(361): CodeIgniter\CodeIgniter->handleRequest(null, Object(Config\Cache), false)
 4 FCPATH\index.php(79): CodeIgniter\CodeIgniter->run()
WARNING - 2024-09-09 05:44:33 --> [DEPRECATED] Creation of dynamic property App\Controllers\AdminController::$contact is deprecated in APPPATH\Controllers\AdminController.php on line 27.
 1 SYSTEMPATH\CodeIgniter.php(913): App\Controllers\AdminController->__construct()
 2 SYSTEMPATH\CodeIgniter.php(493): CodeIgniter\CodeIgniter->createController()
 3 SYSTEMPATH\CodeIgniter.php(361): CodeIgniter\CodeIgniter->handleRequest(null, Object(Config\Cache), false)
 4 FCPATH\index.php(79): CodeIgniter\CodeIgniter->run()
WARNING - 2024-09-09 05:44:33 --> [DEPRECATED] Creation of dynamic property App\Controllers\AdminController::$subscriber is deprecated in APPPATH\Controllers\AdminController.php on line 28.
 1 SYSTEMPATH\CodeIgniter.php(913): App\Controllers\AdminController->__construct()
 2 SYSTEMPATH\CodeIgniter.php(493): CodeIgniter\CodeIgniter->createController()
 3 SYSTEMPATH\CodeIgniter.php(361): CodeIgniter\CodeIgniter->handleRequest(null, Object(Config\Cache), false)
 4 FCPATH\index.php(79): CodeIgniter\CodeIgniter->run()
INFO - 2024-09-09 05:44:33 --> Session: Class initialized using 'CodeIgniter\Session\Handlers\FileHandler' driver.
WARNING - 2024-09-09 05:44:38 --> [DEPRECATED] Creation of dynamic property App\Controllers\AdminController::$uttarakhandModel is deprecated in APPPATH\Controllers\AdminController.php on line 22.
 1 SYSTEMPATH\CodeIgniter.php(913): App\Controllers\AdminController->__construct()
 2 SYSTEMPATH\CodeIgniter.php(493): CodeIgniter\CodeIgniter->createController()
 3 SYSTEMPATH\CodeIgniter.php(361): CodeIgniter\CodeIgniter->handleRequest(null, Object(Config\Cache), false)
 4 FCPATH\index.php(79): CodeIgniter\CodeIgniter->run()
WARNING - 2024-09-09 05:44:38 --> [DEPRECATED] Creation of dynamic property App\Controllers\AdminController::$citiesModel is deprecated in APPPATH\Controllers\AdminController.php on line 23.
 1 SYSTEMPATH\CodeIgniter.php(913): App\Controllers\AdminController->__construct()
 2 SYSTEMPATH\CodeIgniter.php(493): CodeIgniter\CodeIgniter->createController()
 3 SYSTEMPATH\CodeIgniter.php(361): CodeIgniter\CodeIgniter->handleRequest(null, Object(Config\Cache), false)
 4 FCPATH\index.php(79): CodeIgniter\CodeIgniter->run()
WARNING - 2024-09-09 05:44:38 --> [DEPRECATED] Creation of dynamic property App\Controllers\AdminController::$imageModel is deprecated in APPPATH\Controllers\AdminController.php on line 24.
 1 SYSTEMPATH\CodeIgniter.php(913): App\Controllers\AdminController->__construct()
 2 SYSTEMPATH\CodeIgniter.php(493): CodeIgniter\CodeIgniter->createController()
 3 SYSTEMPATH\CodeIgniter.php(361): CodeIgniter\CodeIgniter->handleRequest(null, Object(Config\Cache), false)
 4 FCPATH\index.php(79): CodeIgniter\CodeIgniter->run()
WARNING - 2024-09-09 05:44:38 --> [DEPRECATED] Creation of dynamic property App\Controllers\AdminController::$areaModel is deprecated in APPPATH\Controllers\AdminController.php on line 25.
 1 SYSTEMPATH\CodeIgniter.php(913): App\Controllers\AdminController->__construct()
 2 SYSTEMPATH\CodeIgniter.php(493): CodeIgniter\CodeIgniter->createController()
 3 SYSTEMPATH\CodeIgniter.php(361): CodeIgniter\CodeIgniter->handleRequest(null, Object(Config\Cache), false)
 4 FCPATH\index.php(79): CodeIgniter\CodeIgniter->run()
WARNING - 2024-09-09 05:44:38 --> [DEPRECATED] Creation of dynamic property App\Controllers\AdminController::$foodModel is deprecated in APPPATH\Controllers\AdminController.php on line 26.
 1 SYSTEMPATH\CodeIgniter.php(913): App\Controllers\AdminController->__construct()
 2 SYSTEMPATH\CodeIgniter.php(493): CodeIgniter\CodeIgniter->createController()
 3 SYSTEMPATH\CodeIgniter.php(361): CodeIgniter\CodeIgniter->handleRequest(null, Object(Config\Cache), false)
 4 FCPATH\index.php(79): CodeIgniter\CodeIgniter->run()
WARNING - 2024-09-09 05:44:38 --> [DEPRECATED] Creation of dynamic property App\Controllers\AdminController::$contact is deprecated in APPPATH\Controllers\AdminController.php on line 27.
 1 SYSTEMPATH\CodeIgniter.php(913): App\Controllers\AdminController->__construct()
 2 SYSTEMPATH\CodeIgniter.php(493): CodeIgniter\CodeIgniter->createController()
 3 SYSTEMPATH\CodeIgniter.php(361): CodeIgniter\CodeIgniter->handleRequest(null, Object(Config\Cache), false)
 4 FCPATH\index.php(79): CodeIgniter\CodeIgniter->run()
WARNING - 2024-09-09 05:44:38 --> [DEPRECATED] Creation of dynamic property App\Controllers\AdminController::$subscriber is deprecated in APPPATH\Controllers\AdminController.php on line 28.
 1 SYSTEMPATH\CodeIgniter.php(913): App\Controllers\AdminController->__construct()
 2 SYSTEMPATH\CodeIgniter.php(493): CodeIgniter\CodeIgniter->createController()
 3 SYSTEMPATH\CodeIgniter.php(361): CodeIgniter\CodeIgniter->handleRequest(null, Object(Config\Cache), false)
 4 FCPATH\index.php(79): CodeIgniter\CodeIgniter->run()
INFO - 2024-09-09 05:44:38 --> Session: Class initialized using 'CodeIgniter\Session\Handlers\FileHandler' driver.
WARNING - 2024-09-09 05:44:40 --> [DEPRECATED] Creation of dynamic property App\Controllers\AdminController::$uttarakhandModel is deprecated in APPPATH\Controllers\AdminController.php on line 22.
 1 SYSTEMPATH\CodeIgniter.php(913): App\Controllers\AdminController->__construct()
 2 SYSTEMPATH\CodeIgniter.php(493): CodeIgniter\CodeIgniter->createController()
 3 SYSTEMPATH\CodeIgniter.php(361): CodeIgniter\CodeIgniter->handleRequest(null, Object(Config\Cache), false)
 4 FCPATH\index.php(79): CodeIgniter\CodeIgniter->run()
WARNING - 2024-09-09 05:44:40 --> [DEPRECATED] Creation of dynamic property App\Controllers\AdminController::$citiesModel is deprecated in APPPATH\Controllers\AdminController.php on line 23.
 1 SYSTEMPATH\CodeIgniter.php(913): App\Controllers\AdminController->__construct()
 2 SYSTEMPATH\CodeIgniter.php(493): CodeIgniter\CodeIgniter->createController()
 3 SYSTEMPATH\CodeIgniter.php(361): CodeIgniter\CodeIgniter->handleRequest(null, Object(Config\Cache), false)
 4 FCPATH\index.php(79): CodeIgniter\CodeIgniter->run()
WARNING - 2024-09-09 05:44:40 --> [DEPRECATED] Creation of dynamic property App\Controllers\AdminController::$imageModel is deprecated in APPPATH\Controllers\AdminController.php on line 24.
 1 SYSTEMPATH\CodeIgniter.php(913): App\Controllers\AdminController->__construct()
 2 SYSTEMPATH\CodeIgniter.php(493): CodeIgniter\CodeIgniter->createController()
 3 SYSTEMPATH\CodeIgniter.php(361): CodeIgniter\CodeIgniter->handleRequest(null, Object(Config\Cache), false)
 4 FCPATH\index.php(79): CodeIgniter\CodeIgniter->run()
WARNING - 2024-09-09 05:44:40 --> [DEPRECATED] Creation of dynamic property App\Controllers\AdminController::$areaModel is deprecated in APPPATH\Controllers\AdminController.php on line 25.
 1 SYSTEMPATH\CodeIgniter.php(913): App\Controllers\AdminController->__construct()
 2 SYSTEMPATH\CodeIgniter.php(493): CodeIgniter\CodeIgniter->createController()
 3 SYSTEMPATH\CodeIgniter.php(361): CodeIgniter\CodeIgniter->handleRequest(null, Object(Config\Cache), false)
 4 FCPATH\index.php(79): CodeIgniter\CodeIgniter->run()
WARNING - 2024-09-09 05:44:40 --> [DEPRECATED] Creation of dynamic property App\Controllers\AdminController::$foodModel is deprecated in APPPATH\Controllers\AdminController.php on line 26.
 1 SYSTEMPATH\CodeIgniter.php(913): App\Controllers\AdminController->__construct()
 2 SYSTEMPATH\CodeIgniter.php(493): CodeIgniter\CodeIgniter->createController()
 3 SYSTEMPATH\CodeIgniter.php(361): CodeIgniter\CodeIgniter->handleRequest(null, Object(Config\Cache), false)
 4 FCPATH\index.php(79): CodeIgniter\CodeIgniter->run()
WARNING - 2024-09-09 05:44:40 --> [DEPRECATED] Creation of dynamic property App\Controllers\AdminController::$contact is deprecated in APPPATH\Controllers\AdminController.php on line 27.
 1 SYSTEMPATH\CodeIgniter.php(913): App\Controllers\AdminController->__construct()
 2 SYSTEMPATH\CodeIgniter.php(493): CodeIgniter\CodeIgniter->createController()
 3 SYSTEMPATH\CodeIgniter.php(361): CodeIgniter\CodeIgniter->handleRequest(null, Object(Config\Cache), false)
 4 FCPATH\index.php(79): CodeIgniter\CodeIgniter->run()
WARNING - 2024-09-09 05:44:40 --> [DEPRECATED] Creation of dynamic property App\Controllers\AdminController::$subscriber is deprecated in APPPATH\Controllers\AdminController.php on line 28.
 1 SYSTEMPATH\CodeIgniter.php(913): App\Controllers\AdminController->__construct()
 2 SYSTEMPATH\CodeIgniter.php(493): CodeIgniter\CodeIgniter->createController()
 3 SYSTEMPATH\CodeIgniter.php(361): CodeIgniter\CodeIgniter->handleRequest(null, Object(Config\Cache), false)
 4 FCPATH\index.php(79): CodeIgniter\CodeIgniter->run()
INFO - 2024-09-09 05:44:40 --> Session: Class initialized using 'CodeIgniter\Session\Handlers\FileHandler' driver.
WARNING - 2024-09-09 05:44:53 --> [DEPRECATED] Creation of dynamic property App\Controllers\AdminController::$uttarakhandModel is deprecated in APPPATH\Controllers\AdminController.php on line 22.
 1 SYSTEMPATH\CodeIgniter.php(913): App\Controllers\AdminController->__construct()
 2 SYSTEMPATH\CodeIgniter.php(493): CodeIgniter\CodeIgniter->createController()
 3 SYSTEMPATH\CodeIgniter.php(361): CodeIgniter\CodeIgniter->handleRequest(null, Object(Config\Cache), false)
 4 FCPATH\index.php(79): CodeIgniter\CodeIgniter->run()
WARNING - 2024-09-09 05:44:53 --> [DEPRECATED] Creation of dynamic property App\Controllers\AdminController::$citiesModel is deprecated in APPPATH\Controllers\AdminController.php on line 23.
 1 SYSTEMPATH\CodeIgniter.php(913): App\Controllers\AdminController->__construct()
 2 SYSTEMPATH\CodeIgniter.php(493): CodeIgniter\CodeIgniter->createController()
 3 SYSTEMPATH\CodeIgniter.php(361): CodeIgniter\CodeIgniter->handleRequest(null, Object(Config\Cache), false)
 4 FCPATH\index.php(79): CodeIgniter\CodeIgniter->run()
WARNING - 2024-09-09 05:44:53 --> [DEPRECATED] Creation of dynamic property App\Controllers\AdminController::$imageModel is deprecated in APPPATH\Controllers\AdminController.php on line 24.
 1 SYSTEMPATH\CodeIgniter.php(913): App\Controllers\AdminController->__construct()
 2 SYSTEMPATH\CodeIgniter.php(493): CodeIgniter\CodeIgniter->createController()
 3 SYSTEMPATH\CodeIgniter.php(361): CodeIgniter\CodeIgniter->handleRequest(null, Object(Config\Cache), false)
 4 FCPATH\index.php(79): CodeIgniter\CodeIgniter->run()
WARNING - 2024-09-09 05:44:53 --> [DEPRECATED] Creation of dynamic property App\Controllers\AdminController::$areaModel is deprecated in APPPATH\Controllers\AdminController.php on line 25.
 1 SYSTEMPATH\CodeIgniter.php(913): App\Controllers\AdminController->__construct()
 2 SYSTEMPATH\CodeIgniter.php(493): CodeIgniter\CodeIgniter->createController()
 3 SYSTEMPATH\CodeIgniter.php(361): CodeIgniter\CodeIgniter->handleRequest(null, Object(Config\Cache), false)
 4 FCPATH\index.php(79): CodeIgniter\CodeIgniter->run()
WARNING - 2024-09-09 05:44:53 --> [DEPRECATED] Creation of dynamic property App\Controllers\AdminController::$foodModel is deprecated in APPPATH\Controllers\AdminController.php on line 26.
 1 SYSTEMPATH\CodeIgniter.php(913): App\Controllers\AdminController->__construct()
 2 SYSTEMPATH\CodeIgniter.php(493): CodeIgniter\CodeIgniter->createController()
 3 SYSTEMPATH\CodeIgniter.php(361): CodeIgniter\CodeIgniter->handleRequest(null, Object(Config\Cache), false)
 4 FCPATH\index.php(79): CodeIgniter\CodeIgniter->run()
WARNING - 2024-09-09 05:44:53 --> [DEPRECATED] Creation of dynamic property App\Controllers\AdminController::$contact is deprecated in APPPATH\Controllers\AdminController.php on line 27.
 1 SYSTEMPATH\CodeIgniter.php(913): App\Controllers\AdminController->__construct()
 2 SYSTEMPATH\CodeIgniter.php(493): CodeIgniter\CodeIgniter->createController()
 3 SYSTEMPATH\CodeIgniter.php(361): CodeIgniter\CodeIgniter->handleRequest(null, Object(Config\Cache), false)
 4 FCPATH\index.php(79): CodeIgniter\CodeIgniter->run()
WARNING - 2024-09-09 05:44:53 --> [DEPRECATED] Creation of dynamic property App\Controllers\AdminController::$subscriber is deprecated in APPPATH\Controllers\AdminController.php on line 28.
 1 SYSTEMPATH\CodeIgniter.php(913): App\Controllers\AdminController->__construct()
 2 SYSTEMPATH\CodeIgniter.php(493): CodeIgniter\CodeIgniter->createController()
 3 SYSTEMPATH\CodeIgniter.php(361): CodeIgniter\CodeIgniter->handleRequest(null, Object(Config\Cache), false)
 4 FCPATH\index.php(79): CodeIgniter\CodeIgniter->run()
INFO - 2024-09-09 05:44:53 --> Session: Class initialized using 'CodeIgniter\Session\Handlers\FileHandler' driver.
WARNING - 2024-09-09 05:44:55 --> [DEPRECATED] Creation of dynamic property App\Controllers\AdminController::$uttarakhandModel is deprecated in APPPATH\Controllers\AdminController.php on line 22.
 1 SYSTEMPATH\CodeIgniter.php(913): App\Controllers\AdminController->__construct()
 2 SYSTEMPATH\CodeIgniter.php(493): CodeIgniter\CodeIgniter->createController()
 3 SYSTEMPATH\CodeIgniter.php(361): CodeIgniter\CodeIgniter->handleRequest(null, Object(Config\Cache), false)
 4 FCPATH\index.php(79): CodeIgniter\CodeIgniter->run()
WARNING - 2024-09-09 05:44:55 --> [DEPRECATED] Creation of dynamic property App\Controllers\AdminController::$citiesModel is deprecated in APPPATH\Controllers\AdminController.php on line 23.
 1 SYSTEMPATH\CodeIgniter.php(913): App\Controllers\AdminController->__construct()
 2 SYSTEMPATH\CodeIgniter.php(493): CodeIgniter\CodeIgniter->createController()
 3 SYSTEMPATH\CodeIgniter.php(361): CodeIgniter\CodeIgniter->handleRequest(null, Object(Config\Cache), false)
 4 FCPATH\index.php(79): CodeIgniter\CodeIgniter->run()
WARNING - 2024-09-09 05:44:55 --> [DEPRECATED] Creation of dynamic property App\Controllers\AdminController::$imageModel is deprecated in APPPATH\Controllers\AdminController.php on line 24.
 1 SYSTEMPATH\CodeIgniter.php(913): App\Controllers\AdminController->__construct()
 2 SYSTEMPATH\CodeIgniter.php(493): CodeIgniter\CodeIgniter->createController()
 3 SYSTEMPATH\CodeIgniter.php(361): CodeIgniter\CodeIgniter->handleRequest(null, Object(Config\Cache), false)
 4 FCPATH\index.php(79): CodeIgniter\CodeIgniter->run()
WARNING - 2024-09-09 05:44:55 --> [DEPRECATED] Creation of dynamic property App\Controllers\AdminController::$areaModel is deprecated in APPPATH\Controllers\AdminController.php on line 25.
 1 SYSTEMPATH\CodeIgniter.php(913): App\Controllers\AdminController->__construct()
 2 SYSTEMPATH\CodeIgniter.php(493): CodeIgniter\CodeIgniter->createController()
 3 SYSTEMPATH\CodeIgniter.php(361): CodeIgniter\CodeIgniter->handleRequest(null, Object(Config\Cache), false)
 4 FCPATH\index.php(79): CodeIgniter\CodeIgniter->run()
WARNING - 2024-09-09 05:44:55 --> [DEPRECATED] Creation of dynamic property App\Controllers\AdminController::$foodModel is deprecated in APPPATH\Controllers\AdminController.php on line 26.
 1 SYSTEMPATH\CodeIgniter.php(913): App\Controllers\AdminController->__construct()
 2 SYSTEMPATH\CodeIgniter.php(493): CodeIgniter\CodeIgniter->createController()
 3 SYSTEMPATH\CodeIgniter.php(361): CodeIgniter\CodeIgniter->handleRequest(null, Object(Config\Cache), false)
 4 FCPATH\index.php(79): CodeIgniter\CodeIgniter->run()
WARNING - 2024-09-09 05:44:55 --> [DEPRECATED] Creation of dynamic property App\Controllers\AdminController::$contact is deprecated in APPPATH\Controllers\AdminController.php on line 27.
 1 SYSTEMPATH\CodeIgniter.php(913): App\Controllers\AdminController->__construct()
 2 SYSTEMPATH\CodeIgniter.php(493): CodeIgniter\CodeIgniter->createController()
 3 SYSTEMPATH\CodeIgniter.php(361): CodeIgniter\CodeIgniter->handleRequest(null, Object(Config\Cache), false)
 4 FCPATH\index.php(79): CodeIgniter\CodeIgniter->run()
WARNING - 2024-09-09 05:44:55 --> [DEPRECATED] Creation of dynamic property App\Controllers\AdminController::$subscriber is deprecated in APPPATH\Controllers\AdminController.php on line 28.
 1 SYSTEMPATH\CodeIgniter.php(913): App\Controllers\AdminController->__construct()
 2 SYSTEMPATH\CodeIgniter.php(493): CodeIgniter\CodeIgniter->createController()
 3 SYSTEMPATH\CodeIgniter.php(361): CodeIgniter\CodeIgniter->handleRequest(null, Object(Config\Cache), false)
 4 FCPATH\index.php(79): CodeIgniter\CodeIgniter->run()
INFO - 2024-09-09 05:44:55 --> Session: Class initialized using 'CodeIgniter\Session\Handlers\FileHandler' driver.
WARNING - 2024-09-09 05:45:06 --> [DEPRECATED] Creation of dynamic property App\Controllers\AdminController::$uttarakhandModel is deprecated in APPPATH\Controllers\AdminController.php on line 22.
 1 SYSTEMPATH\CodeIgniter.php(913): App\Controllers\AdminController->__construct()
 2 SYSTEMPATH\CodeIgniter.php(493): CodeIgniter\CodeIgniter->createController()
 3 SYSTEMPATH\CodeIgniter.php(361): CodeIgniter\CodeIgniter->handleRequest(null, Object(Config\Cache), false)
 4 FCPATH\index.php(79): CodeIgniter\CodeIgniter->run()
WARNING - 2024-09-09 05:45:06 --> [DEPRECATED] Creation of dynamic property App\Controllers\AdminController::$citiesModel is deprecated in APPPATH\Controllers\AdminController.php on line 23.
 1 SYSTEMPATH\CodeIgniter.php(913): App\Controllers\AdminController->__construct()
 2 SYSTEMPATH\CodeIgniter.php(493): CodeIgniter\CodeIgniter->createController()
 3 SYSTEMPATH\CodeIgniter.php(361): CodeIgniter\CodeIgniter->handleRequest(null, Object(Config\Cache), false)
 4 FCPATH\index.php(79): CodeIgniter\CodeIgniter->run()
WARNING - 2024-09-09 05:45:06 --> [DEPRECATED] Creation of dynamic property App\Controllers\AdminController::$imageModel is deprecated in APPPATH\Controllers\AdminController.php on line 24.
 1 SYSTEMPATH\CodeIgniter.php(913): App\Controllers\AdminController->__construct()
 2 SYSTEMPATH\CodeIgniter.php(493): CodeIgniter\CodeIgniter->createController()
 3 SYSTEMPATH\CodeIgniter.php(361): CodeIgniter\CodeIgniter->handleRequest(null, Object(Config\Cache), false)
 4 FCPATH\index.php(79): CodeIgniter\CodeIgniter->run()
WARNING - 2024-09-09 05:45:06 --> [DEPRECATED] Creation of dynamic property App\Controllers\AdminController::$areaModel is deprecated in APPPATH\Controllers\AdminController.php on line 25.
 1 SYSTEMPATH\CodeIgniter.php(913): App\Controllers\AdminController->__construct()
 2 SYSTEMPATH\CodeIgniter.php(493): CodeIgniter\CodeIgniter->createController()
 3 SYSTEMPATH\CodeIgniter.php(361): CodeIgniter\CodeIgniter->handleRequest(null, Object(Config\Cache), false)
 4 FCPATH\index.php(79): CodeIgniter\CodeIgniter->run()
WARNING - 2024-09-09 05:45:06 --> [DEPRECATED] Creation of dynamic property App\Controllers\AdminController::$foodModel is deprecated in APPPATH\Controllers\AdminController.php on line 26.
 1 SYSTEMPATH\CodeIgniter.php(913): App\Controllers\AdminController->__construct()
 2 SYSTEMPATH\CodeIgniter.php(493): CodeIgniter\CodeIgniter->createController()
 3 SYSTEMPATH\CodeIgniter.php(361): CodeIgniter\CodeIgniter->handleRequest(null, Object(Config\Cache), false)
 4 FCPATH\index.php(79): CodeIgniter\CodeIgniter->run()
WARNING - 2024-09-09 05:45:06 --> [DEPRECATED] Creation of dynamic property App\Controllers\AdminController::$contact is deprecated in APPPATH\Controllers\AdminController.php on line 27.
 1 SYSTEMPATH\CodeIgniter.php(913): App\Controllers\AdminController->__construct()
 2 SYSTEMPATH\CodeIgniter.php(493): CodeIgniter\CodeIgniter->createController()
 3 SYSTEMPATH\CodeIgniter.php(361): CodeIgniter\CodeIgniter->handleRequest(null, Object(Config\Cache), false)
 4 FCPATH\index.php(79): CodeIgniter\CodeIgniter->run()
WARNING - 2024-09-09 05:45:06 --> [DEPRECATED] Creation of dynamic property App\Controllers\AdminController::$subscriber is deprecated in APPPATH\Controllers\AdminController.php on line 28.
 1 SYSTEMPATH\CodeIgniter.php(913): App\Controllers\AdminController->__construct()
 2 SYSTEMPATH\CodeIgniter.php(493): CodeIgniter\CodeIgniter->createController()
 3 SYSTEMPATH\CodeIgniter.php(361): CodeIgniter\CodeIgniter->handleRequest(null, Object(Config\Cache), false)
 4 FCPATH\index.php(79): CodeIgniter\CodeIgniter->run()
INFO - 2024-09-09 05:45:06 --> Session: Class initialized using 'CodeIgniter\Session\Handlers\FileHandler' driver.
WARNING - 2024-09-09 05:46:47 --> [DEPRECATED] Creation of dynamic property App\Controllers\AdminController::$uttarakhandModel is deprecated in APPPATH\Controllers\AdminController.php on line 22.
 1 SYSTEMPATH\CodeIgniter.php(913): App\Controllers\AdminController->__construct()
 2 SYSTEMPATH\CodeIgniter.php(493): CodeIgniter\CodeIgniter->createController()
 3 SYSTEMPATH\CodeIgniter.php(361): CodeIgniter\CodeIgniter->handleRequest(null, Object(Config\Cache), false)
 4 FCPATH\index.php(79): CodeIgniter\CodeIgniter->run()
WARNING - 2024-09-09 05:46:47 --> [DEPRECATED] Creation of dynamic property App\Controllers\AdminController::$citiesModel is deprecated in APPPATH\Controllers\AdminController.php on line 23.
 1 SYSTEMPATH\CodeIgniter.php(913): App\Controllers\AdminController->__construct()
 2 SYSTEMPATH\CodeIgniter.php(493): CodeIgniter\CodeIgniter->createController()
 3 SYSTEMPATH\CodeIgniter.php(361): CodeIgniter\CodeIgniter->handleRequest(null, Object(Config\Cache), false)
 4 FCPATH\index.php(79): CodeIgniter\CodeIgniter->run()
WARNING - 2024-09-09 05:46:47 --> [DEPRECATED] Creation of dynamic property App\Controllers\AdminController::$imageModel is deprecated in APPPATH\Controllers\AdminController.php on line 24.
 1 SYSTEMPATH\CodeIgniter.php(913): App\Controllers\AdminController->__construct()
 2 SYSTEMPATH\CodeIgniter.php(493): CodeIgniter\CodeIgniter->createController()
 3 SYSTEMPATH\CodeIgniter.php(361): CodeIgniter\CodeIgniter->handleRequest(null, Object(Config\Cache), false)
 4 FCPATH\index.php(79): CodeIgniter\CodeIgniter->run()
WARNING - 2024-09-09 05:46:47 --> [DEPRECATED] Creation of dynamic property App\Controllers\AdminController::$areaModel is deprecated in APPPATH\Controllers\AdminController.php on line 25.
 1 SYSTEMPATH\CodeIgniter.php(913): App\Controllers\AdminController->__construct()
 2 SYSTEMPATH\CodeIgniter.php(493): CodeIgniter\CodeIgniter->createController()
 3 SYSTEMPATH\CodeIgniter.php(361): CodeIgniter\CodeIgniter->handleRequest(null, Object(Config\Cache), false)
 4 FCPATH\index.php(79): CodeIgniter\CodeIgniter->run()
WARNING - 2024-09-09 05:46:47 --> [DEPRECATED] Creation of dynamic property App\Controllers\AdminController::$foodModel is deprecated in APPPATH\Controllers\AdminController.php on line 26.
 1 SYSTEMPATH\CodeIgniter.php(913): App\Controllers\AdminController->__construct()
 2 SYSTEMPATH\CodeIgniter.php(493): CodeIgniter\CodeIgniter->createController()
 3 SYSTEMPATH\CodeIgniter.php(361): CodeIgniter\CodeIgniter->handleRequest(null, Object(Config\Cache), false)
 4 FCPATH\index.php(79): CodeIgniter\CodeIgniter->run()
WARNING - 2024-09-09 05:46:47 --> [DEPRECATED] Creation of dynamic property App\Controllers\AdminController::$contact is deprecated in APPPATH\Controllers\AdminController.php on line 27.
 1 SYSTEMPATH\CodeIgniter.php(913): App\Controllers\AdminController->__construct()
 2 SYSTEMPATH\CodeIgniter.php(493): CodeIgniter\CodeIgniter->createController()
 3 SYSTEMPATH\CodeIgniter.php(361): CodeIgniter\CodeIgniter->handleRequest(null, Object(Config\Cache), false)
 4 FCPATH\index.php(79): CodeIgniter\CodeIgniter->run()
WARNING - 2024-09-09 05:46:47 --> [DEPRECATED] Creation of dynamic property App\Controllers\AdminController::$subscriber is deprecated in APPPATH\Controllers\AdminController.php on line 28.
 1 SYSTEMPATH\CodeIgniter.php(913): App\Controllers\AdminController->__construct()
 2 SYSTEMPATH\CodeIgniter.php(493): CodeIgniter\CodeIgniter->createController()
 3 SYSTEMPATH\CodeIgniter.php(361): CodeIgniter\CodeIgniter->handleRequest(null, Object(Config\Cache), false)
 4 FCPATH\index.php(79): CodeIgniter\CodeIgniter->run()
INFO - 2024-09-09 05:46:47 --> Session: Class initialized using 'CodeIgniter\Session\Handlers\FileHandler' driver.
WARNING - 2024-09-09 05:47:09 --> [DEPRECATED] Creation of dynamic property App\Controllers\AdminController::$uttarakhandModel is deprecated in APPPATH\Controllers\AdminController.php on line 22.
 1 SYSTEMPATH\CodeIgniter.php(913): App\Controllers\AdminController->__construct()
 2 SYSTEMPATH\CodeIgniter.php(493): CodeIgniter\CodeIgniter->createController()
 3 SYSTEMPATH\CodeIgniter.php(361): CodeIgniter\CodeIgniter->handleRequest(null, Object(Config\Cache), false)
 4 FCPATH\index.php(79): CodeIgniter\CodeIgniter->run()
WARNING - 2024-09-09 05:47:09 --> [DEPRECATED] Creation of dynamic property App\Controllers\AdminController::$citiesModel is deprecated in APPPATH\Controllers\AdminController.php on line 23.
 1 SYSTEMPATH\CodeIgniter.php(913): App\Controllers\AdminController->__construct()
 2 SYSTEMPATH\CodeIgniter.php(493): CodeIgniter\CodeIgniter->createController()
 3 SYSTEMPATH\CodeIgniter.php(361): CodeIgniter\CodeIgniter->handleRequest(null, Object(Config\Cache), false)
 4 FCPATH\index.php(79): CodeIgniter\CodeIgniter->run()
WARNING - 2024-09-09 05:47:09 --> [DEPRECATED] Creation of dynamic property App\Controllers\AdminController::$imageModel is deprecated in APPPATH\Controllers\AdminController.php on line 24.
 1 SYSTEMPATH\CodeIgniter.php(913): App\Controllers\AdminController->__construct()
 2 SYSTEMPATH\CodeIgniter.php(493): CodeIgniter\CodeIgniter->createController()
 3 SYSTEMPATH\CodeIgniter.php(361): CodeIgniter\CodeIgniter->handleRequest(null, Object(Config\Cache), false)
 4 FCPATH\index.php(79): CodeIgniter\CodeIgniter->run()
WARNING - 2024-09-09 05:47:09 --> [DEPRECATED] Creation of dynamic property App\Controllers\AdminController::$areaModel is deprecated in APPPATH\Controllers\AdminController.php on line 25.
 1 SYSTEMPATH\CodeIgniter.php(913): App\Controllers\AdminController->__construct()
 2 SYSTEMPATH\CodeIgniter.php(493): CodeIgniter\CodeIgniter->createController()
 3 SYSTEMPATH\CodeIgniter.php(361): CodeIgniter\CodeIgniter->handleRequest(null, Object(Config\Cache), false)
 4 FCPATH\index.php(79): CodeIgniter\CodeIgniter->run()
WARNING - 2024-09-09 05:47:09 --> [DEPRECATED] Creation of dynamic property App\Controllers\AdminController::$foodModel is deprecated in APPPATH\Controllers\AdminController.php on line 26.
 1 SYSTEMPATH\CodeIgniter.php(913): App\Controllers\AdminController->__construct()
 2 SYSTEMPATH\CodeIgniter.php(493): CodeIgniter\CodeIgniter->createController()
 3 SYSTEMPATH\CodeIgniter.php(361): CodeIgniter\CodeIgniter->handleRequest(null, Object(Config\Cache), false)
 4 FCPATH\index.php(79): CodeIgniter\CodeIgniter->run()
WARNING - 2024-09-09 05:47:09 --> [DEPRECATED] Creation of dynamic property App\Controllers\AdminController::$contact is deprecated in APPPATH\Controllers\AdminController.php on line 27.
 1 SYSTEMPATH\CodeIgniter.php(913): App\Controllers\AdminController->__construct()
 2 SYSTEMPATH\CodeIgniter.php(493): CodeIgniter\CodeIgniter->createController()
 3 SYSTEMPATH\CodeIgniter.php(361): CodeIgniter\CodeIgniter->handleRequest(null, Object(Config\Cache), false)
 4 FCPATH\index.php(79): CodeIgniter\CodeIgniter->run()
WARNING - 2024-09-09 05:47:09 --> [DEPRECATED] Creation of dynamic property App\Controllers\AdminController::$subscriber is deprecated in APPPATH\Controllers\AdminController.php on line 28.
 1 SYSTEMPATH\CodeIgniter.php(913): App\Controllers\AdminController->__construct()
 2 SYSTEMPATH\CodeIgniter.php(493): CodeIgniter\CodeIgniter->createController()
 3 SYSTEMPATH\CodeIgniter.php(361): CodeIgniter\CodeIgniter->handleRequest(null, Object(Config\Cache), false)
 4 FCPATH\index.php(79): CodeIgniter\CodeIgniter->run()
INFO - 2024-09-09 05:47:09 --> Session: Class initialized using 'CodeIgniter\Session\Handlers\FileHandler' driver.
WARNING - 2024-09-09 05:47:18 --> [DEPRECATED] Creation of dynamic property App\Controllers\AdminController::$uttarakhandModel is deprecated in APPPATH\Controllers\AdminController.php on line 22.
 1 SYSTEMPATH\CodeIgniter.php(913): App\Controllers\AdminController->__construct()
 2 SYSTEMPATH\CodeIgniter.php(493): CodeIgniter\CodeIgniter->createController()
 3 SYSTEMPATH\CodeIgniter.php(361): CodeIgniter\CodeIgniter->handleRequest(null, Object(Config\Cache), false)
 4 FCPATH\index.php(79): CodeIgniter\CodeIgniter->run()
WARNING - 2024-09-09 05:47:18 --> [DEPRECATED] Creation of dynamic property App\Controllers\AdminController::$citiesModel is deprecated in APPPATH\Controllers\AdminController.php on line 23.
 1 SYSTEMPATH\CodeIgniter.php(913): App\Controllers\AdminController->__construct()
 2 SYSTEMPATH\CodeIgniter.php(493): CodeIgniter\CodeIgniter->createController()
 3 SYSTEMPATH\CodeIgniter.php(361): CodeIgniter\CodeIgniter->handleRequest(null, Object(Config\Cache), false)
 4 FCPATH\index.php(79): CodeIgniter\CodeIgniter->run()
WARNING - 2024-09-09 05:47:18 --> [DEPRECATED] Creation of dynamic property App\Controllers\AdminController::$imageModel is deprecated in APPPATH\Controllers\AdminController.php on line 24.
 1 SYSTEMPATH\CodeIgniter.php(913): App\Controllers\AdminController->__construct()
 2 SYSTEMPATH\CodeIgniter.php(493): CodeIgniter\CodeIgniter->createController()
 3 SYSTEMPATH\CodeIgniter.php(361): CodeIgniter\CodeIgniter->handleRequest(null, Object(Config\Cache), false)
 4 FCPATH\index.php(79): CodeIgniter\CodeIgniter->run()
WARNING - 2024-09-09 05:47:18 --> [DEPRECATED] Creation of dynamic property App\Controllers\AdminController::$areaModel is deprecated in APPPATH\Controllers\AdminController.php on line 25.
 1 SYSTEMPATH\CodeIgniter.php(913): App\Controllers\AdminController->__construct()
 2 SYSTEMPATH\CodeIgniter.php(493): CodeIgniter\CodeIgniter->createController()
 3 SYSTEMPATH\CodeIgniter.php(361): CodeIgniter\CodeIgniter->handleRequest(null, Object(Config\Cache), false)
 4 FCPATH\index.php(79): CodeIgniter\CodeIgniter->run()
WARNING - 2024-09-09 05:47:18 --> [DEPRECATED] Creation of dynamic property App\Controllers\AdminController::$foodModel is deprecated in APPPATH\Controllers\AdminController.php on line 26.
 1 SYSTEMPATH\CodeIgniter.php(913): App\Controllers\AdminController->__construct()
 2 SYSTEMPATH\CodeIgniter.php(493): CodeIgniter\CodeIgniter->createController()
 3 SYSTEMPATH\CodeIgniter.php(361): CodeIgniter\CodeIgniter->handleRequest(null, Object(Config\Cache), false)
 4 FCPATH\index.php(79): CodeIgniter\CodeIgniter->run()
WARNING - 2024-09-09 05:47:18 --> [DEPRECATED] Creation of dynamic property App\Controllers\AdminController::$contact is deprecated in APPPATH\Controllers\AdminController.php on line 27.
 1 SYSTEMPATH\CodeIgniter.php(913): App\Controllers\AdminController->__construct()
 2 SYSTEMPATH\CodeIgniter.php(493): CodeIgniter\CodeIgniter->createController()
 3 SYSTEMPATH\CodeIgniter.php(361): CodeIgniter\CodeIgniter->handleRequest(null, Object(Config\Cache), false)
 4 FCPATH\index.php(79): CodeIgniter\CodeIgniter->run()
WARNING - 2024-09-09 05:47:18 --> [DEPRECATED] Creation of dynamic property App\Controllers\AdminController::$subscriber is deprecated in APPPATH\Controllers\AdminController.php on line 28.
 1 SYSTEMPATH\CodeIgniter.php(913): App\Controllers\AdminController->__construct()
 2 SYSTEMPATH\CodeIgniter.php(493): CodeIgniter\CodeIgniter->createController()
 3 SYSTEMPATH\CodeIgniter.php(361): CodeIgniter\CodeIgniter->handleRequest(null, Object(Config\Cache), false)
 4 FCPATH\index.php(79): CodeIgniter\CodeIgniter->run()
INFO - 2024-09-09 05:47:18 --> Session: Class initialized using 'CodeIgniter\Session\Handlers\FileHandler' driver.
WARNING - 2024-09-09 05:47:25 --> [DEPRECATED] Creation of dynamic property App\Controllers\AdminController::$uttarakhandModel is deprecated in APPPATH\Controllers\AdminController.php on line 22.
 1 SYSTEMPATH\CodeIgniter.php(913): App\Controllers\AdminController->__construct()
 2 SYSTEMPATH\CodeIgniter.php(493): CodeIgniter\CodeIgniter->createController()
 3 SYSTEMPATH\CodeIgniter.php(361): CodeIgniter\CodeIgniter->handleRequest(null, Object(Config\Cache), false)
 4 FCPATH\index.php(79): CodeIgniter\CodeIgniter->run()
WARNING - 2024-09-09 05:47:25 --> [DEPRECATED] Creation of dynamic property App\Controllers\AdminController::$citiesModel is deprecated in APPPATH\Controllers\AdminController.php on line 23.
 1 SYSTEMPATH\CodeIgniter.php(913): App\Controllers\AdminController->__construct()
 2 SYSTEMPATH\CodeIgniter.php(493): CodeIgniter\CodeIgniter->createController()
 3 SYSTEMPATH\CodeIgniter.php(361): CodeIgniter\CodeIgniter->handleRequest(null, Object(Config\Cache), false)
 4 FCPATH\index.php(79): CodeIgniter\CodeIgniter->run()
WARNING - 2024-09-09 05:47:25 --> [DEPRECATED] Creation of dynamic property App\Controllers\AdminController::$imageModel is deprecated in APPPATH\Controllers\AdminController.php on line 24.
 1 SYSTEMPATH\CodeIgniter.php(913): App\Controllers\AdminController->__construct()
 2 SYSTEMPATH\CodeIgniter.php(493): CodeIgniter\CodeIgniter->createController()
 3 SYSTEMPATH\CodeIgniter.php(361): CodeIgniter\CodeIgniter->handleRequest(null, Object(Config\Cache), false)
 4 FCPATH\index.php(79): CodeIgniter\CodeIgniter->run()
WARNING - 2024-09-09 05:47:25 --> [DEPRECATED] Creation of dynamic property App\Controllers\AdminController::$areaModel is deprecated in APPPATH\Controllers\AdminController.php on line 25.
 1 SYSTEMPATH\CodeIgniter.php(913): App\Controllers\AdminController->__construct()
 2 SYSTEMPATH\CodeIgniter.php(493): CodeIgniter\CodeIgniter->createController()
 3 SYSTEMPATH\CodeIgniter.php(361): CodeIgniter\CodeIgniter->handleRequest(null, Object(Config\Cache), false)
 4 FCPATH\index.php(79): CodeIgniter\CodeIgniter->run()
WARNING - 2024-09-09 05:47:25 --> [DEPRECATED] Creation of dynamic property App\Controllers\AdminController::$foodModel is deprecated in APPPATH\Controllers\AdminController.php on line 26.
 1 SYSTEMPATH\CodeIgniter.php(913): App\Controllers\AdminController->__construct()
 2 SYSTEMPATH\CodeIgniter.php(493): CodeIgniter\CodeIgniter->createController()
 3 SYSTEMPATH\CodeIgniter.php(361): CodeIgniter\CodeIgniter->handleRequest(null, Object(Config\Cache), false)
 4 FCPATH\index.php(79): CodeIgniter\CodeIgniter->run()
WARNING - 2024-09-09 05:47:25 --> [DEPRECATED] Creation of dynamic property App\Controllers\AdminController::$contact is deprecated in APPPATH\Controllers\AdminController.php on line 27.
 1 SYSTEMPATH\CodeIgniter.php(913): App\Controllers\AdminController->__construct()
 2 SYSTEMPATH\CodeIgniter.php(493): CodeIgniter\CodeIgniter->createController()
 3 SYSTEMPATH\CodeIgniter.php(361): CodeIgniter\CodeIgniter->handleRequest(null, Object(Config\Cache), false)
 4 FCPATH\index.php(79): CodeIgniter\CodeIgniter->run()
WARNING - 2024-09-09 05:47:25 --> [DEPRECATED] Creation of dynamic property App\Controllers\AdminController::$subscriber is deprecated in APPPATH\Controllers\AdminController.php on line 28.
 1 SYSTEMPATH\CodeIgniter.php(913): App\Controllers\AdminController->__construct()
 2 SYSTEMPATH\CodeIgniter.php(493): CodeIgniter\CodeIgniter->createController()
 3 SYSTEMPATH\CodeIgniter.php(361): CodeIgniter\CodeIgniter->handleRequest(null, Object(Config\Cache), false)
 4 FCPATH\index.php(79): CodeIgniter\CodeIgniter->run()
INFO - 2024-09-09 05:47:25 --> Session: Class initialized using 'CodeIgniter\Session\Handlers\FileHandler' driver.
WARNING - 2024-09-09 05:47:28 --> [DEPRECATED] Creation of dynamic property App\Controllers\AdminController::$uttarakhandModel is deprecated in APPPATH\Controllers\AdminController.php on line 22.
 1 SYSTEMPATH\CodeIgniter.php(913): App\Controllers\AdminController->__construct()
 2 SYSTEMPATH\CodeIgniter.php(493): CodeIgniter\CodeIgniter->createController()
 3 SYSTEMPATH\CodeIgniter.php(361): CodeIgniter\CodeIgniter->handleRequest(null, Object(Config\Cache), false)
 4 FCPATH\index.php(79): CodeIgniter\CodeIgniter->run()
WARNING - 2024-09-09 05:47:28 --> [DEPRECATED] Creation of dynamic property App\Controllers\AdminController::$citiesModel is deprecated in APPPATH\Controllers\AdminController.php on line 23.
 1 SYSTEMPATH\CodeIgniter.php(913): App\Controllers\AdminController->__construct()
 2 SYSTEMPATH\CodeIgniter.php(493): CodeIgniter\CodeIgniter->createController()
 3 SYSTEMPATH\CodeIgniter.php(361): CodeIgniter\CodeIgniter->handleRequest(null, Object(Config\Cache), false)
 4 FCPATH\index.php(79): CodeIgniter\CodeIgniter->run()
WARNING - 2024-09-09 05:47:28 --> [DEPRECATED] Creation of dynamic property App\Controllers\AdminController::$imageModel is deprecated in APPPATH\Controllers\AdminController.php on line 24.
 1 SYSTEMPATH\CodeIgniter.php(913): App\Controllers\AdminController->__construct()
 2 SYSTEMPATH\CodeIgniter.php(493): CodeIgniter\CodeIgniter->createController()
 3 SYSTEMPATH\CodeIgniter.php(361): CodeIgniter\CodeIgniter->handleRequest(null, Object(Config\Cache), false)
 4 FCPATH\index.php(79): CodeIgniter\CodeIgniter->run()
WARNING - 2024-09-09 05:47:28 --> [DEPRECATED] Creation of dynamic property App\Controllers\AdminController::$areaModel is deprecated in APPPATH\Controllers\AdminController.php on line 25.
 1 SYSTEMPATH\CodeIgniter.php(913): App\Controllers\AdminController->__construct()
 2 SYSTEMPATH\CodeIgniter.php(493): CodeIgniter\CodeIgniter->createController()
 3 SYSTEMPATH\CodeIgniter.php(361): CodeIgniter\CodeIgniter->handleRequest(null, Object(Config\Cache), false)
 4 FCPATH\index.php(79): CodeIgniter\CodeIgniter->run()
WARNING - 2024-09-09 05:47:28 --> [DEPRECATED] Creation of dynamic property App\Controllers\AdminController::$foodModel is deprecated in APPPATH\Controllers\AdminController.php on line 26.
 1 SYSTEMPATH\CodeIgniter.php(913): App\Controllers\AdminController->__construct()
 2 SYSTEMPATH\CodeIgniter.php(493): CodeIgniter\CodeIgniter->createController()
 3 SYSTEMPATH\CodeIgniter.php(361): CodeIgniter\CodeIgniter->handleRequest(null, Object(Config\Cache), false)
 4 FCPATH\index.php(79): CodeIgniter\CodeIgniter->run()
WARNING - 2024-09-09 05:47:28 --> [DEPRECATED] Creation of dynamic property App\Controllers\AdminController::$contact is deprecated in APPPATH\Controllers\AdminController.php on line 27.
 1 SYSTEMPATH\CodeIgniter.php(913): App\Controllers\AdminController->__construct()
 2 SYSTEMPATH\CodeIgniter.php(493): CodeIgniter\CodeIgniter->createController()
 3 SYSTEMPATH\CodeIgniter.php(361): CodeIgniter\CodeIgniter->handleRequest(null, Object(Config\Cache), false)
 4 FCPATH\index.php(79): CodeIgniter\CodeIgniter->run()
WARNING - 2024-09-09 05:47:28 --> [DEPRECATED] Creation of dynamic property App\Controllers\AdminController::$subscriber is deprecated in APPPATH\Controllers\AdminController.php on line 28.
 1 SYSTEMPATH\CodeIgniter.php(913): App\Controllers\AdminController->__construct()
 2 SYSTEMPATH\CodeIgniter.php(493): CodeIgniter\CodeIgniter->createController()
 3 SYSTEMPATH\CodeIgniter.php(361): CodeIgniter\CodeIgniter->handleRequest(null, Object(Config\Cache), false)
 4 FCPATH\index.php(79): CodeIgniter\CodeIgniter->run()
INFO - 2024-09-09 05:47:28 --> Session: Class initialized using 'CodeIgniter\Session\Handlers\FileHandler' driver.
WARNING - 2024-09-09 05:47:37 --> [DEPRECATED] Creation of dynamic property App\Controllers\AdminController::$uttarakhandModel is deprecated in APPPATH\Controllers\AdminController.php on line 22.
 1 SYSTEMPATH\CodeIgniter.php(913): App\Controllers\AdminController->__construct()
 2 SYSTEMPATH\CodeIgniter.php(493): CodeIgniter\CodeIgniter->createController()
 3 SYSTEMPATH\CodeIgniter.php(361): CodeIgniter\CodeIgniter->handleRequest(null, Object(Config\Cache), false)
 4 FCPATH\index.php(79): CodeIgniter\CodeIgniter->run()
WARNING - 2024-09-09 05:47:37 --> [DEPRECATED] Creation of dynamic property App\Controllers\AdminController::$citiesModel is deprecated in APPPATH\Controllers\AdminController.php on line 23.
 1 SYSTEMPATH\CodeIgniter.php(913): App\Controllers\AdminController->__construct()
 2 SYSTEMPATH\CodeIgniter.php(493): CodeIgniter\CodeIgniter->createController()
 3 SYSTEMPATH\CodeIgniter.php(361): CodeIgniter\CodeIgniter->handleRequest(null, Object(Config\Cache), false)
 4 FCPATH\index.php(79): CodeIgniter\CodeIgniter->run()
WARNING - 2024-09-09 05:47:37 --> [DEPRECATED] Creation of dynamic property App\Controllers\AdminController::$imageModel is deprecated in APPPATH\Controllers\AdminController.php on line 24.
 1 SYSTEMPATH\CodeIgniter.php(913): App\Controllers\AdminController->__construct()
 2 SYSTEMPATH\CodeIgniter.php(493): CodeIgniter\CodeIgniter->createController()
 3 SYSTEMPATH\CodeIgniter.php(361): CodeIgniter\CodeIgniter->handleRequest(null, Object(Config\Cache), false)
 4 FCPATH\index.php(79): CodeIgniter\CodeIgniter->run()
WARNING - 2024-09-09 05:47:37 --> [DEPRECATED] Creation of dynamic property App\Controllers\AdminController::$areaModel is deprecated in APPPATH\Controllers\AdminController.php on line 25.
 1 SYSTEMPATH\CodeIgniter.php(913): App\Controllers\AdminController->__construct()
 2 SYSTEMPATH\CodeIgniter.php(493): CodeIgniter\CodeIgniter->createController()
 3 SYSTEMPATH\CodeIgniter.php(361): CodeIgniter\CodeIgniter->handleRequest(null, Object(Config\Cache), false)
 4 FCPATH\index.php(79): CodeIgniter\CodeIgniter->run()
WARNING - 2024-09-09 05:47:37 --> [DEPRECATED] Creation of dynamic property App\Controllers\AdminController::$foodModel is deprecated in APPPATH\Controllers\AdminController.php on line 26.
 1 SYSTEMPATH\CodeIgniter.php(913): App\Controllers\AdminController->__construct()
 2 SYSTEMPATH\CodeIgniter.php(493): CodeIgniter\CodeIgniter->createController()
 3 SYSTEMPATH\CodeIgniter.php(361): CodeIgniter\CodeIgniter->handleRequest(null, Object(Config\Cache), false)
 4 FCPATH\index.php(79): CodeIgniter\CodeIgniter->run()
WARNING - 2024-09-09 05:47:37 --> [DEPRECATED] Creation of dynamic property App\Controllers\AdminController::$contact is deprecated in APPPATH\Controllers\AdminController.php on line 27.
 1 SYSTEMPATH\CodeIgniter.php(913): App\Controllers\AdminController->__construct()
 2 SYSTEMPATH\CodeIgniter.php(493): CodeIgniter\CodeIgniter->createController()
 3 SYSTEMPATH\CodeIgniter.php(361): CodeIgniter\CodeIgniter->handleRequest(null, Object(Config\Cache), false)
 4 FCPATH\index.php(79): CodeIgniter\CodeIgniter->run()
WARNING - 2024-09-09 05:47:37 --> [DEPRECATED] Creation of dynamic property App\Controllers\AdminController::$subscriber is deprecated in APPPATH\Controllers\AdminController.php on line 28.
 1 SYSTEMPATH\CodeIgniter.php(913): App\Controllers\AdminController->__construct()
 2 SYSTEMPATH\CodeIgniter.php(493): CodeIgniter\CodeIgniter->createController()
 3 SYSTEMPATH\CodeIgniter.php(361): CodeIgniter\CodeIgniter->handleRequest(null, Object(Config\Cache), false)
 4 FCPATH\index.php(79): CodeIgniter\CodeIgniter->run()
INFO - 2024-09-09 05:47:37 --> Session: Class initialized using 'CodeIgniter\Session\Handlers\FileHandler' driver.
WARNING - 2024-09-09 05:47:39 --> [DEPRECATED] Creation of dynamic property App\Controllers\AdminController::$uttarakhandModel is deprecated in APPPATH\Controllers\AdminController.php on line 22.
 1 SYSTEMPATH\CodeIgniter.php(913): App\Controllers\AdminController->__construct()
 2 SYSTEMPATH\CodeIgniter.php(493): CodeIgniter\CodeIgniter->createController()
 3 SYSTEMPATH\CodeIgniter.php(361): CodeIgniter\CodeIgniter->handleRequest(null, Object(Config\Cache), false)
 4 FCPATH\index.php(79): CodeIgniter\CodeIgniter->run()
WARNING - 2024-09-09 05:47:39 --> [DEPRECATED] Creation of dynamic property App\Controllers\AdminController::$citiesModel is deprecated in APPPATH\Controllers\AdminController.php on line 23.
 1 SYSTEMPATH\CodeIgniter.php(913): App\Controllers\AdminController->__construct()
 2 SYSTEMPATH\CodeIgniter.php(493): CodeIgniter\CodeIgniter->createController()
 3 SYSTEMPATH\CodeIgniter.php(361): CodeIgniter\CodeIgniter->handleRequest(null, Object(Config\Cache), false)
 4 FCPATH\index.php(79): CodeIgniter\CodeIgniter->run()
WARNING - 2024-09-09 05:47:39 --> [DEPRECATED] Creation of dynamic property App\Controllers\AdminController::$imageModel is deprecated in APPPATH\Controllers\AdminController.php on line 24.
 1 SYSTEMPATH\CodeIgniter.php(913): App\Controllers\AdminController->__construct()
 2 SYSTEMPATH\CodeIgniter.php(493): CodeIgniter\CodeIgniter->createController()
 3 SYSTEMPATH\CodeIgniter.php(361): CodeIgniter\CodeIgniter->handleRequest(null, Object(Config\Cache), false)
 4 FCPATH\index.php(79): CodeIgniter\CodeIgniter->run()
WARNING - 2024-09-09 05:47:39 --> [DEPRECATED] Creation of dynamic property App\Controllers\AdminController::$areaModel is deprecated in APPPATH\Controllers\AdminController.php on line 25.
 1 SYSTEMPATH\CodeIgniter.php(913): App\Controllers\AdminController->__construct()
 2 SYSTEMPATH\CodeIgniter.php(493): CodeIgniter\CodeIgniter->createController()
 3 SYSTEMPATH\CodeIgniter.php(361): CodeIgniter\CodeIgniter->handleRequest(null, Object(Config\Cache), false)
 4 FCPATH\index.php(79): CodeIgniter\CodeIgniter->run()
WARNING - 2024-09-09 05:47:39 --> [DEPRECATED] Creation of dynamic property App\Controllers\AdminController::$foodModel is deprecated in APPPATH\Controllers\AdminController.php on line 26.
 1 SYSTEMPATH\CodeIgniter.php(913): App\Controllers\AdminController->__construct()
 2 SYSTEMPATH\CodeIgniter.php(493): CodeIgniter\CodeIgniter->createController()
 3 SYSTEMPATH\CodeIgniter.php(361): CodeIgniter\CodeIgniter->handleRequest(null, Object(Config\Cache), false)
 4 FCPATH\index.php(79): CodeIgniter\CodeIgniter->run()
WARNING - 2024-09-09 05:47:39 --> [DEPRECATED] Creation of dynamic property App\Controllers\AdminController::$contact is deprecated in APPPATH\Controllers\AdminController.php on line 27.
 1 SYSTEMPATH\CodeIgniter.php(913): App\Controllers\AdminController->__construct()
 2 SYSTEMPATH\CodeIgniter.php(493): CodeIgniter\CodeIgniter->createController()
 3 SYSTEMPATH\CodeIgniter.php(361): CodeIgniter\CodeIgniter->handleRequest(null, Object(Config\Cache), false)
 4 FCPATH\index.php(79): CodeIgniter\CodeIgniter->run()
WARNING - 2024-09-09 05:47:39 --> [DEPRECATED] Creation of dynamic property App\Controllers\AdminController::$subscriber is deprecated in APPPATH\Controllers\AdminController.php on line 28.
 1 SYSTEMPATH\CodeIgniter.php(913): App\Controllers\AdminController->__construct()
 2 SYSTEMPATH\CodeIgniter.php(493): CodeIgniter\CodeIgniter->createController()
 3 SYSTEMPATH\CodeIgniter.php(361): CodeIgniter\CodeIgniter->handleRequest(null, Object(Config\Cache), false)
 4 FCPATH\index.php(79): CodeIgniter\CodeIgniter->run()
INFO - 2024-09-09 05:47:39 --> Session: Class initialized using 'CodeIgniter\Session\Handlers\FileHandler' driver.
WARNING - 2024-09-09 05:47:46 --> [DEPRECATED] Creation of dynamic property App\Controllers\AdminController::$uttarakhandModel is deprecated in APPPATH\Controllers\AdminController.php on line 22.
 1 SYSTEMPATH\CodeIgniter.php(913): App\Controllers\AdminController->__construct()
 2 SYSTEMPATH\CodeIgniter.php(493): CodeIgniter\CodeIgniter->createController()
 3 SYSTEMPATH\CodeIgniter.php(361): CodeIgniter\CodeIgniter->handleRequest(null, Object(Config\Cache), false)
 4 FCPATH\index.php(79): CodeIgniter\CodeIgniter->run()
WARNING - 2024-09-09 05:47:46 --> [DEPRECATED] Creation of dynamic property App\Controllers\AdminController::$citiesModel is deprecated in APPPATH\Controllers\AdminController.php on line 23.
 1 SYSTEMPATH\CodeIgniter.php(913): App\Controllers\AdminController->__construct()
 2 SYSTEMPATH\CodeIgniter.php(493): CodeIgniter\CodeIgniter->createController()
 3 SYSTEMPATH\CodeIgniter.php(361): CodeIgniter\CodeIgniter->handleRequest(null, Object(Config\Cache), false)
 4 FCPATH\index.php(79): CodeIgniter\CodeIgniter->run()
WARNING - 2024-09-09 05:47:46 --> [DEPRECATED] Creation of dynamic property App\Controllers\AdminController::$imageModel is deprecated in APPPATH\Controllers\AdminController.php on line 24.
 1 SYSTEMPATH\CodeIgniter.php(913): App\Controllers\AdminController->__construct()
 2 SYSTEMPATH\CodeIgniter.php(493): CodeIgniter\CodeIgniter->createController()
 3 SYSTEMPATH\CodeIgniter.php(361): CodeIgniter\CodeIgniter->handleRequest(null, Object(Config\Cache), false)
 4 FCPATH\index.php(79): CodeIgniter\CodeIgniter->run()
WARNING - 2024-09-09 05:47:46 --> [DEPRECATED] Creation of dynamic property App\Controllers\AdminController::$areaModel is deprecated in APPPATH\Controllers\AdminController.php on line 25.
 1 SYSTEMPATH\CodeIgniter.php(913): App\Controllers\AdminController->__construct()
 2 SYSTEMPATH\CodeIgniter.php(493): CodeIgniter\CodeIgniter->createController()
 3 SYSTEMPATH\CodeIgniter.php(361): CodeIgniter\CodeIgniter->handleRequest(null, Object(Config\Cache), false)
 4 FCPATH\index.php(79): CodeIgniter\CodeIgniter->run()
WARNING - 2024-09-09 05:47:46 --> [DEPRECATED] Creation of dynamic property App\Controllers\AdminController::$foodModel is deprecated in APPPATH\Controllers\AdminController.php on line 26.
 1 SYSTEMPATH\CodeIgniter.php(913): App\Controllers\AdminController->__construct()
 2 SYSTEMPATH\CodeIgniter.php(493): CodeIgniter\CodeIgniter->createController()
 3 SYSTEMPATH\CodeIgniter.php(361): CodeIgniter\CodeIgniter->handleRequest(null, Object(Config\Cache), false)
 4 FCPATH\index.php(79): CodeIgniter\CodeIgniter->run()
WARNING - 2024-09-09 05:47:46 --> [DEPRECATED] Creation of dynamic property App\Controllers\AdminController::$contact is deprecated in APPPATH\Controllers\AdminController.php on line 27.
 1 SYSTEMPATH\CodeIgniter.php(913): App\Controllers\AdminController->__construct()
 2 SYSTEMPATH\CodeIgniter.php(493): CodeIgniter\CodeIgniter->createController()
 3 SYSTEMPATH\CodeIgniter.php(361): CodeIgniter\CodeIgniter->handleRequest(null, Object(Config\Cache), false)
 4 FCPATH\index.php(79): CodeIgniter\CodeIgniter->run()
WARNING - 2024-09-09 05:47:46 --> [DEPRECATED] Creation of dynamic property App\Controllers\AdminController::$subscriber is deprecated in APPPATH\Controllers\AdminController.php on line 28.
 1 SYSTEMPATH\CodeIgniter.php(913): App\Controllers\AdminController->__construct()
 2 SYSTEMPATH\CodeIgniter.php(493): CodeIgniter\CodeIgniter->createController()
 3 SYSTEMPATH\CodeIgniter.php(361): CodeIgniter\CodeIgniter->handleRequest(null, Object(Config\Cache), false)
 4 FCPATH\index.php(79): CodeIgniter\CodeIgniter->run()
INFO - 2024-09-09 05:47:46 --> Session: Class initialized using 'CodeIgniter\Session\Handlers\FileHandler' driver.
WARNING - 2024-09-09 05:47:48 --> [DEPRECATED] Creation of dynamic property App\Controllers\AdminController::$uttarakhandModel is deprecated in APPPATH\Controllers\AdminController.php on line 22.
 1 SYSTEMPATH\CodeIgniter.php(913): App\Controllers\AdminController->__construct()
 2 SYSTEMPATH\CodeIgniter.php(493): CodeIgniter\CodeIgniter->createController()
 3 SYSTEMPATH\CodeIgniter.php(361): CodeIgniter\CodeIgniter->handleRequest(null, Object(Config\Cache), false)
 4 FCPATH\index.php(79): CodeIgniter\CodeIgniter->run()
WARNING - 2024-09-09 05:47:48 --> [DEPRECATED] Creation of dynamic property App\Controllers\AdminController::$citiesModel is deprecated in APPPATH\Controllers\AdminController.php on line 23.
 1 SYSTEMPATH\CodeIgniter.php(913): App\Controllers\AdminController->__construct()
 2 SYSTEMPATH\CodeIgniter.php(493): CodeIgniter\CodeIgniter->createController()
 3 SYSTEMPATH\CodeIgniter.php(361): CodeIgniter\CodeIgniter->handleRequest(null, Object(Config\Cache), false)
 4 FCPATH\index.php(79): CodeIgniter\CodeIgniter->run()
WARNING - 2024-09-09 05:47:48 --> [DEPRECATED] Creation of dynamic property App\Controllers\AdminController::$imageModel is deprecated in APPPATH\Controllers\AdminController.php on line 24.
 1 SYSTEMPATH\CodeIgniter.php(913): App\Controllers\AdminController->__construct()
 2 SYSTEMPATH\CodeIgniter.php(493): CodeIgniter\CodeIgniter->createController()
 3 SYSTEMPATH\CodeIgniter.php(361): CodeIgniter\CodeIgniter->handleRequest(null, Object(Config\Cache), false)
 4 FCPATH\index.php(79): CodeIgniter\CodeIgniter->run()
WARNING - 2024-09-09 05:47:48 --> [DEPRECATED] Creation of dynamic property App\Controllers\AdminController::$areaModel is deprecated in APPPATH\Controllers\AdminController.php on line 25.
 1 SYSTEMPATH\CodeIgniter.php(913): App\Controllers\AdminController->__construct()
 2 SYSTEMPATH\CodeIgniter.php(493): CodeIgniter\CodeIgniter->createController()
 3 SYSTEMPATH\CodeIgniter.php(361): CodeIgniter\CodeIgniter->handleRequest(null, Object(Config\Cache), false)
 4 FCPATH\index.php(79): CodeIgniter\CodeIgniter->run()
WARNING - 2024-09-09 05:47:48 --> [DEPRECATED] Creation of dynamic property App\Controllers\AdminController::$foodModel is deprecated in APPPATH\Controllers\AdminController.php on line 26.
 1 SYSTEMPATH\CodeIgniter.php(913): App\Controllers\AdminController->__construct()
 2 SYSTEMPATH\CodeIgniter.php(493): CodeIgniter\CodeIgniter->createController()
 3 SYSTEMPATH\CodeIgniter.php(361): CodeIgniter\CodeIgniter->handleRequest(null, Object(Config\Cache), false)
 4 FCPATH\index.php(79): CodeIgniter\CodeIgniter->run()
WARNING - 2024-09-09 05:47:48 --> [DEPRECATED] Creation of dynamic property App\Controllers\AdminController::$contact is deprecated in APPPATH\Controllers\AdminController.php on line 27.
 1 SYSTEMPATH\CodeIgniter.php(913): App\Controllers\AdminController->__construct()
 2 SYSTEMPATH\CodeIgniter.php(493): CodeIgniter\CodeIgniter->createController()
 3 SYSTEMPATH\CodeIgniter.php(361): CodeIgniter\CodeIgniter->handleRequest(null, Object(Config\Cache), false)
 4 FCPATH\index.php(79): CodeIgniter\CodeIgniter->run()
WARNING - 2024-09-09 05:47:48 --> [DEPRECATED] Creation of dynamic property App\Controllers\AdminController::$subscriber is deprecated in APPPATH\Controllers\AdminController.php on line 28.
 1 SYSTEMPATH\CodeIgniter.php(913): App\Controllers\AdminController->__construct()
 2 SYSTEMPATH\CodeIgniter.php(493): CodeIgniter\CodeIgniter->createController()
 3 SYSTEMPATH\CodeIgniter.php(361): CodeIgniter\CodeIgniter->handleRequest(null, Object(Config\Cache), false)
 4 FCPATH\index.php(79): CodeIgniter\CodeIgniter->run()
INFO - 2024-09-09 05:47:48 --> Session: Class initialized using 'CodeIgniter\Session\Handlers\FileHandler' driver.
WARNING - 2024-09-09 05:47:59 --> [DEPRECATED] Creation of dynamic property App\Controllers\AdminController::$uttarakhandModel is deprecated in APPPATH\Controllers\AdminController.php on line 22.
 1 SYSTEMPATH\CodeIgniter.php(913): App\Controllers\AdminController->__construct()
 2 SYSTEMPATH\CodeIgniter.php(493): CodeIgniter\CodeIgniter->createController()
 3 SYSTEMPATH\CodeIgniter.php(361): CodeIgniter\CodeIgniter->handleRequest(null, Object(Config\Cache), false)
 4 FCPATH\index.php(79): CodeIgniter\CodeIgniter->run()
WARNING - 2024-09-09 05:47:59 --> [DEPRECATED] Creation of dynamic property App\Controllers\AdminController::$citiesModel is deprecated in APPPATH\Controllers\AdminController.php on line 23.
 1 SYSTEMPATH\CodeIgniter.php(913): App\Controllers\AdminController->__construct()
 2 SYSTEMPATH\CodeIgniter.php(493): CodeIgniter\CodeIgniter->createController()
 3 SYSTEMPATH\CodeIgniter.php(361): CodeIgniter\CodeIgniter->handleRequest(null, Object(Config\Cache), false)
 4 FCPATH\index.php(79): CodeIgniter\CodeIgniter->run()
WARNING - 2024-09-09 05:47:59 --> [DEPRECATED] Creation of dynamic property App\Controllers\AdminController::$imageModel is deprecated in APPPATH\Controllers\AdminController.php on line 24.
 1 SYSTEMPATH\CodeIgniter.php(913): App\Controllers\AdminController->__construct()
 2 SYSTEMPATH\CodeIgniter.php(493): CodeIgniter\CodeIgniter->createController()
 3 SYSTEMPATH\CodeIgniter.php(361): CodeIgniter\CodeIgniter->handleRequest(null, Object(Config\Cache), false)
 4 FCPATH\index.php(79): CodeIgniter\CodeIgniter->run()
WARNING - 2024-09-09 05:47:59 --> [DEPRECATED] Creation of dynamic property App\Controllers\AdminController::$areaModel is deprecated in APPPATH\Controllers\AdminController.php on line 25.
 1 SYSTEMPATH\CodeIgniter.php(913): App\Controllers\AdminController->__construct()
 2 SYSTEMPATH\CodeIgniter.php(493): CodeIgniter\CodeIgniter->createController()
 3 SYSTEMPATH\CodeIgniter.php(361): CodeIgniter\CodeIgniter->handleRequest(null, Object(Config\Cache), false)
 4 FCPATH\index.php(79): CodeIgniter\CodeIgniter->run()
WARNING - 2024-09-09 05:47:59 --> [DEPRECATED] Creation of dynamic property App\Controllers\AdminController::$foodModel is deprecated in APPPATH\Controllers\AdminController.php on line 26.
 1 SYSTEMPATH\CodeIgniter.php(913): App\Controllers\AdminController->__construct()
 2 SYSTEMPATH\CodeIgniter.php(493): CodeIgniter\CodeIgniter->createController()
 3 SYSTEMPATH\CodeIgniter.php(361): CodeIgniter\CodeIgniter->handleRequest(null, Object(Config\Cache), false)
 4 FCPATH\index.php(79): CodeIgniter\CodeIgniter->run()
WARNING - 2024-09-09 05:47:59 --> [DEPRECATED] Creation of dynamic property App\Controllers\AdminController::$contact is deprecated in APPPATH\Controllers\AdminController.php on line 27.
 1 SYSTEMPATH\CodeIgniter.php(913): App\Controllers\AdminController->__construct()
 2 SYSTEMPATH\CodeIgniter.php(493): CodeIgniter\CodeIgniter->createController()
 3 SYSTEMPATH\CodeIgniter.php(361): CodeIgniter\CodeIgniter->handleRequest(null, Object(Config\Cache), false)
 4 FCPATH\index.php(79): CodeIgniter\CodeIgniter->run()
WARNING - 2024-09-09 05:47:59 --> [DEPRECATED] Creation of dynamic property App\Controllers\AdminController::$subscriber is deprecated in APPPATH\Controllers\AdminController.php on line 28.
 1 SYSTEMPATH\CodeIgniter.php(913): App\Controllers\AdminController->__construct()
 2 SYSTEMPATH\CodeIgniter.php(493): CodeIgniter\CodeIgniter->createController()
 3 SYSTEMPATH\CodeIgniter.php(361): CodeIgniter\CodeIgniter->handleRequest(null, Object(Config\Cache), false)
 4 FCPATH\index.php(79): CodeIgniter\CodeIgniter->run()
INFO - 2024-09-09 05:47:59 --> Session: Class initialized using 'CodeIgniter\Session\Handlers\FileHandler' driver.
WARNING - 2024-09-09 05:48:02 --> [DEPRECATED] Creation of dynamic property App\Controllers\AdminController::$uttarakhandModel is deprecated in APPPATH\Controllers\AdminController.php on line 22.
 1 SYSTEMPATH\CodeIgniter.php(913): App\Controllers\AdminController->__construct()
 2 SYSTEMPATH\CodeIgniter.php(493): CodeIgniter\CodeIgniter->createController()
 3 SYSTEMPATH\CodeIgniter.php(361): CodeIgniter\CodeIgniter->handleRequest(null, Object(Config\Cache), false)
 4 FCPATH\index.php(79): CodeIgniter\CodeIgniter->run()
WARNING - 2024-09-09 05:48:02 --> [DEPRECATED] Creation of dynamic property App\Controllers\AdminController::$citiesModel is deprecated in APPPATH\Controllers\AdminController.php on line 23.
 1 SYSTEMPATH\CodeIgniter.php(913): App\Controllers\AdminController->__construct()
 2 SYSTEMPATH\CodeIgniter.php(493): CodeIgniter\CodeIgniter->createController()
 3 SYSTEMPATH\CodeIgniter.php(361): CodeIgniter\CodeIgniter->handleRequest(null, Object(Config\Cache), false)
 4 FCPATH\index.php(79): CodeIgniter\CodeIgniter->run()
WARNING - 2024-09-09 05:48:02 --> [DEPRECATED] Creation of dynamic property App\Controllers\AdminController::$imageModel is deprecated in APPPATH\Controllers\AdminController.php on line 24.
 1 SYSTEMPATH\CodeIgniter.php(913): App\Controllers\AdminController->__construct()
 2 SYSTEMPATH\CodeIgniter.php(493): CodeIgniter\CodeIgniter->createController()
 3 SYSTEMPATH\CodeIgniter.php(361): CodeIgniter\CodeIgniter->handleRequest(null, Object(Config\Cache), false)
 4 FCPATH\index.php(79): CodeIgniter\CodeIgniter->run()
WARNING - 2024-09-09 05:48:02 --> [DEPRECATED] Creation of dynamic property App\Controllers\AdminController::$areaModel is deprecated in APPPATH\Controllers\AdminController.php on line 25.
 1 SYSTEMPATH\CodeIgniter.php(913): App\Controllers\AdminController->__construct()
 2 SYSTEMPATH\CodeIgniter.php(493): CodeIgniter\CodeIgniter->createController()
 3 SYSTEMPATH\CodeIgniter.php(361): CodeIgniter\CodeIgniter->handleRequest(null, Object(Config\Cache), false)
 4 FCPATH\index.php(79): CodeIgniter\CodeIgniter->run()
WARNING - 2024-09-09 05:48:02 --> [DEPRECATED] Creation of dynamic property App\Controllers\AdminController::$foodModel is deprecated in APPPATH\Controllers\AdminController.php on line 26.
 1 SYSTEMPATH\CodeIgniter.php(913): App\Controllers\AdminController->__construct()
 2 SYSTEMPATH\CodeIgniter.php(493): CodeIgniter\CodeIgniter->createController()
 3 SYSTEMPATH\CodeIgniter.php(361): CodeIgniter\CodeIgniter->handleRequest(null, Object(Config\Cache), false)
 4 FCPATH\index.php(79): CodeIgniter\CodeIgniter->run()
WARNING - 2024-09-09 05:48:02 --> [DEPRECATED] Creation of dynamic property App\Controllers\AdminController::$contact is deprecated in APPPATH\Controllers\AdminController.php on line 27.
 1 SYSTEMPATH\CodeIgniter.php(913): App\Controllers\AdminController->__construct()
 2 SYSTEMPATH\CodeIgniter.php(493): CodeIgniter\CodeIgniter->createController()
 3 SYSTEMPATH\CodeIgniter.php(361): CodeIgniter\CodeIgniter->handleRequest(null, Object(Config\Cache), false)
 4 FCPATH\index.php(79): CodeIgniter\CodeIgniter->run()
WARNING - 2024-09-09 05:48:02 --> [DEPRECATED] Creation of dynamic property App\Controllers\AdminController::$subscriber is deprecated in APPPATH\Controllers\AdminController.php on line 28.
 1 SYSTEMPATH\CodeIgniter.php(913): App\Controllers\AdminController->__construct()
 2 SYSTEMPATH\CodeIgniter.php(493): CodeIgniter\CodeIgniter->createController()
 3 SYSTEMPATH\CodeIgniter.php(361): CodeIgniter\CodeIgniter->handleRequest(null, Object(Config\Cache), false)
 4 FCPATH\index.php(79): CodeIgniter\CodeIgniter->run()
INFO - 2024-09-09 05:48:02 --> Session: Class initialized using 'CodeIgniter\Session\Handlers\FileHandler' driver.
WARNING - 2024-09-09 05:48:04 --> [DEPRECATED] Creation of dynamic property App\Controllers\AdminController::$uttarakhandModel is deprecated in APPPATH\Controllers\AdminController.php on line 22.
 1 SYSTEMPATH\CodeIgniter.php(913): App\Controllers\AdminController->__construct()
 2 SYSTEMPATH\CodeIgniter.php(493): CodeIgniter\CodeIgniter->createController()
 3 SYSTEMPATH\CodeIgniter.php(361): CodeIgniter\CodeIgniter->handleRequest(null, Object(Config\Cache), false)
 4 FCPATH\index.php(79): CodeIgniter\CodeIgniter->run()
WARNING - 2024-09-09 05:48:04 --> [DEPRECATED] Creation of dynamic property App\Controllers\AdminController::$citiesModel is deprecated in APPPATH\Controllers\AdminController.php on line 23.
 1 SYSTEMPATH\CodeIgniter.php(913): App\Controllers\AdminController->__construct()
 2 SYSTEMPATH\CodeIgniter.php(493): CodeIgniter\CodeIgniter->createController()
 3 SYSTEMPATH\CodeIgniter.php(361): CodeIgniter\CodeIgniter->handleRequest(null, Object(Config\Cache), false)
 4 FCPATH\index.php(79): CodeIgniter\CodeIgniter->run()
WARNING - 2024-09-09 05:48:04 --> [DEPRECATED] Creation of dynamic property App\Controllers\AdminController::$imageModel is deprecated in APPPATH\Controllers\AdminController.php on line 24.
 1 SYSTEMPATH\CodeIgniter.php(913): App\Controllers\AdminController->__construct()
 2 SYSTEMPATH\CodeIgniter.php(493): CodeIgniter\CodeIgniter->createController()
 3 SYSTEMPATH\CodeIgniter.php(361): CodeIgniter\CodeIgniter->handleRequest(null, Object(Config\Cache), false)
 4 FCPATH\index.php(79): CodeIgniter\CodeIgniter->run()
WARNING - 2024-09-09 05:48:04 --> [DEPRECATED] Creation of dynamic property App\Controllers\AdminController::$areaModel is deprecated in APPPATH\Controllers\AdminController.php on line 25.
 1 SYSTEMPATH\CodeIgniter.php(913): App\Controllers\AdminController->__construct()
 2 SYSTEMPATH\CodeIgniter.php(493): CodeIgniter\CodeIgniter->createController()
 3 SYSTEMPATH\CodeIgniter.php(361): CodeIgniter\CodeIgniter->handleRequest(null, Object(Config\Cache), false)
 4 FCPATH\index.php(79): CodeIgniter\CodeIgniter->run()
WARNING - 2024-09-09 05:48:04 --> [DEPRECATED] Creation of dynamic property App\Controllers\AdminController::$foodModel is deprecated in APPPATH\Controllers\AdminController.php on line 26.
 1 SYSTEMPATH\CodeIgniter.php(913): App\Controllers\AdminController->__construct()
 2 SYSTEMPATH\CodeIgniter.php(493): CodeIgniter\CodeIgniter->createController()
 3 SYSTEMPATH\CodeIgniter.php(361): CodeIgniter\CodeIgniter->handleRequest(null, Object(Config\Cache), false)
 4 FCPATH\index.php(79): CodeIgniter\CodeIgniter->run()
WARNING - 2024-09-09 05:48:04 --> [DEPRECATED] Creation of dynamic property App\Controllers\AdminController::$contact is deprecated in APPPATH\Controllers\AdminController.php on line 27.
 1 SYSTEMPATH\CodeIgniter.php(913): App\Controllers\AdminController->__construct()
 2 SYSTEMPATH\CodeIgniter.php(493): CodeIgniter\CodeIgniter->createController()
 3 SYSTEMPATH\CodeIgniter.php(361): CodeIgniter\CodeIgniter->handleRequest(null, Object(Config\Cache), false)
 4 FCPATH\index.php(79): CodeIgniter\CodeIgniter->run()
WARNING - 2024-09-09 05:48:04 --> [DEPRECATED] Creation of dynamic property App\Controllers\AdminController::$subscriber is deprecated in APPPATH\Controllers\AdminController.php on line 28.
 1 SYSTEMPATH\CodeIgniter.php(913): App\Controllers\AdminController->__construct()
 2 SYSTEMPATH\CodeIgniter.php(493): CodeIgniter\CodeIgniter->createController()
 3 SYSTEMPATH\CodeIgniter.php(361): CodeIgniter\CodeIgniter->handleRequest(null, Object(Config\Cache), false)
 4 FCPATH\index.php(79): CodeIgniter\CodeIgniter->run()
INFO - 2024-09-09 05:48:04 --> Session: Class initialized using 'CodeIgniter\Session\Handlers\FileHandler' driver.
WARNING - 2024-09-09 05:48:07 --> [DEPRECATED] Creation of dynamic property App\Controllers\AdminController::$uttarakhandModel is deprecated in APPPATH\Controllers\AdminController.php on line 22.
 1 SYSTEMPATH\CodeIgniter.php(913): App\Controllers\AdminController->__construct()
 2 SYSTEMPATH\CodeIgniter.php(493): CodeIgniter\CodeIgniter->createController()
 3 SYSTEMPATH\CodeIgniter.php(361): CodeIgniter\CodeIgniter->handleRequest(null, Object(Config\Cache), false)
 4 FCPATH\index.php(79): CodeIgniter\CodeIgniter->run()
WARNING - 2024-09-09 05:48:07 --> [DEPRECATED] Creation of dynamic property App\Controllers\AdminController::$citiesModel is deprecated in APPPATH\Controllers\AdminController.php on line 23.
 1 SYSTEMPATH\CodeIgniter.php(913): App\Controllers\AdminController->__construct()
 2 SYSTEMPATH\CodeIgniter.php(493): CodeIgniter\CodeIgniter->createController()
 3 SYSTEMPATH\CodeIgniter.php(361): CodeIgniter\CodeIgniter->handleRequest(null, Object(Config\Cache), false)
 4 FCPATH\index.php(79): CodeIgniter\CodeIgniter->run()
WARNING - 2024-09-09 05:48:07 --> [DEPRECATED] Creation of dynamic property App\Controllers\AdminController::$imageModel is deprecated in APPPATH\Controllers\AdminController.php on line 24.
 1 SYSTEMPATH\CodeIgniter.php(913): App\Controllers\AdminController->__construct()
 2 SYSTEMPATH\CodeIgniter.php(493): CodeIgniter\CodeIgniter->createController()
 3 SYSTEMPATH\CodeIgniter.php(361): CodeIgniter\CodeIgniter->handleRequest(null, Object(Config\Cache), false)
 4 FCPATH\index.php(79): CodeIgniter\CodeIgniter->run()
WARNING - 2024-09-09 05:48:07 --> [DEPRECATED] Creation of dynamic property App\Controllers\AdminController::$areaModel is deprecated in APPPATH\Controllers\AdminController.php on line 25.
 1 SYSTEMPATH\CodeIgniter.php(913): App\Controllers\AdminController->__construct()
 2 SYSTEMPATH\CodeIgniter.php(493): CodeIgniter\CodeIgniter->createController()
 3 SYSTEMPATH\CodeIgniter.php(361): CodeIgniter\CodeIgniter->handleRequest(null, Object(Config\Cache), false)
 4 FCPATH\index.php(79): CodeIgniter\CodeIgniter->run()
WARNING - 2024-09-09 05:48:07 --> [DEPRECATED] Creation of dynamic property App\Controllers\AdminController::$foodModel is deprecated in APPPATH\Controllers\AdminController.php on line 26.
 1 SYSTEMPATH\CodeIgniter.php(913): App\Controllers\AdminController->__construct()
 2 SYSTEMPATH\CodeIgniter.php(493): CodeIgniter\CodeIgniter->createController()
 3 SYSTEMPATH\CodeIgniter.php(361): CodeIgniter\CodeIgniter->handleRequest(null, Object(Config\Cache), false)
 4 FCPATH\index.php(79): CodeIgniter\CodeIgniter->run()
WARNING - 2024-09-09 05:48:07 --> [DEPRECATED] Creation of dynamic property App\Controllers\AdminController::$contact is deprecated in APPPATH\Controllers\AdminController.php on line 27.
 1 SYSTEMPATH\CodeIgniter.php(913): App\Controllers\AdminController->__construct()
 2 SYSTEMPATH\CodeIgniter.php(493): CodeIgniter\CodeIgniter->createController()
 3 SYSTEMPATH\CodeIgniter.php(361): CodeIgniter\CodeIgniter->handleRequest(null, Object(Config\Cache), false)
 4 FCPATH\index.php(79): CodeIgniter\CodeIgniter->run()
WARNING - 2024-09-09 05:48:07 --> [DEPRECATED] Creation of dynamic property App\Controllers\AdminController::$subscriber is deprecated in APPPATH\Controllers\AdminController.php on line 28.
 1 SYSTEMPATH\CodeIgniter.php(913): App\Controllers\AdminController->__construct()
 2 SYSTEMPATH\CodeIgniter.php(493): CodeIgniter\CodeIgniter->createController()
 3 SYSTEMPATH\CodeIgniter.php(361): CodeIgniter\CodeIgniter->handleRequest(null, Object(Config\Cache), false)
 4 FCPATH\index.php(79): CodeIgniter\CodeIgniter->run()
INFO - 2024-09-09 05:48:07 --> Session: Class initialized using 'CodeIgniter\Session\Handlers\FileHandler' driver.
WARNING - 2024-09-09 05:48:12 --> [DEPRECATED] Creation of dynamic property App\Controllers\AdminController::$uttarakhandModel is deprecated in APPPATH\Controllers\AdminController.php on line 22.
 1 SYSTEMPATH\CodeIgniter.php(913): App\Controllers\AdminController->__construct()
 2 SYSTEMPATH\CodeIgniter.php(493): CodeIgniter\CodeIgniter->createController()
 3 SYSTEMPATH\CodeIgniter.php(361): CodeIgniter\CodeIgniter->handleRequest(null, Object(Config\Cache), false)
 4 FCPATH\index.php(79): CodeIgniter\CodeIgniter->run()
WARNING - 2024-09-09 05:48:12 --> [DEPRECATED] Creation of dynamic property App\Controllers\AdminController::$citiesModel is deprecated in APPPATH\Controllers\AdminController.php on line 23.
 1 SYSTEMPATH\CodeIgniter.php(913): App\Controllers\AdminController->__construct()
 2 SYSTEMPATH\CodeIgniter.php(493): CodeIgniter\CodeIgniter->createController()
 3 SYSTEMPATH\CodeIgniter.php(361): CodeIgniter\CodeIgniter->handleRequest(null, Object(Config\Cache), false)
 4 FCPATH\index.php(79): CodeIgniter\CodeIgniter->run()
WARNING - 2024-09-09 05:48:12 --> [DEPRECATED] Creation of dynamic property App\Controllers\AdminController::$imageModel is deprecated in APPPATH\Controllers\AdminController.php on line 24.
 1 SYSTEMPATH\CodeIgniter.php(913): App\Controllers\AdminController->__construct()
 2 SYSTEMPATH\CodeIgniter.php(493): CodeIgniter\CodeIgniter->createController()
 3 SYSTEMPATH\CodeIgniter.php(361): CodeIgniter\CodeIgniter->handleRequest(null, Object(Config\Cache), false)
 4 FCPATH\index.php(79): CodeIgniter\CodeIgniter->run()
WARNING - 2024-09-09 05:48:12 --> [DEPRECATED] Creation of dynamic property App\Controllers\AdminController::$areaModel is deprecated in APPPATH\Controllers\AdminController.php on line 25.
 1 SYSTEMPATH\CodeIgniter.php(913): App\Controllers\AdminController->__construct()
 2 SYSTEMPATH\CodeIgniter.php(493): CodeIgniter\CodeIgniter->createController()
 3 SYSTEMPATH\CodeIgniter.php(361): CodeIgniter\CodeIgniter->handleRequest(null, Object(Config\Cache), false)
 4 FCPATH\index.php(79): CodeIgniter\CodeIgniter->run()
WARNING - 2024-09-09 05:48:12 --> [DEPRECATED] Creation of dynamic property App\Controllers\AdminController::$foodModel is deprecated in APPPATH\Controllers\AdminController.php on line 26.
 1 SYSTEMPATH\CodeIgniter.php(913): App\Controllers\AdminController->__construct()
 2 SYSTEMPATH\CodeIgniter.php(493): CodeIgniter\CodeIgniter->createController()
 3 SYSTEMPATH\CodeIgniter.php(361): CodeIgniter\CodeIgniter->handleRequest(null, Object(Config\Cache), false)
 4 FCPATH\index.php(79): CodeIgniter\CodeIgniter->run()
WARNING - 2024-09-09 05:48:12 --> [DEPRECATED] Creation of dynamic property App\Controllers\AdminController::$contact is deprecated in APPPATH\Controllers\AdminController.php on line 27.
 1 SYSTEMPATH\CodeIgniter.php(913): App\Controllers\AdminController->__construct()
 2 SYSTEMPATH\CodeIgniter.php(493): CodeIgniter\CodeIgniter->createController()
 3 SYSTEMPATH\CodeIgniter.php(361): CodeIgniter\CodeIgniter->handleRequest(null, Object(Config\Cache), false)
 4 FCPATH\index.php(79): CodeIgniter\CodeIgniter->run()
WARNING - 2024-09-09 05:48:12 --> [DEPRECATED] Creation of dynamic property App\Controllers\AdminController::$subscriber is deprecated in APPPATH\Controllers\AdminController.php on line 28.
 1 SYSTEMPATH\CodeIgniter.php(913): App\Controllers\AdminController->__construct()
 2 SYSTEMPATH\CodeIgniter.php(493): CodeIgniter\CodeIgniter->createController()
 3 SYSTEMPATH\CodeIgniter.php(361): CodeIgniter\CodeIgniter->handleRequest(null, Object(Config\Cache), false)
 4 FCPATH\index.php(79): CodeIgniter\CodeIgniter->run()
INFO - 2024-09-09 05:48:12 --> Session: Class initialized using 'CodeIgniter\Session\Handlers\FileHandler' driver.
WARNING - 2024-09-09 05:48:16 --> [DEPRECATED] Creation of dynamic property App\Controllers\AdminController::$uttarakhandModel is deprecated in APPPATH\Controllers\AdminController.php on line 22.
 1 SYSTEMPATH\CodeIgniter.php(913): App\Controllers\AdminController->__construct()
 2 SYSTEMPATH\CodeIgniter.php(493): CodeIgniter\CodeIgniter->createController()
 3 SYSTEMPATH\CodeIgniter.php(361): CodeIgniter\CodeIgniter->handleRequest(null, Object(Config\Cache), false)
 4 FCPATH\index.php(79): CodeIgniter\CodeIgniter->run()
WARNING - 2024-09-09 05:48:16 --> [DEPRECATED] Creation of dynamic property App\Controllers\AdminController::$citiesModel is deprecated in APPPATH\Controllers\AdminController.php on line 23.
 1 SYSTEMPATH\CodeIgniter.php(913): App\Controllers\AdminController->__construct()
 2 SYSTEMPATH\CodeIgniter.php(493): CodeIgniter\CodeIgniter->createController()
 3 SYSTEMPATH\CodeIgniter.php(361): CodeIgniter\CodeIgniter->handleRequest(null, Object(Config\Cache), false)
 4 FCPATH\index.php(79): CodeIgniter\CodeIgniter->run()
WARNING - 2024-09-09 05:48:16 --> [DEPRECATED] Creation of dynamic property App\Controllers\AdminController::$imageModel is deprecated in APPPATH\Controllers\AdminController.php on line 24.
 1 SYSTEMPATH\CodeIgniter.php(913): App\Controllers\AdminController->__construct()
 2 SYSTEMPATH\CodeIgniter.php(493): CodeIgniter\CodeIgniter->createController()
 3 SYSTEMPATH\CodeIgniter.php(361): CodeIgniter\CodeIgniter->handleRequest(null, Object(Config\Cache), false)
 4 FCPATH\index.php(79): CodeIgniter\CodeIgniter->run()
WARNING - 2024-09-09 05:48:16 --> [DEPRECATED] Creation of dynamic property App\Controllers\AdminController::$areaModel is deprecated in APPPATH\Controllers\AdminController.php on line 25.
 1 SYSTEMPATH\CodeIgniter.php(913): App\Controllers\AdminController->__construct()
 2 SYSTEMPATH\CodeIgniter.php(493): CodeIgniter\CodeIgniter->createController()
 3 SYSTEMPATH\CodeIgniter.php(361): CodeIgniter\CodeIgniter->handleRequest(null, Object(Config\Cache), false)
 4 FCPATH\index.php(79): CodeIgniter\CodeIgniter->run()
WARNING - 2024-09-09 05:48:16 --> [DEPRECATED] Creation of dynamic property App\Controllers\AdminController::$foodModel is deprecated in APPPATH\Controllers\AdminController.php on line 26.
 1 SYSTEMPATH\CodeIgniter.php(913): App\Controllers\AdminController->__construct()
 2 SYSTEMPATH\CodeIgniter.php(493): CodeIgniter\CodeIgniter->createController()
 3 SYSTEMPATH\CodeIgniter.php(361): CodeIgniter\CodeIgniter->handleRequest(null, Object(Config\Cache), false)
 4 FCPATH\index.php(79): CodeIgniter\CodeIgniter->run()
WARNING - 2024-09-09 05:48:16 --> [DEPRECATED] Creation of dynamic property App\Controllers\AdminController::$contact is deprecated in APPPATH\Controllers\AdminController.php on line 27.
 1 SYSTEMPATH\CodeIgniter.php(913): App\Controllers\AdminController->__construct()
 2 SYSTEMPATH\CodeIgniter.php(493): CodeIgniter\CodeIgniter->createController()
 3 SYSTEMPATH\CodeIgniter.php(361): CodeIgniter\CodeIgniter->handleRequest(null, Object(Config\Cache), false)
 4 FCPATH\index.php(79): CodeIgniter\CodeIgniter->run()
WARNING - 2024-09-09 05:48:16 --> [DEPRECATED] Creation of dynamic property App\Controllers\AdminController::$subscriber is deprecated in APPPATH\Controllers\AdminController.php on line 28.
 1 SYSTEMPATH\CodeIgniter.php(913): App\Controllers\AdminController->__construct()
 2 SYSTEMPATH\CodeIgniter.php(493): CodeIgniter\CodeIgniter->createController()
 3 SYSTEMPATH\CodeIgniter.php(361): CodeIgniter\CodeIgniter->handleRequest(null, Object(Config\Cache), false)
 4 FCPATH\index.php(79): CodeIgniter\CodeIgniter->run()
INFO - 2024-09-09 05:48:16 --> Session: Class initialized using 'CodeIgniter\Session\Handlers\FileHandler' driver.
WARNING - 2024-09-09 05:48:39 --> [DEPRECATED] Creation of dynamic property App\Controllers\AdminController::$uttarakhandModel is deprecated in APPPATH\Controllers\AdminController.php on line 22.
 1 SYSTEMPATH\CodeIgniter.php(913): App\Controllers\AdminController->__construct()
 2 SYSTEMPATH\CodeIgniter.php(493): CodeIgniter\CodeIgniter->createController()
 3 SYSTEMPATH\CodeIgniter.php(361): CodeIgniter\CodeIgniter->handleRequest(null, Object(Config\Cache), false)
 4 FCPATH\index.php(79): CodeIgniter\CodeIgniter->run()
WARNING - 2024-09-09 05:48:39 --> [DEPRECATED] Creation of dynamic property App\Controllers\AdminController::$citiesModel is deprecated in APPPATH\Controllers\AdminController.php on line 23.
 1 SYSTEMPATH\CodeIgniter.php(913): App\Controllers\AdminController->__construct()
 2 SYSTEMPATH\CodeIgniter.php(493): CodeIgniter\CodeIgniter->createController()
 3 SYSTEMPATH\CodeIgniter.php(361): CodeIgniter\CodeIgniter->handleRequest(null, Object(Config\Cache), false)
 4 FCPATH\index.php(79): CodeIgniter\CodeIgniter->run()
WARNING - 2024-09-09 05:48:39 --> [DEPRECATED] Creation of dynamic property App\Controllers\AdminController::$imageModel is deprecated in APPPATH\Controllers\AdminController.php on line 24.
 1 SYSTEMPATH\CodeIgniter.php(913): App\Controllers\AdminController->__construct()
 2 SYSTEMPATH\CodeIgniter.php(493): CodeIgniter\CodeIgniter->createController()
 3 SYSTEMPATH\CodeIgniter.php(361): CodeIgniter\CodeIgniter->handleRequest(null, Object(Config\Cache), false)
 4 FCPATH\index.php(79): CodeIgniter\CodeIgniter->run()
WARNING - 2024-09-09 05:48:39 --> [DEPRECATED] Creation of dynamic property App\Controllers\AdminController::$areaModel is deprecated in APPPATH\Controllers\AdminController.php on line 25.
 1 SYSTEMPATH\CodeIgniter.php(913): App\Controllers\AdminController->__construct()
 2 SYSTEMPATH\CodeIgniter.php(493): CodeIgniter\CodeIgniter->createController()
 3 SYSTEMPATH\CodeIgniter.php(361): CodeIgniter\CodeIgniter->handleRequest(null, Object(Config\Cache), false)
 4 FCPATH\index.php(79): CodeIgniter\CodeIgniter->run()
WARNING - 2024-09-09 05:48:39 --> [DEPRECATED] Creation of dynamic property App\Controllers\AdminController::$foodModel is deprecated in APPPATH\Controllers\AdminController.php on line 26.
 1 SYSTEMPATH\CodeIgniter.php(913): App\Controllers\AdminController->__construct()
 2 SYSTEMPATH\CodeIgniter.php(493): CodeIgniter\CodeIgniter->createController()
 3 SYSTEMPATH\CodeIgniter.php(361): CodeIgniter\CodeIgniter->handleRequest(null, Object(Config\Cache), false)
 4 FCPATH\index.php(79): CodeIgniter\CodeIgniter->run()
WARNING - 2024-09-09 05:48:39 --> [DEPRECATED] Creation of dynamic property App\Controllers\AdminController::$contact is deprecated in APPPATH\Controllers\AdminController.php on line 27.
 1 SYSTEMPATH\CodeIgniter.php(913): App\Controllers\AdminController->__construct()
 2 SYSTEMPATH\CodeIgniter.php(493): CodeIgniter\CodeIgniter->createController()
 3 SYSTEMPATH\CodeIgniter.php(361): CodeIgniter\CodeIgniter->handleRequest(null, Object(Config\Cache), false)
 4 FCPATH\index.php(79): CodeIgniter\CodeIgniter->run()
WARNING - 2024-09-09 05:48:39 --> [DEPRECATED] Creation of dynamic property App\Controllers\AdminController::$subscriber is deprecated in APPPATH\Controllers\AdminController.php on line 28.
 1 SYSTEMPATH\CodeIgniter.php(913): App\Controllers\AdminController->__construct()
 2 SYSTEMPATH\CodeIgniter.php(493): CodeIgniter\CodeIgniter->createController()
 3 SYSTEMPATH\CodeIgniter.php(361): CodeIgniter\CodeIgniter->handleRequest(null, Object(Config\Cache), false)
 4 FCPATH\index.php(79): CodeIgniter\CodeIgniter->run()
INFO - 2024-09-09 05:48:39 --> Session: Class initialized using 'CodeIgniter\Session\Handlers\FileHandler' driver.
WARNING - 2024-09-09 05:48:40 --> [DEPRECATED] Creation of dynamic property App\Controllers\AdminController::$uttarakhandModel is deprecated in APPPATH\Controllers\AdminController.php on line 22.
 1 SYSTEMPATH\CodeIgniter.php(913): App\Controllers\AdminController->__construct()
 2 SYSTEMPATH\CodeIgniter.php(493): CodeIgniter\CodeIgniter->createController()
 3 SYSTEMPATH\CodeIgniter.php(361): CodeIgniter\CodeIgniter->handleRequest(null, Object(Config\Cache), false)
 4 FCPATH\index.php(79): CodeIgniter\CodeIgniter->run()
WARNING - 2024-09-09 05:48:40 --> [DEPRECATED] Creation of dynamic property App\Controllers\AdminController::$citiesModel is deprecated in APPPATH\Controllers\AdminController.php on line 23.
 1 SYSTEMPATH\CodeIgniter.php(913): App\Controllers\AdminController->__construct()
 2 SYSTEMPATH\CodeIgniter.php(493): CodeIgniter\CodeIgniter->createController()
 3 SYSTEMPATH\CodeIgniter.php(361): CodeIgniter\CodeIgniter->handleRequest(null, Object(Config\Cache), false)
 4 FCPATH\index.php(79): CodeIgniter\CodeIgniter->run()
WARNING - 2024-09-09 05:48:40 --> [DEPRECATED] Creation of dynamic property App\Controllers\AdminController::$imageModel is deprecated in APPPATH\Controllers\AdminController.php on line 24.
 1 SYSTEMPATH\CodeIgniter.php(913): App\Controllers\AdminController->__construct()
 2 SYSTEMPATH\CodeIgniter.php(493): CodeIgniter\CodeIgniter->createController()
 3 SYSTEMPATH\CodeIgniter.php(361): CodeIgniter\CodeIgniter->handleRequest(null, Object(Config\Cache), false)
 4 FCPATH\index.php(79): CodeIgniter\CodeIgniter->run()
WARNING - 2024-09-09 05:48:40 --> [DEPRECATED] Creation of dynamic property App\Controllers\AdminController::$areaModel is deprecated in APPPATH\Controllers\AdminController.php on line 25.
 1 SYSTEMPATH\CodeIgniter.php(913): App\Controllers\AdminController->__construct()
 2 SYSTEMPATH\CodeIgniter.php(493): CodeIgniter\CodeIgniter->createController()
 3 SYSTEMPATH\CodeIgniter.php(361): CodeIgniter\CodeIgniter->handleRequest(null, Object(Config\Cache), false)
 4 FCPATH\index.php(79): CodeIgniter\CodeIgniter->run()
WARNING - 2024-09-09 05:48:40 --> [DEPRECATED] Creation of dynamic property App\Controllers\AdminController::$foodModel is deprecated in APPPATH\Controllers\AdminController.php on line 26.
 1 SYSTEMPATH\CodeIgniter.php(913): App\Controllers\AdminController->__construct()
 2 SYSTEMPATH\CodeIgniter.php(493): CodeIgniter\CodeIgniter->createController()
 3 SYSTEMPATH\CodeIgniter.php(361): CodeIgniter\CodeIgniter->handleRequest(null, Object(Config\Cache), false)
 4 FCPATH\index.php(79): CodeIgniter\CodeIgniter->run()
WARNING - 2024-09-09 05:48:40 --> [DEPRECATED] Creation of dynamic property App\Controllers\AdminController::$contact is deprecated in APPPATH\Controllers\AdminController.php on line 27.
 1 SYSTEMPATH\CodeIgniter.php(913): App\Controllers\AdminController->__construct()
 2 SYSTEMPATH\CodeIgniter.php(493): CodeIgniter\CodeIgniter->createController()
 3 SYSTEMPATH\CodeIgniter.php(361): CodeIgniter\CodeIgniter->handleRequest(null, Object(Config\Cache), false)
 4 FCPATH\index.php(79): CodeIgniter\CodeIgniter->run()
WARNING - 2024-09-09 05:48:40 --> [DEPRECATED] Creation of dynamic property App\Controllers\AdminController::$subscriber is deprecated in APPPATH\Controllers\AdminController.php on line 28.
 1 SYSTEMPATH\CodeIgniter.php(913): App\Controllers\AdminController->__construct()
 2 SYSTEMPATH\CodeIgniter.php(493): CodeIgniter\CodeIgniter->createController()
 3 SYSTEMPATH\CodeIgniter.php(361): CodeIgniter\CodeIgniter->handleRequest(null, Object(Config\Cache), false)
 4 FCPATH\index.php(79): CodeIgniter\CodeIgniter->run()
INFO - 2024-09-09 05:48:40 --> Session: Class initialized using 'CodeIgniter\Session\Handlers\FileHandler' driver.
WARNING - 2024-09-09 05:48:46 --> [DEPRECATED] Creation of dynamic property App\Controllers\AdminController::$uttarakhandModel is deprecated in APPPATH\Controllers\AdminController.php on line 22.
 1 SYSTEMPATH\CodeIgniter.php(913): App\Controllers\AdminController->__construct()
 2 SYSTEMPATH\CodeIgniter.php(493): CodeIgniter\CodeIgniter->createController()
 3 SYSTEMPATH\CodeIgniter.php(361): CodeIgniter\CodeIgniter->handleRequest(null, Object(Config\Cache), false)
 4 FCPATH\index.php(79): CodeIgniter\CodeIgniter->run()
WARNING - 2024-09-09 05:48:46 --> [DEPRECATED] Creation of dynamic property App\Controllers\AdminController::$citiesModel is deprecated in APPPATH\Controllers\AdminController.php on line 23.
 1 SYSTEMPATH\CodeIgniter.php(913): App\Controllers\AdminController->__construct()
 2 SYSTEMPATH\CodeIgniter.php(493): CodeIgniter\CodeIgniter->createController()
 3 SYSTEMPATH\CodeIgniter.php(361): CodeIgniter\CodeIgniter->handleRequest(null, Object(Config\Cache), false)
 4 FCPATH\index.php(79): CodeIgniter\CodeIgniter->run()
WARNING - 2024-09-09 05:48:46 --> [DEPRECATED] Creation of dynamic property App\Controllers\AdminController::$imageModel is deprecated in APPPATH\Controllers\AdminController.php on line 24.
 1 SYSTEMPATH\CodeIgniter.php(913): App\Controllers\AdminController->__construct()
 2 SYSTEMPATH\CodeIgniter.php(493): CodeIgniter\CodeIgniter->createController()
 3 SYSTEMPATH\CodeIgniter.php(361): CodeIgniter\CodeIgniter->handleRequest(null, Object(Config\Cache), false)
 4 FCPATH\index.php(79): CodeIgniter\CodeIgniter->run()
WARNING - 2024-09-09 05:48:46 --> [DEPRECATED] Creation of dynamic property App\Controllers\AdminController::$areaModel is deprecated in APPPATH\Controllers\AdminController.php on line 25.
 1 SYSTEMPATH\CodeIgniter.php(913): App\Controllers\AdminController->__construct()
 2 SYSTEMPATH\CodeIgniter.php(493): CodeIgniter\CodeIgniter->createController()
 3 SYSTEMPATH\CodeIgniter.php(361): CodeIgniter\CodeIgniter->handleRequest(null, Object(Config\Cache), false)
 4 FCPATH\index.php(79): CodeIgniter\CodeIgniter->run()
WARNING - 2024-09-09 05:48:46 --> [DEPRECATED] Creation of dynamic property App\Controllers\AdminController::$foodModel is deprecated in APPPATH\Controllers\AdminController.php on line 26.
 1 SYSTEMPATH\CodeIgniter.php(913): App\Controllers\AdminController->__construct()
 2 SYSTEMPATH\CodeIgniter.php(493): CodeIgniter\CodeIgniter->createController()
 3 SYSTEMPATH\CodeIgniter.php(361): CodeIgniter\CodeIgniter->handleRequest(null, Object(Config\Cache), false)
 4 FCPATH\index.php(79): CodeIgniter\CodeIgniter->run()
WARNING - 2024-09-09 05:48:46 --> [DEPRECATED] Creation of dynamic property App\Controllers\AdminController::$contact is deprecated in APPPATH\Controllers\AdminController.php on line 27.
 1 SYSTEMPATH\CodeIgniter.php(913): App\Controllers\AdminController->__construct()
 2 SYSTEMPATH\CodeIgniter.php(493): CodeIgniter\CodeIgniter->createController()
 3 SYSTEMPATH\CodeIgniter.php(361): CodeIgniter\CodeIgniter->handleRequest(null, Object(Config\Cache), false)
 4 FCPATH\index.php(79): CodeIgniter\CodeIgniter->run()
WARNING - 2024-09-09 05:48:46 --> [DEPRECATED] Creation of dynamic property App\Controllers\AdminController::$subscriber is deprecated in APPPATH\Controllers\AdminController.php on line 28.
 1 SYSTEMPATH\CodeIgniter.php(913): App\Controllers\AdminController->__construct()
 2 SYSTEMPATH\CodeIgniter.php(493): CodeIgniter\CodeIgniter->createController()
 3 SYSTEMPATH\CodeIgniter.php(361): CodeIgniter\CodeIgniter->handleRequest(null, Object(Config\Cache), false)
 4 FCPATH\index.php(79): CodeIgniter\CodeIgniter->run()
INFO - 2024-09-09 05:48:46 --> Session: Class initialized using 'CodeIgniter\Session\Handlers\FileHandler' driver.
WARNING - 2024-09-09 05:48:55 --> [DEPRECATED] Creation of dynamic property App\Controllers\AdminController::$uttarakhandModel is deprecated in APPPATH\Controllers\AdminController.php on line 22.
 1 SYSTEMPATH\CodeIgniter.php(913): App\Controllers\AdminController->__construct()
 2 SYSTEMPATH\CodeIgniter.php(493): CodeIgniter\CodeIgniter->createController()
 3 SYSTEMPATH\CodeIgniter.php(361): CodeIgniter\CodeIgniter->handleRequest(null, Object(Config\Cache), false)
 4 FCPATH\index.php(79): CodeIgniter\CodeIgniter->run()
WARNING - 2024-09-09 05:48:55 --> [DEPRECATED] Creation of dynamic property App\Controllers\AdminController::$citiesModel is deprecated in APPPATH\Controllers\AdminController.php on line 23.
 1 SYSTEMPATH\CodeIgniter.php(913): App\Controllers\AdminController->__construct()
 2 SYSTEMPATH\CodeIgniter.php(493): CodeIgniter\CodeIgniter->createController()
 3 SYSTEMPATH\CodeIgniter.php(361): CodeIgniter\CodeIgniter->handleRequest(null, Object(Config\Cache), false)
 4 FCPATH\index.php(79): CodeIgniter\CodeIgniter->run()
WARNING - 2024-09-09 05:48:55 --> [DEPRECATED] Creation of dynamic property App\Controllers\AdminController::$imageModel is deprecated in APPPATH\Controllers\AdminController.php on line 24.
 1 SYSTEMPATH\CodeIgniter.php(913): App\Controllers\AdminController->__construct()
 2 SYSTEMPATH\CodeIgniter.php(493): CodeIgniter\CodeIgniter->createController()
 3 SYSTEMPATH\CodeIgniter.php(361): CodeIgniter\CodeIgniter->handleRequest(null, Object(Config\Cache), false)
 4 FCPATH\index.php(79): CodeIgniter\CodeIgniter->run()
WARNING - 2024-09-09 05:48:55 --> [DEPRECATED] Creation of dynamic property App\Controllers\AdminController::$areaModel is deprecated in APPPATH\Controllers\AdminController.php on line 25.
 1 SYSTEMPATH\CodeIgniter.php(913): App\Controllers\AdminController->__construct()
 2 SYSTEMPATH\CodeIgniter.php(493): CodeIgniter\CodeIgniter->createController()
 3 SYSTEMPATH\CodeIgniter.php(361): CodeIgniter\CodeIgniter->handleRequest(null, Object(Config\Cache), false)
 4 FCPATH\index.php(79): CodeIgniter\CodeIgniter->run()
WARNING - 2024-09-09 05:48:55 --> [DEPRECATED] Creation of dynamic property App\Controllers\AdminController::$foodModel is deprecated in APPPATH\Controllers\AdminController.php on line 26.
 1 SYSTEMPATH\CodeIgniter.php(913): App\Controllers\AdminController->__construct()
 2 SYSTEMPATH\CodeIgniter.php(493): CodeIgniter\CodeIgniter->createController()
 3 SYSTEMPATH\CodeIgniter.php(361): CodeIgniter\CodeIgniter->handleRequest(null, Object(Config\Cache), false)
 4 FCPATH\index.php(79): CodeIgniter\CodeIgniter->run()
WARNING - 2024-09-09 05:48:55 --> [DEPRECATED] Creation of dynamic property App\Controllers\AdminController::$contact is deprecated in APPPATH\Controllers\AdminController.php on line 27.
 1 SYSTEMPATH\CodeIgniter.php(913): App\Controllers\AdminController->__construct()
 2 SYSTEMPATH\CodeIgniter.php(493): CodeIgniter\CodeIgniter->createController()
 3 SYSTEMPATH\CodeIgniter.php(361): CodeIgniter\CodeIgniter->handleRequest(null, Object(Config\Cache), false)
 4 FCPATH\index.php(79): CodeIgniter\CodeIgniter->run()
WARNING - 2024-09-09 05:48:55 --> [DEPRECATED] Creation of dynamic property App\Controllers\AdminController::$subscriber is deprecated in APPPATH\Controllers\AdminController.php on line 28.
 1 SYSTEMPATH\CodeIgniter.php(913): App\Controllers\AdminController->__construct()
 2 SYSTEMPATH\CodeIgniter.php(493): CodeIgniter\CodeIgniter->createController()
 3 SYSTEMPATH\CodeIgniter.php(361): CodeIgniter\CodeIgniter->handleRequest(null, Object(Config\Cache), false)
 4 FCPATH\index.php(79): CodeIgniter\CodeIgniter->run()
INFO - 2024-09-09 05:48:55 --> Session: Class initialized using 'CodeIgniter\Session\Handlers\FileHandler' driver.
WARNING - 2024-09-09 05:48:57 --> [DEPRECATED] Creation of dynamic property App\Controllers\AdminController::$uttarakhandModel is deprecated in APPPATH\Controllers\AdminController.php on line 22.
 1 SYSTEMPATH\CodeIgniter.php(913): App\Controllers\AdminController->__construct()
 2 SYSTEMPATH\CodeIgniter.php(493): CodeIgniter\CodeIgniter->createController()
 3 SYSTEMPATH\CodeIgniter.php(361): CodeIgniter\CodeIgniter->handleRequest(null, Object(Config\Cache), false)
 4 FCPATH\index.php(79): CodeIgniter\CodeIgniter->run()
WARNING - 2024-09-09 05:48:57 --> [DEPRECATED] Creation of dynamic property App\Controllers\AdminController::$citiesModel is deprecated in APPPATH\Controllers\AdminController.php on line 23.
 1 SYSTEMPATH\CodeIgniter.php(913): App\Controllers\AdminController->__construct()
 2 SYSTEMPATH\CodeIgniter.php(493): CodeIgniter\CodeIgniter->createController()
 3 SYSTEMPATH\CodeIgniter.php(361): CodeIgniter\CodeIgniter->handleRequest(null, Object(Config\Cache), false)
 4 FCPATH\index.php(79): CodeIgniter\CodeIgniter->run()
WARNING - 2024-09-09 05:48:57 --> [DEPRECATED] Creation of dynamic property App\Controllers\AdminController::$imageModel is deprecated in APPPATH\Controllers\AdminController.php on line 24.
 1 SYSTEMPATH\CodeIgniter.php(913): App\Controllers\AdminController->__construct()
 2 SYSTEMPATH\CodeIgniter.php(493): CodeIgniter\CodeIgniter->createController()
 3 SYSTEMPATH\CodeIgniter.php(361): CodeIgniter\CodeIgniter->handleRequest(null, Object(Config\Cache), false)
 4 FCPATH\index.php(79): CodeIgniter\CodeIgniter->run()
WARNING - 2024-09-09 05:48:57 --> [DEPRECATED] Creation of dynamic property App\Controllers\AdminController::$areaModel is deprecated in APPPATH\Controllers\AdminController.php on line 25.
 1 SYSTEMPATH\CodeIgniter.php(913): App\Controllers\AdminController->__construct()
 2 SYSTEMPATH\CodeIgniter.php(493): CodeIgniter\CodeIgniter->createController()
 3 SYSTEMPATH\CodeIgniter.php(361): CodeIgniter\CodeIgniter->handleRequest(null, Object(Config\Cache), false)
 4 FCPATH\index.php(79): CodeIgniter\CodeIgniter->run()
WARNING - 2024-09-09 05:48:57 --> [DEPRECATED] Creation of dynamic property App\Controllers\AdminController::$foodModel is deprecated in APPPATH\Controllers\AdminController.php on line 26.
 1 SYSTEMPATH\CodeIgniter.php(913): App\Controllers\AdminController->__construct()
 2 SYSTEMPATH\CodeIgniter.php(493): CodeIgniter\CodeIgniter->createController()
 3 SYSTEMPATH\CodeIgniter.php(361): CodeIgniter\CodeIgniter->handleRequest(null, Object(Config\Cache), false)
 4 FCPATH\index.php(79): CodeIgniter\CodeIgniter->run()
WARNING - 2024-09-09 05:48:57 --> [DEPRECATED] Creation of dynamic property App\Controllers\AdminController::$contact is deprecated in APPPATH\Controllers\AdminController.php on line 27.
 1 SYSTEMPATH\CodeIgniter.php(913): App\Controllers\AdminController->__construct()
 2 SYSTEMPATH\CodeIgniter.php(493): CodeIgniter\CodeIgniter->createController()
 3 SYSTEMPATH\CodeIgniter.php(361): CodeIgniter\CodeIgniter->handleRequest(null, Object(Config\Cache), false)
 4 FCPATH\index.php(79): CodeIgniter\CodeIgniter->run()
WARNING - 2024-09-09 05:48:57 --> [DEPRECATED] Creation of dynamic property App\Controllers\AdminController::$subscriber is deprecated in APPPATH\Controllers\AdminController.php on line 28.
 1 SYSTEMPATH\CodeIgniter.php(913): App\Controllers\AdminController->__construct()
 2 SYSTEMPATH\CodeIgniter.php(493): CodeIgniter\CodeIgniter->createController()
 3 SYSTEMPATH\CodeIgniter.php(361): CodeIgniter\CodeIgniter->handleRequest(null, Object(Config\Cache), false)
 4 FCPATH\index.php(79): CodeIgniter\CodeIgniter->run()
INFO - 2024-09-09 05:48:57 --> Session: Class initialized using 'CodeIgniter\Session\Handlers\FileHandler' driver.
WARNING - 2024-09-09 05:49:07 --> [DEPRECATED] Creation of dynamic property App\Controllers\AdminController::$uttarakhandModel is deprecated in APPPATH\Controllers\AdminController.php on line 22.
 1 SYSTEMPATH\CodeIgniter.php(913): App\Controllers\AdminController->__construct()
 2 SYSTEMPATH\CodeIgniter.php(493): CodeIgniter\CodeIgniter->createController()
 3 SYSTEMPATH\CodeIgniter.php(361): CodeIgniter\CodeIgniter->handleRequest(null, Object(Config\Cache), false)
 4 FCPATH\index.php(79): CodeIgniter\CodeIgniter->run()
WARNING - 2024-09-09 05:49:07 --> [DEPRECATED] Creation of dynamic property App\Controllers\AdminController::$citiesModel is deprecated in APPPATH\Controllers\AdminController.php on line 23.
 1 SYSTEMPATH\CodeIgniter.php(913): App\Controllers\AdminController->__construct()
 2 SYSTEMPATH\CodeIgniter.php(493): CodeIgniter\CodeIgniter->createController()
 3 SYSTEMPATH\CodeIgniter.php(361): CodeIgniter\CodeIgniter->handleRequest(null, Object(Config\Cache), false)
 4 FCPATH\index.php(79): CodeIgniter\CodeIgniter->run()
WARNING - 2024-09-09 05:49:07 --> [DEPRECATED] Creation of dynamic property App\Controllers\AdminController::$imageModel is deprecated in APPPATH\Controllers\AdminController.php on line 24.
 1 SYSTEMPATH\CodeIgniter.php(913): App\Controllers\AdminController->__construct()
 2 SYSTEMPATH\CodeIgniter.php(493): CodeIgniter\CodeIgniter->createController()
 3 SYSTEMPATH\CodeIgniter.php(361): CodeIgniter\CodeIgniter->handleRequest(null, Object(Config\Cache), false)
 4 FCPATH\index.php(79): CodeIgniter\CodeIgniter->run()
WARNING - 2024-09-09 05:49:07 --> [DEPRECATED] Creation of dynamic property App\Controllers\AdminController::$areaModel is deprecated in APPPATH\Controllers\AdminController.php on line 25.
 1 SYSTEMPATH\CodeIgniter.php(913): App\Controllers\AdminController->__construct()
 2 SYSTEMPATH\CodeIgniter.php(493): CodeIgniter\CodeIgniter->createController()
 3 SYSTEMPATH\CodeIgniter.php(361): CodeIgniter\CodeIgniter->handleRequest(null, Object(Config\Cache), false)
 4 FCPATH\index.php(79): CodeIgniter\CodeIgniter->run()
WARNING - 2024-09-09 05:49:07 --> [DEPRECATED] Creation of dynamic property App\Controllers\AdminController::$foodModel is deprecated in APPPATH\Controllers\AdminController.php on line 26.
 1 SYSTEMPATH\CodeIgniter.php(913): App\Controllers\AdminController->__construct()
 2 SYSTEMPATH\CodeIgniter.php(493): CodeIgniter\CodeIgniter->createController()
 3 SYSTEMPATH\CodeIgniter.php(361): CodeIgniter\CodeIgniter->handleRequest(null, Object(Config\Cache), false)
 4 FCPATH\index.php(79): CodeIgniter\CodeIgniter->run()
WARNING - 2024-09-09 05:49:07 --> [DEPRECATED] Creation of dynamic property App\Controllers\AdminController::$contact is deprecated in APPPATH\Controllers\AdminController.php on line 27.
 1 SYSTEMPATH\CodeIgniter.php(913): App\Controllers\AdminController->__construct()
 2 SYSTEMPATH\CodeIgniter.php(493): CodeIgniter\CodeIgniter->createController()
 3 SYSTEMPATH\CodeIgniter.php(361): CodeIgniter\CodeIgniter->handleRequest(null, Object(Config\Cache), false)
 4 FCPATH\index.php(79): CodeIgniter\CodeIgniter->run()
WARNING - 2024-09-09 05:49:07 --> [DEPRECATED] Creation of dynamic property App\Controllers\AdminController::$subscriber is deprecated in APPPATH\Controllers\AdminController.php on line 28.
 1 SYSTEMPATH\CodeIgniter.php(913): App\Controllers\AdminController->__construct()
 2 SYSTEMPATH\CodeIgniter.php(493): CodeIgniter\CodeIgniter->createController()
 3 SYSTEMPATH\CodeIgniter.php(361): CodeIgniter\CodeIgniter->handleRequest(null, Object(Config\Cache), false)
 4 FCPATH\index.php(79): CodeIgniter\CodeIgniter->run()
INFO - 2024-09-09 05:49:07 --> Session: Class initialized using 'CodeIgniter\Session\Handlers\FileHandler' driver.
WARNING - 2024-09-09 05:49:14 --> [DEPRECATED] Creation of dynamic property App\Controllers\AdminController::$uttarakhandModel is deprecated in APPPATH\Controllers\AdminController.php on line 22.
 1 SYSTEMPATH\CodeIgniter.php(913): App\Controllers\AdminController->__construct()
 2 SYSTEMPATH\CodeIgniter.php(493): CodeIgniter\CodeIgniter->createController()
 3 SYSTEMPATH\CodeIgniter.php(361): CodeIgniter\CodeIgniter->handleRequest(null, Object(Config\Cache), false)
 4 FCPATH\index.php(79): CodeIgniter\CodeIgniter->run()
WARNING - 2024-09-09 05:49:14 --> [DEPRECATED] Creation of dynamic property App\Controllers\AdminController::$citiesModel is deprecated in APPPATH\Controllers\AdminController.php on line 23.
 1 SYSTEMPATH\CodeIgniter.php(913): App\Controllers\AdminController->__construct()
 2 SYSTEMPATH\CodeIgniter.php(493): CodeIgniter\CodeIgniter->createController()
 3 SYSTEMPATH\CodeIgniter.php(361): CodeIgniter\CodeIgniter->handleRequest(null, Object(Config\Cache), false)
 4 FCPATH\index.php(79): CodeIgniter\CodeIgniter->run()
WARNING - 2024-09-09 05:49:14 --> [DEPRECATED] Creation of dynamic property App\Controllers\AdminController::$imageModel is deprecated in APPPATH\Controllers\AdminController.php on line 24.
 1 SYSTEMPATH\CodeIgniter.php(913): App\Controllers\AdminController->__construct()
 2 SYSTEMPATH\CodeIgniter.php(493): CodeIgniter\CodeIgniter->createController()
 3 SYSTEMPATH\CodeIgniter.php(361): CodeIgniter\CodeIgniter->handleRequest(null, Object(Config\Cache), false)
 4 FCPATH\index.php(79): CodeIgniter\CodeIgniter->run()
WARNING - 2024-09-09 05:49:14 --> [DEPRECATED] Creation of dynamic property App\Controllers\AdminController::$areaModel is deprecated in APPPATH\Controllers\AdminController.php on line 25.
 1 SYSTEMPATH\CodeIgniter.php(913): App\Controllers\AdminController->__construct()
 2 SYSTEMPATH\CodeIgniter.php(493): CodeIgniter\CodeIgniter->createController()
 3 SYSTEMPATH\CodeIgniter.php(361): CodeIgniter\CodeIgniter->handleRequest(null, Object(Config\Cache), false)
 4 FCPATH\index.php(79): CodeIgniter\CodeIgniter->run()
WARNING - 2024-09-09 05:49:14 --> [DEPRECATED] Creation of dynamic property App\Controllers\AdminController::$foodModel is deprecated in APPPATH\Controllers\AdminController.php on line 26.
 1 SYSTEMPATH\CodeIgniter.php(913): App\Controllers\AdminController->__construct()
 2 SYSTEMPATH\CodeIgniter.php(493): CodeIgniter\CodeIgniter->createController()
 3 SYSTEMPATH\CodeIgniter.php(361): CodeIgniter\CodeIgniter->handleRequest(null, Object(Config\Cache), false)
 4 FCPATH\index.php(79): CodeIgniter\CodeIgniter->run()
WARNING - 2024-09-09 05:49:14 --> [DEPRECATED] Creation of dynamic property App\Controllers\AdminController::$contact is deprecated in APPPATH\Controllers\AdminController.php on line 27.
 1 SYSTEMPATH\CodeIgniter.php(913): App\Controllers\AdminController->__construct()
 2 SYSTEMPATH\CodeIgniter.php(493): CodeIgniter\CodeIgniter->createController()
 3 SYSTEMPATH\CodeIgniter.php(361): CodeIgniter\CodeIgniter->handleRequest(null, Object(Config\Cache), false)
 4 FCPATH\index.php(79): CodeIgniter\CodeIgniter->run()
WARNING - 2024-09-09 05:49:14 --> [DEPRECATED] Creation of dynamic property App\Controllers\AdminController::$subscriber is deprecated in APPPATH\Controllers\AdminController.php on line 28.
 1 SYSTEMPATH\CodeIgniter.php(913): App\Controllers\AdminController->__construct()
 2 SYSTEMPATH\CodeIgniter.php(493): CodeIgniter\CodeIgniter->createController()
 3 SYSTEMPATH\CodeIgniter.php(361): CodeIgniter\CodeIgniter->handleRequest(null, Object(Config\Cache), false)
 4 FCPATH\index.php(79): CodeIgniter\CodeIgniter->run()
INFO - 2024-09-09 05:49:14 --> Session: Class initialized using 'CodeIgniter\Session\Handlers\FileHandler' driver.
WARNING - 2024-09-09 05:49:17 --> [DEPRECATED] Creation of dynamic property App\Controllers\AdminController::$uttarakhandModel is deprecated in APPPATH\Controllers\AdminController.php on line 22.
 1 SYSTEMPATH\CodeIgniter.php(913): App\Controllers\AdminController->__construct()
 2 SYSTEMPATH\CodeIgniter.php(493): CodeIgniter\CodeIgniter->createController()
 3 SYSTEMPATH\CodeIgniter.php(361): CodeIgniter\CodeIgniter->handleRequest(null, Object(Config\Cache), false)
 4 FCPATH\index.php(79): CodeIgniter\CodeIgniter->run()
WARNING - 2024-09-09 05:49:17 --> [DEPRECATED] Creation of dynamic property App\Controllers\AdminController::$citiesModel is deprecated in APPPATH\Controllers\AdminController.php on line 23.
 1 SYSTEMPATH\CodeIgniter.php(913): App\Controllers\AdminController->__construct()
 2 SYSTEMPATH\CodeIgniter.php(493): CodeIgniter\CodeIgniter->createController()
 3 SYSTEMPATH\CodeIgniter.php(361): CodeIgniter\CodeIgniter->handleRequest(null, Object(Config\Cache), false)
 4 FCPATH\index.php(79): CodeIgniter\CodeIgniter->run()
WARNING - 2024-09-09 05:49:17 --> [DEPRECATED] Creation of dynamic property App\Controllers\AdminController::$imageModel is deprecated in APPPATH\Controllers\AdminController.php on line 24.
 1 SYSTEMPATH\CodeIgniter.php(913): App\Controllers\AdminController->__construct()
 2 SYSTEMPATH\CodeIgniter.php(493): CodeIgniter\CodeIgniter->createController()
 3 SYSTEMPATH\CodeIgniter.php(361): CodeIgniter\CodeIgniter->handleRequest(null, Object(Config\Cache), false)
 4 FCPATH\index.php(79): CodeIgniter\CodeIgniter->run()
WARNING - 2024-09-09 05:49:17 --> [DEPRECATED] Creation of dynamic property App\Controllers\AdminController::$areaModel is deprecated in APPPATH\Controllers\AdminController.php on line 25.
 1 SYSTEMPATH\CodeIgniter.php(913): App\Controllers\AdminController->__construct()
 2 SYSTEMPATH\CodeIgniter.php(493): CodeIgniter\CodeIgniter->createController()
 3 SYSTEMPATH\CodeIgniter.php(361): CodeIgniter\CodeIgniter->handleRequest(null, Object(Config\Cache), false)
 4 FCPATH\index.php(79): CodeIgniter\CodeIgniter->run()
WARNING - 2024-09-09 05:49:17 --> [DEPRECATED] Creation of dynamic property App\Controllers\AdminController::$foodModel is deprecated in APPPATH\Controllers\AdminController.php on line 26.
 1 SYSTEMPATH\CodeIgniter.php(913): App\Controllers\AdminController->__construct()
 2 SYSTEMPATH\CodeIgniter.php(493): CodeIgniter\CodeIgniter->createController()
 3 SYSTEMPATH\CodeIgniter.php(361): CodeIgniter\CodeIgniter->handleRequest(null, Object(Config\Cache), false)
 4 FCPATH\index.php(79): CodeIgniter\CodeIgniter->run()
WARNING - 2024-09-09 05:49:17 --> [DEPRECATED] Creation of dynamic property App\Controllers\AdminController::$contact is deprecated in APPPATH\Controllers\AdminController.php on line 27.
 1 SYSTEMPATH\CodeIgniter.php(913): App\Controllers\AdminController->__construct()
 2 SYSTEMPATH\CodeIgniter.php(493): CodeIgniter\CodeIgniter->createController()
 3 SYSTEMPATH\CodeIgniter.php(361): CodeIgniter\CodeIgniter->handleRequest(null, Object(Config\Cache), false)
 4 FCPATH\index.php(79): CodeIgniter\CodeIgniter->run()
WARNING - 2024-09-09 05:49:17 --> [DEPRECATED] Creation of dynamic property App\Controllers\AdminController::$subscriber is deprecated in APPPATH\Controllers\AdminController.php on line 28.
 1 SYSTEMPATH\CodeIgniter.php(913): App\Controllers\AdminController->__construct()
 2 SYSTEMPATH\CodeIgniter.php(493): CodeIgniter\CodeIgniter->createController()
 3 SYSTEMPATH\CodeIgniter.php(361): CodeIgniter\CodeIgniter->handleRequest(null, Object(Config\Cache), false)
 4 FCPATH\index.php(79): CodeIgniter\CodeIgniter->run()
INFO - 2024-09-09 05:49:17 --> Session: Class initialized using 'CodeIgniter\Session\Handlers\FileHandler' driver.
WARNING - 2024-09-09 05:49:19 --> [DEPRECATED] Creation of dynamic property App\Controllers\AdminController::$uttarakhandModel is deprecated in APPPATH\Controllers\AdminController.php on line 22.
 1 SYSTEMPATH\CodeIgniter.php(913): App\Controllers\AdminController->__construct()
 2 SYSTEMPATH\CodeIgniter.php(493): CodeIgniter\CodeIgniter->createController()
 3 SYSTEMPATH\CodeIgniter.php(361): CodeIgniter\CodeIgniter->handleRequest(null, Object(Config\Cache), false)
 4 FCPATH\index.php(79): CodeIgniter\CodeIgniter->run()
WARNING - 2024-09-09 05:49:19 --> [DEPRECATED] Creation of dynamic property App\Controllers\AdminController::$citiesModel is deprecated in APPPATH\Controllers\AdminController.php on line 23.
 1 SYSTEMPATH\CodeIgniter.php(913): App\Controllers\AdminController->__construct()
 2 SYSTEMPATH\CodeIgniter.php(493): CodeIgniter\CodeIgniter->createController()
 3 SYSTEMPATH\CodeIgniter.php(361): CodeIgniter\CodeIgniter->handleRequest(null, Object(Config\Cache), false)
 4 FCPATH\index.php(79): CodeIgniter\CodeIgniter->run()
WARNING - 2024-09-09 05:49:19 --> [DEPRECATED] Creation of dynamic property App\Controllers\AdminController::$imageModel is deprecated in APPPATH\Controllers\AdminController.php on line 24.
 1 SYSTEMPATH\CodeIgniter.php(913): App\Controllers\AdminController->__construct()
 2 SYSTEMPATH\CodeIgniter.php(493): CodeIgniter\CodeIgniter->createController()
 3 SYSTEMPATH\CodeIgniter.php(361): CodeIgniter\CodeIgniter->handleRequest(null, Object(Config\Cache), false)
 4 FCPATH\index.php(79): CodeIgniter\CodeIgniter->run()
WARNING - 2024-09-09 05:49:19 --> [DEPRECATED] Creation of dynamic property App\Controllers\AdminController::$areaModel is deprecated in APPPATH\Controllers\AdminController.php on line 25.
 1 SYSTEMPATH\CodeIgniter.php(913): App\Controllers\AdminController->__construct()
 2 SYSTEMPATH\CodeIgniter.php(493): CodeIgniter\CodeIgniter->createController()
 3 SYSTEMPATH\CodeIgniter.php(361): CodeIgniter\CodeIgniter->handleRequest(null, Object(Config\Cache), false)
 4 FCPATH\index.php(79): CodeIgniter\CodeIgniter->run()
WARNING - 2024-09-09 05:49:19 --> [DEPRECATED] Creation of dynamic property App\Controllers\AdminController::$foodModel is deprecated in APPPATH\Controllers\AdminController.php on line 26.
 1 SYSTEMPATH\CodeIgniter.php(913): App\Controllers\AdminController->__construct()
 2 SYSTEMPATH\CodeIgniter.php(493): CodeIgniter\CodeIgniter->createController()
 3 SYSTEMPATH\CodeIgniter.php(361): CodeIgniter\CodeIgniter->handleRequest(null, Object(Config\Cache), false)
 4 FCPATH\index.php(79): CodeIgniter\CodeIgniter->run()
WARNING - 2024-09-09 05:49:19 --> [DEPRECATED] Creation of dynamic property App\Controllers\AdminController::$contact is deprecated in APPPATH\Controllers\AdminController.php on line 27.
 1 SYSTEMPATH\CodeIgniter.php(913): App\Controllers\AdminController->__construct()
 2 SYSTEMPATH\CodeIgniter.php(493): CodeIgniter\CodeIgniter->createController()
 3 SYSTEMPATH\CodeIgniter.php(361): CodeIgniter\CodeIgniter->handleRequest(null, Object(Config\Cache), false)
 4 FCPATH\index.php(79): CodeIgniter\CodeIgniter->run()
WARNING - 2024-09-09 05:49:19 --> [DEPRECATED] Creation of dynamic property App\Controllers\AdminController::$subscriber is deprecated in APPPATH\Controllers\AdminController.php on line 28.
 1 SYSTEMPATH\CodeIgniter.php(913): App\Controllers\AdminController->__construct()
 2 SYSTEMPATH\CodeIgniter.php(493): CodeIgniter\CodeIgniter->createController()
 3 SYSTEMPATH\CodeIgniter.php(361): CodeIgniter\CodeIgniter->handleRequest(null, Object(Config\Cache), false)
 4 FCPATH\index.php(79): CodeIgniter\CodeIgniter->run()
INFO - 2024-09-09 05:49:19 --> Session: Class initialized using 'CodeIgniter\Session\Handlers\FileHandler' driver.
WARNING - 2024-09-09 05:49:23 --> [DEPRECATED] Creation of dynamic property App\Controllers\AdminController::$uttarakhandModel is deprecated in APPPATH\Controllers\AdminController.php on line 22.
 1 SYSTEMPATH\CodeIgniter.php(913): App\Controllers\AdminController->__construct()
 2 SYSTEMPATH\CodeIgniter.php(493): CodeIgniter\CodeIgniter->createController()
 3 SYSTEMPATH\CodeIgniter.php(361): CodeIgniter\CodeIgniter->handleRequest(null, Object(Config\Cache), false)
 4 FCPATH\index.php(79): CodeIgniter\CodeIgniter->run()
WARNING - 2024-09-09 05:49:23 --> [DEPRECATED] Creation of dynamic property App\Controllers\AdminController::$citiesModel is deprecated in APPPATH\Controllers\AdminController.php on line 23.
 1 SYSTEMPATH\CodeIgniter.php(913): App\Controllers\AdminController->__construct()
 2 SYSTEMPATH\CodeIgniter.php(493): CodeIgniter\CodeIgniter->createController()
 3 SYSTEMPATH\CodeIgniter.php(361): CodeIgniter\CodeIgniter->handleRequest(null, Object(Config\Cache), false)
 4 FCPATH\index.php(79): CodeIgniter\CodeIgniter->run()
WARNING - 2024-09-09 05:49:23 --> [DEPRECATED] Creation of dynamic property App\Controllers\AdminController::$imageModel is deprecated in APPPATH\Controllers\AdminController.php on line 24.
 1 SYSTEMPATH\CodeIgniter.php(913): App\Controllers\AdminController->__construct()
 2 SYSTEMPATH\CodeIgniter.php(493): CodeIgniter\CodeIgniter->createController()
 3 SYSTEMPATH\CodeIgniter.php(361): CodeIgniter\CodeIgniter->handleRequest(null, Object(Config\Cache), false)
 4 FCPATH\index.php(79): CodeIgniter\CodeIgniter->run()
WARNING - 2024-09-09 05:49:23 --> [DEPRECATED] Creation of dynamic property App\Controllers\AdminController::$areaModel is deprecated in APPPATH\Controllers\AdminController.php on line 25.
 1 SYSTEMPATH\CodeIgniter.php(913): App\Controllers\AdminController->__construct()
 2 SYSTEMPATH\CodeIgniter.php(493): CodeIgniter\CodeIgniter->createController()
 3 SYSTEMPATH\CodeIgniter.php(361): CodeIgniter\CodeIgniter->handleRequest(null, Object(Config\Cache), false)
 4 FCPATH\index.php(79): CodeIgniter\CodeIgniter->run()
WARNING - 2024-09-09 05:49:23 --> [DEPRECATED] Creation of dynamic property App\Controllers\AdminController::$foodModel is deprecated in APPPATH\Controllers\AdminController.php on line 26.
 1 SYSTEMPATH\CodeIgniter.php(913): App\Controllers\AdminController->__construct()
 2 SYSTEMPATH\CodeIgniter.php(493): CodeIgniter\CodeIgniter->createController()
 3 SYSTEMPATH\CodeIgniter.php(361): CodeIgniter\CodeIgniter->handleRequest(null, Object(Config\Cache), false)
 4 FCPATH\index.php(79): CodeIgniter\CodeIgniter->run()
WARNING - 2024-09-09 05:49:23 --> [DEPRECATED] Creation of dynamic property App\Controllers\AdminController::$contact is deprecated in APPPATH\Controllers\AdminController.php on line 27.
 1 SYSTEMPATH\CodeIgniter.php(913): App\Controllers\AdminController->__construct()
 2 SYSTEMPATH\CodeIgniter.php(493): CodeIgniter\CodeIgniter->createController()
 3 SYSTEMPATH\CodeIgniter.php(361): CodeIgniter\CodeIgniter->handleRequest(null, Object(Config\Cache), false)
 4 FCPATH\index.php(79): CodeIgniter\CodeIgniter->run()
WARNING - 2024-09-09 05:49:23 --> [DEPRECATED] Creation of dynamic property App\Controllers\AdminController::$subscriber is deprecated in APPPATH\Controllers\AdminController.php on line 28.
 1 SYSTEMPATH\CodeIgniter.php(913): App\Controllers\AdminController->__construct()
 2 SYSTEMPATH\CodeIgniter.php(493): CodeIgniter\CodeIgniter->createController()
 3 SYSTEMPATH\CodeIgniter.php(361): CodeIgniter\CodeIgniter->handleRequest(null, Object(Config\Cache), false)
 4 FCPATH\index.php(79): CodeIgniter\CodeIgniter->run()
INFO - 2024-09-09 05:49:23 --> Session: Class initialized using 'CodeIgniter\Session\Handlers\FileHandler' driver.
WARNING - 2024-09-09 05:49:29 --> [DEPRECATED] Creation of dynamic property App\Controllers\AdminController::$uttarakhandModel is deprecated in APPPATH\Controllers\AdminController.php on line 22.
 1 SYSTEMPATH\CodeIgniter.php(913): App\Controllers\AdminController->__construct()
 2 SYSTEMPATH\CodeIgniter.php(493): CodeIgniter\CodeIgniter->createController()
 3 SYSTEMPATH\CodeIgniter.php(361): CodeIgniter\CodeIgniter->handleRequest(null, Object(Config\Cache), false)
 4 FCPATH\index.php(79): CodeIgniter\CodeIgniter->run()
WARNING - 2024-09-09 05:49:29 --> [DEPRECATED] Creation of dynamic property App\Controllers\AdminController::$citiesModel is deprecated in APPPATH\Controllers\AdminController.php on line 23.
 1 SYSTEMPATH\CodeIgniter.php(913): App\Controllers\AdminController->__construct()
 2 SYSTEMPATH\CodeIgniter.php(493): CodeIgniter\CodeIgniter->createController()
 3 SYSTEMPATH\CodeIgniter.php(361): CodeIgniter\CodeIgniter->handleRequest(null, Object(Config\Cache), false)
 4 FCPATH\index.php(79): CodeIgniter\CodeIgniter->run()
WARNING - 2024-09-09 05:49:29 --> [DEPRECATED] Creation of dynamic property App\Controllers\AdminController::$imageModel is deprecated in APPPATH\Controllers\AdminController.php on line 24.
 1 SYSTEMPATH\CodeIgniter.php(913): App\Controllers\AdminController->__construct()
 2 SYSTEMPATH\CodeIgniter.php(493): CodeIgniter\CodeIgniter->createController()
 3 SYSTEMPATH\CodeIgniter.php(361): CodeIgniter\CodeIgniter->handleRequest(null, Object(Config\Cache), false)
 4 FCPATH\index.php(79): CodeIgniter\CodeIgniter->run()
WARNING - 2024-09-09 05:49:29 --> [DEPRECATED] Creation of dynamic property App\Controllers\AdminController::$areaModel is deprecated in APPPATH\Controllers\AdminController.php on line 25.
 1 SYSTEMPATH\CodeIgniter.php(913): App\Controllers\AdminController->__construct()
 2 SYSTEMPATH\CodeIgniter.php(493): CodeIgniter\CodeIgniter->createController()
 3 SYSTEMPATH\CodeIgniter.php(361): CodeIgniter\CodeIgniter->handleRequest(null, Object(Config\Cache), false)
 4 FCPATH\index.php(79): CodeIgniter\CodeIgniter->run()
WARNING - 2024-09-09 05:49:29 --> [DEPRECATED] Creation of dynamic property App\Controllers\AdminController::$foodModel is deprecated in APPPATH\Controllers\AdminController.php on line 26.
 1 SYSTEMPATH\CodeIgniter.php(913): App\Controllers\AdminController->__construct()
 2 SYSTEMPATH\CodeIgniter.php(493): CodeIgniter\CodeIgniter->createController()
 3 SYSTEMPATH\CodeIgniter.php(361): CodeIgniter\CodeIgniter->handleRequest(null, Object(Config\Cache), false)
 4 FCPATH\index.php(79): CodeIgniter\CodeIgniter->run()
WARNING - 2024-09-09 05:49:29 --> [DEPRECATED] Creation of dynamic property App\Controllers\AdminController::$contact is deprecated in APPPATH\Controllers\AdminController.php on line 27.
 1 SYSTEMPATH\CodeIgniter.php(913): App\Controllers\AdminController->__construct()
 2 SYSTEMPATH\CodeIgniter.php(493): CodeIgniter\CodeIgniter->createController()
 3 SYSTEMPATH\CodeIgniter.php(361): CodeIgniter\CodeIgniter->handleRequest(null, Object(Config\Cache), false)
 4 FCPATH\index.php(79): CodeIgniter\CodeIgniter->run()
WARNING - 2024-09-09 05:49:29 --> [DEPRECATED] Creation of dynamic property App\Controllers\AdminController::$subscriber is deprecated in APPPATH\Controllers\AdminController.php on line 28.
 1 SYSTEMPATH\CodeIgniter.php(913): App\Controllers\AdminController->__construct()
 2 SYSTEMPATH\CodeIgniter.php(493): CodeIgniter\CodeIgniter->createController()
 3 SYSTEMPATH\CodeIgniter.php(361): CodeIgniter\CodeIgniter->handleRequest(null, Object(Config\Cache), false)
 4 FCPATH\index.php(79): CodeIgniter\CodeIgniter->run()
INFO - 2024-09-09 05:49:29 --> Session: Class initialized using 'CodeIgniter\Session\Handlers\FileHandler' driver.
WARNING - 2024-09-09 05:49:33 --> [DEPRECATED] Creation of dynamic property App\Controllers\AdminController::$uttarakhandModel is deprecated in APPPATH\Controllers\AdminController.php on line 22.
 1 SYSTEMPATH\CodeIgniter.php(913): App\Controllers\AdminController->__construct()
 2 SYSTEMPATH\CodeIgniter.php(493): CodeIgniter\CodeIgniter->createController()
 3 SYSTEMPATH\CodeIgniter.php(361): CodeIgniter\CodeIgniter->handleRequest(null, Object(Config\Cache), false)
 4 FCPATH\index.php(79): CodeIgniter\CodeIgniter->run()
WARNING - 2024-09-09 05:49:33 --> [DEPRECATED] Creation of dynamic property App\Controllers\AdminController::$citiesModel is deprecated in APPPATH\Controllers\AdminController.php on line 23.
 1 SYSTEMPATH\CodeIgniter.php(913): App\Controllers\AdminController->__construct()
 2 SYSTEMPATH\CodeIgniter.php(493): CodeIgniter\CodeIgniter->createController()
 3 SYSTEMPATH\CodeIgniter.php(361): CodeIgniter\CodeIgniter->handleRequest(null, Object(Config\Cache), false)
 4 FCPATH\index.php(79): CodeIgniter\CodeIgniter->run()
WARNING - 2024-09-09 05:49:33 --> [DEPRECATED] Creation of dynamic property App\Controllers\AdminController::$imageModel is deprecated in APPPATH\Controllers\AdminController.php on line 24.
 1 SYSTEMPATH\CodeIgniter.php(913): App\Controllers\AdminController->__construct()
 2 SYSTEMPATH\CodeIgniter.php(493): CodeIgniter\CodeIgniter->createController()
 3 SYSTEMPATH\CodeIgniter.php(361): CodeIgniter\CodeIgniter->handleRequest(null, Object(Config\Cache), false)
 4 FCPATH\index.php(79): CodeIgniter\CodeIgniter->run()
WARNING - 2024-09-09 05:49:33 --> [DEPRECATED] Creation of dynamic property App\Controllers\AdminController::$areaModel is deprecated in APPPATH\Controllers\AdminController.php on line 25.
 1 SYSTEMPATH\CodeIgniter.php(913): App\Controllers\AdminController->__construct()
 2 SYSTEMPATH\CodeIgniter.php(493): CodeIgniter\CodeIgniter->createController()
 3 SYSTEMPATH\CodeIgniter.php(361): CodeIgniter\CodeIgniter->handleRequest(null, Object(Config\Cache), false)
 4 FCPATH\index.php(79): CodeIgniter\CodeIgniter->run()
WARNING - 2024-09-09 05:49:33 --> [DEPRECATED] Creation of dynamic property App\Controllers\AdminController::$foodModel is deprecated in APPPATH\Controllers\AdminController.php on line 26.
 1 SYSTEMPATH\CodeIgniter.php(913): App\Controllers\AdminController->__construct()
 2 SYSTEMPATH\CodeIgniter.php(493): CodeIgniter\CodeIgniter->createController()
 3 SYSTEMPATH\CodeIgniter.php(361): CodeIgniter\CodeIgniter->handleRequest(null, Object(Config\Cache), false)
 4 FCPATH\index.php(79): CodeIgniter\CodeIgniter->run()
WARNING - 2024-09-09 05:49:33 --> [DEPRECATED] Creation of dynamic property App\Controllers\AdminController::$contact is deprecated in APPPATH\Controllers\AdminController.php on line 27.
 1 SYSTEMPATH\CodeIgniter.php(913): App\Controllers\AdminController->__construct()
 2 SYSTEMPATH\CodeIgniter.php(493): CodeIgniter\CodeIgniter->createController()
 3 SYSTEMPATH\CodeIgniter.php(361): CodeIgniter\CodeIgniter->handleRequest(null, Object(Config\Cache), false)
 4 FCPATH\index.php(79): CodeIgniter\CodeIgniter->run()
WARNING - 2024-09-09 05:49:33 --> [DEPRECATED] Creation of dynamic property App\Controllers\AdminController::$subscriber is deprecated in APPPATH\Controllers\AdminController.php on line 28.
 1 SYSTEMPATH\CodeIgniter.php(913): App\Controllers\AdminController->__construct()
 2 SYSTEMPATH\CodeIgniter.php(493): CodeIgniter\CodeIgniter->createController()
 3 SYSTEMPATH\CodeIgniter.php(361): CodeIgniter\CodeIgniter->handleRequest(null, Object(Config\Cache), false)
 4 FCPATH\index.php(79): CodeIgniter\CodeIgniter->run()
INFO - 2024-09-09 05:49:33 --> Session: Class initialized using 'CodeIgniter\Session\Handlers\FileHandler' driver.
WARNING - 2024-09-09 05:50:11 --> [DEPRECATED] Creation of dynamic property App\Controllers\AdminController::$uttarakhandModel is deprecated in APPPATH\Controllers\AdminController.php on line 22.
 1 SYSTEMPATH\CodeIgniter.php(913): App\Controllers\AdminController->__construct()
 2 SYSTEMPATH\CodeIgniter.php(493): CodeIgniter\CodeIgniter->createController()
 3 SYSTEMPATH\CodeIgniter.php(361): CodeIgniter\CodeIgniter->handleRequest(null, Object(Config\Cache), false)
 4 FCPATH\index.php(79): CodeIgniter\CodeIgniter->run()
WARNING - 2024-09-09 05:50:11 --> [DEPRECATED] Creation of dynamic property App\Controllers\AdminController::$citiesModel is deprecated in APPPATH\Controllers\AdminController.php on line 23.
 1 SYSTEMPATH\CodeIgniter.php(913): App\Controllers\AdminController->__construct()
 2 SYSTEMPATH\CodeIgniter.php(493): CodeIgniter\CodeIgniter->createController()
 3 SYSTEMPATH\CodeIgniter.php(361): CodeIgniter\CodeIgniter->handleRequest(null, Object(Config\Cache), false)
 4 FCPATH\index.php(79): CodeIgniter\CodeIgniter->run()
WARNING - 2024-09-09 05:50:11 --> [DEPRECATED] Creation of dynamic property App\Controllers\AdminController::$imageModel is deprecated in APPPATH\Controllers\AdminController.php on line 24.
 1 SYSTEMPATH\CodeIgniter.php(913): App\Controllers\AdminController->__construct()
 2 SYSTEMPATH\CodeIgniter.php(493): CodeIgniter\CodeIgniter->createController()
 3 SYSTEMPATH\CodeIgniter.php(361): CodeIgniter\CodeIgniter->handleRequest(null, Object(Config\Cache), false)
 4 FCPATH\index.php(79): CodeIgniter\CodeIgniter->run()
WARNING - 2024-09-09 05:50:11 --> [DEPRECATED] Creation of dynamic property App\Controllers\AdminController::$areaModel is deprecated in APPPATH\Controllers\AdminController.php on line 25.
 1 SYSTEMPATH\CodeIgniter.php(913): App\Controllers\AdminController->__construct()
 2 SYSTEMPATH\CodeIgniter.php(493): CodeIgniter\CodeIgniter->createController()
 3 SYSTEMPATH\CodeIgniter.php(361): CodeIgniter\CodeIgniter->handleRequest(null, Object(Config\Cache), false)
 4 FCPATH\index.php(79): CodeIgniter\CodeIgniter->run()
WARNING - 2024-09-09 05:50:11 --> [DEPRECATED] Creation of dynamic property App\Controllers\AdminController::$foodModel is deprecated in APPPATH\Controllers\AdminController.php on line 26.
 1 SYSTEMPATH\CodeIgniter.php(913): App\Controllers\AdminController->__construct()
 2 SYSTEMPATH\CodeIgniter.php(493): CodeIgniter\CodeIgniter->createController()
 3 SYSTEMPATH\CodeIgniter.php(361): CodeIgniter\CodeIgniter->handleRequest(null, Object(Config\Cache), false)
 4 FCPATH\index.php(79): CodeIgniter\CodeIgniter->run()
WARNING - 2024-09-09 05:50:11 --> [DEPRECATED] Creation of dynamic property App\Controllers\AdminController::$contact is deprecated in APPPATH\Controllers\AdminController.php on line 27.
 1 SYSTEMPATH\CodeIgniter.php(913): App\Controllers\AdminController->__construct()
 2 SYSTEMPATH\CodeIgniter.php(493): CodeIgniter\CodeIgniter->createController()
 3 SYSTEMPATH\CodeIgniter.php(361): CodeIgniter\CodeIgniter->handleRequest(null, Object(Config\Cache), false)
 4 FCPATH\index.php(79): CodeIgniter\CodeIgniter->run()
WARNING - 2024-09-09 05:50:11 --> [DEPRECATED] Creation of dynamic property App\Controllers\AdminController::$subscriber is deprecated in APPPATH\Controllers\AdminController.php on line 28.
 1 SYSTEMPATH\CodeIgniter.php(913): App\Controllers\AdminController->__construct()
 2 SYSTEMPATH\CodeIgniter.php(493): CodeIgniter\CodeIgniter->createController()
 3 SYSTEMPATH\CodeIgniter.php(361): CodeIgniter\CodeIgniter->handleRequest(null, Object(Config\Cache), false)
 4 FCPATH\index.php(79): CodeIgniter\CodeIgniter->run()
INFO - 2024-09-09 05:50:11 --> Session: Class initialized using 'CodeIgniter\Session\Handlers\FileHandler' driver.
WARNING - 2024-09-09 05:50:26 --> [DEPRECATED] Creation of dynamic property App\Controllers\AdminController::$uttarakhandModel is deprecated in APPPATH\Controllers\AdminController.php on line 22.
 1 SYSTEMPATH\CodeIgniter.php(913): App\Controllers\AdminController->__construct()
 2 SYSTEMPATH\CodeIgniter.php(493): CodeIgniter\CodeIgniter->createController()
 3 SYSTEMPATH\CodeIgniter.php(361): CodeIgniter\CodeIgniter->handleRequest(null, Object(Config\Cache), false)
 4 FCPATH\index.php(79): CodeIgniter\CodeIgniter->run()
WARNING - 2024-09-09 05:50:26 --> [DEPRECATED] Creation of dynamic property App\Controllers\AdminController::$citiesModel is deprecated in APPPATH\Controllers\AdminController.php on line 23.
 1 SYSTEMPATH\CodeIgniter.php(913): App\Controllers\AdminController->__construct()
 2 SYSTEMPATH\CodeIgniter.php(493): CodeIgniter\CodeIgniter->createController()
 3 SYSTEMPATH\CodeIgniter.php(361): CodeIgniter\CodeIgniter->handleRequest(null, Object(Config\Cache), false)
 4 FCPATH\index.php(79): CodeIgniter\CodeIgniter->run()
WARNING - 2024-09-09 05:50:26 --> [DEPRECATED] Creation of dynamic property App\Controllers\AdminController::$imageModel is deprecated in APPPATH\Controllers\AdminController.php on line 24.
 1 SYSTEMPATH\CodeIgniter.php(913): App\Controllers\AdminController->__construct()
 2 SYSTEMPATH\CodeIgniter.php(493): CodeIgniter\CodeIgniter->createController()
 3 SYSTEMPATH\CodeIgniter.php(361): CodeIgniter\CodeIgniter->handleRequest(null, Object(Config\Cache), false)
 4 FCPATH\index.php(79): CodeIgniter\CodeIgniter->run()
WARNING - 2024-09-09 05:50:26 --> [DEPRECATED] Creation of dynamic property App\Controllers\AdminController::$areaModel is deprecated in APPPATH\Controllers\AdminController.php on line 25.
 1 SYSTEMPATH\CodeIgniter.php(913): App\Controllers\AdminController->__construct()
 2 SYSTEMPATH\CodeIgniter.php(493): CodeIgniter\CodeIgniter->createController()
 3 SYSTEMPATH\CodeIgniter.php(361): CodeIgniter\CodeIgniter->handleRequest(null, Object(Config\Cache), false)
 4 FCPATH\index.php(79): CodeIgniter\CodeIgniter->run()
WARNING - 2024-09-09 05:50:26 --> [DEPRECATED] Creation of dynamic property App\Controllers\AdminController::$foodModel is deprecated in APPPATH\Controllers\AdminController.php on line 26.
 1 SYSTEMPATH\CodeIgniter.php(913): App\Controllers\AdminController->__construct()
 2 SYSTEMPATH\CodeIgniter.php(493): CodeIgniter\CodeIgniter->createController()
 3 SYSTEMPATH\CodeIgniter.php(361): CodeIgniter\CodeIgniter->handleRequest(null, Object(Config\Cache), false)
 4 FCPATH\index.php(79): CodeIgniter\CodeIgniter->run()
WARNING - 2024-09-09 05:50:26 --> [DEPRECATED] Creation of dynamic property App\Controllers\AdminController::$contact is deprecated in APPPATH\Controllers\AdminController.php on line 27.
 1 SYSTEMPATH\CodeIgniter.php(913): App\Controllers\AdminController->__construct()
 2 SYSTEMPATH\CodeIgniter.php(493): CodeIgniter\CodeIgniter->createController()
 3 SYSTEMPATH\CodeIgniter.php(361): CodeIgniter\CodeIgniter->handleRequest(null, Object(Config\Cache), false)
 4 FCPATH\index.php(79): CodeIgniter\CodeIgniter->run()
WARNING - 2024-09-09 05:50:26 --> [DEPRECATED] Creation of dynamic property App\Controllers\AdminController::$subscriber is deprecated in APPPATH\Controllers\AdminController.php on line 28.
 1 SYSTEMPATH\CodeIgniter.php(913): App\Controllers\AdminController->__construct()
 2 SYSTEMPATH\CodeIgniter.php(493): CodeIgniter\CodeIgniter->createController()
 3 SYSTEMPATH\CodeIgniter.php(361): CodeIgniter\CodeIgniter->handleRequest(null, Object(Config\Cache), false)
 4 FCPATH\index.php(79): CodeIgniter\CodeIgniter->run()
INFO - 2024-09-09 05:50:26 --> Session: Class initialized using 'CodeIgniter\Session\Handlers\FileHandler' driver.
WARNING - 2024-09-09 05:50:35 --> [DEPRECATED] Creation of dynamic property App\Controllers\AdminController::$uttarakhandModel is deprecated in APPPATH\Controllers\AdminController.php on line 22.
 1 SYSTEMPATH\CodeIgniter.php(913): App\Controllers\AdminController->__construct()
 2 SYSTEMPATH\CodeIgniter.php(493): CodeIgniter\CodeIgniter->createController()
 3 SYSTEMPATH\CodeIgniter.php(361): CodeIgniter\CodeIgniter->handleRequest(null, Object(Config\Cache), false)
 4 FCPATH\index.php(79): CodeIgniter\CodeIgniter->run()
WARNING - 2024-09-09 05:50:35 --> [DEPRECATED] Creation of dynamic property App\Controllers\AdminController::$citiesModel is deprecated in APPPATH\Controllers\AdminController.php on line 23.
 1 SYSTEMPATH\CodeIgniter.php(913): App\Controllers\AdminController->__construct()
 2 SYSTEMPATH\CodeIgniter.php(493): CodeIgniter\CodeIgniter->createController()
 3 SYSTEMPATH\CodeIgniter.php(361): CodeIgniter\CodeIgniter->handleRequest(null, Object(Config\Cache), false)
 4 FCPATH\index.php(79): CodeIgniter\CodeIgniter->run()
WARNING - 2024-09-09 05:50:35 --> [DEPRECATED] Creation of dynamic property App\Controllers\AdminController::$imageModel is deprecated in APPPATH\Controllers\AdminController.php on line 24.
 1 SYSTEMPATH\CodeIgniter.php(913): App\Controllers\AdminController->__construct()
 2 SYSTEMPATH\CodeIgniter.php(493): CodeIgniter\CodeIgniter->createController()
 3 SYSTEMPATH\CodeIgniter.php(361): CodeIgniter\CodeIgniter->handleRequest(null, Object(Config\Cache), false)
 4 FCPATH\index.php(79): CodeIgniter\CodeIgniter->run()
WARNING - 2024-09-09 05:50:35 --> [DEPRECATED] Creation of dynamic property App\Controllers\AdminController::$areaModel is deprecated in APPPATH\Controllers\AdminController.php on line 25.
 1 SYSTEMPATH\CodeIgniter.php(913): App\Controllers\AdminController->__construct()
 2 SYSTEMPATH\CodeIgniter.php(493): CodeIgniter\CodeIgniter->createController()
 3 SYSTEMPATH\CodeIgniter.php(361): CodeIgniter\CodeIgniter->handleRequest(null, Object(Config\Cache), false)
 4 FCPATH\index.php(79): CodeIgniter\CodeIgniter->run()
WARNING - 2024-09-09 05:50:35 --> [DEPRECATED] Creation of dynamic property App\Controllers\AdminController::$foodModel is deprecated in APPPATH\Controllers\AdminController.php on line 26.
 1 SYSTEMPATH\CodeIgniter.php(913): App\Controllers\AdminController->__construct()
 2 SYSTEMPATH\CodeIgniter.php(493): CodeIgniter\CodeIgniter->createController()
 3 SYSTEMPATH\CodeIgniter.php(361): CodeIgniter\CodeIgniter->handleRequest(null, Object(Config\Cache), false)
 4 FCPATH\index.php(79): CodeIgniter\CodeIgniter->run()
WARNING - 2024-09-09 05:50:35 --> [DEPRECATED] Creation of dynamic property App\Controllers\AdminController::$contact is deprecated in APPPATH\Controllers\AdminController.php on line 27.
 1 SYSTEMPATH\CodeIgniter.php(913): App\Controllers\AdminController->__construct()
 2 SYSTEMPATH\CodeIgniter.php(493): CodeIgniter\CodeIgniter->createController()
 3 SYSTEMPATH\CodeIgniter.php(361): CodeIgniter\CodeIgniter->handleRequest(null, Object(Config\Cache), false)
 4 FCPATH\index.php(79): CodeIgniter\CodeIgniter->run()
WARNING - 2024-09-09 05:50:35 --> [DEPRECATED] Creation of dynamic property App\Controllers\AdminController::$subscriber is deprecated in APPPATH\Controllers\AdminController.php on line 28.
 1 SYSTEMPATH\CodeIgniter.php(913): App\Controllers\AdminController->__construct()
 2 SYSTEMPATH\CodeIgniter.php(493): CodeIgniter\CodeIgniter->createController()
 3 SYSTEMPATH\CodeIgniter.php(361): CodeIgniter\CodeIgniter->handleRequest(null, Object(Config\Cache), false)
 4 FCPATH\index.php(79): CodeIgniter\CodeIgniter->run()
INFO - 2024-09-09 05:50:35 --> Session: Class initialized using 'CodeIgniter\Session\Handlers\FileHandler' driver.
WARNING - 2024-09-09 05:50:43 --> [DEPRECATED] Creation of dynamic property App\Controllers\AdminController::$uttarakhandModel is deprecated in APPPATH\Controllers\AdminController.php on line 22.
 1 SYSTEMPATH\CodeIgniter.php(913): App\Controllers\AdminController->__construct()
 2 SYSTEMPATH\CodeIgniter.php(493): CodeIgniter\CodeIgniter->createController()
 3 SYSTEMPATH\CodeIgniter.php(361): CodeIgniter\CodeIgniter->handleRequest(null, Object(Config\Cache), false)
 4 FCPATH\index.php(79): CodeIgniter\CodeIgniter->run()
WARNING - 2024-09-09 05:50:43 --> [DEPRECATED] Creation of dynamic property App\Controllers\AdminController::$citiesModel is deprecated in APPPATH\Controllers\AdminController.php on line 23.
 1 SYSTEMPATH\CodeIgniter.php(913): App\Controllers\AdminController->__construct()
 2 SYSTEMPATH\CodeIgniter.php(493): CodeIgniter\CodeIgniter->createController()
 3 SYSTEMPATH\CodeIgniter.php(361): CodeIgniter\CodeIgniter->handleRequest(null, Object(Config\Cache), false)
 4 FCPATH\index.php(79): CodeIgniter\CodeIgniter->run()
WARNING - 2024-09-09 05:50:43 --> [DEPRECATED] Creation of dynamic property App\Controllers\AdminController::$imageModel is deprecated in APPPATH\Controllers\AdminController.php on line 24.
 1 SYSTEMPATH\CodeIgniter.php(913): App\Controllers\AdminController->__construct()
 2 SYSTEMPATH\CodeIgniter.php(493): CodeIgniter\CodeIgniter->createController()
 3 SYSTEMPATH\CodeIgniter.php(361): CodeIgniter\CodeIgniter->handleRequest(null, Object(Config\Cache), false)
 4 FCPATH\index.php(79): CodeIgniter\CodeIgniter->run()
WARNING - 2024-09-09 05:50:43 --> [DEPRECATED] Creation of dynamic property App\Controllers\AdminController::$areaModel is deprecated in APPPATH\Controllers\AdminController.php on line 25.
 1 SYSTEMPATH\CodeIgniter.php(913): App\Controllers\AdminController->__construct()
 2 SYSTEMPATH\CodeIgniter.php(493): CodeIgniter\CodeIgniter->createController()
 3 SYSTEMPATH\CodeIgniter.php(361): CodeIgniter\CodeIgniter->handleRequest(null, Object(Config\Cache), false)
 4 FCPATH\index.php(79): CodeIgniter\CodeIgniter->run()
WARNING - 2024-09-09 05:50:43 --> [DEPRECATED] Creation of dynamic property App\Controllers\AdminController::$foodModel is deprecated in APPPATH\Controllers\AdminController.php on line 26.
 1 SYSTEMPATH\CodeIgniter.php(913): App\Controllers\AdminController->__construct()
 2 SYSTEMPATH\CodeIgniter.php(493): CodeIgniter\CodeIgniter->createController()
 3 SYSTEMPATH\CodeIgniter.php(361): CodeIgniter\CodeIgniter->handleRequest(null, Object(Config\Cache), false)
 4 FCPATH\index.php(79): CodeIgniter\CodeIgniter->run()
WARNING - 2024-09-09 05:50:43 --> [DEPRECATED] Creation of dynamic property App\Controllers\AdminController::$contact is deprecated in APPPATH\Controllers\AdminController.php on line 27.
 1 SYSTEMPATH\CodeIgniter.php(913): App\Controllers\AdminController->__construct()
 2 SYSTEMPATH\CodeIgniter.php(493): CodeIgniter\CodeIgniter->createController()
 3 SYSTEMPATH\CodeIgniter.php(361): CodeIgniter\CodeIgniter->handleRequest(null, Object(Config\Cache), false)
 4 FCPATH\index.php(79): CodeIgniter\CodeIgniter->run()
WARNING - 2024-09-09 05:50:43 --> [DEPRECATED] Creation of dynamic property App\Controllers\AdminController::$subscriber is deprecated in APPPATH\Controllers\AdminController.php on line 28.
 1 SYSTEMPATH\CodeIgniter.php(913): App\Controllers\AdminController->__construct()
 2 SYSTEMPATH\CodeIgniter.php(493): CodeIgniter\CodeIgniter->createController()
 3 SYSTEMPATH\CodeIgniter.php(361): CodeIgniter\CodeIgniter->handleRequest(null, Object(Config\Cache), false)
 4 FCPATH\index.php(79): CodeIgniter\CodeIgniter->run()
INFO - 2024-09-09 05:50:43 --> Session: Class initialized using 'CodeIgniter\Session\Handlers\FileHandler' driver.
WARNING - 2024-09-09 05:50:57 --> [DEPRECATED] Creation of dynamic property App\Controllers\AdminController::$uttarakhandModel is deprecated in APPPATH\Controllers\AdminController.php on line 22.
 1 SYSTEMPATH\CodeIgniter.php(913): App\Controllers\AdminController->__construct()
 2 SYSTEMPATH\CodeIgniter.php(493): CodeIgniter\CodeIgniter->createController()
 3 SYSTEMPATH\CodeIgniter.php(361): CodeIgniter\CodeIgniter->handleRequest(null, Object(Config\Cache), false)
 4 FCPATH\index.php(79): CodeIgniter\CodeIgniter->run()
WARNING - 2024-09-09 05:50:57 --> [DEPRECATED] Creation of dynamic property App\Controllers\AdminController::$citiesModel is deprecated in APPPATH\Controllers\AdminController.php on line 23.
 1 SYSTEMPATH\CodeIgniter.php(913): App\Controllers\AdminController->__construct()
 2 SYSTEMPATH\CodeIgniter.php(493): CodeIgniter\CodeIgniter->createController()
 3 SYSTEMPATH\CodeIgniter.php(361): CodeIgniter\CodeIgniter->handleRequest(null, Object(Config\Cache), false)
 4 FCPATH\index.php(79): CodeIgniter\CodeIgniter->run()
WARNING - 2024-09-09 05:50:57 --> [DEPRECATED] Creation of dynamic property App\Controllers\AdminController::$imageModel is deprecated in APPPATH\Controllers\AdminController.php on line 24.
 1 SYSTEMPATH\CodeIgniter.php(913): App\Controllers\AdminController->__construct()
 2 SYSTEMPATH\CodeIgniter.php(493): CodeIgniter\CodeIgniter->createController()
 3 SYSTEMPATH\CodeIgniter.php(361): CodeIgniter\CodeIgniter->handleRequest(null, Object(Config\Cache), false)
 4 FCPATH\index.php(79): CodeIgniter\CodeIgniter->run()
WARNING - 2024-09-09 05:50:57 --> [DEPRECATED] Creation of dynamic property App\Controllers\AdminController::$areaModel is deprecated in APPPATH\Controllers\AdminController.php on line 25.
 1 SYSTEMPATH\CodeIgniter.php(913): App\Controllers\AdminController->__construct()
 2 SYSTEMPATH\CodeIgniter.php(493): CodeIgniter\CodeIgniter->createController()
 3 SYSTEMPATH\CodeIgniter.php(361): CodeIgniter\CodeIgniter->handleRequest(null, Object(Config\Cache), false)
 4 FCPATH\index.php(79): CodeIgniter\CodeIgniter->run()
WARNING - 2024-09-09 05:50:57 --> [DEPRECATED] Creation of dynamic property App\Controllers\AdminController::$foodModel is deprecated in APPPATH\Controllers\AdminController.php on line 26.
 1 SYSTEMPATH\CodeIgniter.php(913): App\Controllers\AdminController->__construct()
 2 SYSTEMPATH\CodeIgniter.php(493): CodeIgniter\CodeIgniter->createController()
 3 SYSTEMPATH\CodeIgniter.php(361): CodeIgniter\CodeIgniter->handleRequest(null, Object(Config\Cache), false)
 4 FCPATH\index.php(79): CodeIgniter\CodeIgniter->run()
WARNING - 2024-09-09 05:50:57 --> [DEPRECATED] Creation of dynamic property App\Controllers\AdminController::$contact is deprecated in APPPATH\Controllers\AdminController.php on line 27.
 1 SYSTEMPATH\CodeIgniter.php(913): App\Controllers\AdminController->__construct()
 2 SYSTEMPATH\CodeIgniter.php(493): CodeIgniter\CodeIgniter->createController()
 3 SYSTEMPATH\CodeIgniter.php(361): CodeIgniter\CodeIgniter->handleRequest(null, Object(Config\Cache), false)
 4 FCPATH\index.php(79): CodeIgniter\CodeIgniter->run()
WARNING - 2024-09-09 05:50:57 --> [DEPRECATED] Creation of dynamic property App\Controllers\AdminController::$subscriber is deprecated in APPPATH\Controllers\AdminController.php on line 28.
 1 SYSTEMPATH\CodeIgniter.php(913): App\Controllers\AdminController->__construct()
 2 SYSTEMPATH\CodeIgniter.php(493): CodeIgniter\CodeIgniter->createController()
 3 SYSTEMPATH\CodeIgniter.php(361): CodeIgniter\CodeIgniter->handleRequest(null, Object(Config\Cache), false)
 4 FCPATH\index.php(79): CodeIgniter\CodeIgniter->run()
INFO - 2024-09-09 05:50:57 --> Session: Class initialized using 'CodeIgniter\Session\Handlers\FileHandler' driver.
WARNING - 2024-09-09 05:51:02 --> [DEPRECATED] Creation of dynamic property App\Controllers\AdminController::$uttarakhandModel is deprecated in APPPATH\Controllers\AdminController.php on line 22.
 1 SYSTEMPATH\CodeIgniter.php(913): App\Controllers\AdminController->__construct()
 2 SYSTEMPATH\CodeIgniter.php(493): CodeIgniter\CodeIgniter->createController()
 3 SYSTEMPATH\CodeIgniter.php(361): CodeIgniter\CodeIgniter->handleRequest(null, Object(Config\Cache), false)
 4 FCPATH\index.php(79): CodeIgniter\CodeIgniter->run()
WARNING - 2024-09-09 05:51:02 --> [DEPRECATED] Creation of dynamic property App\Controllers\AdminController::$citiesModel is deprecated in APPPATH\Controllers\AdminController.php on line 23.
 1 SYSTEMPATH\CodeIgniter.php(913): App\Controllers\AdminController->__construct()
 2 SYSTEMPATH\CodeIgniter.php(493): CodeIgniter\CodeIgniter->createController()
 3 SYSTEMPATH\CodeIgniter.php(361): CodeIgniter\CodeIgniter->handleRequest(null, Object(Config\Cache), false)
 4 FCPATH\index.php(79): CodeIgniter\CodeIgniter->run()
WARNING - 2024-09-09 05:51:02 --> [DEPRECATED] Creation of dynamic property App\Controllers\AdminController::$imageModel is deprecated in APPPATH\Controllers\AdminController.php on line 24.
 1 SYSTEMPATH\CodeIgniter.php(913): App\Controllers\AdminController->__construct()
 2 SYSTEMPATH\CodeIgniter.php(493): CodeIgniter\CodeIgniter->createController()
 3 SYSTEMPATH\CodeIgniter.php(361): CodeIgniter\CodeIgniter->handleRequest(null, Object(Config\Cache), false)
 4 FCPATH\index.php(79): CodeIgniter\CodeIgniter->run()
WARNING - 2024-09-09 05:51:02 --> [DEPRECATED] Creation of dynamic property App\Controllers\AdminController::$areaModel is deprecated in APPPATH\Controllers\AdminController.php on line 25.
 1 SYSTEMPATH\CodeIgniter.php(913): App\Controllers\AdminController->__construct()
 2 SYSTEMPATH\CodeIgniter.php(493): CodeIgniter\CodeIgniter->createController()
 3 SYSTEMPATH\CodeIgniter.php(361): CodeIgniter\CodeIgniter->handleRequest(null, Object(Config\Cache), false)
 4 FCPATH\index.php(79): CodeIgniter\CodeIgniter->run()
WARNING - 2024-09-09 05:51:02 --> [DEPRECATED] Creation of dynamic property App\Controllers\AdminController::$foodModel is deprecated in APPPATH\Controllers\AdminController.php on line 26.
 1 SYSTEMPATH\CodeIgniter.php(913): App\Controllers\AdminController->__construct()
 2 SYSTEMPATH\CodeIgniter.php(493): CodeIgniter\CodeIgniter->createController()
 3 SYSTEMPATH\CodeIgniter.php(361): CodeIgniter\CodeIgniter->handleRequest(null, Object(Config\Cache), false)
 4 FCPATH\index.php(79): CodeIgniter\CodeIgniter->run()
WARNING - 2024-09-09 05:51:02 --> [DEPRECATED] Creation of dynamic property App\Controllers\AdminController::$contact is deprecated in APPPATH\Controllers\AdminController.php on line 27.
 1 SYSTEMPATH\CodeIgniter.php(913): App\Controllers\AdminController->__construct()
 2 SYSTEMPATH\CodeIgniter.php(493): CodeIgniter\CodeIgniter->createController()
 3 SYSTEMPATH\CodeIgniter.php(361): CodeIgniter\CodeIgniter->handleRequest(null, Object(Config\Cache), false)
 4 FCPATH\index.php(79): CodeIgniter\CodeIgniter->run()
WARNING - 2024-09-09 05:51:02 --> [DEPRECATED] Creation of dynamic property App\Controllers\AdminController::$subscriber is deprecated in APPPATH\Controllers\AdminController.php on line 28.
 1 SYSTEMPATH\CodeIgniter.php(913): App\Controllers\AdminController->__construct()
 2 SYSTEMPATH\CodeIgniter.php(493): CodeIgniter\CodeIgniter->createController()
 3 SYSTEMPATH\CodeIgniter.php(361): CodeIgniter\CodeIgniter->handleRequest(null, Object(Config\Cache), false)
 4 FCPATH\index.php(79): CodeIgniter\CodeIgniter->run()
INFO - 2024-09-09 05:51:02 --> Session: Class initialized using 'CodeIgniter\Session\Handlers\FileHandler' driver.
WARNING - 2024-09-09 05:51:37 --> [DEPRECATED] Creation of dynamic property App\Controllers\AdminController::$uttarakhandModel is deprecated in APPPATH\Controllers\AdminController.php on line 22.
 1 SYSTEMPATH\CodeIgniter.php(913): App\Controllers\AdminController->__construct()
 2 SYSTEMPATH\CodeIgniter.php(493): CodeIgniter\CodeIgniter->createController()
 3 SYSTEMPATH\CodeIgniter.php(361): CodeIgniter\CodeIgniter->handleRequest(null, Object(Config\Cache), false)
 4 FCPATH\index.php(79): CodeIgniter\CodeIgniter->run()
WARNING - 2024-09-09 05:51:37 --> [DEPRECATED] Creation of dynamic property App\Controllers\AdminController::$citiesModel is deprecated in APPPATH\Controllers\AdminController.php on line 23.
 1 SYSTEMPATH\CodeIgniter.php(913): App\Controllers\AdminController->__construct()
 2 SYSTEMPATH\CodeIgniter.php(493): CodeIgniter\CodeIgniter->createController()
 3 SYSTEMPATH\CodeIgniter.php(361): CodeIgniter\CodeIgniter->handleRequest(null, Object(Config\Cache), false)
 4 FCPATH\index.php(79): CodeIgniter\CodeIgniter->run()
WARNING - 2024-09-09 05:51:37 --> [DEPRECATED] Creation of dynamic property App\Controllers\AdminController::$imageModel is deprecated in APPPATH\Controllers\AdminController.php on line 24.
 1 SYSTEMPATH\CodeIgniter.php(913): App\Controllers\AdminController->__construct()
 2 SYSTEMPATH\CodeIgniter.php(493): CodeIgniter\CodeIgniter->createController()
 3 SYSTEMPATH\CodeIgniter.php(361): CodeIgniter\CodeIgniter->handleRequest(null, Object(Config\Cache), false)
 4 FCPATH\index.php(79): CodeIgniter\CodeIgniter->run()
WARNING - 2024-09-09 05:51:37 --> [DEPRECATED] Creation of dynamic property App\Controllers\AdminController::$areaModel is deprecated in APPPATH\Controllers\AdminController.php on line 25.
 1 SYSTEMPATH\CodeIgniter.php(913): App\Controllers\AdminController->__construct()
 2 SYSTEMPATH\CodeIgniter.php(493): CodeIgniter\CodeIgniter->createController()
 3 SYSTEMPATH\CodeIgniter.php(361): CodeIgniter\CodeIgniter->handleRequest(null, Object(Config\Cache), false)
 4 FCPATH\index.php(79): CodeIgniter\CodeIgniter->run()
WARNING - 2024-09-09 05:51:37 --> [DEPRECATED] Creation of dynamic property App\Controllers\AdminController::$foodModel is deprecated in APPPATH\Controllers\AdminController.php on line 26.
 1 SYSTEMPATH\CodeIgniter.php(913): App\Controllers\AdminController->__construct()
 2 SYSTEMPATH\CodeIgniter.php(493): CodeIgniter\CodeIgniter->createController()
 3 SYSTEMPATH\CodeIgniter.php(361): CodeIgniter\CodeIgniter->handleRequest(null, Object(Config\Cache), false)
 4 FCPATH\index.php(79): CodeIgniter\CodeIgniter->run()
WARNING - 2024-09-09 05:51:37 --> [DEPRECATED] Creation of dynamic property App\Controllers\AdminController::$contact is deprecated in APPPATH\Controllers\AdminController.php on line 27.
 1 SYSTEMPATH\CodeIgniter.php(913): App\Controllers\AdminController->__construct()
 2 SYSTEMPATH\CodeIgniter.php(493): CodeIgniter\CodeIgniter->createController()
 3 SYSTEMPATH\CodeIgniter.php(361): CodeIgniter\CodeIgniter->handleRequest(null, Object(Config\Cache), false)
 4 FCPATH\index.php(79): CodeIgniter\CodeIgniter->run()
WARNING - 2024-09-09 05:51:37 --> [DEPRECATED] Creation of dynamic property App\Controllers\AdminController::$subscriber is deprecated in APPPATH\Controllers\AdminController.php on line 28.
 1 SYSTEMPATH\CodeIgniter.php(913): App\Controllers\AdminController->__construct()
 2 SYSTEMPATH\CodeIgniter.php(493): CodeIgniter\CodeIgniter->createController()
 3 SYSTEMPATH\CodeIgniter.php(361): CodeIgniter\CodeIgniter->handleRequest(null, Object(Config\Cache), false)
 4 FCPATH\index.php(79): CodeIgniter\CodeIgniter->run()
INFO - 2024-09-09 05:51:38 --> Session: Class initialized using 'CodeIgniter\Session\Handlers\FileHandler' driver.
WARNING - 2024-09-09 05:51:41 --> [DEPRECATED] Creation of dynamic property App\Controllers\AdminController::$uttarakhandModel is deprecated in APPPATH\Controllers\AdminController.php on line 22.
 1 SYSTEMPATH\CodeIgniter.php(913): App\Controllers\AdminController->__construct()
 2 SYSTEMPATH\CodeIgniter.php(493): CodeIgniter\CodeIgniter->createController()
 3 SYSTEMPATH\CodeIgniter.php(361): CodeIgniter\CodeIgniter->handleRequest(null, Object(Config\Cache), false)
 4 FCPATH\index.php(79): CodeIgniter\CodeIgniter->run()
WARNING - 2024-09-09 05:51:41 --> [DEPRECATED] Creation of dynamic property App\Controllers\AdminController::$citiesModel is deprecated in APPPATH\Controllers\AdminController.php on line 23.
 1 SYSTEMPATH\CodeIgniter.php(913): App\Controllers\AdminController->__construct()
 2 SYSTEMPATH\CodeIgniter.php(493): CodeIgniter\CodeIgniter->createController()
 3 SYSTEMPATH\CodeIgniter.php(361): CodeIgniter\CodeIgniter->handleRequest(null, Object(Config\Cache), false)
 4 FCPATH\index.php(79): CodeIgniter\CodeIgniter->run()
WARNING - 2024-09-09 05:51:41 --> [DEPRECATED] Creation of dynamic property App\Controllers\AdminController::$imageModel is deprecated in APPPATH\Controllers\AdminController.php on line 24.
 1 SYSTEMPATH\CodeIgniter.php(913): App\Controllers\AdminController->__construct()
 2 SYSTEMPATH\CodeIgniter.php(493): CodeIgniter\CodeIgniter->createController()
 3 SYSTEMPATH\CodeIgniter.php(361): CodeIgniter\CodeIgniter->handleRequest(null, Object(Config\Cache), false)
 4 FCPATH\index.php(79): CodeIgniter\CodeIgniter->run()
WARNING - 2024-09-09 05:51:41 --> [DEPRECATED] Creation of dynamic property App\Controllers\AdminController::$areaModel is deprecated in APPPATH\Controllers\AdminController.php on line 25.
 1 SYSTEMPATH\CodeIgniter.php(913): App\Controllers\AdminController->__construct()
 2 SYSTEMPATH\CodeIgniter.php(493): CodeIgniter\CodeIgniter->createController()
 3 SYSTEMPATH\CodeIgniter.php(361): CodeIgniter\CodeIgniter->handleRequest(null, Object(Config\Cache), false)
 4 FCPATH\index.php(79): CodeIgniter\CodeIgniter->run()
WARNING - 2024-09-09 05:51:41 --> [DEPRECATED] Creation of dynamic property App\Controllers\AdminController::$foodModel is deprecated in APPPATH\Controllers\AdminController.php on line 26.
 1 SYSTEMPATH\CodeIgniter.php(913): App\Controllers\AdminController->__construct()
 2 SYSTEMPATH\CodeIgniter.php(493): CodeIgniter\CodeIgniter->createController()
 3 SYSTEMPATH\CodeIgniter.php(361): CodeIgniter\CodeIgniter->handleRequest(null, Object(Config\Cache), false)
 4 FCPATH\index.php(79): CodeIgniter\CodeIgniter->run()
WARNING - 2024-09-09 05:51:41 --> [DEPRECATED] Creation of dynamic property App\Controllers\AdminController::$contact is deprecated in APPPATH\Controllers\AdminController.php on line 27.
 1 SYSTEMPATH\CodeIgniter.php(913): App\Controllers\AdminController->__construct()
 2 SYSTEMPATH\CodeIgniter.php(493): CodeIgniter\CodeIgniter->createController()
 3 SYSTEMPATH\CodeIgniter.php(361): CodeIgniter\CodeIgniter->handleRequest(null, Object(Config\Cache), false)
 4 FCPATH\index.php(79): CodeIgniter\CodeIgniter->run()
WARNING - 2024-09-09 05:51:41 --> [DEPRECATED] Creation of dynamic property App\Controllers\AdminController::$subscriber is deprecated in APPPATH\Controllers\AdminController.php on line 28.
 1 SYSTEMPATH\CodeIgniter.php(913): App\Controllers\AdminController->__construct()
 2 SYSTEMPATH\CodeIgniter.php(493): CodeIgniter\CodeIgniter->createController()
 3 SYSTEMPATH\CodeIgniter.php(361): CodeIgniter\CodeIgniter->handleRequest(null, Object(Config\Cache), false)
 4 FCPATH\index.php(79): CodeIgniter\CodeIgniter->run()
INFO - 2024-09-09 05:51:41 --> Session: Class initialized using 'CodeIgniter\Session\Handlers\FileHandler' driver.
WARNING - 2024-09-09 05:56:10 --> [DEPRECATED] Creation of dynamic property App\Controllers\AdminController::$uttarakhandModel is deprecated in APPPATH\Controllers\AdminController.php on line 22.
 1 SYSTEMPATH\CodeIgniter.php(913): App\Controllers\AdminController->__construct()
 2 SYSTEMPATH\CodeIgniter.php(493): CodeIgniter\CodeIgniter->createController()
 3 SYSTEMPATH\CodeIgniter.php(361): CodeIgniter\CodeIgniter->handleRequest(null, Object(Config\Cache), false)
 4 FCPATH\index.php(79): CodeIgniter\CodeIgniter->run()
WARNING - 2024-09-09 05:56:10 --> [DEPRECATED] Creation of dynamic property App\Controllers\AdminController::$citiesModel is deprecated in APPPATH\Controllers\AdminController.php on line 23.
 1 SYSTEMPATH\CodeIgniter.php(913): App\Controllers\AdminController->__construct()
 2 SYSTEMPATH\CodeIgniter.php(493): CodeIgniter\CodeIgniter->createController()
 3 SYSTEMPATH\CodeIgniter.php(361): CodeIgniter\CodeIgniter->handleRequest(null, Object(Config\Cache), false)
 4 FCPATH\index.php(79): CodeIgniter\CodeIgniter->run()
WARNING - 2024-09-09 05:56:10 --> [DEPRECATED] Creation of dynamic property App\Controllers\AdminController::$imageModel is deprecated in APPPATH\Controllers\AdminController.php on line 24.
 1 SYSTEMPATH\CodeIgniter.php(913): App\Controllers\AdminController->__construct()
 2 SYSTEMPATH\CodeIgniter.php(493): CodeIgniter\CodeIgniter->createController()
 3 SYSTEMPATH\CodeIgniter.php(361): CodeIgniter\CodeIgniter->handleRequest(null, Object(Config\Cache), false)
 4 FCPATH\index.php(79): CodeIgniter\CodeIgniter->run()
WARNING - 2024-09-09 05:56:10 --> [DEPRECATED] Creation of dynamic property App\Controllers\AdminController::$areaModel is deprecated in APPPATH\Controllers\AdminController.php on line 25.
 1 SYSTEMPATH\CodeIgniter.php(913): App\Controllers\AdminController->__construct()
 2 SYSTEMPATH\CodeIgniter.php(493): CodeIgniter\CodeIgniter->createController()
 3 SYSTEMPATH\CodeIgniter.php(361): CodeIgniter\CodeIgniter->handleRequest(null, Object(Config\Cache), false)
 4 FCPATH\index.php(79): CodeIgniter\CodeIgniter->run()
WARNING - 2024-09-09 05:56:10 --> [DEPRECATED] Creation of dynamic property App\Controllers\AdminController::$foodModel is deprecated in APPPATH\Controllers\AdminController.php on line 26.
 1 SYSTEMPATH\CodeIgniter.php(913): App\Controllers\AdminController->__construct()
 2 SYSTEMPATH\CodeIgniter.php(493): CodeIgniter\CodeIgniter->createController()
 3 SYSTEMPATH\CodeIgniter.php(361): CodeIgniter\CodeIgniter->handleRequest(null, Object(Config\Cache), false)
 4 FCPATH\index.php(79): CodeIgniter\CodeIgniter->run()
WARNING - 2024-09-09 05:56:10 --> [DEPRECATED] Creation of dynamic property App\Controllers\AdminController::$contact is deprecated in APPPATH\Controllers\AdminController.php on line 27.
 1 SYSTEMPATH\CodeIgniter.php(913): App\Controllers\AdminController->__construct()
 2 SYSTEMPATH\CodeIgniter.php(493): CodeIgniter\CodeIgniter->createController()
 3 SYSTEMPATH\CodeIgniter.php(361): CodeIgniter\CodeIgniter->handleRequest(null, Object(Config\Cache), false)
 4 FCPATH\index.php(79): CodeIgniter\CodeIgniter->run()
WARNING - 2024-09-09 05:56:10 --> [DEPRECATED] Creation of dynamic property App\Controllers\AdminController::$subscriber is deprecated in APPPATH\Controllers\AdminController.php on line 28.
 1 SYSTEMPATH\CodeIgniter.php(913): App\Controllers\AdminController->__construct()
 2 SYSTEMPATH\CodeIgniter.php(493): CodeIgniter\CodeIgniter->createController()
 3 SYSTEMPATH\CodeIgniter.php(361): CodeIgniter\CodeIgniter->handleRequest(null, Object(Config\Cache), false)
 4 FCPATH\index.php(79): CodeIgniter\CodeIgniter->run()
INFO - 2024-09-09 05:56:10 --> Session: Class initialized using 'CodeIgniter\Session\Handlers\FileHandler' driver.
WARNING - 2024-09-09 05:56:17 --> [DEPRECATED] Creation of dynamic property App\Controllers\AdminController::$uttarakhandModel is deprecated in APPPATH\Controllers\AdminController.php on line 22.
 1 SYSTEMPATH\CodeIgniter.php(913): App\Controllers\AdminController->__construct()
 2 SYSTEMPATH\CodeIgniter.php(493): CodeIgniter\CodeIgniter->createController()
 3 SYSTEMPATH\CodeIgniter.php(361): CodeIgniter\CodeIgniter->handleRequest(null, Object(Config\Cache), false)
 4 FCPATH\index.php(79): CodeIgniter\CodeIgniter->run()
WARNING - 2024-09-09 05:56:17 --> [DEPRECATED] Creation of dynamic property App\Controllers\AdminController::$citiesModel is deprecated in APPPATH\Controllers\AdminController.php on line 23.
 1 SYSTEMPATH\CodeIgniter.php(913): App\Controllers\AdminController->__construct()
 2 SYSTEMPATH\CodeIgniter.php(493): CodeIgniter\CodeIgniter->createController()
 3 SYSTEMPATH\CodeIgniter.php(361): CodeIgniter\CodeIgniter->handleRequest(null, Object(Config\Cache), false)
 4 FCPATH\index.php(79): CodeIgniter\CodeIgniter->run()
WARNING - 2024-09-09 05:56:17 --> [DEPRECATED] Creation of dynamic property App\Controllers\AdminController::$imageModel is deprecated in APPPATH\Controllers\AdminController.php on line 24.
 1 SYSTEMPATH\CodeIgniter.php(913): App\Controllers\AdminController->__construct()
 2 SYSTEMPATH\CodeIgniter.php(493): CodeIgniter\CodeIgniter->createController()
 3 SYSTEMPATH\CodeIgniter.php(361): CodeIgniter\CodeIgniter->handleRequest(null, Object(Config\Cache), false)
 4 FCPATH\index.php(79): CodeIgniter\CodeIgniter->run()
WARNING - 2024-09-09 05:56:17 --> [DEPRECATED] Creation of dynamic property App\Controllers\AdminController::$areaModel is deprecated in APPPATH\Controllers\AdminController.php on line 25.
 1 SYSTEMPATH\CodeIgniter.php(913): App\Controllers\AdminController->__construct()
 2 SYSTEMPATH\CodeIgniter.php(493): CodeIgniter\CodeIgniter->createController()
 3 SYSTEMPATH\CodeIgniter.php(361): CodeIgniter\CodeIgniter->handleRequest(null, Object(Config\Cache), false)
 4 FCPATH\index.php(79): CodeIgniter\CodeIgniter->run()
WARNING - 2024-09-09 05:56:17 --> [DEPRECATED] Creation of dynamic property App\Controllers\AdminController::$foodModel is deprecated in APPPATH\Controllers\AdminController.php on line 26.
 1 SYSTEMPATH\CodeIgniter.php(913): App\Controllers\AdminController->__construct()
 2 SYSTEMPATH\CodeIgniter.php(493): CodeIgniter\CodeIgniter->createController()
 3 SYSTEMPATH\CodeIgniter.php(361): CodeIgniter\CodeIgniter->handleRequest(null, Object(Config\Cache), false)
 4 FCPATH\index.php(79): CodeIgniter\CodeIgniter->run()
WARNING - 2024-09-09 05:56:17 --> [DEPRECATED] Creation of dynamic property App\Controllers\AdminController::$contact is deprecated in APPPATH\Controllers\AdminController.php on line 27.
 1 SYSTEMPATH\CodeIgniter.php(913): App\Controllers\AdminController->__construct()
 2 SYSTEMPATH\CodeIgniter.php(493): CodeIgniter\CodeIgniter->createController()
 3 SYSTEMPATH\CodeIgniter.php(361): CodeIgniter\CodeIgniter->handleRequest(null, Object(Config\Cache), false)
 4 FCPATH\index.php(79): CodeIgniter\CodeIgniter->run()
WARNING - 2024-09-09 05:56:17 --> [DEPRECATED] Creation of dynamic property App\Controllers\AdminController::$subscriber is deprecated in APPPATH\Controllers\AdminController.php on line 28.
 1 SYSTEMPATH\CodeIgniter.php(913): App\Controllers\AdminController->__construct()
 2 SYSTEMPATH\CodeIgniter.php(493): CodeIgniter\CodeIgniter->createController()
 3 SYSTEMPATH\CodeIgniter.php(361): CodeIgniter\CodeIgniter->handleRequest(null, Object(Config\Cache), false)
 4 FCPATH\index.php(79): CodeIgniter\CodeIgniter->run()
INFO - 2024-09-09 05:56:17 --> Session: Class initialized using 'CodeIgniter\Session\Handlers\FileHandler' driver.
WARNING - 2024-09-09 05:56:21 --> [DEPRECATED] Creation of dynamic property App\Controllers\AdminController::$uttarakhandModel is deprecated in APPPATH\Controllers\AdminController.php on line 22.
 1 SYSTEMPATH\CodeIgniter.php(913): App\Controllers\AdminController->__construct()
 2 SYSTEMPATH\CodeIgniter.php(493): CodeIgniter\CodeIgniter->createController()
 3 SYSTEMPATH\CodeIgniter.php(361): CodeIgniter\CodeIgniter->handleRequest(null, Object(Config\Cache), false)
 4 FCPATH\index.php(79): CodeIgniter\CodeIgniter->run()
WARNING - 2024-09-09 05:56:21 --> [DEPRECATED] Creation of dynamic property App\Controllers\AdminController::$citiesModel is deprecated in APPPATH\Controllers\AdminController.php on line 23.
 1 SYSTEMPATH\CodeIgniter.php(913): App\Controllers\AdminController->__construct()
 2 SYSTEMPATH\CodeIgniter.php(493): CodeIgniter\CodeIgniter->createController()
 3 SYSTEMPATH\CodeIgniter.php(361): CodeIgniter\CodeIgniter->handleRequest(null, Object(Config\Cache), false)
 4 FCPATH\index.php(79): CodeIgniter\CodeIgniter->run()
WARNING - 2024-09-09 05:56:21 --> [DEPRECATED] Creation of dynamic property App\Controllers\AdminController::$imageModel is deprecated in APPPATH\Controllers\AdminController.php on line 24.
 1 SYSTEMPATH\CodeIgniter.php(913): App\Controllers\AdminController->__construct()
 2 SYSTEMPATH\CodeIgniter.php(493): CodeIgniter\CodeIgniter->createController()
 3 SYSTEMPATH\CodeIgniter.php(361): CodeIgniter\CodeIgniter->handleRequest(null, Object(Config\Cache), false)
 4 FCPATH\index.php(79): CodeIgniter\CodeIgniter->run()
WARNING - 2024-09-09 05:56:21 --> [DEPRECATED] Creation of dynamic property App\Controllers\AdminController::$areaModel is deprecated in APPPATH\Controllers\AdminController.php on line 25.
 1 SYSTEMPATH\CodeIgniter.php(913): App\Controllers\AdminController->__construct()
 2 SYSTEMPATH\CodeIgniter.php(493): CodeIgniter\CodeIgniter->createController()
 3 SYSTEMPATH\CodeIgniter.php(361): CodeIgniter\CodeIgniter->handleRequest(null, Object(Config\Cache), false)
 4 FCPATH\index.php(79): CodeIgniter\CodeIgniter->run()
WARNING - 2024-09-09 05:56:21 --> [DEPRECATED] Creation of dynamic property App\Controllers\AdminController::$foodModel is deprecated in APPPATH\Controllers\AdminController.php on line 26.
 1 SYSTEMPATH\CodeIgniter.php(913): App\Controllers\AdminController->__construct()
 2 SYSTEMPATH\CodeIgniter.php(493): CodeIgniter\CodeIgniter->createController()
 3 SYSTEMPATH\CodeIgniter.php(361): CodeIgniter\CodeIgniter->handleRequest(null, Object(Config\Cache), false)
 4 FCPATH\index.php(79): CodeIgniter\CodeIgniter->run()
WARNING - 2024-09-09 05:56:21 --> [DEPRECATED] Creation of dynamic property App\Controllers\AdminController::$contact is deprecated in APPPATH\Controllers\AdminController.php on line 27.
 1 SYSTEMPATH\CodeIgniter.php(913): App\Controllers\AdminController->__construct()
 2 SYSTEMPATH\CodeIgniter.php(493): CodeIgniter\CodeIgniter->createController()
 3 SYSTEMPATH\CodeIgniter.php(361): CodeIgniter\CodeIgniter->handleRequest(null, Object(Config\Cache), false)
 4 FCPATH\index.php(79): CodeIgniter\CodeIgniter->run()
WARNING - 2024-09-09 05:56:21 --> [DEPRECATED] Creation of dynamic property App\Controllers\AdminController::$subscriber is deprecated in APPPATH\Controllers\AdminController.php on line 28.
 1 SYSTEMPATH\CodeIgniter.php(913): App\Controllers\AdminController->__construct()
 2 SYSTEMPATH\CodeIgniter.php(493): CodeIgniter\CodeIgniter->createController()
 3 SYSTEMPATH\CodeIgniter.php(361): CodeIgniter\CodeIgniter->handleRequest(null, Object(Config\Cache), false)
 4 FCPATH\index.php(79): CodeIgniter\CodeIgniter->run()
INFO - 2024-09-09 05:56:21 --> Session: Class initialized using 'CodeIgniter\Session\Handlers\FileHandler' driver.
WARNING - 2024-09-09 05:56:24 --> [DEPRECATED] Creation of dynamic property App\Controllers\AdminController::$uttarakhandModel is deprecated in APPPATH\Controllers\AdminController.php on line 22.
 1 SYSTEMPATH\CodeIgniter.php(913): App\Controllers\AdminController->__construct()
 2 SYSTEMPATH\CodeIgniter.php(493): CodeIgniter\CodeIgniter->createController()
 3 SYSTEMPATH\CodeIgniter.php(361): CodeIgniter\CodeIgniter->handleRequest(null, Object(Config\Cache), false)
 4 FCPATH\index.php(79): CodeIgniter\CodeIgniter->run()
WARNING - 2024-09-09 05:56:24 --> [DEPRECATED] Creation of dynamic property App\Controllers\AdminController::$citiesModel is deprecated in APPPATH\Controllers\AdminController.php on line 23.
 1 SYSTEMPATH\CodeIgniter.php(913): App\Controllers\AdminController->__construct()
 2 SYSTEMPATH\CodeIgniter.php(493): CodeIgniter\CodeIgniter->createController()
 3 SYSTEMPATH\CodeIgniter.php(361): CodeIgniter\CodeIgniter->handleRequest(null, Object(Config\Cache), false)
 4 FCPATH\index.php(79): CodeIgniter\CodeIgniter->run()
WARNING - 2024-09-09 05:56:24 --> [DEPRECATED] Creation of dynamic property App\Controllers\AdminController::$imageModel is deprecated in APPPATH\Controllers\AdminController.php on line 24.
 1 SYSTEMPATH\CodeIgniter.php(913): App\Controllers\AdminController->__construct()
 2 SYSTEMPATH\CodeIgniter.php(493): CodeIgniter\CodeIgniter->createController()
 3 SYSTEMPATH\CodeIgniter.php(361): CodeIgniter\CodeIgniter->handleRequest(null, Object(Config\Cache), false)
 4 FCPATH\index.php(79): CodeIgniter\CodeIgniter->run()
WARNING - 2024-09-09 05:56:24 --> [DEPRECATED] Creation of dynamic property App\Controllers\AdminController::$areaModel is deprecated in APPPATH\Controllers\AdminController.php on line 25.
 1 SYSTEMPATH\CodeIgniter.php(913): App\Controllers\AdminController->__construct()
 2 SYSTEMPATH\CodeIgniter.php(493): CodeIgniter\CodeIgniter->createController()
 3 SYSTEMPATH\CodeIgniter.php(361): CodeIgniter\CodeIgniter->handleRequest(null, Object(Config\Cache), false)
 4 FCPATH\index.php(79): CodeIgniter\CodeIgniter->run()
WARNING - 2024-09-09 05:56:24 --> [DEPRECATED] Creation of dynamic property App\Controllers\AdminController::$foodModel is deprecated in APPPATH\Controllers\AdminController.php on line 26.
 1 SYSTEMPATH\CodeIgniter.php(913): App\Controllers\AdminController->__construct()
 2 SYSTEMPATH\CodeIgniter.php(493): CodeIgniter\CodeIgniter->createController()
 3 SYSTEMPATH\CodeIgniter.php(361): CodeIgniter\CodeIgniter->handleRequest(null, Object(Config\Cache), false)
 4 FCPATH\index.php(79): CodeIgniter\CodeIgniter->run()
WARNING - 2024-09-09 05:56:24 --> [DEPRECATED] Creation of dynamic property App\Controllers\AdminController::$contact is deprecated in APPPATH\Controllers\AdminController.php on line 27.
 1 SYSTEMPATH\CodeIgniter.php(913): App\Controllers\AdminController->__construct()
 2 SYSTEMPATH\CodeIgniter.php(493): CodeIgniter\CodeIgniter->createController()
 3 SYSTEMPATH\CodeIgniter.php(361): CodeIgniter\CodeIgniter->handleRequest(null, Object(Config\Cache), false)
 4 FCPATH\index.php(79): CodeIgniter\CodeIgniter->run()
WARNING - 2024-09-09 05:56:24 --> [DEPRECATED] Creation of dynamic property App\Controllers\AdminController::$subscriber is deprecated in APPPATH\Controllers\AdminController.php on line 28.
 1 SYSTEMPATH\CodeIgniter.php(913): App\Controllers\AdminController->__construct()
 2 SYSTEMPATH\CodeIgniter.php(493): CodeIgniter\CodeIgniter->createController()
 3 SYSTEMPATH\CodeIgniter.php(361): CodeIgniter\CodeIgniter->handleRequest(null, Object(Config\Cache), false)
 4 FCPATH\index.php(79): CodeIgniter\CodeIgniter->run()
INFO - 2024-09-09 05:56:24 --> Session: Class initialized using 'CodeIgniter\Session\Handlers\FileHandler' driver.
WARNING - 2024-09-09 05:56:38 --> [DEPRECATED] Creation of dynamic property App\Controllers\AdminController::$uttarakhandModel is deprecated in APPPATH\Controllers\AdminController.php on line 22.
 1 SYSTEMPATH\CodeIgniter.php(913): App\Controllers\AdminController->__construct()
 2 SYSTEMPATH\CodeIgniter.php(493): CodeIgniter\CodeIgniter->createController()
 3 SYSTEMPATH\CodeIgniter.php(361): CodeIgniter\CodeIgniter->handleRequest(null, Object(Config\Cache), false)
 4 FCPATH\index.php(79): CodeIgniter\CodeIgniter->run()
WARNING - 2024-09-09 05:56:38 --> [DEPRECATED] Creation of dynamic property App\Controllers\AdminController::$citiesModel is deprecated in APPPATH\Controllers\AdminController.php on line 23.
 1 SYSTEMPATH\CodeIgniter.php(913): App\Controllers\AdminController->__construct()
 2 SYSTEMPATH\CodeIgniter.php(493): CodeIgniter\CodeIgniter->createController()
 3 SYSTEMPATH\CodeIgniter.php(361): CodeIgniter\CodeIgniter->handleRequest(null, Object(Config\Cache), false)
 4 FCPATH\index.php(79): CodeIgniter\CodeIgniter->run()
WARNING - 2024-09-09 05:56:38 --> [DEPRECATED] Creation of dynamic property App\Controllers\AdminController::$imageModel is deprecated in APPPATH\Controllers\AdminController.php on line 24.
 1 SYSTEMPATH\CodeIgniter.php(913): App\Controllers\AdminController->__construct()
 2 SYSTEMPATH\CodeIgniter.php(493): CodeIgniter\CodeIgniter->createController()
 3 SYSTEMPATH\CodeIgniter.php(361): CodeIgniter\CodeIgniter->handleRequest(null, Object(Config\Cache), false)
 4 FCPATH\index.php(79): CodeIgniter\CodeIgniter->run()
WARNING - 2024-09-09 05:56:38 --> [DEPRECATED] Creation of dynamic property App\Controllers\AdminController::$areaModel is deprecated in APPPATH\Controllers\AdminController.php on line 25.
 1 SYSTEMPATH\CodeIgniter.php(913): App\Controllers\AdminController->__construct()
 2 SYSTEMPATH\CodeIgniter.php(493): CodeIgniter\CodeIgniter->createController()
 3 SYSTEMPATH\CodeIgniter.php(361): CodeIgniter\CodeIgniter->handleRequest(null, Object(Config\Cache), false)
 4 FCPATH\index.php(79): CodeIgniter\CodeIgniter->run()
WARNING - 2024-09-09 05:56:38 --> [DEPRECATED] Creation of dynamic property App\Controllers\AdminController::$foodModel is deprecated in APPPATH\Controllers\AdminController.php on line 26.
 1 SYSTEMPATH\CodeIgniter.php(913): App\Controllers\AdminController->__construct()
 2 SYSTEMPATH\CodeIgniter.php(493): CodeIgniter\CodeIgniter->createController()
 3 SYSTEMPATH\CodeIgniter.php(361): CodeIgniter\CodeIgniter->handleRequest(null, Object(Config\Cache), false)
 4 FCPATH\index.php(79): CodeIgniter\CodeIgniter->run()
WARNING - 2024-09-09 05:56:38 --> [DEPRECATED] Creation of dynamic property App\Controllers\AdminController::$contact is deprecated in APPPATH\Controllers\AdminController.php on line 27.
 1 SYSTEMPATH\CodeIgniter.php(913): App\Controllers\AdminController->__construct()
 2 SYSTEMPATH\CodeIgniter.php(493): CodeIgniter\CodeIgniter->createController()
 3 SYSTEMPATH\CodeIgniter.php(361): CodeIgniter\CodeIgniter->handleRequest(null, Object(Config\Cache), false)
 4 FCPATH\index.php(79): CodeIgniter\CodeIgniter->run()
WARNING - 2024-09-09 05:56:38 --> [DEPRECATED] Creation of dynamic property App\Controllers\AdminController::$subscriber is deprecated in APPPATH\Controllers\AdminController.php on line 28.
 1 SYSTEMPATH\CodeIgniter.php(913): App\Controllers\AdminController->__construct()
 2 SYSTEMPATH\CodeIgniter.php(493): CodeIgniter\CodeIgniter->createController()
 3 SYSTEMPATH\CodeIgniter.php(361): CodeIgniter\CodeIgniter->handleRequest(null, Object(Config\Cache), false)
 4 FCPATH\index.php(79): CodeIgniter\CodeIgniter->run()
INFO - 2024-09-09 05:56:38 --> Session: Class initialized using 'CodeIgniter\Session\Handlers\FileHandler' driver.
WARNING - 2024-09-09 05:56:39 --> [DEPRECATED] Creation of dynamic property App\Controllers\AdminController::$uttarakhandModel is deprecated in APPPATH\Controllers\AdminController.php on line 22.
 1 SYSTEMPATH\CodeIgniter.php(913): App\Controllers\AdminController->__construct()
 2 SYSTEMPATH\CodeIgniter.php(493): CodeIgniter\CodeIgniter->createController()
 3 SYSTEMPATH\CodeIgniter.php(361): CodeIgniter\CodeIgniter->handleRequest(null, Object(Config\Cache), false)
 4 FCPATH\index.php(79): CodeIgniter\CodeIgniter->run()
WARNING - 2024-09-09 05:56:39 --> [DEPRECATED] Creation of dynamic property App\Controllers\AdminController::$citiesModel is deprecated in APPPATH\Controllers\AdminController.php on line 23.
 1 SYSTEMPATH\CodeIgniter.php(913): App\Controllers\AdminController->__construct()
 2 SYSTEMPATH\CodeIgniter.php(493): CodeIgniter\CodeIgniter->createController()
 3 SYSTEMPATH\CodeIgniter.php(361): CodeIgniter\CodeIgniter->handleRequest(null, Object(Config\Cache), false)
 4 FCPATH\index.php(79): CodeIgniter\CodeIgniter->run()
WARNING - 2024-09-09 05:56:39 --> [DEPRECATED] Creation of dynamic property App\Controllers\AdminController::$imageModel is deprecated in APPPATH\Controllers\AdminController.php on line 24.
 1 SYSTEMPATH\CodeIgniter.php(913): App\Controllers\AdminController->__construct()
 2 SYSTEMPATH\CodeIgniter.php(493): CodeIgniter\CodeIgniter->createController()
 3 SYSTEMPATH\CodeIgniter.php(361): CodeIgniter\CodeIgniter->handleRequest(null, Object(Config\Cache), false)
 4 FCPATH\index.php(79): CodeIgniter\CodeIgniter->run()
WARNING - 2024-09-09 05:56:39 --> [DEPRECATED] Creation of dynamic property App\Controllers\AdminController::$areaModel is deprecated in APPPATH\Controllers\AdminController.php on line 25.
 1 SYSTEMPATH\CodeIgniter.php(913): App\Controllers\AdminController->__construct()
 2 SYSTEMPATH\CodeIgniter.php(493): CodeIgniter\CodeIgniter->createController()
 3 SYSTEMPATH\CodeIgniter.php(361): CodeIgniter\CodeIgniter->handleRequest(null, Object(Config\Cache), false)
 4 FCPATH\index.php(79): CodeIgniter\CodeIgniter->run()
WARNING - 2024-09-09 05:56:39 --> [DEPRECATED] Creation of dynamic property App\Controllers\AdminController::$foodModel is deprecated in APPPATH\Controllers\AdminController.php on line 26.
 1 SYSTEMPATH\CodeIgniter.php(913): App\Controllers\AdminController->__construct()
 2 SYSTEMPATH\CodeIgniter.php(493): CodeIgniter\CodeIgniter->createController()
 3 SYSTEMPATH\CodeIgniter.php(361): CodeIgniter\CodeIgniter->handleRequest(null, Object(Config\Cache), false)
 4 FCPATH\index.php(79): CodeIgniter\CodeIgniter->run()
WARNING - 2024-09-09 05:56:39 --> [DEPRECATED] Creation of dynamic property App\Controllers\AdminController::$contact is deprecated in APPPATH\Controllers\AdminController.php on line 27.
 1 SYSTEMPATH\CodeIgniter.php(913): App\Controllers\AdminController->__construct()
 2 SYSTEMPATH\CodeIgniter.php(493): CodeIgniter\CodeIgniter->createController()
 3 SYSTEMPATH\CodeIgniter.php(361): CodeIgniter\CodeIgniter->handleRequest(null, Object(Config\Cache), false)
 4 FCPATH\index.php(79): CodeIgniter\CodeIgniter->run()
WARNING - 2024-09-09 05:56:39 --> [DEPRECATED] Creation of dynamic property App\Controllers\AdminController::$subscriber is deprecated in APPPATH\Controllers\AdminController.php on line 28.
 1 SYSTEMPATH\CodeIgniter.php(913): App\Controllers\AdminController->__construct()
 2 SYSTEMPATH\CodeIgniter.php(493): CodeIgniter\CodeIgniter->createController()
 3 SYSTEMPATH\CodeIgniter.php(361): CodeIgniter\CodeIgniter->handleRequest(null, Object(Config\Cache), false)
 4 FCPATH\index.php(79): CodeIgniter\CodeIgniter->run()
INFO - 2024-09-09 05:56:39 --> Session: Class initialized using 'CodeIgniter\Session\Handlers\FileHandler' driver.
WARNING - 2024-09-09 05:56:42 --> [DEPRECATED] Creation of dynamic property App\Controllers\AdminController::$uttarakhandModel is deprecated in APPPATH\Controllers\AdminController.php on line 22.
 1 SYSTEMPATH\CodeIgniter.php(913): App\Controllers\AdminController->__construct()
 2 SYSTEMPATH\CodeIgniter.php(493): CodeIgniter\CodeIgniter->createController()
 3 SYSTEMPATH\CodeIgniter.php(361): CodeIgniter\CodeIgniter->handleRequest(null, Object(Config\Cache), false)
 4 FCPATH\index.php(79): CodeIgniter\CodeIgniter->run()
WARNING - 2024-09-09 05:56:42 --> [DEPRECATED] Creation of dynamic property App\Controllers\AdminController::$citiesModel is deprecated in APPPATH\Controllers\AdminController.php on line 23.
 1 SYSTEMPATH\CodeIgniter.php(913): App\Controllers\AdminController->__construct()
 2 SYSTEMPATH\CodeIgniter.php(493): CodeIgniter\CodeIgniter->createController()
 3 SYSTEMPATH\CodeIgniter.php(361): CodeIgniter\CodeIgniter->handleRequest(null, Object(Config\Cache), false)
 4 FCPATH\index.php(79): CodeIgniter\CodeIgniter->run()
WARNING - 2024-09-09 05:56:42 --> [DEPRECATED] Creation of dynamic property App\Controllers\AdminController::$imageModel is deprecated in APPPATH\Controllers\AdminController.php on line 24.
 1 SYSTEMPATH\CodeIgniter.php(913): App\Controllers\AdminController->__construct()
 2 SYSTEMPATH\CodeIgniter.php(493): CodeIgniter\CodeIgniter->createController()
 3 SYSTEMPATH\CodeIgniter.php(361): CodeIgniter\CodeIgniter->handleRequest(null, Object(Config\Cache), false)
 4 FCPATH\index.php(79): CodeIgniter\CodeIgniter->run()
WARNING - 2024-09-09 05:56:42 --> [DEPRECATED] Creation of dynamic property App\Controllers\AdminController::$areaModel is deprecated in APPPATH\Controllers\AdminController.php on line 25.
 1 SYSTEMPATH\CodeIgniter.php(913): App\Controllers\AdminController->__construct()
 2 SYSTEMPATH\CodeIgniter.php(493): CodeIgniter\CodeIgniter->createController()
 3 SYSTEMPATH\CodeIgniter.php(361): CodeIgniter\CodeIgniter->handleRequest(null, Object(Config\Cache), false)
 4 FCPATH\index.php(79): CodeIgniter\CodeIgniter->run()
WARNING - 2024-09-09 05:56:42 --> [DEPRECATED] Creation of dynamic property App\Controllers\AdminController::$foodModel is deprecated in APPPATH\Controllers\AdminController.php on line 26.
 1 SYSTEMPATH\CodeIgniter.php(913): App\Controllers\AdminController->__construct()
 2 SYSTEMPATH\CodeIgniter.php(493): CodeIgniter\CodeIgniter->createController()
 3 SYSTEMPATH\CodeIgniter.php(361): CodeIgniter\CodeIgniter->handleRequest(null, Object(Config\Cache), false)
 4 FCPATH\index.php(79): CodeIgniter\CodeIgniter->run()
WARNING - 2024-09-09 05:56:42 --> [DEPRECATED] Creation of dynamic property App\Controllers\AdminController::$contact is deprecated in APPPATH\Controllers\AdminController.php on line 27.
 1 SYSTEMPATH\CodeIgniter.php(913): App\Controllers\AdminController->__construct()
 2 SYSTEMPATH\CodeIgniter.php(493): CodeIgniter\CodeIgniter->createController()
 3 SYSTEMPATH\CodeIgniter.php(361): CodeIgniter\CodeIgniter->handleRequest(null, Object(Config\Cache), false)
 4 FCPATH\index.php(79): CodeIgniter\CodeIgniter->run()
WARNING - 2024-09-09 05:56:42 --> [DEPRECATED] Creation of dynamic property App\Controllers\AdminController::$subscriber is deprecated in APPPATH\Controllers\AdminController.php on line 28.
 1 SYSTEMPATH\CodeIgniter.php(913): App\Controllers\AdminController->__construct()
 2 SYSTEMPATH\CodeIgniter.php(493): CodeIgniter\CodeIgniter->createController()
 3 SYSTEMPATH\CodeIgniter.php(361): CodeIgniter\CodeIgniter->handleRequest(null, Object(Config\Cache), false)
 4 FCPATH\index.php(79): CodeIgniter\CodeIgniter->run()
INFO - 2024-09-09 05:56:42 --> Session: Class initialized using 'CodeIgniter\Session\Handlers\FileHandler' driver.
WARNING - 2024-09-09 05:56:50 --> [DEPRECATED] Creation of dynamic property App\Controllers\AdminController::$uttarakhandModel is deprecated in APPPATH\Controllers\AdminController.php on line 22.
 1 SYSTEMPATH\CodeIgniter.php(913): App\Controllers\AdminController->__construct()
 2 SYSTEMPATH\CodeIgniter.php(493): CodeIgniter\CodeIgniter->createController()
 3 SYSTEMPATH\CodeIgniter.php(361): CodeIgniter\CodeIgniter->handleRequest(null, Object(Config\Cache), false)
 4 FCPATH\index.php(79): CodeIgniter\CodeIgniter->run()
WARNING - 2024-09-09 05:56:50 --> [DEPRECATED] Creation of dynamic property App\Controllers\AdminController::$citiesModel is deprecated in APPPATH\Controllers\AdminController.php on line 23.
 1 SYSTEMPATH\CodeIgniter.php(913): App\Controllers\AdminController->__construct()
 2 SYSTEMPATH\CodeIgniter.php(493): CodeIgniter\CodeIgniter->createController()
 3 SYSTEMPATH\CodeIgniter.php(361): CodeIgniter\CodeIgniter->handleRequest(null, Object(Config\Cache), false)
 4 FCPATH\index.php(79): CodeIgniter\CodeIgniter->run()
WARNING - 2024-09-09 05:56:50 --> [DEPRECATED] Creation of dynamic property App\Controllers\AdminController::$imageModel is deprecated in APPPATH\Controllers\AdminController.php on line 24.
 1 SYSTEMPATH\CodeIgniter.php(913): App\Controllers\AdminController->__construct()
 2 SYSTEMPATH\CodeIgniter.php(493): CodeIgniter\CodeIgniter->createController()
 3 SYSTEMPATH\CodeIgniter.php(361): CodeIgniter\CodeIgniter->handleRequest(null, Object(Config\Cache), false)
 4 FCPATH\index.php(79): CodeIgniter\CodeIgniter->run()
WARNING - 2024-09-09 05:56:50 --> [DEPRECATED] Creation of dynamic property App\Controllers\AdminController::$areaModel is deprecated in APPPATH\Controllers\AdminController.php on line 25.
 1 SYSTEMPATH\CodeIgniter.php(913): App\Controllers\AdminController->__construct()
 2 SYSTEMPATH\CodeIgniter.php(493): CodeIgniter\CodeIgniter->createController()
 3 SYSTEMPATH\CodeIgniter.php(361): CodeIgniter\CodeIgniter->handleRequest(null, Object(Config\Cache), false)
 4 FCPATH\index.php(79): CodeIgniter\CodeIgniter->run()
WARNING - 2024-09-09 05:56:50 --> [DEPRECATED] Creation of dynamic property App\Controllers\AdminController::$foodModel is deprecated in APPPATH\Controllers\AdminController.php on line 26.
 1 SYSTEMPATH\CodeIgniter.php(913): App\Controllers\AdminController->__construct()
 2 SYSTEMPATH\CodeIgniter.php(493): CodeIgniter\CodeIgniter->createController()
 3 SYSTEMPATH\CodeIgniter.php(361): CodeIgniter\CodeIgniter->handleRequest(null, Object(Config\Cache), false)
 4 FCPATH\index.php(79): CodeIgniter\CodeIgniter->run()
WARNING - 2024-09-09 05:56:50 --> [DEPRECATED] Creation of dynamic property App\Controllers\AdminController::$contact is deprecated in APPPATH\Controllers\AdminController.php on line 27.
 1 SYSTEMPATH\CodeIgniter.php(913): App\Controllers\AdminController->__construct()
 2 SYSTEMPATH\CodeIgniter.php(493): CodeIgniter\CodeIgniter->createController()
 3 SYSTEMPATH\CodeIgniter.php(361): CodeIgniter\CodeIgniter->handleRequest(null, Object(Config\Cache), false)
 4 FCPATH\index.php(79): CodeIgniter\CodeIgniter->run()
WARNING - 2024-09-09 05:56:50 --> [DEPRECATED] Creation of dynamic property App\Controllers\AdminController::$subscriber is deprecated in APPPATH\Controllers\AdminController.php on line 28.
 1 SYSTEMPATH\CodeIgniter.php(913): App\Controllers\AdminController->__construct()
 2 SYSTEMPATH\CodeIgniter.php(493): CodeIgniter\CodeIgniter->createController()
 3 SYSTEMPATH\CodeIgniter.php(361): CodeIgniter\CodeIgniter->handleRequest(null, Object(Config\Cache), false)
 4 FCPATH\index.php(79): CodeIgniter\CodeIgniter->run()
INFO - 2024-09-09 05:56:50 --> Session: Class initialized using 'CodeIgniter\Session\Handlers\FileHandler' driver.
WARNING - 2024-09-09 05:56:53 --> [DEPRECATED] Creation of dynamic property App\Controllers\AdminController::$uttarakhandModel is deprecated in APPPATH\Controllers\AdminController.php on line 22.
 1 SYSTEMPATH\CodeIgniter.php(913): App\Controllers\AdminController->__construct()
 2 SYSTEMPATH\CodeIgniter.php(493): CodeIgniter\CodeIgniter->createController()
 3 SYSTEMPATH\CodeIgniter.php(361): CodeIgniter\CodeIgniter->handleRequest(null, Object(Config\Cache), false)
 4 FCPATH\index.php(79): CodeIgniter\CodeIgniter->run()
WARNING - 2024-09-09 05:56:53 --> [DEPRECATED] Creation of dynamic property App\Controllers\AdminController::$citiesModel is deprecated in APPPATH\Controllers\AdminController.php on line 23.
 1 SYSTEMPATH\CodeIgniter.php(913): App\Controllers\AdminController->__construct()
 2 SYSTEMPATH\CodeIgniter.php(493): CodeIgniter\CodeIgniter->createController()
 3 SYSTEMPATH\CodeIgniter.php(361): CodeIgniter\CodeIgniter->handleRequest(null, Object(Config\Cache), false)
 4 FCPATH\index.php(79): CodeIgniter\CodeIgniter->run()
WARNING - 2024-09-09 05:56:53 --> [DEPRECATED] Creation of dynamic property App\Controllers\AdminController::$imageModel is deprecated in APPPATH\Controllers\AdminController.php on line 24.
 1 SYSTEMPATH\CodeIgniter.php(913): App\Controllers\AdminController->__construct()
 2 SYSTEMPATH\CodeIgniter.php(493): CodeIgniter\CodeIgniter->createController()
 3 SYSTEMPATH\CodeIgniter.php(361): CodeIgniter\CodeIgniter->handleRequest(null, Object(Config\Cache), false)
 4 FCPATH\index.php(79): CodeIgniter\CodeIgniter->run()
WARNING - 2024-09-09 05:56:53 --> [DEPRECATED] Creation of dynamic property App\Controllers\AdminController::$areaModel is deprecated in APPPATH\Controllers\AdminController.php on line 25.
 1 SYSTEMPATH\CodeIgniter.php(913): App\Controllers\AdminController->__construct()
 2 SYSTEMPATH\CodeIgniter.php(493): CodeIgniter\CodeIgniter->createController()
 3 SYSTEMPATH\CodeIgniter.php(361): CodeIgniter\CodeIgniter->handleRequest(null, Object(Config\Cache), false)
 4 FCPATH\index.php(79): CodeIgniter\CodeIgniter->run()
WARNING - 2024-09-09 05:56:53 --> [DEPRECATED] Creation of dynamic property App\Controllers\AdminController::$foodModel is deprecated in APPPATH\Controllers\AdminController.php on line 26.
 1 SYSTEMPATH\CodeIgniter.php(913): App\Controllers\AdminController->__construct()
 2 SYSTEMPATH\CodeIgniter.php(493): CodeIgniter\CodeIgniter->createController()
 3 SYSTEMPATH\CodeIgniter.php(361): CodeIgniter\CodeIgniter->handleRequest(null, Object(Config\Cache), false)
 4 FCPATH\index.php(79): CodeIgniter\CodeIgniter->run()
WARNING - 2024-09-09 05:56:53 --> [DEPRECATED] Creation of dynamic property App\Controllers\AdminController::$contact is deprecated in APPPATH\Controllers\AdminController.php on line 27.
 1 SYSTEMPATH\CodeIgniter.php(913): App\Controllers\AdminController->__construct()
 2 SYSTEMPATH\CodeIgniter.php(493): CodeIgniter\CodeIgniter->createController()
 3 SYSTEMPATH\CodeIgniter.php(361): CodeIgniter\CodeIgniter->handleRequest(null, Object(Config\Cache), false)
 4 FCPATH\index.php(79): CodeIgniter\CodeIgniter->run()
WARNING - 2024-09-09 05:56:53 --> [DEPRECATED] Creation of dynamic property App\Controllers\AdminController::$subscriber is deprecated in APPPATH\Controllers\AdminController.php on line 28.
 1 SYSTEMPATH\CodeIgniter.php(913): App\Controllers\AdminController->__construct()
 2 SYSTEMPATH\CodeIgniter.php(493): CodeIgniter\CodeIgniter->createController()
 3 SYSTEMPATH\CodeIgniter.php(361): CodeIgniter\CodeIgniter->handleRequest(null, Object(Config\Cache), false)
 4 FCPATH\index.php(79): CodeIgniter\CodeIgniter->run()
INFO - 2024-09-09 05:56:53 --> Session: Class initialized using 'CodeIgniter\Session\Handlers\FileHandler' driver.
WARNING - 2024-09-09 05:57:05 --> [DEPRECATED] Creation of dynamic property App\Controllers\AdminController::$uttarakhandModel is deprecated in APPPATH\Controllers\AdminController.php on line 22.
 1 SYSTEMPATH\CodeIgniter.php(913): App\Controllers\AdminController->__construct()
 2 SYSTEMPATH\CodeIgniter.php(493): CodeIgniter\CodeIgniter->createController()
 3 SYSTEMPATH\CodeIgniter.php(361): CodeIgniter\CodeIgniter->handleRequest(null, Object(Config\Cache), false)
 4 FCPATH\index.php(79): CodeIgniter\CodeIgniter->run()
WARNING - 2024-09-09 05:57:05 --> [DEPRECATED] Creation of dynamic property App\Controllers\AdminController::$citiesModel is deprecated in APPPATH\Controllers\AdminController.php on line 23.
 1 SYSTEMPATH\CodeIgniter.php(913): App\Controllers\AdminController->__construct()
 2 SYSTEMPATH\CodeIgniter.php(493): CodeIgniter\CodeIgniter->createController()
 3 SYSTEMPATH\CodeIgniter.php(361): CodeIgniter\CodeIgniter->handleRequest(null, Object(Config\Cache), false)
 4 FCPATH\index.php(79): CodeIgniter\CodeIgniter->run()
WARNING - 2024-09-09 05:57:05 --> [DEPRECATED] Creation of dynamic property App\Controllers\AdminController::$imageModel is deprecated in APPPATH\Controllers\AdminController.php on line 24.
 1 SYSTEMPATH\CodeIgniter.php(913): App\Controllers\AdminController->__construct()
 2 SYSTEMPATH\CodeIgniter.php(493): CodeIgniter\CodeIgniter->createController()
 3 SYSTEMPATH\CodeIgniter.php(361): CodeIgniter\CodeIgniter->handleRequest(null, Object(Config\Cache), false)
 4 FCPATH\index.php(79): CodeIgniter\CodeIgniter->run()
WARNING - 2024-09-09 05:57:05 --> [DEPRECATED] Creation of dynamic property App\Controllers\AdminController::$areaModel is deprecated in APPPATH\Controllers\AdminController.php on line 25.
 1 SYSTEMPATH\CodeIgniter.php(913): App\Controllers\AdminController->__construct()
 2 SYSTEMPATH\CodeIgniter.php(493): CodeIgniter\CodeIgniter->createController()
 3 SYSTEMPATH\CodeIgniter.php(361): CodeIgniter\CodeIgniter->handleRequest(null, Object(Config\Cache), false)
 4 FCPATH\index.php(79): CodeIgniter\CodeIgniter->run()
WARNING - 2024-09-09 05:57:05 --> [DEPRECATED] Creation of dynamic property App\Controllers\AdminController::$foodModel is deprecated in APPPATH\Controllers\AdminController.php on line 26.
 1 SYSTEMPATH\CodeIgniter.php(913): App\Controllers\AdminController->__construct()
 2 SYSTEMPATH\CodeIgniter.php(493): CodeIgniter\CodeIgniter->createController()
 3 SYSTEMPATH\CodeIgniter.php(361): CodeIgniter\CodeIgniter->handleRequest(null, Object(Config\Cache), false)
 4 FCPATH\index.php(79): CodeIgniter\CodeIgniter->run()
WARNING - 2024-09-09 05:57:05 --> [DEPRECATED] Creation of dynamic property App\Controllers\AdminController::$contact is deprecated in APPPATH\Controllers\AdminController.php on line 27.
 1 SYSTEMPATH\CodeIgniter.php(913): App\Controllers\AdminController->__construct()
 2 SYSTEMPATH\CodeIgniter.php(493): CodeIgniter\CodeIgniter->createController()
 3 SYSTEMPATH\CodeIgniter.php(361): CodeIgniter\CodeIgniter->handleRequest(null, Object(Config\Cache), false)
 4 FCPATH\index.php(79): CodeIgniter\CodeIgniter->run()
WARNING - 2024-09-09 05:57:05 --> [DEPRECATED] Creation of dynamic property App\Controllers\AdminController::$subscriber is deprecated in APPPATH\Controllers\AdminController.php on line 28.
 1 SYSTEMPATH\CodeIgniter.php(913): App\Controllers\AdminController->__construct()
 2 SYSTEMPATH\CodeIgniter.php(493): CodeIgniter\CodeIgniter->createController()
 3 SYSTEMPATH\CodeIgniter.php(361): CodeIgniter\CodeIgniter->handleRequest(null, Object(Config\Cache), false)
 4 FCPATH\index.php(79): CodeIgniter\CodeIgniter->run()
INFO - 2024-09-09 05:57:05 --> Session: Class initialized using 'CodeIgniter\Session\Handlers\FileHandler' driver.
WARNING - 2024-09-09 05:57:37 --> [DEPRECATED] Creation of dynamic property App\Controllers\AdminController::$uttarakhandModel is deprecated in APPPATH\Controllers\AdminController.php on line 22.
 1 SYSTEMPATH\CodeIgniter.php(913): App\Controllers\AdminController->__construct()
 2 SYSTEMPATH\CodeIgniter.php(493): CodeIgniter\CodeIgniter->createController()
 3 SYSTEMPATH\CodeIgniter.php(361): CodeIgniter\CodeIgniter->handleRequest(null, Object(Config\Cache), false)
 4 FCPATH\index.php(79): CodeIgniter\CodeIgniter->run()
WARNING - 2024-09-09 05:57:37 --> [DEPRECATED] Creation of dynamic property App\Controllers\AdminController::$citiesModel is deprecated in APPPATH\Controllers\AdminController.php on line 23.
 1 SYSTEMPATH\CodeIgniter.php(913): App\Controllers\AdminController->__construct()
 2 SYSTEMPATH\CodeIgniter.php(493): CodeIgniter\CodeIgniter->createController()
 3 SYSTEMPATH\CodeIgniter.php(361): CodeIgniter\CodeIgniter->handleRequest(null, Object(Config\Cache), false)
 4 FCPATH\index.php(79): CodeIgniter\CodeIgniter->run()
WARNING - 2024-09-09 05:57:37 --> [DEPRECATED] Creation of dynamic property App\Controllers\AdminController::$imageModel is deprecated in APPPATH\Controllers\AdminController.php on line 24.
 1 SYSTEMPATH\CodeIgniter.php(913): App\Controllers\AdminController->__construct()
 2 SYSTEMPATH\CodeIgniter.php(493): CodeIgniter\CodeIgniter->createController()
 3 SYSTEMPATH\CodeIgniter.php(361): CodeIgniter\CodeIgniter->handleRequest(null, Object(Config\Cache), false)
 4 FCPATH\index.php(79): CodeIgniter\CodeIgniter->run()
WARNING - 2024-09-09 05:57:37 --> [DEPRECATED] Creation of dynamic property App\Controllers\AdminController::$areaModel is deprecated in APPPATH\Controllers\AdminController.php on line 25.
 1 SYSTEMPATH\CodeIgniter.php(913): App\Controllers\AdminController->__construct()
 2 SYSTEMPATH\CodeIgniter.php(493): CodeIgniter\CodeIgniter->createController()
 3 SYSTEMPATH\CodeIgniter.php(361): CodeIgniter\CodeIgniter->handleRequest(null, Object(Config\Cache), false)
 4 FCPATH\index.php(79): CodeIgniter\CodeIgniter->run()
WARNING - 2024-09-09 05:57:37 --> [DEPRECATED] Creation of dynamic property App\Controllers\AdminController::$foodModel is deprecated in APPPATH\Controllers\AdminController.php on line 26.
 1 SYSTEMPATH\CodeIgniter.php(913): App\Controllers\AdminController->__construct()
 2 SYSTEMPATH\CodeIgniter.php(493): CodeIgniter\CodeIgniter->createController()
 3 SYSTEMPATH\CodeIgniter.php(361): CodeIgniter\CodeIgniter->handleRequest(null, Object(Config\Cache), false)
 4 FCPATH\index.php(79): CodeIgniter\CodeIgniter->run()
WARNING - 2024-09-09 05:57:37 --> [DEPRECATED] Creation of dynamic property App\Controllers\AdminController::$contact is deprecated in APPPATH\Controllers\AdminController.php on line 27.
 1 SYSTEMPATH\CodeIgniter.php(913): App\Controllers\AdminController->__construct()
 2 SYSTEMPATH\CodeIgniter.php(493): CodeIgniter\CodeIgniter->createController()
 3 SYSTEMPATH\CodeIgniter.php(361): CodeIgniter\CodeIgniter->handleRequest(null, Object(Config\Cache), false)
 4 FCPATH\index.php(79): CodeIgniter\CodeIgniter->run()
WARNING - 2024-09-09 05:57:37 --> [DEPRECATED] Creation of dynamic property App\Controllers\AdminController::$subscriber is deprecated in APPPATH\Controllers\AdminController.php on line 28.
 1 SYSTEMPATH\CodeIgniter.php(913): App\Controllers\AdminController->__construct()
 2 SYSTEMPATH\CodeIgniter.php(493): CodeIgniter\CodeIgniter->createController()
 3 SYSTEMPATH\CodeIgniter.php(361): CodeIgniter\CodeIgniter->handleRequest(null, Object(Config\Cache), false)
 4 FCPATH\index.php(79): CodeIgniter\CodeIgniter->run()
INFO - 2024-09-09 05:57:37 --> Session: Class initialized using 'CodeIgniter\Session\Handlers\FileHandler' driver.
WARNING - 2024-09-09 05:57:40 --> [DEPRECATED] Creation of dynamic property App\Controllers\AdminController::$uttarakhandModel is deprecated in APPPATH\Controllers\AdminController.php on line 22.
 1 SYSTEMPATH\CodeIgniter.php(913): App\Controllers\AdminController->__construct()
 2 SYSTEMPATH\CodeIgniter.php(493): CodeIgniter\CodeIgniter->createController()
 3 SYSTEMPATH\CodeIgniter.php(361): CodeIgniter\CodeIgniter->handleRequest(null, Object(Config\Cache), false)
 4 FCPATH\index.php(79): CodeIgniter\CodeIgniter->run()
WARNING - 2024-09-09 05:57:40 --> [DEPRECATED] Creation of dynamic property App\Controllers\AdminController::$citiesModel is deprecated in APPPATH\Controllers\AdminController.php on line 23.
 1 SYSTEMPATH\CodeIgniter.php(913): App\Controllers\AdminController->__construct()
 2 SYSTEMPATH\CodeIgniter.php(493): CodeIgniter\CodeIgniter->createController()
 3 SYSTEMPATH\CodeIgniter.php(361): CodeIgniter\CodeIgniter->handleRequest(null, Object(Config\Cache), false)
 4 FCPATH\index.php(79): CodeIgniter\CodeIgniter->run()
WARNING - 2024-09-09 05:57:40 --> [DEPRECATED] Creation of dynamic property App\Controllers\AdminController::$imageModel is deprecated in APPPATH\Controllers\AdminController.php on line 24.
 1 SYSTEMPATH\CodeIgniter.php(913): App\Controllers\AdminController->__construct()
 2 SYSTEMPATH\CodeIgniter.php(493): CodeIgniter\CodeIgniter->createController()
 3 SYSTEMPATH\CodeIgniter.php(361): CodeIgniter\CodeIgniter->handleRequest(null, Object(Config\Cache), false)
 4 FCPATH\index.php(79): CodeIgniter\CodeIgniter->run()
WARNING - 2024-09-09 05:57:40 --> [DEPRECATED] Creation of dynamic property App\Controllers\AdminController::$areaModel is deprecated in APPPATH\Controllers\AdminController.php on line 25.
 1 SYSTEMPATH\CodeIgniter.php(913): App\Controllers\AdminController->__construct()
 2 SYSTEMPATH\CodeIgniter.php(493): CodeIgniter\CodeIgniter->createController()
 3 SYSTEMPATH\CodeIgniter.php(361): CodeIgniter\CodeIgniter->handleRequest(null, Object(Config\Cache), false)
 4 FCPATH\index.php(79): CodeIgniter\CodeIgniter->run()
WARNING - 2024-09-09 05:57:40 --> [DEPRECATED] Creation of dynamic property App\Controllers\AdminController::$foodModel is deprecated in APPPATH\Controllers\AdminController.php on line 26.
 1 SYSTEMPATH\CodeIgniter.php(913): App\Controllers\AdminController->__construct()
 2 SYSTEMPATH\CodeIgniter.php(493): CodeIgniter\CodeIgniter->createController()
 3 SYSTEMPATH\CodeIgniter.php(361): CodeIgniter\CodeIgniter->handleRequest(null, Object(Config\Cache), false)
 4 FCPATH\index.php(79): CodeIgniter\CodeIgniter->run()
WARNING - 2024-09-09 05:57:40 --> [DEPRECATED] Creation of dynamic property App\Controllers\AdminController::$contact is deprecated in APPPATH\Controllers\AdminController.php on line 27.
 1 SYSTEMPATH\CodeIgniter.php(913): App\Controllers\AdminController->__construct()
 2 SYSTEMPATH\CodeIgniter.php(493): CodeIgniter\CodeIgniter->createController()
 3 SYSTEMPATH\CodeIgniter.php(361): CodeIgniter\CodeIgniter->handleRequest(null, Object(Config\Cache), false)
 4 FCPATH\index.php(79): CodeIgniter\CodeIgniter->run()
WARNING - 2024-09-09 05:57:40 --> [DEPRECATED] Creation of dynamic property App\Controllers\AdminController::$subscriber is deprecated in APPPATH\Controllers\AdminController.php on line 28.
 1 SYSTEMPATH\CodeIgniter.php(913): App\Controllers\AdminController->__construct()
 2 SYSTEMPATH\CodeIgniter.php(493): CodeIgniter\CodeIgniter->createController()
 3 SYSTEMPATH\CodeIgniter.php(361): CodeIgniter\CodeIgniter->handleRequest(null, Object(Config\Cache), false)
 4 FCPATH\index.php(79): CodeIgniter\CodeIgniter->run()
INFO - 2024-09-09 05:57:40 --> Session: Class initialized using 'CodeIgniter\Session\Handlers\FileHandler' driver.
WARNING - 2024-09-09 05:57:46 --> [DEPRECATED] Creation of dynamic property App\Controllers\AdminController::$uttarakhandModel is deprecated in APPPATH\Controllers\AdminController.php on line 22.
 1 SYSTEMPATH\CodeIgniter.php(913): App\Controllers\AdminController->__construct()
 2 SYSTEMPATH\CodeIgniter.php(493): CodeIgniter\CodeIgniter->createController()
 3 SYSTEMPATH\CodeIgniter.php(361): CodeIgniter\CodeIgniter->handleRequest(null, Object(Config\Cache), false)
 4 FCPATH\index.php(79): CodeIgniter\CodeIgniter->run()
WARNING - 2024-09-09 05:57:46 --> [DEPRECATED] Creation of dynamic property App\Controllers\AdminController::$citiesModel is deprecated in APPPATH\Controllers\AdminController.php on line 23.
 1 SYSTEMPATH\CodeIgniter.php(913): App\Controllers\AdminController->__construct()
 2 SYSTEMPATH\CodeIgniter.php(493): CodeIgniter\CodeIgniter->createController()
 3 SYSTEMPATH\CodeIgniter.php(361): CodeIgniter\CodeIgniter->handleRequest(null, Object(Config\Cache), false)
 4 FCPATH\index.php(79): CodeIgniter\CodeIgniter->run()
WARNING - 2024-09-09 05:57:46 --> [DEPRECATED] Creation of dynamic property App\Controllers\AdminController::$imageModel is deprecated in APPPATH\Controllers\AdminController.php on line 24.
 1 SYSTEMPATH\CodeIgniter.php(913): App\Controllers\AdminController->__construct()
 2 SYSTEMPATH\CodeIgniter.php(493): CodeIgniter\CodeIgniter->createController()
 3 SYSTEMPATH\CodeIgniter.php(361): CodeIgniter\CodeIgniter->handleRequest(null, Object(Config\Cache), false)
 4 FCPATH\index.php(79): CodeIgniter\CodeIgniter->run()
WARNING - 2024-09-09 05:57:46 --> [DEPRECATED] Creation of dynamic property App\Controllers\AdminController::$areaModel is deprecated in APPPATH\Controllers\AdminController.php on line 25.
 1 SYSTEMPATH\CodeIgniter.php(913): App\Controllers\AdminController->__construct()
 2 SYSTEMPATH\CodeIgniter.php(493): CodeIgniter\CodeIgniter->createController()
 3 SYSTEMPATH\CodeIgniter.php(361): CodeIgniter\CodeIgniter->handleRequest(null, Object(Config\Cache), false)
 4 FCPATH\index.php(79): CodeIgniter\CodeIgniter->run()
WARNING - 2024-09-09 05:57:46 --> [DEPRECATED] Creation of dynamic property App\Controllers\AdminController::$foodModel is deprecated in APPPATH\Controllers\AdminController.php on line 26.
 1 SYSTEMPATH\CodeIgniter.php(913): App\Controllers\AdminController->__construct()
 2 SYSTEMPATH\CodeIgniter.php(493): CodeIgniter\CodeIgniter->createController()
 3 SYSTEMPATH\CodeIgniter.php(361): CodeIgniter\CodeIgniter->handleRequest(null, Object(Config\Cache), false)
 4 FCPATH\index.php(79): CodeIgniter\CodeIgniter->run()
WARNING - 2024-09-09 05:57:46 --> [DEPRECATED] Creation of dynamic property App\Controllers\AdminController::$contact is deprecated in APPPATH\Controllers\AdminController.php on line 27.
 1 SYSTEMPATH\CodeIgniter.php(913): App\Controllers\AdminController->__construct()
 2 SYSTEMPATH\CodeIgniter.php(493): CodeIgniter\CodeIgniter->createController()
 3 SYSTEMPATH\CodeIgniter.php(361): CodeIgniter\CodeIgniter->handleRequest(null, Object(Config\Cache), false)
 4 FCPATH\index.php(79): CodeIgniter\CodeIgniter->run()
WARNING - 2024-09-09 05:57:46 --> [DEPRECATED] Creation of dynamic property App\Controllers\AdminController::$subscriber is deprecated in APPPATH\Controllers\AdminController.php on line 28.
 1 SYSTEMPATH\CodeIgniter.php(913): App\Controllers\AdminController->__construct()
 2 SYSTEMPATH\CodeIgniter.php(493): CodeIgniter\CodeIgniter->createController()
 3 SYSTEMPATH\CodeIgniter.php(361): CodeIgniter\CodeIgniter->handleRequest(null, Object(Config\Cache), false)
 4 FCPATH\index.php(79): CodeIgniter\CodeIgniter->run()
INFO - 2024-09-09 05:57:46 --> Session: Class initialized using 'CodeIgniter\Session\Handlers\FileHandler' driver.
WARNING - 2024-09-09 05:57:57 --> [DEPRECATED] Creation of dynamic property App\Controllers\AdminController::$uttarakhandModel is deprecated in APPPATH\Controllers\AdminController.php on line 22.
 1 SYSTEMPATH\CodeIgniter.php(913): App\Controllers\AdminController->__construct()
 2 SYSTEMPATH\CodeIgniter.php(493): CodeIgniter\CodeIgniter->createController()
 3 SYSTEMPATH\CodeIgniter.php(361): CodeIgniter\CodeIgniter->handleRequest(null, Object(Config\Cache), false)
 4 FCPATH\index.php(79): CodeIgniter\CodeIgniter->run()
WARNING - 2024-09-09 05:57:57 --> [DEPRECATED] Creation of dynamic property App\Controllers\AdminController::$citiesModel is deprecated in APPPATH\Controllers\AdminController.php on line 23.
 1 SYSTEMPATH\CodeIgniter.php(913): App\Controllers\AdminController->__construct()
 2 SYSTEMPATH\CodeIgniter.php(493): CodeIgniter\CodeIgniter->createController()
 3 SYSTEMPATH\CodeIgniter.php(361): CodeIgniter\CodeIgniter->handleRequest(null, Object(Config\Cache), false)
 4 FCPATH\index.php(79): CodeIgniter\CodeIgniter->run()
WARNING - 2024-09-09 05:57:57 --> [DEPRECATED] Creation of dynamic property App\Controllers\AdminController::$imageModel is deprecated in APPPATH\Controllers\AdminController.php on line 24.
 1 SYSTEMPATH\CodeIgniter.php(913): App\Controllers\AdminController->__construct()
 2 SYSTEMPATH\CodeIgniter.php(493): CodeIgniter\CodeIgniter->createController()
 3 SYSTEMPATH\CodeIgniter.php(361): CodeIgniter\CodeIgniter->handleRequest(null, Object(Config\Cache), false)
 4 FCPATH\index.php(79): CodeIgniter\CodeIgniter->run()
WARNING - 2024-09-09 05:57:57 --> [DEPRECATED] Creation of dynamic property App\Controllers\AdminController::$areaModel is deprecated in APPPATH\Controllers\AdminController.php on line 25.
 1 SYSTEMPATH\CodeIgniter.php(913): App\Controllers\AdminController->__construct()
 2 SYSTEMPATH\CodeIgniter.php(493): CodeIgniter\CodeIgniter->createController()
 3 SYSTEMPATH\CodeIgniter.php(361): CodeIgniter\CodeIgniter->handleRequest(null, Object(Config\Cache), false)
 4 FCPATH\index.php(79): CodeIgniter\CodeIgniter->run()
WARNING - 2024-09-09 05:57:57 --> [DEPRECATED] Creation of dynamic property App\Controllers\AdminController::$foodModel is deprecated in APPPATH\Controllers\AdminController.php on line 26.
 1 SYSTEMPATH\CodeIgniter.php(913): App\Controllers\AdminController->__construct()
 2 SYSTEMPATH\CodeIgniter.php(493): CodeIgniter\CodeIgniter->createController()
 3 SYSTEMPATH\CodeIgniter.php(361): CodeIgniter\CodeIgniter->handleRequest(null, Object(Config\Cache), false)
 4 FCPATH\index.php(79): CodeIgniter\CodeIgniter->run()
WARNING - 2024-09-09 05:57:57 --> [DEPRECATED] Creation of dynamic property App\Controllers\AdminController::$contact is deprecated in APPPATH\Controllers\AdminController.php on line 27.
 1 SYSTEMPATH\CodeIgniter.php(913): App\Controllers\AdminController->__construct()
 2 SYSTEMPATH\CodeIgniter.php(493): CodeIgniter\CodeIgniter->createController()
 3 SYSTEMPATH\CodeIgniter.php(361): CodeIgniter\CodeIgniter->handleRequest(null, Object(Config\Cache), false)
 4 FCPATH\index.php(79): CodeIgniter\CodeIgniter->run()
WARNING - 2024-09-09 05:57:57 --> [DEPRECATED] Creation of dynamic property App\Controllers\AdminController::$subscriber is deprecated in APPPATH\Controllers\AdminController.php on line 28.
 1 SYSTEMPATH\CodeIgniter.php(913): App\Controllers\AdminController->__construct()
 2 SYSTEMPATH\CodeIgniter.php(493): CodeIgniter\CodeIgniter->createController()
 3 SYSTEMPATH\CodeIgniter.php(361): CodeIgniter\CodeIgniter->handleRequest(null, Object(Config\Cache), false)
 4 FCPATH\index.php(79): CodeIgniter\CodeIgniter->run()
INFO - 2024-09-09 05:57:57 --> Session: Class initialized using 'CodeIgniter\Session\Handlers\FileHandler' driver.
WARNING - 2024-09-09 05:58:12 --> [DEPRECATED] Creation of dynamic property App\Controllers\AdminController::$uttarakhandModel is deprecated in APPPATH\Controllers\AdminController.php on line 22.
 1 SYSTEMPATH\CodeIgniter.php(913): App\Controllers\AdminController->__construct()
 2 SYSTEMPATH\CodeIgniter.php(493): CodeIgniter\CodeIgniter->createController()
 3 SYSTEMPATH\CodeIgniter.php(361): CodeIgniter\CodeIgniter->handleRequest(null, Object(Config\Cache), false)
 4 FCPATH\index.php(79): CodeIgniter\CodeIgniter->run()
WARNING - 2024-09-09 05:58:12 --> [DEPRECATED] Creation of dynamic property App\Controllers\AdminController::$citiesModel is deprecated in APPPATH\Controllers\AdminController.php on line 23.
 1 SYSTEMPATH\CodeIgniter.php(913): App\Controllers\AdminController->__construct()
 2 SYSTEMPATH\CodeIgniter.php(493): CodeIgniter\CodeIgniter->createController()
 3 SYSTEMPATH\CodeIgniter.php(361): CodeIgniter\CodeIgniter->handleRequest(null, Object(Config\Cache), false)
 4 FCPATH\index.php(79): CodeIgniter\CodeIgniter->run()
WARNING - 2024-09-09 05:58:12 --> [DEPRECATED] Creation of dynamic property App\Controllers\AdminController::$imageModel is deprecated in APPPATH\Controllers\AdminController.php on line 24.
 1 SYSTEMPATH\CodeIgniter.php(913): App\Controllers\AdminController->__construct()
 2 SYSTEMPATH\CodeIgniter.php(493): CodeIgniter\CodeIgniter->createController()
 3 SYSTEMPATH\CodeIgniter.php(361): CodeIgniter\CodeIgniter->handleRequest(null, Object(Config\Cache), false)
 4 FCPATH\index.php(79): CodeIgniter\CodeIgniter->run()
WARNING - 2024-09-09 05:58:12 --> [DEPRECATED] Creation of dynamic property App\Controllers\AdminController::$areaModel is deprecated in APPPATH\Controllers\AdminController.php on line 25.
 1 SYSTEMPATH\CodeIgniter.php(913): App\Controllers\AdminController->__construct()
 2 SYSTEMPATH\CodeIgniter.php(493): CodeIgniter\CodeIgniter->createController()
 3 SYSTEMPATH\CodeIgniter.php(361): CodeIgniter\CodeIgniter->handleRequest(null, Object(Config\Cache), false)
 4 FCPATH\index.php(79): CodeIgniter\CodeIgniter->run()
WARNING - 2024-09-09 05:58:12 --> [DEPRECATED] Creation of dynamic property App\Controllers\AdminController::$foodModel is deprecated in APPPATH\Controllers\AdminController.php on line 26.
 1 SYSTEMPATH\CodeIgniter.php(913): App\Controllers\AdminController->__construct()
 2 SYSTEMPATH\CodeIgniter.php(493): CodeIgniter\CodeIgniter->createController()
 3 SYSTEMPATH\CodeIgniter.php(361): CodeIgniter\CodeIgniter->handleRequest(null, Object(Config\Cache), false)
 4 FCPATH\index.php(79): CodeIgniter\CodeIgniter->run()
WARNING - 2024-09-09 05:58:12 --> [DEPRECATED] Creation of dynamic property App\Controllers\AdminController::$contact is deprecated in APPPATH\Controllers\AdminController.php on line 27.
 1 SYSTEMPATH\CodeIgniter.php(913): App\Controllers\AdminController->__construct()
 2 SYSTEMPATH\CodeIgniter.php(493): CodeIgniter\CodeIgniter->createController()
 3 SYSTEMPATH\CodeIgniter.php(361): CodeIgniter\CodeIgniter->handleRequest(null, Object(Config\Cache), false)
 4 FCPATH\index.php(79): CodeIgniter\CodeIgniter->run()
WARNING - 2024-09-09 05:58:12 --> [DEPRECATED] Creation of dynamic property App\Controllers\AdminController::$subscriber is deprecated in APPPATH\Controllers\AdminController.php on line 28.
 1 SYSTEMPATH\CodeIgniter.php(913): App\Controllers\AdminController->__construct()
 2 SYSTEMPATH\CodeIgniter.php(493): CodeIgniter\CodeIgniter->createController()
 3 SYSTEMPATH\CodeIgniter.php(361): CodeIgniter\CodeIgniter->handleRequest(null, Object(Config\Cache), false)
 4 FCPATH\index.php(79): CodeIgniter\CodeIgniter->run()
INFO - 2024-09-09 05:58:12 --> Session: Class initialized using 'CodeIgniter\Session\Handlers\FileHandler' driver.
WARNING - 2024-09-09 05:58:16 --> [DEPRECATED] Creation of dynamic property App\Controllers\AdminController::$uttarakhandModel is deprecated in APPPATH\Controllers\AdminController.php on line 22.
 1 SYSTEMPATH\CodeIgniter.php(913): App\Controllers\AdminController->__construct()
 2 SYSTEMPATH\CodeIgniter.php(493): CodeIgniter\CodeIgniter->createController()
 3 SYSTEMPATH\CodeIgniter.php(361): CodeIgniter\CodeIgniter->handleRequest(null, Object(Config\Cache), false)
 4 FCPATH\index.php(79): CodeIgniter\CodeIgniter->run()
WARNING - 2024-09-09 05:58:16 --> [DEPRECATED] Creation of dynamic property App\Controllers\AdminController::$citiesModel is deprecated in APPPATH\Controllers\AdminController.php on line 23.
 1 SYSTEMPATH\CodeIgniter.php(913): App\Controllers\AdminController->__construct()
 2 SYSTEMPATH\CodeIgniter.php(493): CodeIgniter\CodeIgniter->createController()
 3 SYSTEMPATH\CodeIgniter.php(361): CodeIgniter\CodeIgniter->handleRequest(null, Object(Config\Cache), false)
 4 FCPATH\index.php(79): CodeIgniter\CodeIgniter->run()
WARNING - 2024-09-09 05:58:16 --> [DEPRECATED] Creation of dynamic property App\Controllers\AdminController::$imageModel is deprecated in APPPATH\Controllers\AdminController.php on line 24.
 1 SYSTEMPATH\CodeIgniter.php(913): App\Controllers\AdminController->__construct()
 2 SYSTEMPATH\CodeIgniter.php(493): CodeIgniter\CodeIgniter->createController()
 3 SYSTEMPATH\CodeIgniter.php(361): CodeIgniter\CodeIgniter->handleRequest(null, Object(Config\Cache), false)
 4 FCPATH\index.php(79): CodeIgniter\CodeIgniter->run()
WARNING - 2024-09-09 05:58:16 --> [DEPRECATED] Creation of dynamic property App\Controllers\AdminController::$areaModel is deprecated in APPPATH\Controllers\AdminController.php on line 25.
 1 SYSTEMPATH\CodeIgniter.php(913): App\Controllers\AdminController->__construct()
 2 SYSTEMPATH\CodeIgniter.php(493): CodeIgniter\CodeIgniter->createController()
 3 SYSTEMPATH\CodeIgniter.php(361): CodeIgniter\CodeIgniter->handleRequest(null, Object(Config\Cache), false)
 4 FCPATH\index.php(79): CodeIgniter\CodeIgniter->run()
WARNING - 2024-09-09 05:58:16 --> [DEPRECATED] Creation of dynamic property App\Controllers\AdminController::$foodModel is deprecated in APPPATH\Controllers\AdminController.php on line 26.
 1 SYSTEMPATH\CodeIgniter.php(913): App\Controllers\AdminController->__construct()
 2 SYSTEMPATH\CodeIgniter.php(493): CodeIgniter\CodeIgniter->createController()
 3 SYSTEMPATH\CodeIgniter.php(361): CodeIgniter\CodeIgniter->handleRequest(null, Object(Config\Cache), false)
 4 FCPATH\index.php(79): CodeIgniter\CodeIgniter->run()
WARNING - 2024-09-09 05:58:16 --> [DEPRECATED] Creation of dynamic property App\Controllers\AdminController::$contact is deprecated in APPPATH\Controllers\AdminController.php on line 27.
 1 SYSTEMPATH\CodeIgniter.php(913): App\Controllers\AdminController->__construct()
 2 SYSTEMPATH\CodeIgniter.php(493): CodeIgniter\CodeIgniter->createController()
 3 SYSTEMPATH\CodeIgniter.php(361): CodeIgniter\CodeIgniter->handleRequest(null, Object(Config\Cache), false)
 4 FCPATH\index.php(79): CodeIgniter\CodeIgniter->run()
WARNING - 2024-09-09 05:58:16 --> [DEPRECATED] Creation of dynamic property App\Controllers\AdminController::$subscriber is deprecated in APPPATH\Controllers\AdminController.php on line 28.
 1 SYSTEMPATH\CodeIgniter.php(913): App\Controllers\AdminController->__construct()
 2 SYSTEMPATH\CodeIgniter.php(493): CodeIgniter\CodeIgniter->createController()
 3 SYSTEMPATH\CodeIgniter.php(361): CodeIgniter\CodeIgniter->handleRequest(null, Object(Config\Cache), false)
 4 FCPATH\index.php(79): CodeIgniter\CodeIgniter->run()
INFO - 2024-09-09 05:58:16 --> Session: Class initialized using 'CodeIgniter\Session\Handlers\FileHandler' driver.
WARNING - 2024-09-09 05:58:29 --> [DEPRECATED] Creation of dynamic property App\Controllers\AdminController::$uttarakhandModel is deprecated in APPPATH\Controllers\AdminController.php on line 22.
 1 SYSTEMPATH\CodeIgniter.php(913): App\Controllers\AdminController->__construct()
 2 SYSTEMPATH\CodeIgniter.php(493): CodeIgniter\CodeIgniter->createController()
 3 SYSTEMPATH\CodeIgniter.php(361): CodeIgniter\CodeIgniter->handleRequest(null, Object(Config\Cache), false)
 4 FCPATH\index.php(79): CodeIgniter\CodeIgniter->run()
WARNING - 2024-09-09 05:58:29 --> [DEPRECATED] Creation of dynamic property App\Controllers\AdminController::$citiesModel is deprecated in APPPATH\Controllers\AdminController.php on line 23.
 1 SYSTEMPATH\CodeIgniter.php(913): App\Controllers\AdminController->__construct()
 2 SYSTEMPATH\CodeIgniter.php(493): CodeIgniter\CodeIgniter->createController()
 3 SYSTEMPATH\CodeIgniter.php(361): CodeIgniter\CodeIgniter->handleRequest(null, Object(Config\Cache), false)
 4 FCPATH\index.php(79): CodeIgniter\CodeIgniter->run()
WARNING - 2024-09-09 05:58:29 --> [DEPRECATED] Creation of dynamic property App\Controllers\AdminController::$imageModel is deprecated in APPPATH\Controllers\AdminController.php on line 24.
 1 SYSTEMPATH\CodeIgniter.php(913): App\Controllers\AdminController->__construct()
 2 SYSTEMPATH\CodeIgniter.php(493): CodeIgniter\CodeIgniter->createController()
 3 SYSTEMPATH\CodeIgniter.php(361): CodeIgniter\CodeIgniter->handleRequest(null, Object(Config\Cache), false)
 4 FCPATH\index.php(79): CodeIgniter\CodeIgniter->run()
WARNING - 2024-09-09 05:58:29 --> [DEPRECATED] Creation of dynamic property App\Controllers\AdminController::$areaModel is deprecated in APPPATH\Controllers\AdminController.php on line 25.
 1 SYSTEMPATH\CodeIgniter.php(913): App\Controllers\AdminController->__construct()
 2 SYSTEMPATH\CodeIgniter.php(493): CodeIgniter\CodeIgniter->createController()
 3 SYSTEMPATH\CodeIgniter.php(361): CodeIgniter\CodeIgniter->handleRequest(null, Object(Config\Cache), false)
 4 FCPATH\index.php(79): CodeIgniter\CodeIgniter->run()
WARNING - 2024-09-09 05:58:29 --> [DEPRECATED] Creation of dynamic property App\Controllers\AdminController::$foodModel is deprecated in APPPATH\Controllers\AdminController.php on line 26.
 1 SYSTEMPATH\CodeIgniter.php(913): App\Controllers\AdminController->__construct()
 2 SYSTEMPATH\CodeIgniter.php(493): CodeIgniter\CodeIgniter->createController()
 3 SYSTEMPATH\CodeIgniter.php(361): CodeIgniter\CodeIgniter->handleRequest(null, Object(Config\Cache), false)
 4 FCPATH\index.php(79): CodeIgniter\CodeIgniter->run()
WARNING - 2024-09-09 05:58:29 --> [DEPRECATED] Creation of dynamic property App\Controllers\AdminController::$contact is deprecated in APPPATH\Controllers\AdminController.php on line 27.
 1 SYSTEMPATH\CodeIgniter.php(913): App\Controllers\AdminController->__construct()
 2 SYSTEMPATH\CodeIgniter.php(493): CodeIgniter\CodeIgniter->createController()
 3 SYSTEMPATH\CodeIgniter.php(361): CodeIgniter\CodeIgniter->handleRequest(null, Object(Config\Cache), false)
 4 FCPATH\index.php(79): CodeIgniter\CodeIgniter->run()
WARNING - 2024-09-09 05:58:29 --> [DEPRECATED] Creation of dynamic property App\Controllers\AdminController::$subscriber is deprecated in APPPATH\Controllers\AdminController.php on line 28.
 1 SYSTEMPATH\CodeIgniter.php(913): App\Controllers\AdminController->__construct()
 2 SYSTEMPATH\CodeIgniter.php(493): CodeIgniter\CodeIgniter->createController()
 3 SYSTEMPATH\CodeIgniter.php(361): CodeIgniter\CodeIgniter->handleRequest(null, Object(Config\Cache), false)
 4 FCPATH\index.php(79): CodeIgniter\CodeIgniter->run()
INFO - 2024-09-09 05:58:29 --> Session: Class initialized using 'CodeIgniter\Session\Handlers\FileHandler' driver.
WARNING - 2024-09-09 05:58:34 --> [DEPRECATED] Creation of dynamic property App\Controllers\AdminController::$uttarakhandModel is deprecated in APPPATH\Controllers\AdminController.php on line 22.
 1 SYSTEMPATH\CodeIgniter.php(913): App\Controllers\AdminController->__construct()
 2 SYSTEMPATH\CodeIgniter.php(493): CodeIgniter\CodeIgniter->createController()
 3 SYSTEMPATH\CodeIgniter.php(361): CodeIgniter\CodeIgniter->handleRequest(null, Object(Config\Cache), false)
 4 FCPATH\index.php(79): CodeIgniter\CodeIgniter->run()
WARNING - 2024-09-09 05:58:34 --> [DEPRECATED] Creation of dynamic property App\Controllers\AdminController::$citiesModel is deprecated in APPPATH\Controllers\AdminController.php on line 23.
 1 SYSTEMPATH\CodeIgniter.php(913): App\Controllers\AdminController->__construct()
 2 SYSTEMPATH\CodeIgniter.php(493): CodeIgniter\CodeIgniter->createController()
 3 SYSTEMPATH\CodeIgniter.php(361): CodeIgniter\CodeIgniter->handleRequest(null, Object(Config\Cache), false)
 4 FCPATH\index.php(79): CodeIgniter\CodeIgniter->run()
WARNING - 2024-09-09 05:58:34 --> [DEPRECATED] Creation of dynamic property App\Controllers\AdminController::$imageModel is deprecated in APPPATH\Controllers\AdminController.php on line 24.
 1 SYSTEMPATH\CodeIgniter.php(913): App\Controllers\AdminController->__construct()
 2 SYSTEMPATH\CodeIgniter.php(493): CodeIgniter\CodeIgniter->createController()
 3 SYSTEMPATH\CodeIgniter.php(361): CodeIgniter\CodeIgniter->handleRequest(null, Object(Config\Cache), false)
 4 FCPATH\index.php(79): CodeIgniter\CodeIgniter->run()
WARNING - 2024-09-09 05:58:34 --> [DEPRECATED] Creation of dynamic property App\Controllers\AdminController::$areaModel is deprecated in APPPATH\Controllers\AdminController.php on line 25.
 1 SYSTEMPATH\CodeIgniter.php(913): App\Controllers\AdminController->__construct()
 2 SYSTEMPATH\CodeIgniter.php(493): CodeIgniter\CodeIgniter->createController()
 3 SYSTEMPATH\CodeIgniter.php(361): CodeIgniter\CodeIgniter->handleRequest(null, Object(Config\Cache), false)
 4 FCPATH\index.php(79): CodeIgniter\CodeIgniter->run()
WARNING - 2024-09-09 05:58:34 --> [DEPRECATED] Creation of dynamic property App\Controllers\AdminController::$foodModel is deprecated in APPPATH\Controllers\AdminController.php on line 26.
 1 SYSTEMPATH\CodeIgniter.php(913): App\Controllers\AdminController->__construct()
 2 SYSTEMPATH\CodeIgniter.php(493): CodeIgniter\CodeIgniter->createController()
 3 SYSTEMPATH\CodeIgniter.php(361): CodeIgniter\CodeIgniter->handleRequest(null, Object(Config\Cache), false)
 4 FCPATH\index.php(79): CodeIgniter\CodeIgniter->run()
WARNING - 2024-09-09 05:58:34 --> [DEPRECATED] Creation of dynamic property App\Controllers\AdminController::$contact is deprecated in APPPATH\Controllers\AdminController.php on line 27.
 1 SYSTEMPATH\CodeIgniter.php(913): App\Controllers\AdminController->__construct()
 2 SYSTEMPATH\CodeIgniter.php(493): CodeIgniter\CodeIgniter->createController()
 3 SYSTEMPATH\CodeIgniter.php(361): CodeIgniter\CodeIgniter->handleRequest(null, Object(Config\Cache), false)
 4 FCPATH\index.php(79): CodeIgniter\CodeIgniter->run()
WARNING - 2024-09-09 05:58:34 --> [DEPRECATED] Creation of dynamic property App\Controllers\AdminController::$subscriber is deprecated in APPPATH\Controllers\AdminController.php on line 28.
 1 SYSTEMPATH\CodeIgniter.php(913): App\Controllers\AdminController->__construct()
 2 SYSTEMPATH\CodeIgniter.php(493): CodeIgniter\CodeIgniter->createController()
 3 SYSTEMPATH\CodeIgniter.php(361): CodeIgniter\CodeIgniter->handleRequest(null, Object(Config\Cache), false)
 4 FCPATH\index.php(79): CodeIgniter\CodeIgniter->run()
INFO - 2024-09-09 05:58:34 --> Session: Class initialized using 'CodeIgniter\Session\Handlers\FileHandler' driver.
WARNING - 2024-09-09 05:58:38 --> [DEPRECATED] Creation of dynamic property App\Controllers\AdminController::$uttarakhandModel is deprecated in APPPATH\Controllers\AdminController.php on line 22.
 1 SYSTEMPATH\CodeIgniter.php(913): App\Controllers\AdminController->__construct()
 2 SYSTEMPATH\CodeIgniter.php(493): CodeIgniter\CodeIgniter->createController()
 3 SYSTEMPATH\CodeIgniter.php(361): CodeIgniter\CodeIgniter->handleRequest(null, Object(Config\Cache), false)
 4 FCPATH\index.php(79): CodeIgniter\CodeIgniter->run()
WARNING - 2024-09-09 05:58:38 --> [DEPRECATED] Creation of dynamic property App\Controllers\AdminController::$citiesModel is deprecated in APPPATH\Controllers\AdminController.php on line 23.
 1 SYSTEMPATH\CodeIgniter.php(913): App\Controllers\AdminController->__construct()
 2 SYSTEMPATH\CodeIgniter.php(493): CodeIgniter\CodeIgniter->createController()
 3 SYSTEMPATH\CodeIgniter.php(361): CodeIgniter\CodeIgniter->handleRequest(null, Object(Config\Cache), false)
 4 FCPATH\index.php(79): CodeIgniter\CodeIgniter->run()
WARNING - 2024-09-09 05:58:38 --> [DEPRECATED] Creation of dynamic property App\Controllers\AdminController::$imageModel is deprecated in APPPATH\Controllers\AdminController.php on line 24.
 1 SYSTEMPATH\CodeIgniter.php(913): App\Controllers\AdminController->__construct()
 2 SYSTEMPATH\CodeIgniter.php(493): CodeIgniter\CodeIgniter->createController()
 3 SYSTEMPATH\CodeIgniter.php(361): CodeIgniter\CodeIgniter->handleRequest(null, Object(Config\Cache), false)
 4 FCPATH\index.php(79): CodeIgniter\CodeIgniter->run()
WARNING - 2024-09-09 05:58:38 --> [DEPRECATED] Creation of dynamic property App\Controllers\AdminController::$areaModel is deprecated in APPPATH\Controllers\AdminController.php on line 25.
 1 SYSTEMPATH\CodeIgniter.php(913): App\Controllers\AdminController->__construct()
 2 SYSTEMPATH\CodeIgniter.php(493): CodeIgniter\CodeIgniter->createController()
 3 SYSTEMPATH\CodeIgniter.php(361): CodeIgniter\CodeIgniter->handleRequest(null, Object(Config\Cache), false)
 4 FCPATH\index.php(79): CodeIgniter\CodeIgniter->run()
WARNING - 2024-09-09 05:58:38 --> [DEPRECATED] Creation of dynamic property App\Controllers\AdminController::$foodModel is deprecated in APPPATH\Controllers\AdminController.php on line 26.
 1 SYSTEMPATH\CodeIgniter.php(913): App\Controllers\AdminController->__construct()
 2 SYSTEMPATH\CodeIgniter.php(493): CodeIgniter\CodeIgniter->createController()
 3 SYSTEMPATH\CodeIgniter.php(361): CodeIgniter\CodeIgniter->handleRequest(null, Object(Config\Cache), false)
 4 FCPATH\index.php(79): CodeIgniter\CodeIgniter->run()
WARNING - 2024-09-09 05:58:38 --> [DEPRECATED] Creation of dynamic property App\Controllers\AdminController::$contact is deprecated in APPPATH\Controllers\AdminController.php on line 27.
 1 SYSTEMPATH\CodeIgniter.php(913): App\Controllers\AdminController->__construct()
 2 SYSTEMPATH\CodeIgniter.php(493): CodeIgniter\CodeIgniter->createController()
 3 SYSTEMPATH\CodeIgniter.php(361): CodeIgniter\CodeIgniter->handleRequest(null, Object(Config\Cache), false)
 4 FCPATH\index.php(79): CodeIgniter\CodeIgniter->run()
WARNING - 2024-09-09 05:58:38 --> [DEPRECATED] Creation of dynamic property App\Controllers\AdminController::$subscriber is deprecated in APPPATH\Controllers\AdminController.php on line 28.
 1 SYSTEMPATH\CodeIgniter.php(913): App\Controllers\AdminController->__construct()
 2 SYSTEMPATH\CodeIgniter.php(493): CodeIgniter\CodeIgniter->createController()
 3 SYSTEMPATH\CodeIgniter.php(361): CodeIgniter\CodeIgniter->handleRequest(null, Object(Config\Cache), false)
 4 FCPATH\index.php(79): CodeIgniter\CodeIgniter->run()
INFO - 2024-09-09 05:58:38 --> Session: Class initialized using 'CodeIgniter\Session\Handlers\FileHandler' driver.
WARNING - 2024-09-09 05:58:41 --> [DEPRECATED] Creation of dynamic property App\Controllers\AdminController::$uttarakhandModel is deprecated in APPPATH\Controllers\AdminController.php on line 22.
 1 SYSTEMPATH\CodeIgniter.php(913): App\Controllers\AdminController->__construct()
 2 SYSTEMPATH\CodeIgniter.php(493): CodeIgniter\CodeIgniter->createController()
 3 SYSTEMPATH\CodeIgniter.php(361): CodeIgniter\CodeIgniter->handleRequest(null, Object(Config\Cache), false)
 4 FCPATH\index.php(79): CodeIgniter\CodeIgniter->run()
WARNING - 2024-09-09 05:58:41 --> [DEPRECATED] Creation of dynamic property App\Controllers\AdminController::$citiesModel is deprecated in APPPATH\Controllers\AdminController.php on line 23.
 1 SYSTEMPATH\CodeIgniter.php(913): App\Controllers\AdminController->__construct()
 2 SYSTEMPATH\CodeIgniter.php(493): CodeIgniter\CodeIgniter->createController()
 3 SYSTEMPATH\CodeIgniter.php(361): CodeIgniter\CodeIgniter->handleRequest(null, Object(Config\Cache), false)
 4 FCPATH\index.php(79): CodeIgniter\CodeIgniter->run()
WARNING - 2024-09-09 05:58:41 --> [DEPRECATED] Creation of dynamic property App\Controllers\AdminController::$imageModel is deprecated in APPPATH\Controllers\AdminController.php on line 24.
 1 SYSTEMPATH\CodeIgniter.php(913): App\Controllers\AdminController->__construct()
 2 SYSTEMPATH\CodeIgniter.php(493): CodeIgniter\CodeIgniter->createController()
 3 SYSTEMPATH\CodeIgniter.php(361): CodeIgniter\CodeIgniter->handleRequest(null, Object(Config\Cache), false)
 4 FCPATH\index.php(79): CodeIgniter\CodeIgniter->run()
WARNING - 2024-09-09 05:58:41 --> [DEPRECATED] Creation of dynamic property App\Controllers\AdminController::$areaModel is deprecated in APPPATH\Controllers\AdminController.php on line 25.
 1 SYSTEMPATH\CodeIgniter.php(913): App\Controllers\AdminController->__construct()
 2 SYSTEMPATH\CodeIgniter.php(493): CodeIgniter\CodeIgniter->createController()
 3 SYSTEMPATH\CodeIgniter.php(361): CodeIgniter\CodeIgniter->handleRequest(null, Object(Config\Cache), false)
 4 FCPATH\index.php(79): CodeIgniter\CodeIgniter->run()
WARNING - 2024-09-09 05:58:41 --> [DEPRECATED] Creation of dynamic property App\Controllers\AdminController::$foodModel is deprecated in APPPATH\Controllers\AdminController.php on line 26.
 1 SYSTEMPATH\CodeIgniter.php(913): App\Controllers\AdminController->__construct()
 2 SYSTEMPATH\CodeIgniter.php(493): CodeIgniter\CodeIgniter->createController()
 3 SYSTEMPATH\CodeIgniter.php(361): CodeIgniter\CodeIgniter->handleRequest(null, Object(Config\Cache), false)
 4 FCPATH\index.php(79): CodeIgniter\CodeIgniter->run()
WARNING - 2024-09-09 05:58:41 --> [DEPRECATED] Creation of dynamic property App\Controllers\AdminController::$contact is deprecated in APPPATH\Controllers\AdminController.php on line 27.
 1 SYSTEMPATH\CodeIgniter.php(913): App\Controllers\AdminController->__construct()
 2 SYSTEMPATH\CodeIgniter.php(493): CodeIgniter\CodeIgniter->createController()
 3 SYSTEMPATH\CodeIgniter.php(361): CodeIgniter\CodeIgniter->handleRequest(null, Object(Config\Cache), false)
 4 FCPATH\index.php(79): CodeIgniter\CodeIgniter->run()
WARNING - 2024-09-09 05:58:41 --> [DEPRECATED] Creation of dynamic property App\Controllers\AdminController::$subscriber is deprecated in APPPATH\Controllers\AdminController.php on line 28.
 1 SYSTEMPATH\CodeIgniter.php(913): App\Controllers\AdminController->__construct()
 2 SYSTEMPATH\CodeIgniter.php(493): CodeIgniter\CodeIgniter->createController()
 3 SYSTEMPATH\CodeIgniter.php(361): CodeIgniter\CodeIgniter->handleRequest(null, Object(Config\Cache), false)
 4 FCPATH\index.php(79): CodeIgniter\CodeIgniter->run()
INFO - 2024-09-09 05:58:41 --> Session: Class initialized using 'CodeIgniter\Session\Handlers\FileHandler' driver.
WARNING - 2024-09-09 05:58:48 --> [DEPRECATED] Creation of dynamic property App\Controllers\AdminController::$uttarakhandModel is deprecated in APPPATH\Controllers\AdminController.php on line 22.
 1 SYSTEMPATH\CodeIgniter.php(913): App\Controllers\AdminController->__construct()
 2 SYSTEMPATH\CodeIgniter.php(493): CodeIgniter\CodeIgniter->createController()
 3 SYSTEMPATH\CodeIgniter.php(361): CodeIgniter\CodeIgniter->handleRequest(null, Object(Config\Cache), false)
 4 FCPATH\index.php(79): CodeIgniter\CodeIgniter->run()
WARNING - 2024-09-09 05:58:48 --> [DEPRECATED] Creation of dynamic property App\Controllers\AdminController::$citiesModel is deprecated in APPPATH\Controllers\AdminController.php on line 23.
 1 SYSTEMPATH\CodeIgniter.php(913): App\Controllers\AdminController->__construct()
 2 SYSTEMPATH\CodeIgniter.php(493): CodeIgniter\CodeIgniter->createController()
 3 SYSTEMPATH\CodeIgniter.php(361): CodeIgniter\CodeIgniter->handleRequest(null, Object(Config\Cache), false)
 4 FCPATH\index.php(79): CodeIgniter\CodeIgniter->run()
WARNING - 2024-09-09 05:58:48 --> [DEPRECATED] Creation of dynamic property App\Controllers\AdminController::$imageModel is deprecated in APPPATH\Controllers\AdminController.php on line 24.
 1 SYSTEMPATH\CodeIgniter.php(913): App\Controllers\AdminController->__construct()
 2 SYSTEMPATH\CodeIgniter.php(493): CodeIgniter\CodeIgniter->createController()
 3 SYSTEMPATH\CodeIgniter.php(361): CodeIgniter\CodeIgniter->handleRequest(null, Object(Config\Cache), false)
 4 FCPATH\index.php(79): CodeIgniter\CodeIgniter->run()
WARNING - 2024-09-09 05:58:48 --> [DEPRECATED] Creation of dynamic property App\Controllers\AdminController::$areaModel is deprecated in APPPATH\Controllers\AdminController.php on line 25.
 1 SYSTEMPATH\CodeIgniter.php(913): App\Controllers\AdminController->__construct()
 2 SYSTEMPATH\CodeIgniter.php(493): CodeIgniter\CodeIgniter->createController()
 3 SYSTEMPATH\CodeIgniter.php(361): CodeIgniter\CodeIgniter->handleRequest(null, Object(Config\Cache), false)
 4 FCPATH\index.php(79): CodeIgniter\CodeIgniter->run()
WARNING - 2024-09-09 05:58:48 --> [DEPRECATED] Creation of dynamic property App\Controllers\AdminController::$foodModel is deprecated in APPPATH\Controllers\AdminController.php on line 26.
 1 SYSTEMPATH\CodeIgniter.php(913): App\Controllers\AdminController->__construct()
 2 SYSTEMPATH\CodeIgniter.php(493): CodeIgniter\CodeIgniter->createController()
 3 SYSTEMPATH\CodeIgniter.php(361): CodeIgniter\CodeIgniter->handleRequest(null, Object(Config\Cache), false)
 4 FCPATH\index.php(79): CodeIgniter\CodeIgniter->run()
WARNING - 2024-09-09 05:58:48 --> [DEPRECATED] Creation of dynamic property App\Controllers\AdminController::$contact is deprecated in APPPATH\Controllers\AdminController.php on line 27.
 1 SYSTEMPATH\CodeIgniter.php(913): App\Controllers\AdminController->__construct()
 2 SYSTEMPATH\CodeIgniter.php(493): CodeIgniter\CodeIgniter->createController()
 3 SYSTEMPATH\CodeIgniter.php(361): CodeIgniter\CodeIgniter->handleRequest(null, Object(Config\Cache), false)
 4 FCPATH\index.php(79): CodeIgniter\CodeIgniter->run()
WARNING - 2024-09-09 05:58:48 --> [DEPRECATED] Creation of dynamic property App\Controllers\AdminController::$subscriber is deprecated in APPPATH\Controllers\AdminController.php on line 28.
 1 SYSTEMPATH\CodeIgniter.php(913): App\Controllers\AdminController->__construct()
 2 SYSTEMPATH\CodeIgniter.php(493): CodeIgniter\CodeIgniter->createController()
 3 SYSTEMPATH\CodeIgniter.php(361): CodeIgniter\CodeIgniter->handleRequest(null, Object(Config\Cache), false)
 4 FCPATH\index.php(79): CodeIgniter\CodeIgniter->run()
INFO - 2024-09-09 05:58:48 --> Session: Class initialized using 'CodeIgniter\Session\Handlers\FileHandler' driver.
WARNING - 2024-09-09 05:58:52 --> [DEPRECATED] Creation of dynamic property App\Controllers\AdminController::$uttarakhandModel is deprecated in APPPATH\Controllers\AdminController.php on line 22.
 1 SYSTEMPATH\CodeIgniter.php(913): App\Controllers\AdminController->__construct()
 2 SYSTEMPATH\CodeIgniter.php(493): CodeIgniter\CodeIgniter->createController()
 3 SYSTEMPATH\CodeIgniter.php(361): CodeIgniter\CodeIgniter->handleRequest(null, Object(Config\Cache), false)
 4 FCPATH\index.php(79): CodeIgniter\CodeIgniter->run()
WARNING - 2024-09-09 05:58:52 --> [DEPRECATED] Creation of dynamic property App\Controllers\AdminController::$citiesModel is deprecated in APPPATH\Controllers\AdminController.php on line 23.
 1 SYSTEMPATH\CodeIgniter.php(913): App\Controllers\AdminController->__construct()
 2 SYSTEMPATH\CodeIgniter.php(493): CodeIgniter\CodeIgniter->createController()
 3 SYSTEMPATH\CodeIgniter.php(361): CodeIgniter\CodeIgniter->handleRequest(null, Object(Config\Cache), false)
 4 FCPATH\index.php(79): CodeIgniter\CodeIgniter->run()
WARNING - 2024-09-09 05:58:52 --> [DEPRECATED] Creation of dynamic property App\Controllers\AdminController::$imageModel is deprecated in APPPATH\Controllers\AdminController.php on line 24.
 1 SYSTEMPATH\CodeIgniter.php(913): App\Controllers\AdminController->__construct()
 2 SYSTEMPATH\CodeIgniter.php(493): CodeIgniter\CodeIgniter->createController()
 3 SYSTEMPATH\CodeIgniter.php(361): CodeIgniter\CodeIgniter->handleRequest(null, Object(Config\Cache), false)
 4 FCPATH\index.php(79): CodeIgniter\CodeIgniter->run()
WARNING - 2024-09-09 05:58:52 --> [DEPRECATED] Creation of dynamic property App\Controllers\AdminController::$areaModel is deprecated in APPPATH\Controllers\AdminController.php on line 25.
 1 SYSTEMPATH\CodeIgniter.php(913): App\Controllers\AdminController->__construct()
 2 SYSTEMPATH\CodeIgniter.php(493): CodeIgniter\CodeIgniter->createController()
 3 SYSTEMPATH\CodeIgniter.php(361): CodeIgniter\CodeIgniter->handleRequest(null, Object(Config\Cache), false)
 4 FCPATH\index.php(79): CodeIgniter\CodeIgniter->run()
WARNING - 2024-09-09 05:58:52 --> [DEPRECATED] Creation of dynamic property App\Controllers\AdminController::$foodModel is deprecated in APPPATH\Controllers\AdminController.php on line 26.
 1 SYSTEMPATH\CodeIgniter.php(913): App\Controllers\AdminController->__construct()
 2 SYSTEMPATH\CodeIgniter.php(493): CodeIgniter\CodeIgniter->createController()
 3 SYSTEMPATH\CodeIgniter.php(361): CodeIgniter\CodeIgniter->handleRequest(null, Object(Config\Cache), false)
 4 FCPATH\index.php(79): CodeIgniter\CodeIgniter->run()
WARNING - 2024-09-09 05:58:52 --> [DEPRECATED] Creation of dynamic property App\Controllers\AdminController::$contact is deprecated in APPPATH\Controllers\AdminController.php on line 27.
 1 SYSTEMPATH\CodeIgniter.php(913): App\Controllers\AdminController->__construct()
 2 SYSTEMPATH\CodeIgniter.php(493): CodeIgniter\CodeIgniter->createController()
 3 SYSTEMPATH\CodeIgniter.php(361): CodeIgniter\CodeIgniter->handleRequest(null, Object(Config\Cache), false)
 4 FCPATH\index.php(79): CodeIgniter\CodeIgniter->run()
WARNING - 2024-09-09 05:58:52 --> [DEPRECATED] Creation of dynamic property App\Controllers\AdminController::$subscriber is deprecated in APPPATH\Controllers\AdminController.php on line 28.
 1 SYSTEMPATH\CodeIgniter.php(913): App\Controllers\AdminController->__construct()
 2 SYSTEMPATH\CodeIgniter.php(493): CodeIgniter\CodeIgniter->createController()
 3 SYSTEMPATH\CodeIgniter.php(361): CodeIgniter\CodeIgniter->handleRequest(null, Object(Config\Cache), false)
 4 FCPATH\index.php(79): CodeIgniter\CodeIgniter->run()
INFO - 2024-09-09 05:58:52 --> Session: Class initialized using 'CodeIgniter\Session\Handlers\FileHandler' driver.
WARNING - 2024-09-09 05:59:05 --> [DEPRECATED] Creation of dynamic property App\Controllers\AdminController::$uttarakhandModel is deprecated in APPPATH\Controllers\AdminController.php on line 22.
 1 SYSTEMPATH\CodeIgniter.php(913): App\Controllers\AdminController->__construct()
 2 SYSTEMPATH\CodeIgniter.php(493): CodeIgniter\CodeIgniter->createController()
 3 SYSTEMPATH\CodeIgniter.php(361): CodeIgniter\CodeIgniter->handleRequest(null, Object(Config\Cache), false)
 4 FCPATH\index.php(79): CodeIgniter\CodeIgniter->run()
WARNING - 2024-09-09 05:59:05 --> [DEPRECATED] Creation of dynamic property App\Controllers\AdminController::$citiesModel is deprecated in APPPATH\Controllers\AdminController.php on line 23.
 1 SYSTEMPATH\CodeIgniter.php(913): App\Controllers\AdminController->__construct()
 2 SYSTEMPATH\CodeIgniter.php(493): CodeIgniter\CodeIgniter->createController()
 3 SYSTEMPATH\CodeIgniter.php(361): CodeIgniter\CodeIgniter->handleRequest(null, Object(Config\Cache), false)
 4 FCPATH\index.php(79): CodeIgniter\CodeIgniter->run()
WARNING - 2024-09-09 05:59:05 --> [DEPRECATED] Creation of dynamic property App\Controllers\AdminController::$imageModel is deprecated in APPPATH\Controllers\AdminController.php on line 24.
 1 SYSTEMPATH\CodeIgniter.php(913): App\Controllers\AdminController->__construct()
 2 SYSTEMPATH\CodeIgniter.php(493): CodeIgniter\CodeIgniter->createController()
 3 SYSTEMPATH\CodeIgniter.php(361): CodeIgniter\CodeIgniter->handleRequest(null, Object(Config\Cache), false)
 4 FCPATH\index.php(79): CodeIgniter\CodeIgniter->run()
WARNING - 2024-09-09 05:59:05 --> [DEPRECATED] Creation of dynamic property App\Controllers\AdminController::$areaModel is deprecated in APPPATH\Controllers\AdminController.php on line 25.
 1 SYSTEMPATH\CodeIgniter.php(913): App\Controllers\AdminController->__construct()
 2 SYSTEMPATH\CodeIgniter.php(493): CodeIgniter\CodeIgniter->createController()
 3 SYSTEMPATH\CodeIgniter.php(361): CodeIgniter\CodeIgniter->handleRequest(null, Object(Config\Cache), false)
 4 FCPATH\index.php(79): CodeIgniter\CodeIgniter->run()
WARNING - 2024-09-09 05:59:05 --> [DEPRECATED] Creation of dynamic property App\Controllers\AdminController::$foodModel is deprecated in APPPATH\Controllers\AdminController.php on line 26.
 1 SYSTEMPATH\CodeIgniter.php(913): App\Controllers\AdminController->__construct()
 2 SYSTEMPATH\CodeIgniter.php(493): CodeIgniter\CodeIgniter->createController()
 3 SYSTEMPATH\CodeIgniter.php(361): CodeIgniter\CodeIgniter->handleRequest(null, Object(Config\Cache), false)
 4 FCPATH\index.php(79): CodeIgniter\CodeIgniter->run()
WARNING - 2024-09-09 05:59:05 --> [DEPRECATED] Creation of dynamic property App\Controllers\AdminController::$contact is deprecated in APPPATH\Controllers\AdminController.php on line 27.
 1 SYSTEMPATH\CodeIgniter.php(913): App\Controllers\AdminController->__construct()
 2 SYSTEMPATH\CodeIgniter.php(493): CodeIgniter\CodeIgniter->createController()
 3 SYSTEMPATH\CodeIgniter.php(361): CodeIgniter\CodeIgniter->handleRequest(null, Object(Config\Cache), false)
 4 FCPATH\index.php(79): CodeIgniter\CodeIgniter->run()
WARNING - 2024-09-09 05:59:05 --> [DEPRECATED] Creation of dynamic property App\Controllers\AdminController::$subscriber is deprecated in APPPATH\Controllers\AdminController.php on line 28.
 1 SYSTEMPATH\CodeIgniter.php(913): App\Controllers\AdminController->__construct()
 2 SYSTEMPATH\CodeIgniter.php(493): CodeIgniter\CodeIgniter->createController()
 3 SYSTEMPATH\CodeIgniter.php(361): CodeIgniter\CodeIgniter->handleRequest(null, Object(Config\Cache), false)
 4 FCPATH\index.php(79): CodeIgniter\CodeIgniter->run()
INFO - 2024-09-09 05:59:05 --> Session: Class initialized using 'CodeIgniter\Session\Handlers\FileHandler' driver.
WARNING - 2024-09-09 05:59:07 --> [DEPRECATED] Creation of dynamic property App\Controllers\AdminController::$uttarakhandModel is deprecated in APPPATH\Controllers\AdminController.php on line 22.
 1 SYSTEMPATH\CodeIgniter.php(913): App\Controllers\AdminController->__construct()
 2 SYSTEMPATH\CodeIgniter.php(493): CodeIgniter\CodeIgniter->createController()
 3 SYSTEMPATH\CodeIgniter.php(361): CodeIgniter\CodeIgniter->handleRequest(null, Object(Config\Cache), false)
 4 FCPATH\index.php(79): CodeIgniter\CodeIgniter->run()
WARNING - 2024-09-09 05:59:07 --> [DEPRECATED] Creation of dynamic property App\Controllers\AdminController::$citiesModel is deprecated in APPPATH\Controllers\AdminController.php on line 23.
 1 SYSTEMPATH\CodeIgniter.php(913): App\Controllers\AdminController->__construct()
 2 SYSTEMPATH\CodeIgniter.php(493): CodeIgniter\CodeIgniter->createController()
 3 SYSTEMPATH\CodeIgniter.php(361): CodeIgniter\CodeIgniter->handleRequest(null, Object(Config\Cache), false)
 4 FCPATH\index.php(79): CodeIgniter\CodeIgniter->run()
WARNING - 2024-09-09 05:59:07 --> [DEPRECATED] Creation of dynamic property App\Controllers\AdminController::$imageModel is deprecated in APPPATH\Controllers\AdminController.php on line 24.
 1 SYSTEMPATH\CodeIgniter.php(913): App\Controllers\AdminController->__construct()
 2 SYSTEMPATH\CodeIgniter.php(493): CodeIgniter\CodeIgniter->createController()
 3 SYSTEMPATH\CodeIgniter.php(361): CodeIgniter\CodeIgniter->handleRequest(null, Object(Config\Cache), false)
 4 FCPATH\index.php(79): CodeIgniter\CodeIgniter->run()
WARNING - 2024-09-09 05:59:07 --> [DEPRECATED] Creation of dynamic property App\Controllers\AdminController::$areaModel is deprecated in APPPATH\Controllers\AdminController.php on line 25.
 1 SYSTEMPATH\CodeIgniter.php(913): App\Controllers\AdminController->__construct()
 2 SYSTEMPATH\CodeIgniter.php(493): CodeIgniter\CodeIgniter->createController()
 3 SYSTEMPATH\CodeIgniter.php(361): CodeIgniter\CodeIgniter->handleRequest(null, Object(Config\Cache), false)
 4 FCPATH\index.php(79): CodeIgniter\CodeIgniter->run()
WARNING - 2024-09-09 05:59:07 --> [DEPRECATED] Creation of dynamic property App\Controllers\AdminController::$foodModel is deprecated in APPPATH\Controllers\AdminController.php on line 26.
 1 SYSTEMPATH\CodeIgniter.php(913): App\Controllers\AdminController->__construct()
 2 SYSTEMPATH\CodeIgniter.php(493): CodeIgniter\CodeIgniter->createController()
 3 SYSTEMPATH\CodeIgniter.php(361): CodeIgniter\CodeIgniter->handleRequest(null, Object(Config\Cache), false)
 4 FCPATH\index.php(79): CodeIgniter\CodeIgniter->run()
WARNING - 2024-09-09 05:59:07 --> [DEPRECATED] Creation of dynamic property App\Controllers\AdminController::$contact is deprecated in APPPATH\Controllers\AdminController.php on line 27.
 1 SYSTEMPATH\CodeIgniter.php(913): App\Controllers\AdminController->__construct()
 2 SYSTEMPATH\CodeIgniter.php(493): CodeIgniter\CodeIgniter->createController()
 3 SYSTEMPATH\CodeIgniter.php(361): CodeIgniter\CodeIgniter->handleRequest(null, Object(Config\Cache), false)
 4 FCPATH\index.php(79): CodeIgniter\CodeIgniter->run()
WARNING - 2024-09-09 05:59:07 --> [DEPRECATED] Creation of dynamic property App\Controllers\AdminController::$subscriber is deprecated in APPPATH\Controllers\AdminController.php on line 28.
 1 SYSTEMPATH\CodeIgniter.php(913): App\Controllers\AdminController->__construct()
 2 SYSTEMPATH\CodeIgniter.php(493): CodeIgniter\CodeIgniter->createController()
 3 SYSTEMPATH\CodeIgniter.php(361): CodeIgniter\CodeIgniter->handleRequest(null, Object(Config\Cache), false)
 4 FCPATH\index.php(79): CodeIgniter\CodeIgniter->run()
INFO - 2024-09-09 05:59:07 --> Session: Class initialized using 'CodeIgniter\Session\Handlers\FileHandler' driver.
WARNING - 2024-09-09 05:59:10 --> [DEPRECATED] Creation of dynamic property App\Controllers\AdminController::$uttarakhandModel is deprecated in APPPATH\Controllers\AdminController.php on line 22.
 1 SYSTEMPATH\CodeIgniter.php(913): App\Controllers\AdminController->__construct()
 2 SYSTEMPATH\CodeIgniter.php(493): CodeIgniter\CodeIgniter->createController()
 3 SYSTEMPATH\CodeIgniter.php(361): CodeIgniter\CodeIgniter->handleRequest(null, Object(Config\Cache), false)
 4 FCPATH\index.php(79): CodeIgniter\CodeIgniter->run()
WARNING - 2024-09-09 05:59:10 --> [DEPRECATED] Creation of dynamic property App\Controllers\AdminController::$citiesModel is deprecated in APPPATH\Controllers\AdminController.php on line 23.
 1 SYSTEMPATH\CodeIgniter.php(913): App\Controllers\AdminController->__construct()
 2 SYSTEMPATH\CodeIgniter.php(493): CodeIgniter\CodeIgniter->createController()
 3 SYSTEMPATH\CodeIgniter.php(361): CodeIgniter\CodeIgniter->handleRequest(null, Object(Config\Cache), false)
 4 FCPATH\index.php(79): CodeIgniter\CodeIgniter->run()
WARNING - 2024-09-09 05:59:10 --> [DEPRECATED] Creation of dynamic property App\Controllers\AdminController::$imageModel is deprecated in APPPATH\Controllers\AdminController.php on line 24.
 1 SYSTEMPATH\CodeIgniter.php(913): App\Controllers\AdminController->__construct()
 2 SYSTEMPATH\CodeIgniter.php(493): CodeIgniter\CodeIgniter->createController()
 3 SYSTEMPATH\CodeIgniter.php(361): CodeIgniter\CodeIgniter->handleRequest(null, Object(Config\Cache), false)
 4 FCPATH\index.php(79): CodeIgniter\CodeIgniter->run()
WARNING - 2024-09-09 05:59:10 --> [DEPRECATED] Creation of dynamic property App\Controllers\AdminController::$areaModel is deprecated in APPPATH\Controllers\AdminController.php on line 25.
 1 SYSTEMPATH\CodeIgniter.php(913): App\Controllers\AdminController->__construct()
 2 SYSTEMPATH\CodeIgniter.php(493): CodeIgniter\CodeIgniter->createController()
 3 SYSTEMPATH\CodeIgniter.php(361): CodeIgniter\CodeIgniter->handleRequest(null, Object(Config\Cache), false)
 4 FCPATH\index.php(79): CodeIgniter\CodeIgniter->run()
WARNING - 2024-09-09 05:59:10 --> [DEPRECATED] Creation of dynamic property App\Controllers\AdminController::$foodModel is deprecated in APPPATH\Controllers\AdminController.php on line 26.
 1 SYSTEMPATH\CodeIgniter.php(913): App\Controllers\AdminController->__construct()
 2 SYSTEMPATH\CodeIgniter.php(493): CodeIgniter\CodeIgniter->createController()
 3 SYSTEMPATH\CodeIgniter.php(361): CodeIgniter\CodeIgniter->handleRequest(null, Object(Config\Cache), false)
 4 FCPATH\index.php(79): CodeIgniter\CodeIgniter->run()
WARNING - 2024-09-09 05:59:10 --> [DEPRECATED] Creation of dynamic property App\Controllers\AdminController::$contact is deprecated in APPPATH\Controllers\AdminController.php on line 27.
 1 SYSTEMPATH\CodeIgniter.php(913): App\Controllers\AdminController->__construct()
 2 SYSTEMPATH\CodeIgniter.php(493): CodeIgniter\CodeIgniter->createController()
 3 SYSTEMPATH\CodeIgniter.php(361): CodeIgniter\CodeIgniter->handleRequest(null, Object(Config\Cache), false)
 4 FCPATH\index.php(79): CodeIgniter\CodeIgniter->run()
WARNING - 2024-09-09 05:59:10 --> [DEPRECATED] Creation of dynamic property App\Controllers\AdminController::$subscriber is deprecated in APPPATH\Controllers\AdminController.php on line 28.
 1 SYSTEMPATH\CodeIgniter.php(913): App\Controllers\AdminController->__construct()
 2 SYSTEMPATH\CodeIgniter.php(493): CodeIgniter\CodeIgniter->createController()
 3 SYSTEMPATH\CodeIgniter.php(361): CodeIgniter\CodeIgniter->handleRequest(null, Object(Config\Cache), false)
 4 FCPATH\index.php(79): CodeIgniter\CodeIgniter->run()
INFO - 2024-09-09 05:59:10 --> Session: Class initialized using 'CodeIgniter\Session\Handlers\FileHandler' driver.
WARNING - 2024-09-09 05:59:17 --> [DEPRECATED] Creation of dynamic property App\Controllers\AdminController::$uttarakhandModel is deprecated in APPPATH\Controllers\AdminController.php on line 22.
 1 SYSTEMPATH\CodeIgniter.php(913): App\Controllers\AdminController->__construct()
 2 SYSTEMPATH\CodeIgniter.php(493): CodeIgniter\CodeIgniter->createController()
 3 SYSTEMPATH\CodeIgniter.php(361): CodeIgniter\CodeIgniter->handleRequest(null, Object(Config\Cache), false)
 4 FCPATH\index.php(79): CodeIgniter\CodeIgniter->run()
WARNING - 2024-09-09 05:59:17 --> [DEPRECATED] Creation of dynamic property App\Controllers\AdminController::$citiesModel is deprecated in APPPATH\Controllers\AdminController.php on line 23.
 1 SYSTEMPATH\CodeIgniter.php(913): App\Controllers\AdminController->__construct()
 2 SYSTEMPATH\CodeIgniter.php(493): CodeIgniter\CodeIgniter->createController()
 3 SYSTEMPATH\CodeIgniter.php(361): CodeIgniter\CodeIgniter->handleRequest(null, Object(Config\Cache), false)
 4 FCPATH\index.php(79): CodeIgniter\CodeIgniter->run()
WARNING - 2024-09-09 05:59:17 --> [DEPRECATED] Creation of dynamic property App\Controllers\AdminController::$imageModel is deprecated in APPPATH\Controllers\AdminController.php on line 24.
 1 SYSTEMPATH\CodeIgniter.php(913): App\Controllers\AdminController->__construct()
 2 SYSTEMPATH\CodeIgniter.php(493): CodeIgniter\CodeIgniter->createController()
 3 SYSTEMPATH\CodeIgniter.php(361): CodeIgniter\CodeIgniter->handleRequest(null, Object(Config\Cache), false)
 4 FCPATH\index.php(79): CodeIgniter\CodeIgniter->run()
WARNING - 2024-09-09 05:59:17 --> [DEPRECATED] Creation of dynamic property App\Controllers\AdminController::$areaModel is deprecated in APPPATH\Controllers\AdminController.php on line 25.
 1 SYSTEMPATH\CodeIgniter.php(913): App\Controllers\AdminController->__construct()
 2 SYSTEMPATH\CodeIgniter.php(493): CodeIgniter\CodeIgniter->createController()
 3 SYSTEMPATH\CodeIgniter.php(361): CodeIgniter\CodeIgniter->handleRequest(null, Object(Config\Cache), false)
 4 FCPATH\index.php(79): CodeIgniter\CodeIgniter->run()
WARNING - 2024-09-09 05:59:17 --> [DEPRECATED] Creation of dynamic property App\Controllers\AdminController::$foodModel is deprecated in APPPATH\Controllers\AdminController.php on line 26.
 1 SYSTEMPATH\CodeIgniter.php(913): App\Controllers\AdminController->__construct()
 2 SYSTEMPATH\CodeIgniter.php(493): CodeIgniter\CodeIgniter->createController()
 3 SYSTEMPATH\CodeIgniter.php(361): CodeIgniter\CodeIgniter->handleRequest(null, Object(Config\Cache), false)
 4 FCPATH\index.php(79): CodeIgniter\CodeIgniter->run()
WARNING - 2024-09-09 05:59:17 --> [DEPRECATED] Creation of dynamic property App\Controllers\AdminController::$contact is deprecated in APPPATH\Controllers\AdminController.php on line 27.
 1 SYSTEMPATH\CodeIgniter.php(913): App\Controllers\AdminController->__construct()
 2 SYSTEMPATH\CodeIgniter.php(493): CodeIgniter\CodeIgniter->createController()
 3 SYSTEMPATH\CodeIgniter.php(361): CodeIgniter\CodeIgniter->handleRequest(null, Object(Config\Cache), false)
 4 FCPATH\index.php(79): CodeIgniter\CodeIgniter->run()
WARNING - 2024-09-09 05:59:17 --> [DEPRECATED] Creation of dynamic property App\Controllers\AdminController::$subscriber is deprecated in APPPATH\Controllers\AdminController.php on line 28.
 1 SYSTEMPATH\CodeIgniter.php(913): App\Controllers\AdminController->__construct()
 2 SYSTEMPATH\CodeIgniter.php(493): CodeIgniter\CodeIgniter->createController()
 3 SYSTEMPATH\CodeIgniter.php(361): CodeIgniter\CodeIgniter->handleRequest(null, Object(Config\Cache), false)
 4 FCPATH\index.php(79): CodeIgniter\CodeIgniter->run()
INFO - 2024-09-09 05:59:17 --> Session: Class initialized using 'CodeIgniter\Session\Handlers\FileHandler' driver.
WARNING - 2024-09-09 05:59:19 --> [DEPRECATED] Creation of dynamic property App\Controllers\AdminController::$uttarakhandModel is deprecated in APPPATH\Controllers\AdminController.php on line 22.
 1 SYSTEMPATH\CodeIgniter.php(913): App\Controllers\AdminController->__construct()
 2 SYSTEMPATH\CodeIgniter.php(493): CodeIgniter\CodeIgniter->createController()
 3 SYSTEMPATH\CodeIgniter.php(361): CodeIgniter\CodeIgniter->handleRequest(null, Object(Config\Cache), false)
 4 FCPATH\index.php(79): CodeIgniter\CodeIgniter->run()
WARNING - 2024-09-09 05:59:19 --> [DEPRECATED] Creation of dynamic property App\Controllers\AdminController::$citiesModel is deprecated in APPPATH\Controllers\AdminController.php on line 23.
 1 SYSTEMPATH\CodeIgniter.php(913): App\Controllers\AdminController->__construct()
 2 SYSTEMPATH\CodeIgniter.php(493): CodeIgniter\CodeIgniter->createController()
 3 SYSTEMPATH\CodeIgniter.php(361): CodeIgniter\CodeIgniter->handleRequest(null, Object(Config\Cache), false)
 4 FCPATH\index.php(79): CodeIgniter\CodeIgniter->run()
WARNING - 2024-09-09 05:59:19 --> [DEPRECATED] Creation of dynamic property App\Controllers\AdminController::$imageModel is deprecated in APPPATH\Controllers\AdminController.php on line 24.
 1 SYSTEMPATH\CodeIgniter.php(913): App\Controllers\AdminController->__construct()
 2 SYSTEMPATH\CodeIgniter.php(493): CodeIgniter\CodeIgniter->createController()
 3 SYSTEMPATH\CodeIgniter.php(361): CodeIgniter\CodeIgniter->handleRequest(null, Object(Config\Cache), false)
 4 FCPATH\index.php(79): CodeIgniter\CodeIgniter->run()
WARNING - 2024-09-09 05:59:19 --> [DEPRECATED] Creation of dynamic property App\Controllers\AdminController::$areaModel is deprecated in APPPATH\Controllers\AdminController.php on line 25.
 1 SYSTEMPATH\CodeIgniter.php(913): App\Controllers\AdminController->__construct()
 2 SYSTEMPATH\CodeIgniter.php(493): CodeIgniter\CodeIgniter->createController()
 3 SYSTEMPATH\CodeIgniter.php(361): CodeIgniter\CodeIgniter->handleRequest(null, Object(Config\Cache), false)
 4 FCPATH\index.php(79): CodeIgniter\CodeIgniter->run()
WARNING - 2024-09-09 05:59:19 --> [DEPRECATED] Creation of dynamic property App\Controllers\AdminController::$foodModel is deprecated in APPPATH\Controllers\AdminController.php on line 26.
 1 SYSTEMPATH\CodeIgniter.php(913): App\Controllers\AdminController->__construct()
 2 SYSTEMPATH\CodeIgniter.php(493): CodeIgniter\CodeIgniter->createController()
 3 SYSTEMPATH\CodeIgniter.php(361): CodeIgniter\CodeIgniter->handleRequest(null, Object(Config\Cache), false)
 4 FCPATH\index.php(79): CodeIgniter\CodeIgniter->run()
WARNING - 2024-09-09 05:59:19 --> [DEPRECATED] Creation of dynamic property App\Controllers\AdminController::$contact is deprecated in APPPATH\Controllers\AdminController.php on line 27.
 1 SYSTEMPATH\CodeIgniter.php(913): App\Controllers\AdminController->__construct()
 2 SYSTEMPATH\CodeIgniter.php(493): CodeIgniter\CodeIgniter->createController()
 3 SYSTEMPATH\CodeIgniter.php(361): CodeIgniter\CodeIgniter->handleRequest(null, Object(Config\Cache), false)
 4 FCPATH\index.php(79): CodeIgniter\CodeIgniter->run()
WARNING - 2024-09-09 05:59:19 --> [DEPRECATED] Creation of dynamic property App\Controllers\AdminController::$subscriber is deprecated in APPPATH\Controllers\AdminController.php on line 28.
 1 SYSTEMPATH\CodeIgniter.php(913): App\Controllers\AdminController->__construct()
 2 SYSTEMPATH\CodeIgniter.php(493): CodeIgniter\CodeIgniter->createController()
 3 SYSTEMPATH\CodeIgniter.php(361): CodeIgniter\CodeIgniter->handleRequest(null, Object(Config\Cache), false)
 4 FCPATH\index.php(79): CodeIgniter\CodeIgniter->run()
INFO - 2024-09-09 05:59:19 --> Session: Class initialized using 'CodeIgniter\Session\Handlers\FileHandler' driver.
WARNING - 2024-09-09 05:59:34 --> [DEPRECATED] Creation of dynamic property App\Controllers\HomeController::$citiesModel is deprecated in APPPATH\Controllers\HomeController.php on line 19.
 1 SYSTEMPATH\CodeIgniter.php(913): App\Controllers\HomeController->__construct()
 2 SYSTEMPATH\CodeIgniter.php(493): CodeIgniter\CodeIgniter->createController()
 3 SYSTEMPATH\CodeIgniter.php(361): CodeIgniter\CodeIgniter->handleRequest(null, Object(Config\Cache), false)
 4 FCPATH\index.php(79): CodeIgniter\CodeIgniter->run()
WARNING - 2024-09-09 05:59:34 --> [DEPRECATED] Creation of dynamic property App\Controllers\HomeController::$uttarakhandModel is deprecated in APPPATH\Controllers\HomeController.php on line 20.
 1 SYSTEMPATH\CodeIgniter.php(913): App\Controllers\HomeController->__construct()
 2 SYSTEMPATH\CodeIgniter.php(493): CodeIgniter\CodeIgniter->createController()
 3 SYSTEMPATH\CodeIgniter.php(361): CodeIgniter\CodeIgniter->handleRequest(null, Object(Config\Cache), false)
 4 FCPATH\index.php(79): CodeIgniter\CodeIgniter->run()
WARNING - 2024-09-09 05:59:34 --> [DEPRECATED] Creation of dynamic property App\Controllers\HomeController::$imageModel is deprecated in APPPATH\Controllers\HomeController.php on line 21.
 1 SYSTEMPATH\CodeIgniter.php(913): App\Controllers\HomeController->__construct()
 2 SYSTEMPATH\CodeIgniter.php(493): CodeIgniter\CodeIgniter->createController()
 3 SYSTEMPATH\CodeIgniter.php(361): CodeIgniter\CodeIgniter->handleRequest(null, Object(Config\Cache), false)
 4 FCPATH\index.php(79): CodeIgniter\CodeIgniter->run()
WARNING - 2024-09-09 05:59:34 --> [DEPRECATED] Creation of dynamic property App\Controllers\HomeController::$areaModel is deprecated in APPPATH\Controllers\HomeController.php on line 22.
 1 SYSTEMPATH\CodeIgniter.php(913): App\Controllers\HomeController->__construct()
 2 SYSTEMPATH\CodeIgniter.php(493): CodeIgniter\CodeIgniter->createController()
 3 SYSTEMPATH\CodeIgniter.php(361): CodeIgniter\CodeIgniter->handleRequest(null, Object(Config\Cache), false)
 4 FCPATH\index.php(79): CodeIgniter\CodeIgniter->run()
WARNING - 2024-09-09 05:59:34 --> [DEPRECATED] Creation of dynamic property App\Controllers\HomeController::$foodModel is deprecated in APPPATH\Controllers\HomeController.php on line 23.
 1 SYSTEMPATH\CodeIgniter.php(913): App\Controllers\HomeController->__construct()
 2 SYSTEMPATH\CodeIgniter.php(493): CodeIgniter\CodeIgniter->createController()
 3 SYSTEMPATH\CodeIgniter.php(361): CodeIgniter\CodeIgniter->handleRequest(null, Object(Config\Cache), false)
 4 FCPATH\index.php(79): CodeIgniter\CodeIgniter->run()
WARNING - 2024-09-09 05:59:34 --> [DEPRECATED] Creation of dynamic property App\Controllers\HomeController::$blogModel is deprecated in APPPATH\Controllers\HomeController.php on line 24.
 1 SYSTEMPATH\CodeIgniter.php(913): App\Controllers\HomeController->__construct()
 2 SYSTEMPATH\CodeIgniter.php(493): CodeIgniter\CodeIgniter->createController()
 3 SYSTEMPATH\CodeIgniter.php(361): CodeIgniter\CodeIgniter->handleRequest(null, Object(Config\Cache), false)
 4 FCPATH\index.php(79): CodeIgniter\CodeIgniter->run()
WARNING - 2024-09-09 06:00:01 --> [DEPRECATED] Creation of dynamic property App\Controllers\PlacesController::$citiesModel is deprecated in APPPATH\Controllers\PlacesController.php on line 19.
 1 SYSTEMPATH\CodeIgniter.php(913): App\Controllers\PlacesController->__construct()
 2 SYSTEMPATH\CodeIgniter.php(493): CodeIgniter\CodeIgniter->createController()
 3 SYSTEMPATH\CodeIgniter.php(361): CodeIgniter\CodeIgniter->handleRequest(null, Object(Config\Cache), false)
 4 FCPATH\index.php(79): CodeIgniter\CodeIgniter->run()
WARNING - 2024-09-09 06:00:01 --> [DEPRECATED] Creation of dynamic property App\Controllers\PlacesController::$uttarakhandModel is deprecated in APPPATH\Controllers\PlacesController.php on line 20.
 1 SYSTEMPATH\CodeIgniter.php(913): App\Controllers\PlacesController->__construct()
 2 SYSTEMPATH\CodeIgniter.php(493): CodeIgniter\CodeIgniter->createController()
 3 SYSTEMPATH\CodeIgniter.php(361): CodeIgniter\CodeIgniter->handleRequest(null, Object(Config\Cache), false)
 4 FCPATH\index.php(79): CodeIgniter\CodeIgniter->run()
WARNING - 2024-09-09 06:00:01 --> [DEPRECATED] Creation of dynamic property App\Controllers\PlacesController::$imageModel is deprecated in APPPATH\Controllers\PlacesController.php on line 21.
 1 SYSTEMPATH\CodeIgniter.php(913): App\Controllers\PlacesController->__construct()
 2 SYSTEMPATH\CodeIgniter.php(493): CodeIgniter\CodeIgniter->createController()
 3 SYSTEMPATH\CodeIgniter.php(361): CodeIgniter\CodeIgniter->handleRequest(null, Object(Config\Cache), false)
 4 FCPATH\index.php(79): CodeIgniter\CodeIgniter->run()
WARNING - 2024-09-09 06:00:01 --> [DEPRECATED] Creation of dynamic property App\Controllers\PlacesController::$areaModel is deprecated in APPPATH\Controllers\PlacesController.php on line 22.
 1 SYSTEMPATH\CodeIgniter.php(913): App\Controllers\PlacesController->__construct()
 2 SYSTEMPATH\CodeIgniter.php(493): CodeIgniter\CodeIgniter->createController()
 3 SYSTEMPATH\CodeIgniter.php(361): CodeIgniter\CodeIgniter->handleRequest(null, Object(Config\Cache), false)
 4 FCPATH\index.php(79): CodeIgniter\CodeIgniter->run()
WARNING - 2024-09-09 06:00:01 --> [DEPRECATED] Creation of dynamic property App\Controllers\PlacesController::$foodModel is deprecated in APPPATH\Controllers\PlacesController.php on line 23.
 1 SYSTEMPATH\CodeIgniter.php(913): App\Controllers\PlacesController->__construct()
 2 SYSTEMPATH\CodeIgniter.php(493): CodeIgniter\CodeIgniter->createController()
 3 SYSTEMPATH\CodeIgniter.php(361): CodeIgniter\CodeIgniter->handleRequest(null, Object(Config\Cache), false)
 4 FCPATH\index.php(79): CodeIgniter\CodeIgniter->run()
WARNING - 2024-09-09 06:00:01 --> [DEPRECATED] Creation of dynamic property App\Controllers\PlacesController::$blogModel is deprecated in APPPATH\Controllers\PlacesController.php on line 24.
 1 SYSTEMPATH\CodeIgniter.php(913): App\Controllers\PlacesController->__construct()
 2 SYSTEMPATH\CodeIgniter.php(493): CodeIgniter\CodeIgniter->createController()
 3 SYSTEMPATH\CodeIgniter.php(361): CodeIgniter\CodeIgniter->handleRequest(null, Object(Config\Cache), false)
 4 FCPATH\index.php(79): CodeIgniter\CodeIgniter->run()
WARNING - 2024-09-09 06:00:01 --> [DEPRECATED] Creation of dynamic property App\Controllers\HomeController::$citiesModel is deprecated in APPPATH\Controllers\HomeController.php on line 19.
 1 SYSTEMPATH\CodeIgniter.php(913): App\Controllers\HomeController->__construct()
 2 SYSTEMPATH\CodeIgniter.php(493): CodeIgniter\CodeIgniter->createController()
 3 SYSTEMPATH\CodeIgniter.php(361): CodeIgniter\CodeIgniter->handleRequest(null, Object(Config\Cache), false)
 4 FCPATH\index.php(79): CodeIgniter\CodeIgniter->run()
WARNING - 2024-09-09 06:00:01 --> [DEPRECATED] Creation of dynamic property App\Controllers\HomeController::$uttarakhandModel is deprecated in APPPATH\Controllers\HomeController.php on line 20.
 1 SYSTEMPATH\CodeIgniter.php(913): App\Controllers\HomeController->__construct()
 2 SYSTEMPATH\CodeIgniter.php(493): CodeIgniter\CodeIgniter->createController()
 3 SYSTEMPATH\CodeIgniter.php(361): CodeIgniter\CodeIgniter->handleRequest(null, Object(Config\Cache), false)
 4 FCPATH\index.php(79): CodeIgniter\CodeIgniter->run()
WARNING - 2024-09-09 06:00:01 --> [DEPRECATED] Creation of dynamic property App\Controllers\HomeController::$imageModel is deprecated in APPPATH\Controllers\HomeController.php on line 21.
 1 SYSTEMPATH\CodeIgniter.php(913): App\Controllers\HomeController->__construct()
 2 SYSTEMPATH\CodeIgniter.php(493): CodeIgniter\CodeIgniter->createController()
 3 SYSTEMPATH\CodeIgniter.php(361): CodeIgniter\CodeIgniter->handleRequest(null, Object(Config\Cache), false)
 4 FCPATH\index.php(79): CodeIgniter\CodeIgniter->run()
WARNING - 2024-09-09 06:00:01 --> [DEPRECATED] Creation of dynamic property App\Controllers\HomeController::$areaModel is deprecated in APPPATH\Controllers\HomeController.php on line 22.
 1 SYSTEMPATH\CodeIgniter.php(913): App\Controllers\HomeController->__construct()
 2 SYSTEMPATH\CodeIgniter.php(493): CodeIgniter\CodeIgniter->createController()
 3 SYSTEMPATH\CodeIgniter.php(361): CodeIgniter\CodeIgniter->handleRequest(null, Object(Config\Cache), false)
 4 FCPATH\index.php(79): CodeIgniter\CodeIgniter->run()
WARNING - 2024-09-09 06:00:01 --> [DEPRECATED] Creation of dynamic property App\Controllers\HomeController::$foodModel is deprecated in APPPATH\Controllers\HomeController.php on line 23.
 1 SYSTEMPATH\CodeIgniter.php(913): App\Controllers\HomeController->__construct()
 2 SYSTEMPATH\CodeIgniter.php(493): CodeIgniter\CodeIgniter->createController()
 3 SYSTEMPATH\CodeIgniter.php(361): CodeIgniter\CodeIgniter->handleRequest(null, Object(Config\Cache), false)
 4 FCPATH\index.php(79): CodeIgniter\CodeIgniter->run()
WARNING - 2024-09-09 06:00:01 --> [DEPRECATED] Creation of dynamic property App\Controllers\HomeController::$blogModel is deprecated in APPPATH\Controllers\HomeController.php on line 24.
 1 SYSTEMPATH\CodeIgniter.php(913): App\Controllers\HomeController->__construct()
 2 SYSTEMPATH\CodeIgniter.php(493): CodeIgniter\CodeIgniter->createController()
 3 SYSTEMPATH\CodeIgniter.php(361): CodeIgniter\CodeIgniter->handleRequest(null, Object(Config\Cache), false)
 4 FCPATH\index.php(79): CodeIgniter\CodeIgniter->run()
CRITICAL - 2024-09-09 06:00:01 --> ErrorException: Trying to access array offset on value of type null
in APPPATH\Controllers\HomeController.php on line 79.
 1 APPPATH\Controllers\HomeController.php(79): CodeIgniter\Debug\Exceptions->errorHandler(2, 'Trying to access array offset on value of type null', 'C:\\xampp\\htdocs\\uttrakhand\\app\\Controllers\\HomeController.php', 79)
 2 SYSTEMPATH\CodeIgniter.php(941): App\Controllers\HomeController->page('uploads', 'no_image.jpg')
 3 SYSTEMPATH\CodeIgniter.php(502): CodeIgniter\CodeIgniter->runController(Object(App\Controllers\HomeController))
 4 SYSTEMPATH\CodeIgniter.php(361): CodeIgniter\CodeIgniter->handleRequest(null, Object(Config\Cache), false)
 5 FCPATH\index.php(79): CodeIgniter\CodeIgniter->run()
WARNING - 2024-09-09 06:00:15 --> [DEPRECATED] Creation of dynamic property App\Controllers\PlacesController::$citiesModel is deprecated in APPPATH\Controllers\PlacesController.php on line 19.
 1 SYSTEMPATH\CodeIgniter.php(913): App\Controllers\PlacesController->__construct()
 2 SYSTEMPATH\CodeIgniter.php(493): CodeIgniter\CodeIgniter->createController()
 3 SYSTEMPATH\CodeIgniter.php(361): CodeIgniter\CodeIgniter->handleRequest(null, Object(Config\Cache), false)
 4 FCPATH\index.php(79): CodeIgniter\CodeIgniter->run()
WARNING - 2024-09-09 06:00:15 --> [DEPRECATED] Creation of dynamic property App\Controllers\PlacesController::$uttarakhandModel is deprecated in APPPATH\Controllers\PlacesController.php on line 20.
 1 SYSTEMPATH\CodeIgniter.php(913): App\Controllers\PlacesController->__construct()
 2 SYSTEMPATH\CodeIgniter.php(493): CodeIgniter\CodeIgniter->createController()
 3 SYSTEMPATH\CodeIgniter.php(361): CodeIgniter\CodeIgniter->handleRequest(null, Object(Config\Cache), false)
 4 FCPATH\index.php(79): CodeIgniter\CodeIgniter->run()
WARNING - 2024-09-09 06:00:15 --> [DEPRECATED] Creation of dynamic property App\Controllers\PlacesController::$imageModel is deprecated in APPPATH\Controllers\PlacesController.php on line 21.
 1 SYSTEMPATH\CodeIgniter.php(913): App\Controllers\PlacesController->__construct()
 2 SYSTEMPATH\CodeIgniter.php(493): CodeIgniter\CodeIgniter->createController()
 3 SYSTEMPATH\CodeIgniter.php(361): CodeIgniter\CodeIgniter->handleRequest(null, Object(Config\Cache), false)
 4 FCPATH\index.php(79): CodeIgniter\CodeIgniter->run()
WARNING - 2024-09-09 06:00:15 --> [DEPRECATED] Creation of dynamic property App\Controllers\PlacesController::$areaModel is deprecated in APPPATH\Controllers\PlacesController.php on line 22.
 1 SYSTEMPATH\CodeIgniter.php(913): App\Controllers\PlacesController->__construct()
 2 SYSTEMPATH\CodeIgniter.php(493): CodeIgniter\CodeIgniter->createController()
 3 SYSTEMPATH\CodeIgniter.php(361): CodeIgniter\CodeIgniter->handleRequest(null, Object(Config\Cache), false)
 4 FCPATH\index.php(79): CodeIgniter\CodeIgniter->run()
WARNING - 2024-09-09 06:00:15 --> [DEPRECATED] Creation of dynamic property App\Controllers\PlacesController::$foodModel is deprecated in APPPATH\Controllers\PlacesController.php on line 23.
 1 SYSTEMPATH\CodeIgniter.php(913): App\Controllers\PlacesController->__construct()
 2 SYSTEMPATH\CodeIgniter.php(493): CodeIgniter\CodeIgniter->createController()
 3 SYSTEMPATH\CodeIgniter.php(361): CodeIgniter\CodeIgniter->handleRequest(null, Object(Config\Cache), false)
 4 FCPATH\index.php(79): CodeIgniter\CodeIgniter->run()
WARNING - 2024-09-09 06:00:15 --> [DEPRECATED] Creation of dynamic property App\Controllers\PlacesController::$blogModel is deprecated in APPPATH\Controllers\PlacesController.php on line 24.
 1 SYSTEMPATH\CodeIgniter.php(913): App\Controllers\PlacesController->__construct()
 2 SYSTEMPATH\CodeIgniter.php(493): CodeIgniter\CodeIgniter->createController()
 3 SYSTEMPATH\CodeIgniter.php(361): CodeIgniter\CodeIgniter->handleRequest(null, Object(Config\Cache), false)
 4 FCPATH\index.php(79): CodeIgniter\CodeIgniter->run()
WARNING - 2024-09-09 06:00:18 --> [DEPRECATED] Creation of dynamic property App\Controllers\HomeController::$citiesModel is deprecated in APPPATH\Controllers\HomeController.php on line 19.
 1 SYSTEMPATH\CodeIgniter.php(913): App\Controllers\HomeController->__construct()
 2 SYSTEMPATH\CodeIgniter.php(493): CodeIgniter\CodeIgniter->createController()
 3 SYSTEMPATH\CodeIgniter.php(361): CodeIgniter\CodeIgniter->handleRequest(null, Object(Config\Cache), false)
 4 FCPATH\index.php(79): CodeIgniter\CodeIgniter->run()
WARNING - 2024-09-09 06:00:18 --> [DEPRECATED] Creation of dynamic property App\Controllers\HomeController::$uttarakhandModel is deprecated in APPPATH\Controllers\HomeController.php on line 20.
 1 SYSTEMPATH\CodeIgniter.php(913): App\Controllers\HomeController->__construct()
 2 SYSTEMPATH\CodeIgniter.php(493): CodeIgniter\CodeIgniter->createController()
 3 SYSTEMPATH\CodeIgniter.php(361): CodeIgniter\CodeIgniter->handleRequest(null, Object(Config\Cache), false)
 4 FCPATH\index.php(79): CodeIgniter\CodeIgniter->run()
WARNING - 2024-09-09 06:00:18 --> [DEPRECATED] Creation of dynamic property App\Controllers\HomeController::$imageModel is deprecated in APPPATH\Controllers\HomeController.php on line 21.
 1 SYSTEMPATH\CodeIgniter.php(913): App\Controllers\HomeController->__construct()
 2 SYSTEMPATH\CodeIgniter.php(493): CodeIgniter\CodeIgniter->createController()
 3 SYSTEMPATH\CodeIgniter.php(361): CodeIgniter\CodeIgniter->handleRequest(null, Object(Config\Cache), false)
 4 FCPATH\index.php(79): CodeIgniter\CodeIgniter->run()
WARNING - 2024-09-09 06:00:18 --> [DEPRECATED] Creation of dynamic property App\Controllers\HomeController::$areaModel is deprecated in APPPATH\Controllers\HomeController.php on line 22.
 1 SYSTEMPATH\CodeIgniter.php(913): App\Controllers\HomeController->__construct()
 2 SYSTEMPATH\CodeIgniter.php(493): CodeIgniter\CodeIgniter->createController()
 3 SYSTEMPATH\CodeIgniter.php(361): CodeIgniter\CodeIgniter->handleRequest(null, Object(Config\Cache), false)
 4 FCPATH\index.php(79): CodeIgniter\CodeIgniter->run()
WARNING - 2024-09-09 06:00:18 --> [DEPRECATED] Creation of dynamic property App\Controllers\HomeController::$foodModel is deprecated in APPPATH\Controllers\HomeController.php on line 23.
 1 SYSTEMPATH\CodeIgniter.php(913): App\Controllers\HomeController->__construct()
 2 SYSTEMPATH\CodeIgniter.php(493): CodeIgniter\CodeIgniter->createController()
 3 SYSTEMPATH\CodeIgniter.php(361): CodeIgniter\CodeIgniter->handleRequest(null, Object(Config\Cache), false)
 4 FCPATH\index.php(79): CodeIgniter\CodeIgniter->run()
WARNING - 2024-09-09 06:00:18 --> [DEPRECATED] Creation of dynamic property App\Controllers\HomeController::$blogModel is deprecated in APPPATH\Controllers\HomeController.php on line 24.
 1 SYSTEMPATH\CodeIgniter.php(913): App\Controllers\HomeController->__construct()
 2 SYSTEMPATH\CodeIgniter.php(493): CodeIgniter\CodeIgniter->createController()
 3 SYSTEMPATH\CodeIgniter.php(361): CodeIgniter\CodeIgniter->handleRequest(null, Object(Config\Cache), false)
 4 FCPATH\index.php(79): CodeIgniter\CodeIgniter->run()
CRITICAL - 2024-09-09 06:00:18 --> ErrorException: Trying to access array offset on value of type null
in APPPATH\Controllers\HomeController.php on line 79.
 1 APPPATH\Controllers\HomeController.php(79): CodeIgniter\Debug\Exceptions->errorHandler(2, 'Trying to access array offset on value of type null', 'C:\\xampp\\htdocs\\uttrakhand\\app\\Controllers\\HomeController.php', 79)
 2 SYSTEMPATH\CodeIgniter.php(941): App\Controllers\HomeController->page('uploads', 'no_image.jpg')
 3 SYSTEMPATH\CodeIgniter.php(502): CodeIgniter\CodeIgniter->runController(Object(App\Controllers\HomeController))
 4 SYSTEMPATH\CodeIgniter.php(361): CodeIgniter\CodeIgniter->handleRequest(null, Object(Config\Cache), false)
 5 FCPATH\index.php(79): CodeIgniter\CodeIgniter->run()
WARNING - 2024-09-09 06:00:18 --> [DEPRECATED] Creation of dynamic property App\Controllers\PlacesController::$citiesModel is deprecated in APPPATH\Controllers\PlacesController.php on line 19.
 1 SYSTEMPATH\CodeIgniter.php(913): App\Controllers\PlacesController->__construct()
 2 SYSTEMPATH\CodeIgniter.php(493): CodeIgniter\CodeIgniter->createController()
 3 SYSTEMPATH\CodeIgniter.php(361): CodeIgniter\CodeIgniter->handleRequest(null, Object(Config\Cache), false)
 4 FCPATH\index.php(79): CodeIgniter\CodeIgniter->run()
WARNING - 2024-09-09 06:00:18 --> [DEPRECATED] Creation of dynamic property App\Controllers\PlacesController::$uttarakhandModel is deprecated in APPPATH\Controllers\PlacesController.php on line 20.
 1 SYSTEMPATH\CodeIgniter.php(913): App\Controllers\PlacesController->__construct()
 2 SYSTEMPATH\CodeIgniter.php(493): CodeIgniter\CodeIgniter->createController()
 3 SYSTEMPATH\CodeIgniter.php(361): CodeIgniter\CodeIgniter->handleRequest(null, Object(Config\Cache), false)
 4 FCPATH\index.php(79): CodeIgniter\CodeIgniter->run()
WARNING - 2024-09-09 06:00:18 --> [DEPRECATED] Creation of dynamic property App\Controllers\PlacesController::$imageModel is deprecated in APPPATH\Controllers\PlacesController.php on line 21.
 1 SYSTEMPATH\CodeIgniter.php(913): App\Controllers\PlacesController->__construct()
 2 SYSTEMPATH\CodeIgniter.php(493): CodeIgniter\CodeIgniter->createController()
 3 SYSTEMPATH\CodeIgniter.php(361): CodeIgniter\CodeIgniter->handleRequest(null, Object(Config\Cache), false)
 4 FCPATH\index.php(79): CodeIgniter\CodeIgniter->run()
WARNING - 2024-09-09 06:00:18 --> [DEPRECATED] Creation of dynamic property App\Controllers\PlacesController::$areaModel is deprecated in APPPATH\Controllers\PlacesController.php on line 22.
 1 SYSTEMPATH\CodeIgniter.php(913): App\Controllers\PlacesController->__construct()
 2 SYSTEMPATH\CodeIgniter.php(493): CodeIgniter\CodeIgniter->createController()
 3 SYSTEMPATH\CodeIgniter.php(361): CodeIgniter\CodeIgniter->handleRequest(null, Object(Config\Cache), false)
 4 FCPATH\index.php(79): CodeIgniter\CodeIgniter->run()
WARNING - 2024-09-09 06:00:19 --> [DEPRECATED] Creation of dynamic property App\Controllers\PlacesController::$foodModel is deprecated in APPPATH\Controllers\PlacesController.php on line 23.
 1 SYSTEMPATH\CodeIgniter.php(913): App\Controllers\PlacesController->__construct()
 2 SYSTEMPATH\CodeIgniter.php(493): CodeIgniter\CodeIgniter->createController()
 3 SYSTEMPATH\CodeIgniter.php(361): CodeIgniter\CodeIgniter->handleRequest(null, Object(Config\Cache), false)
 4 FCPATH\index.php(79): CodeIgniter\CodeIgniter->run()
WARNING - 2024-09-09 06:00:19 --> [DEPRECATED] Creation of dynamic property App\Controllers\PlacesController::$blogModel is deprecated in APPPATH\Controllers\PlacesController.php on line 24.
 1 SYSTEMPATH\CodeIgniter.php(913): App\Controllers\PlacesController->__construct()
 2 SYSTEMPATH\CodeIgniter.php(493): CodeIgniter\CodeIgniter->createController()
 3 SYSTEMPATH\CodeIgniter.php(361): CodeIgniter\CodeIgniter->handleRequest(null, Object(Config\Cache), false)
 4 FCPATH\index.php(79): CodeIgniter\CodeIgniter->run()
WARNING - 2024-09-09 06:00:19 --> [DEPRECATED] Creation of dynamic property App\Controllers\HomeController::$citiesModel is deprecated in APPPATH\Controllers\HomeController.php on line 19.
 1 SYSTEMPATH\CodeIgniter.php(913): App\Controllers\HomeController->__construct()
 2 SYSTEMPATH\CodeIgniter.php(493): CodeIgniter\CodeIgniter->createController()
 3 SYSTEMPATH\CodeIgniter.php(361): CodeIgniter\CodeIgniter->handleRequest(null, Object(Config\Cache), false)
 4 FCPATH\index.php(79): CodeIgniter\CodeIgniter->run()
WARNING - 2024-09-09 06:00:19 --> [DEPRECATED] Creation of dynamic property App\Controllers\HomeController::$uttarakhandModel is deprecated in APPPATH\Controllers\HomeController.php on line 20.
 1 SYSTEMPATH\CodeIgniter.php(913): App\Controllers\HomeController->__construct()
 2 SYSTEMPATH\CodeIgniter.php(493): CodeIgniter\CodeIgniter->createController()
 3 SYSTEMPATH\CodeIgniter.php(361): CodeIgniter\CodeIgniter->handleRequest(null, Object(Config\Cache), false)
 4 FCPATH\index.php(79): CodeIgniter\CodeIgniter->run()
WARNING - 2024-09-09 06:00:19 --> [DEPRECATED] Creation of dynamic property App\Controllers\HomeController::$imageModel is deprecated in APPPATH\Controllers\HomeController.php on line 21.
 1 SYSTEMPATH\CodeIgniter.php(913): App\Controllers\HomeController->__construct()
 2 SYSTEMPATH\CodeIgniter.php(493): CodeIgniter\CodeIgniter->createController()
 3 SYSTEMPATH\CodeIgniter.php(361): CodeIgniter\CodeIgniter->handleRequest(null, Object(Config\Cache), false)
 4 FCPATH\index.php(79): CodeIgniter\CodeIgniter->run()
WARNING - 2024-09-09 06:00:19 --> [DEPRECATED] Creation of dynamic property App\Controllers\HomeController::$areaModel is deprecated in APPPATH\Controllers\HomeController.php on line 22.
 1 SYSTEMPATH\CodeIgniter.php(913): App\Controllers\HomeController->__construct()
 2 SYSTEMPATH\CodeIgniter.php(493): CodeIgniter\CodeIgniter->createController()
 3 SYSTEMPATH\CodeIgniter.php(361): CodeIgniter\CodeIgniter->handleRequest(null, Object(Config\Cache), false)
 4 FCPATH\index.php(79): CodeIgniter\CodeIgniter->run()
WARNING - 2024-09-09 06:00:19 --> [DEPRECATED] Creation of dynamic property App\Controllers\HomeController::$foodModel is deprecated in APPPATH\Controllers\HomeController.php on line 23.
 1 SYSTEMPATH\CodeIgniter.php(913): App\Controllers\HomeController->__construct()
 2 SYSTEMPATH\CodeIgniter.php(493): CodeIgniter\CodeIgniter->createController()
 3 SYSTEMPATH\CodeIgniter.php(361): CodeIgniter\CodeIgniter->handleRequest(null, Object(Config\Cache), false)
 4 FCPATH\index.php(79): CodeIgniter\CodeIgniter->run()
WARNING - 2024-09-09 06:00:19 --> [DEPRECATED] Creation of dynamic property App\Controllers\HomeController::$blogModel is deprecated in APPPATH\Controllers\HomeController.php on line 24.
 1 SYSTEMPATH\CodeIgniter.php(913): App\Controllers\HomeController->__construct()
 2 SYSTEMPATH\CodeIgniter.php(493): CodeIgniter\CodeIgniter->createController()
 3 SYSTEMPATH\CodeIgniter.php(361): CodeIgniter\CodeIgniter->handleRequest(null, Object(Config\Cache), false)
 4 FCPATH\index.php(79): CodeIgniter\CodeIgniter->run()
CRITICAL - 2024-09-09 06:00:19 --> ErrorException: Trying to access array offset on value of type null
in APPPATH\Controllers\HomeController.php on line 79.
 1 APPPATH\Controllers\HomeController.php(79): CodeIgniter\Debug\Exceptions->errorHandler(2, 'Trying to access array offset on value of type null', 'C:\\xampp\\htdocs\\uttrakhand\\app\\Controllers\\HomeController.php', 79)
 2 SYSTEMPATH\CodeIgniter.php(941): App\Controllers\HomeController->page('uploads', 'no_image.jpg')
 3 SYSTEMPATH\CodeIgniter.php(502): CodeIgniter\CodeIgniter->runController(Object(App\Controllers\HomeController))
 4 SYSTEMPATH\CodeIgniter.php(361): CodeIgniter\CodeIgniter->handleRequest(null, Object(Config\Cache), false)
 5 FCPATH\index.php(79): CodeIgniter\CodeIgniter->run()
WARNING - 2024-09-09 06:01:05 --> [DEPRECATED] Creation of dynamic property App\Controllers\PlacesController::$citiesModel is deprecated in APPPATH\Controllers\PlacesController.php on line 19.
 1 SYSTEMPATH\CodeIgniter.php(913): App\Controllers\PlacesController->__construct()
 2 SYSTEMPATH\CodeIgniter.php(493): CodeIgniter\CodeIgniter->createController()
 3 SYSTEMPATH\CodeIgniter.php(361): CodeIgniter\CodeIgniter->handleRequest(null, Object(Config\Cache), false)
 4 FCPATH\index.php(79): CodeIgniter\CodeIgniter->run()
WARNING - 2024-09-09 06:01:05 --> [DEPRECATED] Creation of dynamic property App\Controllers\PlacesController::$uttarakhandModel is deprecated in APPPATH\Controllers\PlacesController.php on line 20.
 1 SYSTEMPATH\CodeIgniter.php(913): App\Controllers\PlacesController->__construct()
 2 SYSTEMPATH\CodeIgniter.php(493): CodeIgniter\CodeIgniter->createController()
 3 SYSTEMPATH\CodeIgniter.php(361): CodeIgniter\CodeIgniter->handleRequest(null, Object(Config\Cache), false)
 4 FCPATH\index.php(79): CodeIgniter\CodeIgniter->run()
WARNING - 2024-09-09 06:01:05 --> [DEPRECATED] Creation of dynamic property App\Controllers\PlacesController::$imageModel is deprecated in APPPATH\Controllers\PlacesController.php on line 21.
 1 SYSTEMPATH\CodeIgniter.php(913): App\Controllers\PlacesController->__construct()
 2 SYSTEMPATH\CodeIgniter.php(493): CodeIgniter\CodeIgniter->createController()
 3 SYSTEMPATH\CodeIgniter.php(361): CodeIgniter\CodeIgniter->handleRequest(null, Object(Config\Cache), false)
 4 FCPATH\index.php(79): CodeIgniter\CodeIgniter->run()
WARNING - 2024-09-09 06:01:05 --> [DEPRECATED] Creation of dynamic property App\Controllers\PlacesController::$areaModel is deprecated in APPPATH\Controllers\PlacesController.php on line 22.
 1 SYSTEMPATH\CodeIgniter.php(913): App\Controllers\PlacesController->__construct()
 2 SYSTEMPATH\CodeIgniter.php(493): CodeIgniter\CodeIgniter->createController()
 3 SYSTEMPATH\CodeIgniter.php(361): CodeIgniter\CodeIgniter->handleRequest(null, Object(Config\Cache), false)
 4 FCPATH\index.php(79): CodeIgniter\CodeIgniter->run()
WARNING - 2024-09-09 06:01:05 --> [DEPRECATED] Creation of dynamic property App\Controllers\PlacesController::$foodModel is deprecated in APPPATH\Controllers\PlacesController.php on line 23.
 1 SYSTEMPATH\CodeIgniter.php(913): App\Controllers\PlacesController->__construct()
 2 SYSTEMPATH\CodeIgniter.php(493): CodeIgniter\CodeIgniter->createController()
 3 SYSTEMPATH\CodeIgniter.php(361): CodeIgniter\CodeIgniter->handleRequest(null, Object(Config\Cache), false)
 4 FCPATH\index.php(79): CodeIgniter\CodeIgniter->run()
WARNING - 2024-09-09 06:01:05 --> [DEPRECATED] Creation of dynamic property App\Controllers\PlacesController::$blogModel is deprecated in APPPATH\Controllers\PlacesController.php on line 24.
 1 SYSTEMPATH\CodeIgniter.php(913): App\Controllers\PlacesController->__construct()
 2 SYSTEMPATH\CodeIgniter.php(493): CodeIgniter\CodeIgniter->createController()
 3 SYSTEMPATH\CodeIgniter.php(361): CodeIgniter\CodeIgniter->handleRequest(null, Object(Config\Cache), false)
 4 FCPATH\index.php(79): CodeIgniter\CodeIgniter->run()
WARNING - 2024-09-09 06:01:06 --> [DEPRECATED] Creation of dynamic property App\Controllers\HomeController::$citiesModel is deprecated in APPPATH\Controllers\HomeController.php on line 19.
 1 SYSTEMPATH\CodeIgniter.php(913): App\Controllers\HomeController->__construct()
 2 SYSTEMPATH\CodeIgniter.php(493): CodeIgniter\CodeIgniter->createController()
 3 SYSTEMPATH\CodeIgniter.php(361): CodeIgniter\CodeIgniter->handleRequest(null, Object(Config\Cache), false)
 4 FCPATH\index.php(79): CodeIgniter\CodeIgniter->run()
WARNING - 2024-09-09 06:01:06 --> [DEPRECATED] Creation of dynamic property App\Controllers\HomeController::$uttarakhandModel is deprecated in APPPATH\Controllers\HomeController.php on line 20.
 1 SYSTEMPATH\CodeIgniter.php(913): App\Controllers\HomeController->__construct()
 2 SYSTEMPATH\CodeIgniter.php(493): CodeIgniter\CodeIgniter->createController()
 3 SYSTEMPATH\CodeIgniter.php(361): CodeIgniter\CodeIgniter->handleRequest(null, Object(Config\Cache), false)
 4 FCPATH\index.php(79): CodeIgniter\CodeIgniter->run()
WARNING - 2024-09-09 06:01:06 --> [DEPRECATED] Creation of dynamic property App\Controllers\HomeController::$imageModel is deprecated in APPPATH\Controllers\HomeController.php on line 21.
 1 SYSTEMPATH\CodeIgniter.php(913): App\Controllers\HomeController->__construct()
 2 SYSTEMPATH\CodeIgniter.php(493): CodeIgniter\CodeIgniter->createController()
 3 SYSTEMPATH\CodeIgniter.php(361): CodeIgniter\CodeIgniter->handleRequest(null, Object(Config\Cache), false)
 4 FCPATH\index.php(79): CodeIgniter\CodeIgniter->run()
WARNING - 2024-09-09 06:01:06 --> [DEPRECATED] Creation of dynamic property App\Controllers\HomeController::$areaModel is deprecated in APPPATH\Controllers\HomeController.php on line 22.
 1 SYSTEMPATH\CodeIgniter.php(913): App\Controllers\HomeController->__construct()
 2 SYSTEMPATH\CodeIgniter.php(493): CodeIgniter\CodeIgniter->createController()
 3 SYSTEMPATH\CodeIgniter.php(361): CodeIgniter\CodeIgniter->handleRequest(null, Object(Config\Cache), false)
 4 FCPATH\index.php(79): CodeIgniter\CodeIgniter->run()
WARNING - 2024-09-09 06:01:06 --> [DEPRECATED] Creation of dynamic property App\Controllers\HomeController::$foodModel is deprecated in APPPATH\Controllers\HomeController.php on line 23.
 1 SYSTEMPATH\CodeIgniter.php(913): App\Controllers\HomeController->__construct()
 2 SYSTEMPATH\CodeIgniter.php(493): CodeIgniter\CodeIgniter->createController()
 3 SYSTEMPATH\CodeIgniter.php(361): CodeIgniter\CodeIgniter->handleRequest(null, Object(Config\Cache), false)
 4 FCPATH\index.php(79): CodeIgniter\CodeIgniter->run()
WARNING - 2024-09-09 06:01:06 --> [DEPRECATED] Creation of dynamic property App\Controllers\HomeController::$blogModel is deprecated in APPPATH\Controllers\HomeController.php on line 24.
 1 SYSTEMPATH\CodeIgniter.php(913): App\Controllers\HomeController->__construct()
 2 SYSTEMPATH\CodeIgniter.php(493): CodeIgniter\CodeIgniter->createController()
 3 SYSTEMPATH\CodeIgniter.php(361): CodeIgniter\CodeIgniter->handleRequest(null, Object(Config\Cache), false)
 4 FCPATH\index.php(79): CodeIgniter\CodeIgniter->run()
CRITICAL - 2024-09-09 06:01:06 --> ErrorException: Trying to access array offset on value of type null
in APPPATH\Controllers\HomeController.php on line 79.
 1 APPPATH\Controllers\HomeController.php(79): CodeIgniter\Debug\Exceptions->errorHandler(2, 'Trying to access array offset on value of type null', 'C:\\xampp\\htdocs\\uttrakhand\\app\\Controllers\\HomeController.php', 79)
 2 SYSTEMPATH\CodeIgniter.php(941): App\Controllers\HomeController->page('uploads', 'no_image.jpg')
 3 SYSTEMPATH\CodeIgniter.php(502): CodeIgniter\CodeIgniter->runController(Object(App\Controllers\HomeController))
 4 SYSTEMPATH\CodeIgniter.php(361): CodeIgniter\CodeIgniter->handleRequest(null, Object(Config\Cache), false)
 5 FCPATH\index.php(79): CodeIgniter\CodeIgniter->run()
WARNING - 2024-09-09 06:01:28 --> [DEPRECATED] Creation of dynamic property App\Controllers\PlacesController::$citiesModel is deprecated in APPPATH\Controllers\PlacesController.php on line 19.
 1 SYSTEMPATH\CodeIgniter.php(913): App\Controllers\PlacesController->__construct()
 2 SYSTEMPATH\CodeIgniter.php(493): CodeIgniter\CodeIgniter->createController()
 3 SYSTEMPATH\CodeIgniter.php(361): CodeIgniter\CodeIgniter->handleRequest(null, Object(Config\Cache), false)
 4 FCPATH\index.php(79): CodeIgniter\CodeIgniter->run()
WARNING - 2024-09-09 06:01:28 --> [DEPRECATED] Creation of dynamic property App\Controllers\PlacesController::$uttarakhandModel is deprecated in APPPATH\Controllers\PlacesController.php on line 20.
 1 SYSTEMPATH\CodeIgniter.php(913): App\Controllers\PlacesController->__construct()
 2 SYSTEMPATH\CodeIgniter.php(493): CodeIgniter\CodeIgniter->createController()
 3 SYSTEMPATH\CodeIgniter.php(361): CodeIgniter\CodeIgniter->handleRequest(null, Object(Config\Cache), false)
 4 FCPATH\index.php(79): CodeIgniter\CodeIgniter->run()
WARNING - 2024-09-09 06:01:28 --> [DEPRECATED] Creation of dynamic property App\Controllers\PlacesController::$imageModel is deprecated in APPPATH\Controllers\PlacesController.php on line 21.
 1 SYSTEMPATH\CodeIgniter.php(913): App\Controllers\PlacesController->__construct()
 2 SYSTEMPATH\CodeIgniter.php(493): CodeIgniter\CodeIgniter->createController()
 3 SYSTEMPATH\CodeIgniter.php(361): CodeIgniter\CodeIgniter->handleRequest(null, Object(Config\Cache), false)
 4 FCPATH\index.php(79): CodeIgniter\CodeIgniter->run()
WARNING - 2024-09-09 06:01:28 --> [DEPRECATED] Creation of dynamic property App\Controllers\PlacesController::$areaModel is deprecated in APPPATH\Controllers\PlacesController.php on line 22.
 1 SYSTEMPATH\CodeIgniter.php(913): App\Controllers\PlacesController->__construct()
 2 SYSTEMPATH\CodeIgniter.php(493): CodeIgniter\CodeIgniter->createController()
 3 SYSTEMPATH\CodeIgniter.php(361): CodeIgniter\CodeIgniter->handleRequest(null, Object(Config\Cache), false)
 4 FCPATH\index.php(79): CodeIgniter\CodeIgniter->run()
WARNING - 2024-09-09 06:01:28 --> [DEPRECATED] Creation of dynamic property App\Controllers\PlacesController::$foodModel is deprecated in APPPATH\Controllers\PlacesController.php on line 23.
 1 SYSTEMPATH\CodeIgniter.php(913): App\Controllers\PlacesController->__construct()
 2 SYSTEMPATH\CodeIgniter.php(493): CodeIgniter\CodeIgniter->createController()
 3 SYSTEMPATH\CodeIgniter.php(361): CodeIgniter\CodeIgniter->handleRequest(null, Object(Config\Cache), false)
 4 FCPATH\index.php(79): CodeIgniter\CodeIgniter->run()
WARNING - 2024-09-09 06:01:28 --> [DEPRECATED] Creation of dynamic property App\Controllers\PlacesController::$blogModel is deprecated in APPPATH\Controllers\PlacesController.php on line 24.
 1 SYSTEMPATH\CodeIgniter.php(913): App\Controllers\PlacesController->__construct()
 2 SYSTEMPATH\CodeIgniter.php(493): CodeIgniter\CodeIgniter->createController()
 3 SYSTEMPATH\CodeIgniter.php(361): CodeIgniter\CodeIgniter->handleRequest(null, Object(Config\Cache), false)
 4 FCPATH\index.php(79): CodeIgniter\CodeIgniter->run()
WARNING - 2024-09-09 06:01:29 --> [DEPRECATED] Creation of dynamic property App\Controllers\HomeController::$citiesModel is deprecated in APPPATH\Controllers\HomeController.php on line 19.
 1 SYSTEMPATH\CodeIgniter.php(913): App\Controllers\HomeController->__construct()
 2 SYSTEMPATH\CodeIgniter.php(493): CodeIgniter\CodeIgniter->createController()
 3 SYSTEMPATH\CodeIgniter.php(361): CodeIgniter\CodeIgniter->handleRequest(null, Object(Config\Cache), false)
 4 FCPATH\index.php(79): CodeIgniter\CodeIgniter->run()
WARNING - 2024-09-09 06:01:29 --> [DEPRECATED] Creation of dynamic property App\Controllers\HomeController::$uttarakhandModel is deprecated in APPPATH\Controllers\HomeController.php on line 20.
 1 SYSTEMPATH\CodeIgniter.php(913): App\Controllers\HomeController->__construct()
 2 SYSTEMPATH\CodeIgniter.php(493): CodeIgniter\CodeIgniter->createController()
 3 SYSTEMPATH\CodeIgniter.php(361): CodeIgniter\CodeIgniter->handleRequest(null, Object(Config\Cache), false)
 4 FCPATH\index.php(79): CodeIgniter\CodeIgniter->run()
WARNING - 2024-09-09 06:01:29 --> [DEPRECATED] Creation of dynamic property App\Controllers\HomeController::$imageModel is deprecated in APPPATH\Controllers\HomeController.php on line 21.
 1 SYSTEMPATH\CodeIgniter.php(913): App\Controllers\HomeController->__construct()
 2 SYSTEMPATH\CodeIgniter.php(493): CodeIgniter\CodeIgniter->createController()
 3 SYSTEMPATH\CodeIgniter.php(361): CodeIgniter\CodeIgniter->handleRequest(null, Object(Config\Cache), false)
 4 FCPATH\index.php(79): CodeIgniter\CodeIgniter->run()
WARNING - 2024-09-09 06:01:29 --> [DEPRECATED] Creation of dynamic property App\Controllers\HomeController::$areaModel is deprecated in APPPATH\Controllers\HomeController.php on line 22.
 1 SYSTEMPATH\CodeIgniter.php(913): App\Controllers\HomeController->__construct()
 2 SYSTEMPATH\CodeIgniter.php(493): CodeIgniter\CodeIgniter->createController()
 3 SYSTEMPATH\CodeIgniter.php(361): CodeIgniter\CodeIgniter->handleRequest(null, Object(Config\Cache), false)
 4 FCPATH\index.php(79): CodeIgniter\CodeIgniter->run()
WARNING - 2024-09-09 06:01:29 --> [DEPRECATED] Creation of dynamic property App\Controllers\HomeController::$foodModel is deprecated in APPPATH\Controllers\HomeController.php on line 23.
 1 SYSTEMPATH\CodeIgniter.php(913): App\Controllers\HomeController->__construct()
 2 SYSTEMPATH\CodeIgniter.php(493): CodeIgniter\CodeIgniter->createController()
 3 SYSTEMPATH\CodeIgniter.php(361): CodeIgniter\CodeIgniter->handleRequest(null, Object(Config\Cache), false)
 4 FCPATH\index.php(79): CodeIgniter\CodeIgniter->run()
WARNING - 2024-09-09 06:01:29 --> [DEPRECATED] Creation of dynamic property App\Controllers\HomeController::$blogModel is deprecated in APPPATH\Controllers\HomeController.php on line 24.
 1 SYSTEMPATH\CodeIgniter.php(913): App\Controllers\HomeController->__construct()
 2 SYSTEMPATH\CodeIgniter.php(493): CodeIgniter\CodeIgniter->createController()
 3 SYSTEMPATH\CodeIgniter.php(361): CodeIgniter\CodeIgniter->handleRequest(null, Object(Config\Cache), false)
 4 FCPATH\index.php(79): CodeIgniter\CodeIgniter->run()
CRITICAL - 2024-09-09 06:01:29 --> ErrorException: Trying to access array offset on value of type null
in APPPATH\Controllers\HomeController.php on line 79.
 1 APPPATH\Controllers\HomeController.php(79): CodeIgniter\Debug\Exceptions->errorHandler(2, 'Trying to access array offset on value of type null', 'C:\\xampp\\htdocs\\uttrakhand\\app\\Controllers\\HomeController.php', 79)
 2 SYSTEMPATH\CodeIgniter.php(941): App\Controllers\HomeController->page('uploads', 'no_image.jpg')
 3 SYSTEMPATH\CodeIgniter.php(502): CodeIgniter\CodeIgniter->runController(Object(App\Controllers\HomeController))
 4 SYSTEMPATH\CodeIgniter.php(361): CodeIgniter\CodeIgniter->handleRequest(null, Object(Config\Cache), false)
 5 FCPATH\index.php(79): CodeIgniter\CodeIgniter->run()
WARNING - 2024-09-09 06:01:29 --> [DEPRECATED] Creation of dynamic property App\Controllers\HomeController::$citiesModel is deprecated in APPPATH\Controllers\HomeController.php on line 19.
 1 SYSTEMPATH\CodeIgniter.php(913): App\Controllers\HomeController->__construct()
 2 SYSTEMPATH\CodeIgniter.php(493): CodeIgniter\CodeIgniter->createController()
 3 SYSTEMPATH\CodeIgniter.php(361): CodeIgniter\CodeIgniter->handleRequest(null, Object(Config\Cache), false)
 4 FCPATH\index.php(79): CodeIgniter\CodeIgniter->run()
WARNING - 2024-09-09 06:01:29 --> [DEPRECATED] Creation of dynamic property App\Controllers\HomeController::$uttarakhandModel is deprecated in APPPATH\Controllers\HomeController.php on line 20.
 1 SYSTEMPATH\CodeIgniter.php(913): App\Controllers\HomeController->__construct()
 2 SYSTEMPATH\CodeIgniter.php(493): CodeIgniter\CodeIgniter->createController()
 3 SYSTEMPATH\CodeIgniter.php(361): CodeIgniter\CodeIgniter->handleRequest(null, Object(Config\Cache), false)
 4 FCPATH\index.php(79): CodeIgniter\CodeIgniter->run()
WARNING - 2024-09-09 06:01:29 --> [DEPRECATED] Creation of dynamic property App\Controllers\HomeController::$imageModel is deprecated in APPPATH\Controllers\HomeController.php on line 21.
 1 SYSTEMPATH\CodeIgniter.php(913): App\Controllers\HomeController->__construct()
 2 SYSTEMPATH\CodeIgniter.php(493): CodeIgniter\CodeIgniter->createController()
 3 SYSTEMPATH\CodeIgniter.php(361): CodeIgniter\CodeIgniter->handleRequest(null, Object(Config\Cache), false)
 4 FCPATH\index.php(79): CodeIgniter\CodeIgniter->run()
WARNING - 2024-09-09 06:01:29 --> [DEPRECATED] Creation of dynamic property App\Controllers\HomeController::$areaModel is deprecated in APPPATH\Controllers\HomeController.php on line 22.
 1 SYSTEMPATH\CodeIgniter.php(913): App\Controllers\HomeController->__construct()
 2 SYSTEMPATH\CodeIgniter.php(493): CodeIgniter\CodeIgniter->createController()
 3 SYSTEMPATH\CodeIgniter.php(361): CodeIgniter\CodeIgniter->handleRequest(null, Object(Config\Cache), false)
 4 FCPATH\index.php(79): CodeIgniter\CodeIgniter->run()
WARNING - 2024-09-09 06:01:29 --> [DEPRECATED] Creation of dynamic property App\Controllers\HomeController::$foodModel is deprecated in APPPATH\Controllers\HomeController.php on line 23.
 1 SYSTEMPATH\CodeIgniter.php(913): App\Controllers\HomeController->__construct()
 2 SYSTEMPATH\CodeIgniter.php(493): CodeIgniter\CodeIgniter->createController()
 3 SYSTEMPATH\CodeIgniter.php(361): CodeIgniter\CodeIgniter->handleRequest(null, Object(Config\Cache), false)
 4 FCPATH\index.php(79): CodeIgniter\CodeIgniter->run()
WARNING - 2024-09-09 06:01:29 --> [DEPRECATED] Creation of dynamic property App\Controllers\HomeController::$blogModel is deprecated in APPPATH\Controllers\HomeController.php on line 24.
 1 SYSTEMPATH\CodeIgniter.php(913): App\Controllers\HomeController->__construct()
 2 SYSTEMPATH\CodeIgniter.php(493): CodeIgniter\CodeIgniter->createController()
 3 SYSTEMPATH\CodeIgniter.php(361): CodeIgniter\CodeIgniter->handleRequest(null, Object(Config\Cache), false)
 4 FCPATH\index.php(79): CodeIgniter\CodeIgniter->run()
CRITICAL - 2024-09-09 06:01:29 --> ErrorException: Trying to access array offset on value of type null
in APPPATH\Controllers\HomeController.php on line 79.
 1 APPPATH\Controllers\HomeController.php(79): CodeIgniter\Debug\Exceptions->errorHandler(2, 'Trying to access array offset on value of type null', 'C:\\xampp\\htdocs\\uttrakhand\\app\\Controllers\\HomeController.php', 79)
 2 SYSTEMPATH\CodeIgniter.php(941): App\Controllers\HomeController->page('uploads', 'no_image.jpg')
 3 SYSTEMPATH\CodeIgniter.php(502): CodeIgniter\CodeIgniter->runController(Object(App\Controllers\HomeController))
 4 SYSTEMPATH\CodeIgniter.php(361): CodeIgniter\CodeIgniter->handleRequest(null, Object(Config\Cache), false)
 5 FCPATH\index.php(79): CodeIgniter\CodeIgniter->run()
WARNING - 2024-09-09 06:01:34 --> [DEPRECATED] Creation of dynamic property App\Controllers\PlacesController::$citiesModel is deprecated in APPPATH\Controllers\PlacesController.php on line 19.
 1 SYSTEMPATH\CodeIgniter.php(913): App\Controllers\PlacesController->__construct()
 2 SYSTEMPATH\CodeIgniter.php(493): CodeIgniter\CodeIgniter->createController()
 3 SYSTEMPATH\CodeIgniter.php(361): CodeIgniter\CodeIgniter->handleRequest(null, Object(Config\Cache), false)
 4 FCPATH\index.php(79): CodeIgniter\CodeIgniter->run()
WARNING - 2024-09-09 06:01:34 --> [DEPRECATED] Creation of dynamic property App\Controllers\PlacesController::$uttarakhandModel is deprecated in APPPATH\Controllers\PlacesController.php on line 20.
 1 SYSTEMPATH\CodeIgniter.php(913): App\Controllers\PlacesController->__construct()
 2 SYSTEMPATH\CodeIgniter.php(493): CodeIgniter\CodeIgniter->createController()
 3 SYSTEMPATH\CodeIgniter.php(361): CodeIgniter\CodeIgniter->handleRequest(null, Object(Config\Cache), false)
 4 FCPATH\index.php(79): CodeIgniter\CodeIgniter->run()
WARNING - 2024-09-09 06:01:34 --> [DEPRECATED] Creation of dynamic property App\Controllers\PlacesController::$imageModel is deprecated in APPPATH\Controllers\PlacesController.php on line 21.
 1 SYSTEMPATH\CodeIgniter.php(913): App\Controllers\PlacesController->__construct()
 2 SYSTEMPATH\CodeIgniter.php(493): CodeIgniter\CodeIgniter->createController()
 3 SYSTEMPATH\CodeIgniter.php(361): CodeIgniter\CodeIgniter->handleRequest(null, Object(Config\Cache), false)
 4 FCPATH\index.php(79): CodeIgniter\CodeIgniter->run()
WARNING - 2024-09-09 06:01:34 --> [DEPRECATED] Creation of dynamic property App\Controllers\PlacesController::$areaModel is deprecated in APPPATH\Controllers\PlacesController.php on line 22.
 1 SYSTEMPATH\CodeIgniter.php(913): App\Controllers\PlacesController->__construct()
 2 SYSTEMPATH\CodeIgniter.php(493): CodeIgniter\CodeIgniter->createController()
 3 SYSTEMPATH\CodeIgniter.php(361): CodeIgniter\CodeIgniter->handleRequest(null, Object(Config\Cache), false)
 4 FCPATH\index.php(79): CodeIgniter\CodeIgniter->run()
WARNING - 2024-09-09 06:01:34 --> [DEPRECATED] Creation of dynamic property App\Controllers\PlacesController::$foodModel is deprecated in APPPATH\Controllers\PlacesController.php on line 23.
 1 SYSTEMPATH\CodeIgniter.php(913): App\Controllers\PlacesController->__construct()
 2 SYSTEMPATH\CodeIgniter.php(493): CodeIgniter\CodeIgniter->createController()
 3 SYSTEMPATH\CodeIgniter.php(361): CodeIgniter\CodeIgniter->handleRequest(null, Object(Config\Cache), false)
 4 FCPATH\index.php(79): CodeIgniter\CodeIgniter->run()
WARNING - 2024-09-09 06:01:34 --> [DEPRECATED] Creation of dynamic property App\Controllers\PlacesController::$blogModel is deprecated in APPPATH\Controllers\PlacesController.php on line 24.
 1 SYSTEMPATH\CodeIgniter.php(913): App\Controllers\PlacesController->__construct()
 2 SYSTEMPATH\CodeIgniter.php(493): CodeIgniter\CodeIgniter->createController()
 3 SYSTEMPATH\CodeIgniter.php(361): CodeIgniter\CodeIgniter->handleRequest(null, Object(Config\Cache), false)
 4 FCPATH\index.php(79): CodeIgniter\CodeIgniter->run()
WARNING - 2024-09-09 06:01:34 --> [DEPRECATED] Creation of dynamic property App\Controllers\HomeController::$citiesModel is deprecated in APPPATH\Controllers\HomeController.php on line 19.
 1 SYSTEMPATH\CodeIgniter.php(913): App\Controllers\HomeController->__construct()
 2 SYSTEMPATH\CodeIgniter.php(493): CodeIgniter\CodeIgniter->createController()
 3 SYSTEMPATH\CodeIgniter.php(361): CodeIgniter\CodeIgniter->handleRequest(null, Object(Config\Cache), false)
 4 FCPATH\index.php(79): CodeIgniter\CodeIgniter->run()
WARNING - 2024-09-09 06:01:34 --> [DEPRECATED] Creation of dynamic property App\Controllers\HomeController::$uttarakhandModel is deprecated in APPPATH\Controllers\HomeController.php on line 20.
 1 SYSTEMPATH\CodeIgniter.php(913): App\Controllers\HomeController->__construct()
 2 SYSTEMPATH\CodeIgniter.php(493): CodeIgniter\CodeIgniter->createController()
 3 SYSTEMPATH\CodeIgniter.php(361): CodeIgniter\CodeIgniter->handleRequest(null, Object(Config\Cache), false)
 4 FCPATH\index.php(79): CodeIgniter\CodeIgniter->run()
WARNING - 2024-09-09 06:01:34 --> [DEPRECATED] Creation of dynamic property App\Controllers\HomeController::$imageModel is deprecated in APPPATH\Controllers\HomeController.php on line 21.
 1 SYSTEMPATH\CodeIgniter.php(913): App\Controllers\HomeController->__construct()
 2 SYSTEMPATH\CodeIgniter.php(493): CodeIgniter\CodeIgniter->createController()
 3 SYSTEMPATH\CodeIgniter.php(361): CodeIgniter\CodeIgniter->handleRequest(null, Object(Config\Cache), false)
 4 FCPATH\index.php(79): CodeIgniter\CodeIgniter->run()
WARNING - 2024-09-09 06:01:34 --> [DEPRECATED] Creation of dynamic property App\Controllers\HomeController::$areaModel is deprecated in APPPATH\Controllers\HomeController.php on line 22.
 1 SYSTEMPATH\CodeIgniter.php(913): App\Controllers\HomeController->__construct()
 2 SYSTEMPATH\CodeIgniter.php(493): CodeIgniter\CodeIgniter->createController()
 3 SYSTEMPATH\CodeIgniter.php(361): CodeIgniter\CodeIgniter->handleRequest(null, Object(Config\Cache), false)
 4 FCPATH\index.php(79): CodeIgniter\CodeIgniter->run()
WARNING - 2024-09-09 06:01:34 --> [DEPRECATED] Creation of dynamic property App\Controllers\HomeController::$foodModel is deprecated in APPPATH\Controllers\HomeController.php on line 23.
 1 SYSTEMPATH\CodeIgniter.php(913): App\Controllers\HomeController->__construct()
 2 SYSTEMPATH\CodeIgniter.php(493): CodeIgniter\CodeIgniter->createController()
 3 SYSTEMPATH\CodeIgniter.php(361): CodeIgniter\CodeIgniter->handleRequest(null, Object(Config\Cache), false)
 4 FCPATH\index.php(79): CodeIgniter\CodeIgniter->run()
WARNING - 2024-09-09 06:01:34 --> [DEPRECATED] Creation of dynamic property App\Controllers\HomeController::$blogModel is deprecated in APPPATH\Controllers\HomeController.php on line 24.
 1 SYSTEMPATH\CodeIgniter.php(913): App\Controllers\HomeController->__construct()
 2 SYSTEMPATH\CodeIgniter.php(493): CodeIgniter\CodeIgniter->createController()
 3 SYSTEMPATH\CodeIgniter.php(361): CodeIgniter\CodeIgniter->handleRequest(null, Object(Config\Cache), false)
 4 FCPATH\index.php(79): CodeIgniter\CodeIgniter->run()
CRITICAL - 2024-09-09 06:01:34 --> ErrorException: Trying to access array offset on value of type null
in APPPATH\Controllers\HomeController.php on line 79.
 1 APPPATH\Controllers\HomeController.php(79): CodeIgniter\Debug\Exceptions->errorHandler(2, 'Trying to access array offset on value of type null', 'C:\\xampp\\htdocs\\uttrakhand\\app\\Controllers\\HomeController.php', 79)
 2 SYSTEMPATH\CodeIgniter.php(941): App\Controllers\HomeController->page('uploads', 'no_image.jpg')
 3 SYSTEMPATH\CodeIgniter.php(502): CodeIgniter\CodeIgniter->runController(Object(App\Controllers\HomeController))
 4 SYSTEMPATH\CodeIgniter.php(361): CodeIgniter\CodeIgniter->handleRequest(null, Object(Config\Cache), false)
 5 FCPATH\index.php(79): CodeIgniter\CodeIgniter->run()
WARNING - 2024-09-09 06:07:05 --> [DEPRECATED] Creation of dynamic property App\Controllers\PlacesController::$citiesModel is deprecated in APPPATH\Controllers\PlacesController.php on line 19.
 1 SYSTEMPATH\CodeIgniter.php(913): App\Controllers\PlacesController->__construct()
 2 SYSTEMPATH\CodeIgniter.php(493): CodeIgniter\CodeIgniter->createController()
 3 SYSTEMPATH\CodeIgniter.php(361): CodeIgniter\CodeIgniter->handleRequest(null, Object(Config\Cache), false)
 4 FCPATH\index.php(79): CodeIgniter\CodeIgniter->run()
WARNING - 2024-09-09 06:07:05 --> [DEPRECATED] Creation of dynamic property App\Controllers\PlacesController::$uttarakhandModel is deprecated in APPPATH\Controllers\PlacesController.php on line 20.
 1 SYSTEMPATH\CodeIgniter.php(913): App\Controllers\PlacesController->__construct()
 2 SYSTEMPATH\CodeIgniter.php(493): CodeIgniter\CodeIgniter->createController()
 3 SYSTEMPATH\CodeIgniter.php(361): CodeIgniter\CodeIgniter->handleRequest(null, Object(Config\Cache), false)
 4 FCPATH\index.php(79): CodeIgniter\CodeIgniter->run()
WARNING - 2024-09-09 06:07:05 --> [DEPRECATED] Creation of dynamic property App\Controllers\PlacesController::$imageModel is deprecated in APPPATH\Controllers\PlacesController.php on line 21.
 1 SYSTEMPATH\CodeIgniter.php(913): App\Controllers\PlacesController->__construct()
 2 SYSTEMPATH\CodeIgniter.php(493): CodeIgniter\CodeIgniter->createController()
 3 SYSTEMPATH\CodeIgniter.php(361): CodeIgniter\CodeIgniter->handleRequest(null, Object(Config\Cache), false)
 4 FCPATH\index.php(79): CodeIgniter\CodeIgniter->run()
WARNING - 2024-09-09 06:07:05 --> [DEPRECATED] Creation of dynamic property App\Controllers\PlacesController::$areaModel is deprecated in APPPATH\Controllers\PlacesController.php on line 22.
 1 SYSTEMPATH\CodeIgniter.php(913): App\Controllers\PlacesController->__construct()
 2 SYSTEMPATH\CodeIgniter.php(493): CodeIgniter\CodeIgniter->createController()
 3 SYSTEMPATH\CodeIgniter.php(361): CodeIgniter\CodeIgniter->handleRequest(null, Object(Config\Cache), false)
 4 FCPATH\index.php(79): CodeIgniter\CodeIgniter->run()
WARNING - 2024-09-09 06:07:05 --> [DEPRECATED] Creation of dynamic property App\Controllers\PlacesController::$foodModel is deprecated in APPPATH\Controllers\PlacesController.php on line 23.
 1 SYSTEMPATH\CodeIgniter.php(913): App\Controllers\PlacesController->__construct()
 2 SYSTEMPATH\CodeIgniter.php(493): CodeIgniter\CodeIgniter->createController()
 3 SYSTEMPATH\CodeIgniter.php(361): CodeIgniter\CodeIgniter->handleRequest(null, Object(Config\Cache), false)
 4 FCPATH\index.php(79): CodeIgniter\CodeIgniter->run()
WARNING - 2024-09-09 06:07:05 --> [DEPRECATED] Creation of dynamic property App\Controllers\PlacesController::$blogModel is deprecated in APPPATH\Controllers\PlacesController.php on line 24.
 1 SYSTEMPATH\CodeIgniter.php(913): App\Controllers\PlacesController->__construct()
 2 SYSTEMPATH\CodeIgniter.php(493): CodeIgniter\CodeIgniter->createController()
 3 SYSTEMPATH\CodeIgniter.php(361): CodeIgniter\CodeIgniter->handleRequest(null, Object(Config\Cache), false)
 4 FCPATH\index.php(79): CodeIgniter\CodeIgniter->run()
WARNING - 2024-09-09 06:07:05 --> [DEPRECATED] Creation of dynamic property App\Controllers\HomeController::$citiesModel is deprecated in APPPATH\Controllers\HomeController.php on line 19.
 1 SYSTEMPATH\CodeIgniter.php(913): App\Controllers\HomeController->__construct()
 2 SYSTEMPATH\CodeIgniter.php(493): CodeIgniter\CodeIgniter->createController()
 3 SYSTEMPATH\CodeIgniter.php(361): CodeIgniter\CodeIgniter->handleRequest(null, Object(Config\Cache), false)
 4 FCPATH\index.php(79): CodeIgniter\CodeIgniter->run()
WARNING - 2024-09-09 06:07:05 --> [DEPRECATED] Creation of dynamic property App\Controllers\HomeController::$uttarakhandModel is deprecated in APPPATH\Controllers\HomeController.php on line 20.
 1 SYSTEMPATH\CodeIgniter.php(913): App\Controllers\HomeController->__construct()
 2 SYSTEMPATH\CodeIgniter.php(493): CodeIgniter\CodeIgniter->createController()
 3 SYSTEMPATH\CodeIgniter.php(361): CodeIgniter\CodeIgniter->handleRequest(null, Object(Config\Cache), false)
 4 FCPATH\index.php(79): CodeIgniter\CodeIgniter->run()
WARNING - 2024-09-09 06:07:05 --> [DEPRECATED] Creation of dynamic property App\Controllers\HomeController::$imageModel is deprecated in APPPATH\Controllers\HomeController.php on line 21.
 1 SYSTEMPATH\CodeIgniter.php(913): App\Controllers\HomeController->__construct()
 2 SYSTEMPATH\CodeIgniter.php(493): CodeIgniter\CodeIgniter->createController()
 3 SYSTEMPATH\CodeIgniter.php(361): CodeIgniter\CodeIgniter->handleRequest(null, Object(Config\Cache), false)
 4 FCPATH\index.php(79): CodeIgniter\CodeIgniter->run()
WARNING - 2024-09-09 06:07:05 --> [DEPRECATED] Creation of dynamic property App\Controllers\HomeController::$areaModel is deprecated in APPPATH\Controllers\HomeController.php on line 22.
 1 SYSTEMPATH\CodeIgniter.php(913): App\Controllers\HomeController->__construct()
 2 SYSTEMPATH\CodeIgniter.php(493): CodeIgniter\CodeIgniter->createController()
 3 SYSTEMPATH\CodeIgniter.php(361): CodeIgniter\CodeIgniter->handleRequest(null, Object(Config\Cache), false)
 4 FCPATH\index.php(79): CodeIgniter\CodeIgniter->run()
WARNING - 2024-09-09 06:07:05 --> [DEPRECATED] Creation of dynamic property App\Controllers\HomeController::$foodModel is deprecated in APPPATH\Controllers\HomeController.php on line 23.
 1 SYSTEMPATH\CodeIgniter.php(913): App\Controllers\HomeController->__construct()
 2 SYSTEMPATH\CodeIgniter.php(493): CodeIgniter\CodeIgniter->createController()
 3 SYSTEMPATH\CodeIgniter.php(361): CodeIgniter\CodeIgniter->handleRequest(null, Object(Config\Cache), false)
 4 FCPATH\index.php(79): CodeIgniter\CodeIgniter->run()
WARNING - 2024-09-09 06:07:05 --> [DEPRECATED] Creation of dynamic property App\Controllers\HomeController::$blogModel is deprecated in APPPATH\Controllers\HomeController.php on line 24.
 1 SYSTEMPATH\CodeIgniter.php(913): App\Controllers\HomeController->__construct()
 2 SYSTEMPATH\CodeIgniter.php(493): CodeIgniter\CodeIgniter->createController()
 3 SYSTEMPATH\CodeIgniter.php(361): CodeIgniter\CodeIgniter->handleRequest(null, Object(Config\Cache), false)
 4 FCPATH\index.php(79): CodeIgniter\CodeIgniter->run()
CRITICAL - 2024-09-09 06:07:05 --> ErrorException: Trying to access array offset on value of type null
in APPPATH\Controllers\HomeController.php on line 79.
 1 APPPATH\Controllers\HomeController.php(79): CodeIgniter\Debug\Exceptions->errorHandler(2, 'Trying to access array offset on value of type null', 'C:\\xampp\\htdocs\\uttrakhand\\app\\Controllers\\HomeController.php', 79)
 2 SYSTEMPATH\CodeIgniter.php(941): App\Controllers\HomeController->page('uploads', 'no_image.jpg')
 3 SYSTEMPATH\CodeIgniter.php(502): CodeIgniter\CodeIgniter->runController(Object(App\Controllers\HomeController))
 4 SYSTEMPATH\CodeIgniter.php(361): CodeIgniter\CodeIgniter->handleRequest(null, Object(Config\Cache), false)
 5 FCPATH\index.php(79): CodeIgniter\CodeIgniter->run()
WARNING - 2024-09-09 06:07:11 --> [DEPRECATED] Creation of dynamic property App\Controllers\PlacesController::$citiesModel is deprecated in APPPATH\Controllers\PlacesController.php on line 19.
 1 SYSTEMPATH\CodeIgniter.php(913): App\Controllers\PlacesController->__construct()
 2 SYSTEMPATH\CodeIgniter.php(493): CodeIgniter\CodeIgniter->createController()
 3 SYSTEMPATH\CodeIgniter.php(361): CodeIgniter\CodeIgniter->handleRequest(null, Object(Config\Cache), false)
 4 FCPATH\index.php(79): CodeIgniter\CodeIgniter->run()
WARNING - 2024-09-09 06:07:11 --> [DEPRECATED] Creation of dynamic property App\Controllers\PlacesController::$uttarakhandModel is deprecated in APPPATH\Controllers\PlacesController.php on line 20.
 1 SYSTEMPATH\CodeIgniter.php(913): App\Controllers\PlacesController->__construct()
 2 SYSTEMPATH\CodeIgniter.php(493): CodeIgniter\CodeIgniter->createController()
 3 SYSTEMPATH\CodeIgniter.php(361): CodeIgniter\CodeIgniter->handleRequest(null, Object(Config\Cache), false)
 4 FCPATH\index.php(79): CodeIgniter\CodeIgniter->run()
WARNING - 2024-09-09 06:07:11 --> [DEPRECATED] Creation of dynamic property App\Controllers\PlacesController::$imageModel is deprecated in APPPATH\Controllers\PlacesController.php on line 21.
 1 SYSTEMPATH\CodeIgniter.php(913): App\Controllers\PlacesController->__construct()
 2 SYSTEMPATH\CodeIgniter.php(493): CodeIgniter\CodeIgniter->createController()
 3 SYSTEMPATH\CodeIgniter.php(361): CodeIgniter\CodeIgniter->handleRequest(null, Object(Config\Cache), false)
 4 FCPATH\index.php(79): CodeIgniter\CodeIgniter->run()
WARNING - 2024-09-09 06:07:11 --> [DEPRECATED] Creation of dynamic property App\Controllers\PlacesController::$areaModel is deprecated in APPPATH\Controllers\PlacesController.php on line 22.
 1 SYSTEMPATH\CodeIgniter.php(913): App\Controllers\PlacesController->__construct()
 2 SYSTEMPATH\CodeIgniter.php(493): CodeIgniter\CodeIgniter->createController()
 3 SYSTEMPATH\CodeIgniter.php(361): CodeIgniter\CodeIgniter->handleRequest(null, Object(Config\Cache), false)
 4 FCPATH\index.php(79): CodeIgniter\CodeIgniter->run()
WARNING - 2024-09-09 06:07:11 --> [DEPRECATED] Creation of dynamic property App\Controllers\PlacesController::$foodModel is deprecated in APPPATH\Controllers\PlacesController.php on line 23.
 1 SYSTEMPATH\CodeIgniter.php(913): App\Controllers\PlacesController->__construct()
 2 SYSTEMPATH\CodeIgniter.php(493): CodeIgniter\CodeIgniter->createController()
 3 SYSTEMPATH\CodeIgniter.php(361): CodeIgniter\CodeIgniter->handleRequest(null, Object(Config\Cache), false)
 4 FCPATH\index.php(79): CodeIgniter\CodeIgniter->run()
WARNING - 2024-09-09 06:07:11 --> [DEPRECATED] Creation of dynamic property App\Controllers\PlacesController::$blogModel is deprecated in APPPATH\Controllers\PlacesController.php on line 24.
 1 SYSTEMPATH\CodeIgniter.php(913): App\Controllers\PlacesController->__construct()
 2 SYSTEMPATH\CodeIgniter.php(493): CodeIgniter\CodeIgniter->createController()
 3 SYSTEMPATH\CodeIgniter.php(361): CodeIgniter\CodeIgniter->handleRequest(null, Object(Config\Cache), false)
 4 FCPATH\index.php(79): CodeIgniter\CodeIgniter->run()
WARNING - 2024-09-09 06:07:12 --> [DEPRECATED] Creation of dynamic property App\Controllers\HomeController::$citiesModel is deprecated in APPPATH\Controllers\HomeController.php on line 19.
 1 SYSTEMPATH\CodeIgniter.php(913): App\Controllers\HomeController->__construct()
 2 SYSTEMPATH\CodeIgniter.php(493): CodeIgniter\CodeIgniter->createController()
 3 SYSTEMPATH\CodeIgniter.php(361): CodeIgniter\CodeIgniter->handleRequest(null, Object(Config\Cache), false)
 4 FCPATH\index.php(79): CodeIgniter\CodeIgniter->run()
WARNING - 2024-09-09 06:07:12 --> [DEPRECATED] Creation of dynamic property App\Controllers\HomeController::$uttarakhandModel is deprecated in APPPATH\Controllers\HomeController.php on line 20.
 1 SYSTEMPATH\CodeIgniter.php(913): App\Controllers\HomeController->__construct()
 2 SYSTEMPATH\CodeIgniter.php(493): CodeIgniter\CodeIgniter->createController()
 3 SYSTEMPATH\CodeIgniter.php(361): CodeIgniter\CodeIgniter->handleRequest(null, Object(Config\Cache), false)
 4 FCPATH\index.php(79): CodeIgniter\CodeIgniter->run()
WARNING - 2024-09-09 06:07:12 --> [DEPRECATED] Creation of dynamic property App\Controllers\HomeController::$imageModel is deprecated in APPPATH\Controllers\HomeController.php on line 21.
 1 SYSTEMPATH\CodeIgniter.php(913): App\Controllers\HomeController->__construct()
 2 SYSTEMPATH\CodeIgniter.php(493): CodeIgniter\CodeIgniter->createController()
 3 SYSTEMPATH\CodeIgniter.php(361): CodeIgniter\CodeIgniter->handleRequest(null, Object(Config\Cache), false)
 4 FCPATH\index.php(79): CodeIgniter\CodeIgniter->run()
WARNING - 2024-09-09 06:07:12 --> [DEPRECATED] Creation of dynamic property App\Controllers\HomeController::$areaModel is deprecated in APPPATH\Controllers\HomeController.php on line 22.
 1 SYSTEMPATH\CodeIgniter.php(913): App\Controllers\HomeController->__construct()
 2 SYSTEMPATH\CodeIgniter.php(493): CodeIgniter\CodeIgniter->createController()
 3 SYSTEMPATH\CodeIgniter.php(361): CodeIgniter\CodeIgniter->handleRequest(null, Object(Config\Cache), false)
 4 FCPATH\index.php(79): CodeIgniter\CodeIgniter->run()
WARNING - 2024-09-09 06:07:12 --> [DEPRECATED] Creation of dynamic property App\Controllers\HomeController::$foodModel is deprecated in APPPATH\Controllers\HomeController.php on line 23.
 1 SYSTEMPATH\CodeIgniter.php(913): App\Controllers\HomeController->__construct()
 2 SYSTEMPATH\CodeIgniter.php(493): CodeIgniter\CodeIgniter->createController()
 3 SYSTEMPATH\CodeIgniter.php(361): CodeIgniter\CodeIgniter->handleRequest(null, Object(Config\Cache), false)
 4 FCPATH\index.php(79): CodeIgniter\CodeIgniter->run()
WARNING - 2024-09-09 06:07:12 --> [DEPRECATED] Creation of dynamic property App\Controllers\HomeController::$blogModel is deprecated in APPPATH\Controllers\HomeController.php on line 24.
 1 SYSTEMPATH\CodeIgniter.php(913): App\Controllers\HomeController->__construct()
 2 SYSTEMPATH\CodeIgniter.php(493): CodeIgniter\CodeIgniter->createController()
 3 SYSTEMPATH\CodeIgniter.php(361): CodeIgniter\CodeIgniter->handleRequest(null, Object(Config\Cache), false)
 4 FCPATH\index.php(79): CodeIgniter\CodeIgniter->run()
CRITICAL - 2024-09-09 06:07:12 --> ErrorException: Trying to access array offset on value of type null
in APPPATH\Controllers\HomeController.php on line 79.
 1 APPPATH\Controllers\HomeController.php(79): CodeIgniter\Debug\Exceptions->errorHandler(2, 'Trying to access array offset on value of type null', 'C:\\xampp\\htdocs\\uttrakhand\\app\\Controllers\\HomeController.php', 79)
 2 SYSTEMPATH\CodeIgniter.php(941): App\Controllers\HomeController->page('uploads', 'no_image.jpg')
 3 SYSTEMPATH\CodeIgniter.php(502): CodeIgniter\CodeIgniter->runController(Object(App\Controllers\HomeController))
 4 SYSTEMPATH\CodeIgniter.php(361): CodeIgniter\CodeIgniter->handleRequest(null, Object(Config\Cache), false)
 5 FCPATH\index.php(79): CodeIgniter\CodeIgniter->run()
WARNING - 2024-09-09 06:07:19 --> [DEPRECATED] Creation of dynamic property App\Controllers\PlacesController::$citiesModel is deprecated in APPPATH\Controllers\PlacesController.php on line 19.
 1 SYSTEMPATH\CodeIgniter.php(913): App\Controllers\PlacesController->__construct()
 2 SYSTEMPATH\CodeIgniter.php(493): CodeIgniter\CodeIgniter->createController()
 3 SYSTEMPATH\CodeIgniter.php(361): CodeIgniter\CodeIgniter->handleRequest(null, Object(Config\Cache), false)
 4 FCPATH\index.php(79): CodeIgniter\CodeIgniter->run()
WARNING - 2024-09-09 06:07:19 --> [DEPRECATED] Creation of dynamic property App\Controllers\PlacesController::$uttarakhandModel is deprecated in APPPATH\Controllers\PlacesController.php on line 20.
 1 SYSTEMPATH\CodeIgniter.php(913): App\Controllers\PlacesController->__construct()
 2 SYSTEMPATH\CodeIgniter.php(493): CodeIgniter\CodeIgniter->createController()
 3 SYSTEMPATH\CodeIgniter.php(361): CodeIgniter\CodeIgniter->handleRequest(null, Object(Config\Cache), false)
 4 FCPATH\index.php(79): CodeIgniter\CodeIgniter->run()
WARNING - 2024-09-09 06:07:19 --> [DEPRECATED] Creation of dynamic property App\Controllers\PlacesController::$imageModel is deprecated in APPPATH\Controllers\PlacesController.php on line 21.
 1 SYSTEMPATH\CodeIgniter.php(913): App\Controllers\PlacesController->__construct()
 2 SYSTEMPATH\CodeIgniter.php(493): CodeIgniter\CodeIgniter->createController()
 3 SYSTEMPATH\CodeIgniter.php(361): CodeIgniter\CodeIgniter->handleRequest(null, Object(Config\Cache), false)
 4 FCPATH\index.php(79): CodeIgniter\CodeIgniter->run()
WARNING - 2024-09-09 06:07:19 --> [DEPRECATED] Creation of dynamic property App\Controllers\PlacesController::$areaModel is deprecated in APPPATH\Controllers\PlacesController.php on line 22.
 1 SYSTEMPATH\CodeIgniter.php(913): App\Controllers\PlacesController->__construct()
 2 SYSTEMPATH\CodeIgniter.php(493): CodeIgniter\CodeIgniter->createController()
 3 SYSTEMPATH\CodeIgniter.php(361): CodeIgniter\CodeIgniter->handleRequest(null, Object(Config\Cache), false)
 4 FCPATH\index.php(79): CodeIgniter\CodeIgniter->run()
WARNING - 2024-09-09 06:07:19 --> [DEPRECATED] Creation of dynamic property App\Controllers\PlacesController::$foodModel is deprecated in APPPATH\Controllers\PlacesController.php on line 23.
 1 SYSTEMPATH\CodeIgniter.php(913): App\Controllers\PlacesController->__construct()
 2 SYSTEMPATH\CodeIgniter.php(493): CodeIgniter\CodeIgniter->createController()
 3 SYSTEMPATH\CodeIgniter.php(361): CodeIgniter\CodeIgniter->handleRequest(null, Object(Config\Cache), false)
 4 FCPATH\index.php(79): CodeIgniter\CodeIgniter->run()
WARNING - 2024-09-09 06:07:19 --> [DEPRECATED] Creation of dynamic property App\Controllers\PlacesController::$blogModel is deprecated in APPPATH\Controllers\PlacesController.php on line 24.
 1 SYSTEMPATH\CodeIgniter.php(913): App\Controllers\PlacesController->__construct()
 2 SYSTEMPATH\CodeIgniter.php(493): CodeIgniter\CodeIgniter->createController()
 3 SYSTEMPATH\CodeIgniter.php(361): CodeIgniter\CodeIgniter->handleRequest(null, Object(Config\Cache), false)
 4 FCPATH\index.php(79): CodeIgniter\CodeIgniter->run()
WARNING - 2024-09-09 06:07:20 --> [DEPRECATED] Creation of dynamic property App\Controllers\HomeController::$citiesModel is deprecated in APPPATH\Controllers\HomeController.php on line 19.
 1 SYSTEMPATH\CodeIgniter.php(913): App\Controllers\HomeController->__construct()
 2 SYSTEMPATH\CodeIgniter.php(493): CodeIgniter\CodeIgniter->createController()
 3 SYSTEMPATH\CodeIgniter.php(361): CodeIgniter\CodeIgniter->handleRequest(null, Object(Config\Cache), false)
 4 FCPATH\index.php(79): CodeIgniter\CodeIgniter->run()
WARNING - 2024-09-09 06:07:20 --> [DEPRECATED] Creation of dynamic property App\Controllers\HomeController::$uttarakhandModel is deprecated in APPPATH\Controllers\HomeController.php on line 20.
 1 SYSTEMPATH\CodeIgniter.php(913): App\Controllers\HomeController->__construct()
 2 SYSTEMPATH\CodeIgniter.php(493): CodeIgniter\CodeIgniter->createController()
 3 SYSTEMPATH\CodeIgniter.php(361): CodeIgniter\CodeIgniter->handleRequest(null, Object(Config\Cache), false)
 4 FCPATH\index.php(79): CodeIgniter\CodeIgniter->run()
WARNING - 2024-09-09 06:07:20 --> [DEPRECATED] Creation of dynamic property App\Controllers\HomeController::$imageModel is deprecated in APPPATH\Controllers\HomeController.php on line 21.
 1 SYSTEMPATH\CodeIgniter.php(913): App\Controllers\HomeController->__construct()
 2 SYSTEMPATH\CodeIgniter.php(493): CodeIgniter\CodeIgniter->createController()
 3 SYSTEMPATH\CodeIgniter.php(361): CodeIgniter\CodeIgniter->handleRequest(null, Object(Config\Cache), false)
 4 FCPATH\index.php(79): CodeIgniter\CodeIgniter->run()
WARNING - 2024-09-09 06:07:20 --> [DEPRECATED] Creation of dynamic property App\Controllers\HomeController::$areaModel is deprecated in APPPATH\Controllers\HomeController.php on line 22.
 1 SYSTEMPATH\CodeIgniter.php(913): App\Controllers\HomeController->__construct()
 2 SYSTEMPATH\CodeIgniter.php(493): CodeIgniter\CodeIgniter->createController()
 3 SYSTEMPATH\CodeIgniter.php(361): CodeIgniter\CodeIgniter->handleRequest(null, Object(Config\Cache), false)
 4 FCPATH\index.php(79): CodeIgniter\CodeIgniter->run()
WARNING - 2024-09-09 06:07:20 --> [DEPRECATED] Creation of dynamic property App\Controllers\HomeController::$foodModel is deprecated in APPPATH\Controllers\HomeController.php on line 23.
 1 SYSTEMPATH\CodeIgniter.php(913): App\Controllers\HomeController->__construct()
 2 SYSTEMPATH\CodeIgniter.php(493): CodeIgniter\CodeIgniter->createController()
 3 SYSTEMPATH\CodeIgniter.php(361): CodeIgniter\CodeIgniter->handleRequest(null, Object(Config\Cache), false)
 4 FCPATH\index.php(79): CodeIgniter\CodeIgniter->run()
WARNING - 2024-09-09 06:07:20 --> [DEPRECATED] Creation of dynamic property App\Controllers\HomeController::$blogModel is deprecated in APPPATH\Controllers\HomeController.php on line 24.
 1 SYSTEMPATH\CodeIgniter.php(913): App\Controllers\HomeController->__construct()
 2 SYSTEMPATH\CodeIgniter.php(493): CodeIgniter\CodeIgniter->createController()
 3 SYSTEMPATH\CodeIgniter.php(361): CodeIgniter\CodeIgniter->handleRequest(null, Object(Config\Cache), false)
 4 FCPATH\index.php(79): CodeIgniter\CodeIgniter->run()
CRITICAL - 2024-09-09 06:07:20 --> ErrorException: Trying to access array offset on value of type null
in APPPATH\Controllers\HomeController.php on line 79.
 1 APPPATH\Controllers\HomeController.php(79): CodeIgniter\Debug\Exceptions->errorHandler(2, 'Trying to access array offset on value of type null', 'C:\\xampp\\htdocs\\uttrakhand\\app\\Controllers\\HomeController.php', 79)
 2 SYSTEMPATH\CodeIgniter.php(941): App\Controllers\HomeController->page('uploads', 'no_image.jpg')
 3 SYSTEMPATH\CodeIgniter.php(502): CodeIgniter\CodeIgniter->runController(Object(App\Controllers\HomeController))
 4 SYSTEMPATH\CodeIgniter.php(361): CodeIgniter\CodeIgniter->handleRequest(null, Object(Config\Cache), false)
 5 FCPATH\index.php(79): CodeIgniter\CodeIgniter->run()
