WARNING - 2025-01-17 12:03:21 --> [DEPRECATED] Creation of dynamic property App\Controllers\HomeController::$citiesModel is deprecated in APPPATH\Controllers\HomeController.php on line 19.
 1 SYSTEMPATH\CodeIgniter.php(913): App\Controllers\HomeController->__construct()
 2 SYSTEMPATH\CodeIgniter.php(493): CodeIgniter\CodeIgniter->createController()
 3 SYSTEMPATH\CodeIgniter.php(361): CodeIgniter\CodeIgniter->handleRequest(null, Object(Config\Cache), false)
 4 FCPATH\index.php(79): CodeIgniter\CodeIgniter->run()
WARNING - 2025-01-17 12:03:21 --> [DEPRECATED] Creation of dynamic property App\Controllers\HomeController::$uttarakhandModel is deprecated in APPPATH\Controllers\HomeController.php on line 20.
 1 SYSTEMPATH\CodeIgniter.php(913): App\Controllers\HomeController->__construct()
 2 SYSTEMPATH\CodeIgniter.php(493): CodeIgniter\CodeIgniter->createController()
 3 SYSTEMPATH\CodeIgniter.php(361): CodeIgniter\CodeIgniter->handleRequest(null, Object(Config\Cache), false)
 4 FCPATH\index.php(79): CodeIgniter\CodeIgniter->run()
WARNING - 2025-01-17 12:03:21 --> [DEPRECATED] Creation of dynamic property App\Controllers\HomeController::$imageModel is deprecated in APPPATH\Controllers\HomeController.php on line 21.
 1 SYSTEMPATH\CodeIgniter.php(913): App\Controllers\HomeController->__construct()
 2 SYSTEMPATH\CodeIgniter.php(493): CodeIgniter\CodeIgniter->createController()
 3 SYSTEMPATH\CodeIgniter.php(361): CodeIgniter\CodeIgniter->handleRequest(null, Object(Config\Cache), false)
 4 FCPATH\index.php(79): CodeIgniter\CodeIgniter->run()
WARNING - 2025-01-17 12:03:21 --> [DEPRECATED] Creation of dynamic property App\Controllers\HomeController::$areaModel is deprecated in APPPATH\Controllers\HomeController.php on line 22.
 1 SYSTEMPATH\CodeIgniter.php(913): App\Controllers\HomeController->__construct()
 2 SYSTEMPATH\CodeIgniter.php(493): CodeIgniter\CodeIgniter->createController()
 3 SYSTEMPATH\CodeIgniter.php(361): CodeIgniter\CodeIgniter->handleRequest(null, Object(Config\Cache), false)
 4 FCPATH\index.php(79): CodeIgniter\CodeIgniter->run()
WARNING - 2025-01-17 12:03:21 --> [DEPRECATED] Creation of dynamic property App\Controllers\HomeController::$foodModel is deprecated in APPPATH\Controllers\HomeController.php on line 23.
 1 SYSTEMPATH\CodeIgniter.php(913): App\Controllers\HomeController->__construct()
 2 SYSTEMPATH\CodeIgniter.php(493): CodeIgniter\CodeIgniter->createController()
 3 SYSTEMPATH\CodeIgniter.php(361): CodeIgniter\CodeIgniter->handleRequest(null, Object(Config\Cache), false)
 4 FCPATH\index.php(79): CodeIgniter\CodeIgniter->run()
WARNING - 2025-01-17 12:03:21 --> [DEPRECATED] Creation of dynamic property App\Controllers\HomeController::$blogModel is deprecated in APPPATH\Controllers\HomeController.php on line 24.
 1 SYSTEMPATH\CodeIgniter.php(913): App\Controllers\HomeController->__construct()
 2 SYSTEMPATH\CodeIgniter.php(493): CodeIgniter\CodeIgniter->createController()
 3 SYSTEMPATH\CodeIgniter.php(361): CodeIgniter\CodeIgniter->handleRequest(null, Object(Config\Cache), false)
 4 FCPATH\index.php(79): CodeIgniter\CodeIgniter->run()
INFO - 2025-01-17 12:03:21 --> Session: Class initialized using 'CodeIgniter\Session\Handlers\FileHandler' driver.
WARNING - 2025-01-17 12:03:28 --> [DEPRECATED] Creation of dynamic property App\Controllers\HomeController::$citiesModel is deprecated in APPPATH\Controllers\HomeController.php on line 19.
 1 SYSTEMPATH\CodeIgniter.php(913): App\Controllers\HomeController->__construct()
 2 SYSTEMPATH\CodeIgniter.php(493): CodeIgniter\CodeIgniter->createController()
 3 SYSTEMPATH\CodeIgniter.php(361): CodeIgniter\CodeIgniter->handleRequest(null, Object(Config\Cache), false)
 4 FCPATH\index.php(79): CodeIgniter\CodeIgniter->run()
WARNING - 2025-01-17 12:03:28 --> [DEPRECATED] Creation of dynamic property App\Controllers\HomeController::$uttarakhandModel is deprecated in APPPATH\Controllers\HomeController.php on line 20.
 1 SYSTEMPATH\CodeIgniter.php(913): App\Controllers\HomeController->__construct()
 2 SYSTEMPATH\CodeIgniter.php(493): CodeIgniter\CodeIgniter->createController()
 3 SYSTEMPATH\CodeIgniter.php(361): CodeIgniter\CodeIgniter->handleRequest(null, Object(Config\Cache), false)
 4 FCPATH\index.php(79): CodeIgniter\CodeIgniter->run()
WARNING - 2025-01-17 12:03:28 --> [DEPRECATED] Creation of dynamic property App\Controllers\HomeController::$imageModel is deprecated in APPPATH\Controllers\HomeController.php on line 21.
 1 SYSTEMPATH\CodeIgniter.php(913): App\Controllers\HomeController->__construct()
 2 SYSTEMPATH\CodeIgniter.php(493): CodeIgniter\CodeIgniter->createController()
 3 SYSTEMPATH\CodeIgniter.php(361): CodeIgniter\CodeIgniter->handleRequest(null, Object(Config\Cache), false)
 4 FCPATH\index.php(79): CodeIgniter\CodeIgniter->run()
WARNING - 2025-01-17 12:03:28 --> [DEPRECATED] Creation of dynamic property App\Controllers\HomeController::$areaModel is deprecated in APPPATH\Controllers\HomeController.php on line 22.
 1 SYSTEMPATH\CodeIgniter.php(913): App\Controllers\HomeController->__construct()
 2 SYSTEMPATH\CodeIgniter.php(493): CodeIgniter\CodeIgniter->createController()
 3 SYSTEMPATH\CodeIgniter.php(361): CodeIgniter\CodeIgniter->handleRequest(null, Object(Config\Cache), false)
 4 FCPATH\index.php(79): CodeIgniter\CodeIgniter->run()
WARNING - 2025-01-17 12:03:28 --> [DEPRECATED] Creation of dynamic property App\Controllers\HomeController::$foodModel is deprecated in APPPATH\Controllers\HomeController.php on line 23.
 1 SYSTEMPATH\CodeIgniter.php(913): App\Controllers\HomeController->__construct()
 2 SYSTEMPATH\CodeIgniter.php(493): CodeIgniter\CodeIgniter->createController()
 3 SYSTEMPATH\CodeIgniter.php(361): CodeIgniter\CodeIgniter->handleRequest(null, Object(Config\Cache), false)
 4 FCPATH\index.php(79): CodeIgniter\CodeIgniter->run()
WARNING - 2025-01-17 12:03:28 --> [DEPRECATED] Creation of dynamic property App\Controllers\HomeController::$blogModel is deprecated in APPPATH\Controllers\HomeController.php on line 24.
 1 SYSTEMPATH\CodeIgniter.php(913): App\Controllers\HomeController->__construct()
 2 SYSTEMPATH\CodeIgniter.php(493): CodeIgniter\CodeIgniter->createController()
 3 SYSTEMPATH\CodeIgniter.php(361): CodeIgniter\CodeIgniter->handleRequest(null, Object(Config\Cache), false)
 4 FCPATH\index.php(79): CodeIgniter\CodeIgniter->run()
INFO - 2025-01-17 12:03:28 --> Session: Class initialized using 'CodeIgniter\Session\Handlers\FileHandler' driver.
CRITICAL - 2025-01-17 12:03:28 --> ErrorException: Trying to access array offset on value of type null
in APPPATH\Controllers\HomeController.php on line 80.
 1 APPPATH\Controllers\HomeController.php(80): CodeIgniter\Debug\Exceptions->errorHandler(2, 'Trying to access array offset on value of type null', 'C:\\xampp\\htdocs\\uttrakhand\\app\\Controllers\\HomeController.php', 80)
 2 SYSTEMPATH\CodeIgniter.php(941): App\Controllers\HomeController->page('uploads', 'no_image.jpg')
 3 SYSTEMPATH\CodeIgniter.php(502): CodeIgniter\CodeIgniter->runController(Object(App\Controllers\HomeController))
 4 SYSTEMPATH\CodeIgniter.php(361): CodeIgniter\CodeIgniter->handleRequest(null, Object(Config\Cache), false)
 5 FCPATH\index.php(79): CodeIgniter\CodeIgniter->run()
WARNING - 2025-01-17 12:03:32 --> [DEPRECATED] Creation of dynamic property App\Controllers\DestinationController::$citiesModel is deprecated in APPPATH\Controllers\DestinationController.php on line 16.
 1 SYSTEMPATH\CodeIgniter.php(913): App\Controllers\DestinationController->__construct()
 2 SYSTEMPATH\CodeIgniter.php(493): CodeIgniter\CodeIgniter->createController()
 3 SYSTEMPATH\CodeIgniter.php(361): CodeIgniter\CodeIgniter->handleRequest(null, Object(Config\Cache), false)
 4 FCPATH\index.php(79): CodeIgniter\CodeIgniter->run()
WARNING - 2025-01-17 12:03:32 --> [DEPRECATED] Creation of dynamic property App\Controllers\DestinationController::$uttarakhandModel is deprecated in APPPATH\Controllers\DestinationController.php on line 17.
 1 SYSTEMPATH\CodeIgniter.php(913): App\Controllers\DestinationController->__construct()
 2 SYSTEMPATH\CodeIgniter.php(493): CodeIgniter\CodeIgniter->createController()
 3 SYSTEMPATH\CodeIgniter.php(361): CodeIgniter\CodeIgniter->handleRequest(null, Object(Config\Cache), false)
 4 FCPATH\index.php(79): CodeIgniter\CodeIgniter->run()
WARNING - 2025-01-17 12:03:32 --> [DEPRECATED] Creation of dynamic property App\Controllers\DestinationController::$imageModel is deprecated in APPPATH\Controllers\DestinationController.php on line 18.
 1 SYSTEMPATH\CodeIgniter.php(913): App\Controllers\DestinationController->__construct()
 2 SYSTEMPATH\CodeIgniter.php(493): CodeIgniter\CodeIgniter->createController()
 3 SYSTEMPATH\CodeIgniter.php(361): CodeIgniter\CodeIgniter->handleRequest(null, Object(Config\Cache), false)
 4 FCPATH\index.php(79): CodeIgniter\CodeIgniter->run()
WARNING - 2025-01-17 12:03:32 --> [DEPRECATED] Creation of dynamic property App\Controllers\DestinationController::$areaModel is deprecated in APPPATH\Controllers\DestinationController.php on line 19.
 1 SYSTEMPATH\CodeIgniter.php(913): App\Controllers\DestinationController->__construct()
 2 SYSTEMPATH\CodeIgniter.php(493): CodeIgniter\CodeIgniter->createController()
 3 SYSTEMPATH\CodeIgniter.php(361): CodeIgniter\CodeIgniter->handleRequest(null, Object(Config\Cache), false)
 4 FCPATH\index.php(79): CodeIgniter\CodeIgniter->run()
WARNING - 2025-01-17 12:03:32 --> [DEPRECATED] Creation of dynamic property App\Controllers\DestinationController::$foodModel is deprecated in APPPATH\Controllers\DestinationController.php on line 20.
 1 SYSTEMPATH\CodeIgniter.php(913): App\Controllers\DestinationController->__construct()
 2 SYSTEMPATH\CodeIgniter.php(493): CodeIgniter\CodeIgniter->createController()
 3 SYSTEMPATH\CodeIgniter.php(361): CodeIgniter\CodeIgniter->handleRequest(null, Object(Config\Cache), false)
 4 FCPATH\index.php(79): CodeIgniter\CodeIgniter->run()
WARNING - 2025-01-17 12:03:32 --> [DEPRECATED] Creation of dynamic property App\Controllers\DestinationController::$blogModel is deprecated in APPPATH\Controllers\DestinationController.php on line 21.
 1 SYSTEMPATH\CodeIgniter.php(913): App\Controllers\DestinationController->__construct()
 2 SYSTEMPATH\CodeIgniter.php(493): CodeIgniter\CodeIgniter->createController()
 3 SYSTEMPATH\CodeIgniter.php(361): CodeIgniter\CodeIgniter->handleRequest(null, Object(Config\Cache), false)
 4 FCPATH\index.php(79): CodeIgniter\CodeIgniter->run()
INFO - 2025-01-17 12:03:32 --> Session: Class initialized using 'CodeIgniter\Session\Handlers\FileHandler' driver.
WARNING - 2025-01-17 12:03:35 --> [DEPRECATED] Creation of dynamic property App\Controllers\HomeController::$citiesModel is deprecated in APPPATH\Controllers\HomeController.php on line 19.
 1 SYSTEMPATH\CodeIgniter.php(913): App\Controllers\HomeController->__construct()
 2 SYSTEMPATH\CodeIgniter.php(493): CodeIgniter\CodeIgniter->createController()
 3 SYSTEMPATH\CodeIgniter.php(361): CodeIgniter\CodeIgniter->handleRequest(null, Object(Config\Cache), false)
 4 FCPATH\index.php(79): CodeIgniter\CodeIgniter->run()
WARNING - 2025-01-17 12:03:35 --> [DEPRECATED] Creation of dynamic property App\Controllers\HomeController::$uttarakhandModel is deprecated in APPPATH\Controllers\HomeController.php on line 20.
 1 SYSTEMPATH\CodeIgniter.php(913): App\Controllers\HomeController->__construct()
 2 SYSTEMPATH\CodeIgniter.php(493): CodeIgniter\CodeIgniter->createController()
 3 SYSTEMPATH\CodeIgniter.php(361): CodeIgniter\CodeIgniter->handleRequest(null, Object(Config\Cache), false)
 4 FCPATH\index.php(79): CodeIgniter\CodeIgniter->run()
WARNING - 2025-01-17 12:03:35 --> [DEPRECATED] Creation of dynamic property App\Controllers\HomeController::$imageModel is deprecated in APPPATH\Controllers\HomeController.php on line 21.
 1 SYSTEMPATH\CodeIgniter.php(913): App\Controllers\HomeController->__construct()
 2 SYSTEMPATH\CodeIgniter.php(493): CodeIgniter\CodeIgniter->createController()
 3 SYSTEMPATH\CodeIgniter.php(361): CodeIgniter\CodeIgniter->handleRequest(null, Object(Config\Cache), false)
 4 FCPATH\index.php(79): CodeIgniter\CodeIgniter->run()
WARNING - 2025-01-17 12:03:35 --> [DEPRECATED] Creation of dynamic property App\Controllers\HomeController::$areaModel is deprecated in APPPATH\Controllers\HomeController.php on line 22.
 1 SYSTEMPATH\CodeIgniter.php(913): App\Controllers\HomeController->__construct()
 2 SYSTEMPATH\CodeIgniter.php(493): CodeIgniter\CodeIgniter->createController()
 3 SYSTEMPATH\CodeIgniter.php(361): CodeIgniter\CodeIgniter->handleRequest(null, Object(Config\Cache), false)
 4 FCPATH\index.php(79): CodeIgniter\CodeIgniter->run()
WARNING - 2025-01-17 12:03:35 --> [DEPRECATED] Creation of dynamic property App\Controllers\HomeController::$foodModel is deprecated in APPPATH\Controllers\HomeController.php on line 23.
 1 SYSTEMPATH\CodeIgniter.php(913): App\Controllers\HomeController->__construct()
 2 SYSTEMPATH\CodeIgniter.php(493): CodeIgniter\CodeIgniter->createController()
 3 SYSTEMPATH\CodeIgniter.php(361): CodeIgniter\CodeIgniter->handleRequest(null, Object(Config\Cache), false)
 4 FCPATH\index.php(79): CodeIgniter\CodeIgniter->run()
WARNING - 2025-01-17 12:03:35 --> [DEPRECATED] Creation of dynamic property App\Controllers\HomeController::$blogModel is deprecated in APPPATH\Controllers\HomeController.php on line 24.
 1 SYSTEMPATH\CodeIgniter.php(913): App\Controllers\HomeController->__construct()
 2 SYSTEMPATH\CodeIgniter.php(493): CodeIgniter\CodeIgniter->createController()
 3 SYSTEMPATH\CodeIgniter.php(361): CodeIgniter\CodeIgniter->handleRequest(null, Object(Config\Cache), false)
 4 FCPATH\index.php(79): CodeIgniter\CodeIgniter->run()
INFO - 2025-01-17 12:03:35 --> Session: Class initialized using 'CodeIgniter\Session\Handlers\FileHandler' driver.
CRITICAL - 2025-01-17 12:03:35 --> ErrorException: Trying to access array offset on value of type null
in APPPATH\Controllers\HomeController.php on line 80.
 1 APPPATH\Controllers\HomeController.php(80): CodeIgniter\Debug\Exceptions->errorHandler(2, 'Trying to access array offset on value of type null', 'C:\\xampp\\htdocs\\uttrakhand\\app\\Controllers\\HomeController.php', 80)
 2 SYSTEMPATH\CodeIgniter.php(941): App\Controllers\HomeController->page('images', 'bg_2.jpg')
 3 SYSTEMPATH\CodeIgniter.php(502): CodeIgniter\CodeIgniter->runController(Object(App\Controllers\HomeController))
 4 SYSTEMPATH\CodeIgniter.php(361): CodeIgniter\CodeIgniter->handleRequest(null, Object(Config\Cache), false)
 5 FCPATH\index.php(79): CodeIgniter\CodeIgniter->run()
WARNING - 2025-01-17 12:03:36 --> [DEPRECATED] Creation of dynamic property App\Controllers\HomeController::$citiesModel is deprecated in APPPATH\Controllers\HomeController.php on line 19.
 1 SYSTEMPATH\CodeIgniter.php(913): App\Controllers\HomeController->__construct()
 2 SYSTEMPATH\CodeIgniter.php(493): CodeIgniter\CodeIgniter->createController()
 3 SYSTEMPATH\CodeIgniter.php(361): CodeIgniter\CodeIgniter->handleRequest(null, Object(Config\Cache), false)
 4 FCPATH\index.php(79): CodeIgniter\CodeIgniter->run()
WARNING - 2025-01-17 12:03:36 --> [DEPRECATED] Creation of dynamic property App\Controllers\HomeController::$uttarakhandModel is deprecated in APPPATH\Controllers\HomeController.php on line 20.
 1 SYSTEMPATH\CodeIgniter.php(913): App\Controllers\HomeController->__construct()
 2 SYSTEMPATH\CodeIgniter.php(493): CodeIgniter\CodeIgniter->createController()
 3 SYSTEMPATH\CodeIgniter.php(361): CodeIgniter\CodeIgniter->handleRequest(null, Object(Config\Cache), false)
 4 FCPATH\index.php(79): CodeIgniter\CodeIgniter->run()
WARNING - 2025-01-17 12:03:36 --> [DEPRECATED] Creation of dynamic property App\Controllers\HomeController::$imageModel is deprecated in APPPATH\Controllers\HomeController.php on line 21.
 1 SYSTEMPATH\CodeIgniter.php(913): App\Controllers\HomeController->__construct()
 2 SYSTEMPATH\CodeIgniter.php(493): CodeIgniter\CodeIgniter->createController()
 3 SYSTEMPATH\CodeIgniter.php(361): CodeIgniter\CodeIgniter->handleRequest(null, Object(Config\Cache), false)
 4 FCPATH\index.php(79): CodeIgniter\CodeIgniter->run()
WARNING - 2025-01-17 12:03:36 --> [DEPRECATED] Creation of dynamic property App\Controllers\HomeController::$areaModel is deprecated in APPPATH\Controllers\HomeController.php on line 22.
 1 SYSTEMPATH\CodeIgniter.php(913): App\Controllers\HomeController->__construct()
 2 SYSTEMPATH\CodeIgniter.php(493): CodeIgniter\CodeIgniter->createController()
 3 SYSTEMPATH\CodeIgniter.php(361): CodeIgniter\CodeIgniter->handleRequest(null, Object(Config\Cache), false)
 4 FCPATH\index.php(79): CodeIgniter\CodeIgniter->run()
WARNING - 2025-01-17 12:03:36 --> [DEPRECATED] Creation of dynamic property App\Controllers\HomeController::$foodModel is deprecated in APPPATH\Controllers\HomeController.php on line 23.
 1 SYSTEMPATH\CodeIgniter.php(913): App\Controllers\HomeController->__construct()
 2 SYSTEMPATH\CodeIgniter.php(493): CodeIgniter\CodeIgniter->createController()
 3 SYSTEMPATH\CodeIgniter.php(361): CodeIgniter\CodeIgniter->handleRequest(null, Object(Config\Cache), false)
 4 FCPATH\index.php(79): CodeIgniter\CodeIgniter->run()
WARNING - 2025-01-17 12:03:36 --> [DEPRECATED] Creation of dynamic property App\Controllers\HomeController::$blogModel is deprecated in APPPATH\Controllers\HomeController.php on line 24.
 1 SYSTEMPATH\CodeIgniter.php(913): App\Controllers\HomeController->__construct()
 2 SYSTEMPATH\CodeIgniter.php(493): CodeIgniter\CodeIgniter->createController()
 3 SYSTEMPATH\CodeIgniter.php(361): CodeIgniter\CodeIgniter->handleRequest(null, Object(Config\Cache), false)
 4 FCPATH\index.php(79): CodeIgniter\CodeIgniter->run()
INFO - 2025-01-17 12:03:36 --> Session: Class initialized using 'CodeIgniter\Session\Handlers\FileHandler' driver.
WARNING - 2025-01-17 12:03:39 --> [DEPRECATED] Creation of dynamic property App\Controllers\HomeController::$citiesModel is deprecated in APPPATH\Controllers\HomeController.php on line 19.
 1 SYSTEMPATH\CodeIgniter.php(913): App\Controllers\HomeController->__construct()
 2 SYSTEMPATH\CodeIgniter.php(493): CodeIgniter\CodeIgniter->createController()
 3 SYSTEMPATH\CodeIgniter.php(361): CodeIgniter\CodeIgniter->handleRequest(null, Object(Config\Cache), false)
 4 FCPATH\index.php(79): CodeIgniter\CodeIgniter->run()
WARNING - 2025-01-17 12:03:39 --> [DEPRECATED] Creation of dynamic property App\Controllers\HomeController::$uttarakhandModel is deprecated in APPPATH\Controllers\HomeController.php on line 20.
 1 SYSTEMPATH\CodeIgniter.php(913): App\Controllers\HomeController->__construct()
 2 SYSTEMPATH\CodeIgniter.php(493): CodeIgniter\CodeIgniter->createController()
 3 SYSTEMPATH\CodeIgniter.php(361): CodeIgniter\CodeIgniter->handleRequest(null, Object(Config\Cache), false)
 4 FCPATH\index.php(79): CodeIgniter\CodeIgniter->run()
WARNING - 2025-01-17 12:03:39 --> [DEPRECATED] Creation of dynamic property App\Controllers\HomeController::$imageModel is deprecated in APPPATH\Controllers\HomeController.php on line 21.
 1 SYSTEMPATH\CodeIgniter.php(913): App\Controllers\HomeController->__construct()
 2 SYSTEMPATH\CodeIgniter.php(493): CodeIgniter\CodeIgniter->createController()
 3 SYSTEMPATH\CodeIgniter.php(361): CodeIgniter\CodeIgniter->handleRequest(null, Object(Config\Cache), false)
 4 FCPATH\index.php(79): CodeIgniter\CodeIgniter->run()
WARNING - 2025-01-17 12:03:39 --> [DEPRECATED] Creation of dynamic property App\Controllers\HomeController::$areaModel is deprecated in APPPATH\Controllers\HomeController.php on line 22.
 1 SYSTEMPATH\CodeIgniter.php(913): App\Controllers\HomeController->__construct()
 2 SYSTEMPATH\CodeIgniter.php(493): CodeIgniter\CodeIgniter->createController()
 3 SYSTEMPATH\CodeIgniter.php(361): CodeIgniter\CodeIgniter->handleRequest(null, Object(Config\Cache), false)
 4 FCPATH\index.php(79): CodeIgniter\CodeIgniter->run()
WARNING - 2025-01-17 12:03:39 --> [DEPRECATED] Creation of dynamic property App\Controllers\HomeController::$foodModel is deprecated in APPPATH\Controllers\HomeController.php on line 23.
 1 SYSTEMPATH\CodeIgniter.php(913): App\Controllers\HomeController->__construct()
 2 SYSTEMPATH\CodeIgniter.php(493): CodeIgniter\CodeIgniter->createController()
 3 SYSTEMPATH\CodeIgniter.php(361): CodeIgniter\CodeIgniter->handleRequest(null, Object(Config\Cache), false)
 4 FCPATH\index.php(79): CodeIgniter\CodeIgniter->run()
WARNING - 2025-01-17 12:03:39 --> [DEPRECATED] Creation of dynamic property App\Controllers\HomeController::$blogModel is deprecated in APPPATH\Controllers\HomeController.php on line 24.
 1 SYSTEMPATH\CodeIgniter.php(913): App\Controllers\HomeController->__construct()
 2 SYSTEMPATH\CodeIgniter.php(493): CodeIgniter\CodeIgniter->createController()
 3 SYSTEMPATH\CodeIgniter.php(361): CodeIgniter\CodeIgniter->handleRequest(null, Object(Config\Cache), false)
 4 FCPATH\index.php(79): CodeIgniter\CodeIgniter->run()
INFO - 2025-01-17 12:03:39 --> Session: Class initialized using 'CodeIgniter\Session\Handlers\FileHandler' driver.
WARNING - 2025-01-17 12:03:39 --> [DEPRECATED] Creation of dynamic property App\Controllers\HomeController::$citiesModel is deprecated in APPPATH\Controllers\HomeController.php on line 19.
 1 SYSTEMPATH\CodeIgniter.php(913): App\Controllers\HomeController->__construct()
 2 SYSTEMPATH\CodeIgniter.php(493): CodeIgniter\CodeIgniter->createController()
 3 SYSTEMPATH\CodeIgniter.php(361): CodeIgniter\CodeIgniter->handleRequest(null, Object(Config\Cache), false)
 4 FCPATH\index.php(79): CodeIgniter\CodeIgniter->run()
WARNING - 2025-01-17 12:03:39 --> [DEPRECATED] Creation of dynamic property App\Controllers\HomeController::$uttarakhandModel is deprecated in APPPATH\Controllers\HomeController.php on line 20.
 1 SYSTEMPATH\CodeIgniter.php(913): App\Controllers\HomeController->__construct()
 2 SYSTEMPATH\CodeIgniter.php(493): CodeIgniter\CodeIgniter->createController()
 3 SYSTEMPATH\CodeIgniter.php(361): CodeIgniter\CodeIgniter->handleRequest(null, Object(Config\Cache), false)
 4 FCPATH\index.php(79): CodeIgniter\CodeIgniter->run()
WARNING - 2025-01-17 12:03:39 --> [DEPRECATED] Creation of dynamic property App\Controllers\HomeController::$imageModel is deprecated in APPPATH\Controllers\HomeController.php on line 21.
 1 SYSTEMPATH\CodeIgniter.php(913): App\Controllers\HomeController->__construct()
 2 SYSTEMPATH\CodeIgniter.php(493): CodeIgniter\CodeIgniter->createController()
 3 SYSTEMPATH\CodeIgniter.php(361): CodeIgniter\CodeIgniter->handleRequest(null, Object(Config\Cache), false)
 4 FCPATH\index.php(79): CodeIgniter\CodeIgniter->run()
WARNING - 2025-01-17 12:03:39 --> [DEPRECATED] Creation of dynamic property App\Controllers\HomeController::$areaModel is deprecated in APPPATH\Controllers\HomeController.php on line 22.
 1 SYSTEMPATH\CodeIgniter.php(913): App\Controllers\HomeController->__construct()
 2 SYSTEMPATH\CodeIgniter.php(493): CodeIgniter\CodeIgniter->createController()
 3 SYSTEMPATH\CodeIgniter.php(361): CodeIgniter\CodeIgniter->handleRequest(null, Object(Config\Cache), false)
 4 FCPATH\index.php(79): CodeIgniter\CodeIgniter->run()
CRITICAL - 2025-01-17 12:03:39 --> ErrorException: Trying to access array offset on value of type null
in APPPATH\Controllers\HomeController.php on line 61.
 1 APPPATH\Controllers\HomeController.php(61): CodeIgniter\Debug\Exceptions->errorHandler(2, 'Trying to access array offset on value of type null', 'C:\\xampp\\htdocs\\uttrakhand\\app\\Controllers\\HomeController.php', 61)
 2 SYSTEMPATH\CodeIgniter.php(941): App\Controllers\HomeController->Mainpage('hotel')
 3 SYSTEMPATH\CodeIgniter.php(502): CodeIgniter\CodeIgniter->runController(Object(App\Controllers\HomeController))
 4 SYSTEMPATH\CodeIgniter.php(361): CodeIgniter\CodeIgniter->handleRequest(null, Object(Config\Cache), false)
 5 FCPATH\index.php(79): CodeIgniter\CodeIgniter->run()
WARNING - 2025-01-17 12:03:39 --> [DEPRECATED] Creation of dynamic property App\Controllers\HomeController::$foodModel is deprecated in APPPATH\Controllers\HomeController.php on line 23.
 1 SYSTEMPATH\CodeIgniter.php(913): App\Controllers\HomeController->__construct()
 2 SYSTEMPATH\CodeIgniter.php(493): CodeIgniter\CodeIgniter->createController()
 3 SYSTEMPATH\CodeIgniter.php(361): CodeIgniter\CodeIgniter->handleRequest(null, Object(Config\Cache), false)
 4 FCPATH\index.php(79): CodeIgniter\CodeIgniter->run()
WARNING - 2025-01-17 12:03:39 --> [DEPRECATED] Creation of dynamic property App\Controllers\HomeController::$blogModel is deprecated in APPPATH\Controllers\HomeController.php on line 24.
 1 SYSTEMPATH\CodeIgniter.php(913): App\Controllers\HomeController->__construct()
 2 SYSTEMPATH\CodeIgniter.php(493): CodeIgniter\CodeIgniter->createController()
 3 SYSTEMPATH\CodeIgniter.php(361): CodeIgniter\CodeIgniter->handleRequest(null, Object(Config\Cache), false)
 4 FCPATH\index.php(79): CodeIgniter\CodeIgniter->run()
INFO - 2025-01-17 12:03:42 --> Session: Class initialized using 'CodeIgniter\Session\Handlers\FileHandler' driver.
CRITICAL - 2025-01-17 12:03:42 --> ErrorException: Trying to access array offset on value of type null
in APPPATH\Controllers\HomeController.php on line 61.
 1 APPPATH\Controllers\HomeController.php(61): CodeIgniter\Debug\Exceptions->errorHandler(2, 'Trying to access array offset on value of type null', 'C:\\xampp\\htdocs\\uttrakhand\\app\\Controllers\\HomeController.php', 61)
 2 SYSTEMPATH\CodeIgniter.php(941): App\Controllers\HomeController->Mainpage('hotel')
 3 SYSTEMPATH\CodeIgniter.php(502): CodeIgniter\CodeIgniter->runController(Object(App\Controllers\HomeController))
 4 SYSTEMPATH\CodeIgniter.php(361): CodeIgniter\CodeIgniter->handleRequest(null, Object(Config\Cache), false)
 5 FCPATH\index.php(79): CodeIgniter\CodeIgniter->run()
WARNING - 2025-01-17 12:13:39 --> [DEPRECATED] Creation of dynamic property App\Controllers\HomeController::$citiesModel is deprecated in APPPATH\Controllers\HomeController.php on line 19.
 1 SYSTEMPATH\CodeIgniter.php(913): App\Controllers\HomeController->__construct()
 2 SYSTEMPATH\CodeIgniter.php(493): CodeIgniter\CodeIgniter->createController()
 3 SYSTEMPATH\CodeIgniter.php(361): CodeIgniter\CodeIgniter->handleRequest(null, Object(Config\Cache), false)
 4 FCPATH\index.php(79): CodeIgniter\CodeIgniter->run()
WARNING - 2025-01-17 12:13:39 --> [DEPRECATED] Creation of dynamic property App\Controllers\HomeController::$uttarakhandModel is deprecated in APPPATH\Controllers\HomeController.php on line 20.
 1 SYSTEMPATH\CodeIgniter.php(913): App\Controllers\HomeController->__construct()
 2 SYSTEMPATH\CodeIgniter.php(493): CodeIgniter\CodeIgniter->createController()
 3 SYSTEMPATH\CodeIgniter.php(361): CodeIgniter\CodeIgniter->handleRequest(null, Object(Config\Cache), false)
 4 FCPATH\index.php(79): CodeIgniter\CodeIgniter->run()
WARNING - 2025-01-17 12:13:39 --> [DEPRECATED] Creation of dynamic property App\Controllers\HomeController::$imageModel is deprecated in APPPATH\Controllers\HomeController.php on line 21.
 1 SYSTEMPATH\CodeIgniter.php(913): App\Controllers\HomeController->__construct()
 2 SYSTEMPATH\CodeIgniter.php(493): CodeIgniter\CodeIgniter->createController()
 3 SYSTEMPATH\CodeIgniter.php(361): CodeIgniter\CodeIgniter->handleRequest(null, Object(Config\Cache), false)
 4 FCPATH\index.php(79): CodeIgniter\CodeIgniter->run()
WARNING - 2025-01-17 12:13:39 --> [DEPRECATED] Creation of dynamic property App\Controllers\HomeController::$areaModel is deprecated in APPPATH\Controllers\HomeController.php on line 22.
 1 SYSTEMPATH\CodeIgniter.php(913): App\Controllers\HomeController->__construct()
 2 SYSTEMPATH\CodeIgniter.php(493): CodeIgniter\CodeIgniter->createController()
 3 SYSTEMPATH\CodeIgniter.php(361): CodeIgniter\CodeIgniter->handleRequest(null, Object(Config\Cache), false)
 4 FCPATH\index.php(79): CodeIgniter\CodeIgniter->run()
WARNING - 2025-01-17 12:13:39 --> [DEPRECATED] Creation of dynamic property App\Controllers\HomeController::$foodModel is deprecated in APPPATH\Controllers\HomeController.php on line 23.
 1 SYSTEMPATH\CodeIgniter.php(913): App\Controllers\HomeController->__construct()
 2 SYSTEMPATH\CodeIgniter.php(493): CodeIgniter\CodeIgniter->createController()
 3 SYSTEMPATH\CodeIgniter.php(361): CodeIgniter\CodeIgniter->handleRequest(null, Object(Config\Cache), false)
 4 FCPATH\index.php(79): CodeIgniter\CodeIgniter->run()
WARNING - 2025-01-17 12:13:39 --> [DEPRECATED] Creation of dynamic property App\Controllers\HomeController::$blogModel is deprecated in APPPATH\Controllers\HomeController.php on line 24.
 1 SYSTEMPATH\CodeIgniter.php(913): App\Controllers\HomeController->__construct()
 2 SYSTEMPATH\CodeIgniter.php(493): CodeIgniter\CodeIgniter->createController()
 3 SYSTEMPATH\CodeIgniter.php(361): CodeIgniter\CodeIgniter->handleRequest(null, Object(Config\Cache), false)
 4 FCPATH\index.php(79): CodeIgniter\CodeIgniter->run()
INFO - 2025-01-17 12:13:39 --> Session: Class initialized using 'CodeIgniter\Session\Handlers\FileHandler' driver.
CRITICAL - 2025-01-17 12:13:39 --> ErrorException: Trying to access array offset on value of type null
in APPPATH\Controllers\HomeController.php on line 61.
 1 APPPATH\Controllers\HomeController.php(61): CodeIgniter\Debug\Exceptions->errorHandler(2, 'Trying to access array offset on value of type null', 'C:\\xampp\\htdocs\\uttrakhand\\app\\Controllers\\HomeController.php', 61)
 2 SYSTEMPATH\CodeIgniter.php(941): App\Controllers\HomeController->Mainpage('hotel')
 3 SYSTEMPATH\CodeIgniter.php(502): CodeIgniter\CodeIgniter->runController(Object(App\Controllers\HomeController))
 4 SYSTEMPATH\CodeIgniter.php(361): CodeIgniter\CodeIgniter->handleRequest(null, Object(Config\Cache), false)
 5 FCPATH\index.php(79): CodeIgniter\CodeIgniter->run()
WARNING - 2025-01-17 12:13:41 --> [DEPRECATED] Creation of dynamic property App\Controllers\HomeController::$citiesModel is deprecated in APPPATH\Controllers\HomeController.php on line 19.
 1 SYSTEMPATH\CodeIgniter.php(913): App\Controllers\HomeController->__construct()
 2 SYSTEMPATH\CodeIgniter.php(493): CodeIgniter\CodeIgniter->createController()
 3 SYSTEMPATH\CodeIgniter.php(361): CodeIgniter\CodeIgniter->handleRequest(null, Object(Config\Cache), false)
 4 FCPATH\index.php(79): CodeIgniter\CodeIgniter->run()
WARNING - 2025-01-17 12:13:41 --> [DEPRECATED] Creation of dynamic property App\Controllers\HomeController::$uttarakhandModel is deprecated in APPPATH\Controllers\HomeController.php on line 20.
 1 SYSTEMPATH\CodeIgniter.php(913): App\Controllers\HomeController->__construct()
 2 SYSTEMPATH\CodeIgniter.php(493): CodeIgniter\CodeIgniter->createController()
 3 SYSTEMPATH\CodeIgniter.php(361): CodeIgniter\CodeIgniter->handleRequest(null, Object(Config\Cache), false)
 4 FCPATH\index.php(79): CodeIgniter\CodeIgniter->run()
WARNING - 2025-01-17 12:13:41 --> [DEPRECATED] Creation of dynamic property App\Controllers\HomeController::$imageModel is deprecated in APPPATH\Controllers\HomeController.php on line 21.
 1 SYSTEMPATH\CodeIgniter.php(913): App\Controllers\HomeController->__construct()
 2 SYSTEMPATH\CodeIgniter.php(493): CodeIgniter\CodeIgniter->createController()
 3 SYSTEMPATH\CodeIgniter.php(361): CodeIgniter\CodeIgniter->handleRequest(null, Object(Config\Cache), false)
 4 FCPATH\index.php(79): CodeIgniter\CodeIgniter->run()
WARNING - 2025-01-17 12:13:41 --> [DEPRECATED] Creation of dynamic property App\Controllers\HomeController::$areaModel is deprecated in APPPATH\Controllers\HomeController.php on line 22.
 1 SYSTEMPATH\CodeIgniter.php(913): App\Controllers\HomeController->__construct()
 2 SYSTEMPATH\CodeIgniter.php(493): CodeIgniter\CodeIgniter->createController()
 3 SYSTEMPATH\CodeIgniter.php(361): CodeIgniter\CodeIgniter->handleRequest(null, Object(Config\Cache), false)
 4 FCPATH\index.php(79): CodeIgniter\CodeIgniter->run()
WARNING - 2025-01-17 12:13:41 --> [DEPRECATED] Creation of dynamic property App\Controllers\HomeController::$foodModel is deprecated in APPPATH\Controllers\HomeController.php on line 23.
 1 SYSTEMPATH\CodeIgniter.php(913): App\Controllers\HomeController->__construct()
 2 SYSTEMPATH\CodeIgniter.php(493): CodeIgniter\CodeIgniter->createController()
 3 SYSTEMPATH\CodeIgniter.php(361): CodeIgniter\CodeIgniter->handleRequest(null, Object(Config\Cache), false)
 4 FCPATH\index.php(79): CodeIgniter\CodeIgniter->run()
WARNING - 2025-01-17 12:13:41 --> [DEPRECATED] Creation of dynamic property App\Controllers\HomeController::$blogModel is deprecated in APPPATH\Controllers\HomeController.php on line 24.
 1 SYSTEMPATH\CodeIgniter.php(913): App\Controllers\HomeController->__construct()
 2 SYSTEMPATH\CodeIgniter.php(493): CodeIgniter\CodeIgniter->createController()
 3 SYSTEMPATH\CodeIgniter.php(361): CodeIgniter\CodeIgniter->handleRequest(null, Object(Config\Cache), false)
 4 FCPATH\index.php(79): CodeIgniter\CodeIgniter->run()
INFO - 2025-01-17 12:13:41 --> Session: Class initialized using 'CodeIgniter\Session\Handlers\FileHandler' driver.
WARNING - 2025-01-17 12:13:41 --> [DEPRECATED] Creation of dynamic property App\Controllers\HomeController::$citiesModel is deprecated in APPPATH\Controllers\HomeController.php on line 19.
 1 SYSTEMPATH\CodeIgniter.php(913): App\Controllers\HomeController->__construct()
 2 SYSTEMPATH\CodeIgniter.php(493): CodeIgniter\CodeIgniter->createController()
 3 SYSTEMPATH\CodeIgniter.php(361): CodeIgniter\CodeIgniter->handleRequest(null, Object(Config\Cache), false)
 4 FCPATH\index.php(79): CodeIgniter\CodeIgniter->run()
WARNING - 2025-01-17 12:13:41 --> [DEPRECATED] Creation of dynamic property App\Controllers\HomeController::$uttarakhandModel is deprecated in APPPATH\Controllers\HomeController.php on line 20.
 1 SYSTEMPATH\CodeIgniter.php(913): App\Controllers\HomeController->__construct()
 2 SYSTEMPATH\CodeIgniter.php(493): CodeIgniter\CodeIgniter->createController()
 3 SYSTEMPATH\CodeIgniter.php(361): CodeIgniter\CodeIgniter->handleRequest(null, Object(Config\Cache), false)
 4 FCPATH\index.php(79): CodeIgniter\CodeIgniter->run()
WARNING - 2025-01-17 12:13:41 --> [DEPRECATED] Creation of dynamic property App\Controllers\HomeController::$imageModel is deprecated in APPPATH\Controllers\HomeController.php on line 21.
 1 SYSTEMPATH\CodeIgniter.php(913): App\Controllers\HomeController->__construct()
 2 SYSTEMPATH\CodeIgniter.php(493): CodeIgniter\CodeIgniter->createController()
 3 SYSTEMPATH\CodeIgniter.php(361): CodeIgniter\CodeIgniter->handleRequest(null, Object(Config\Cache), false)
 4 FCPATH\index.php(79): CodeIgniter\CodeIgniter->run()
WARNING - 2025-01-17 12:13:41 --> [DEPRECATED] Creation of dynamic property App\Controllers\HomeController::$areaModel is deprecated in APPPATH\Controllers\HomeController.php on line 22.
 1 SYSTEMPATH\CodeIgniter.php(913): App\Controllers\HomeController->__construct()
 2 SYSTEMPATH\CodeIgniter.php(493): CodeIgniter\CodeIgniter->createController()
 3 SYSTEMPATH\CodeIgniter.php(361): CodeIgniter\CodeIgniter->handleRequest(null, Object(Config\Cache), false)
 4 FCPATH\index.php(79): CodeIgniter\CodeIgniter->run()
WARNING - 2025-01-17 12:13:41 --> [DEPRECATED] Creation of dynamic property App\Controllers\HomeController::$foodModel is deprecated in APPPATH\Controllers\HomeController.php on line 23.
 1 SYSTEMPATH\CodeIgniter.php(913): App\Controllers\HomeController->__construct()
 2 SYSTEMPATH\CodeIgniter.php(493): CodeIgniter\CodeIgniter->createController()
 3 SYSTEMPATH\CodeIgniter.php(361): CodeIgniter\CodeIgniter->handleRequest(null, Object(Config\Cache), false)
 4 FCPATH\index.php(79): CodeIgniter\CodeIgniter->run()
WARNING - 2025-01-17 12:13:41 --> [DEPRECATED] Creation of dynamic property App\Controllers\HomeController::$blogModel is deprecated in APPPATH\Controllers\HomeController.php on line 24.
 1 SYSTEMPATH\CodeIgniter.php(913): App\Controllers\HomeController->__construct()
 2 SYSTEMPATH\CodeIgniter.php(493): CodeIgniter\CodeIgniter->createController()
 3 SYSTEMPATH\CodeIgniter.php(361): CodeIgniter\CodeIgniter->handleRequest(null, Object(Config\Cache), false)
 4 FCPATH\index.php(79): CodeIgniter\CodeIgniter->run()
INFO - 2025-01-17 12:13:41 --> Session: Class initialized using 'CodeIgniter\Session\Handlers\FileHandler' driver.
CRITICAL - 2025-01-17 12:13:41 --> ErrorException: Trying to access array offset on value of type null
in APPPATH\Controllers\HomeController.php on line 61.
 1 APPPATH\Controllers\HomeController.php(61): CodeIgniter\Debug\Exceptions->errorHandler(2, 'Trying to access array offset on value of type null', 'C:\\xampp\\htdocs\\uttrakhand\\app\\Controllers\\HomeController.php', 61)
 2 SYSTEMPATH\CodeIgniter.php(941): App\Controllers\HomeController->Mainpage('hotel')
 3 SYSTEMPATH\CodeIgniter.php(502): CodeIgniter\CodeIgniter->runController(Object(App\Controllers\HomeController))
 4 SYSTEMPATH\CodeIgniter.php(361): CodeIgniter\CodeIgniter->handleRequest(null, Object(Config\Cache), false)
 5 FCPATH\index.php(79): CodeIgniter\CodeIgniter->run()
WARNING - 2025-01-17 12:13:44 --> [DEPRECATED] Creation of dynamic property App\Controllers\HomeController::$citiesModel is deprecated in APPPATH\Controllers\HomeController.php on line 19.
 1 SYSTEMPATH\CodeIgniter.php(913): App\Controllers\HomeController->__construct()
 2 SYSTEMPATH\CodeIgniter.php(493): CodeIgniter\CodeIgniter->createController()
 3 SYSTEMPATH\CodeIgniter.php(361): CodeIgniter\CodeIgniter->handleRequest(null, Object(Config\Cache), false)
 4 FCPATH\index.php(79): CodeIgniter\CodeIgniter->run()
WARNING - 2025-01-17 12:13:44 --> [DEPRECATED] Creation of dynamic property App\Controllers\HomeController::$uttarakhandModel is deprecated in APPPATH\Controllers\HomeController.php on line 20.
 1 SYSTEMPATH\CodeIgniter.php(913): App\Controllers\HomeController->__construct()
 2 SYSTEMPATH\CodeIgniter.php(493): CodeIgniter\CodeIgniter->createController()
 3 SYSTEMPATH\CodeIgniter.php(361): CodeIgniter\CodeIgniter->handleRequest(null, Object(Config\Cache), false)
 4 FCPATH\index.php(79): CodeIgniter\CodeIgniter->run()
WARNING - 2025-01-17 12:13:44 --> [DEPRECATED] Creation of dynamic property App\Controllers\HomeController::$imageModel is deprecated in APPPATH\Controllers\HomeController.php on line 21.
 1 SYSTEMPATH\CodeIgniter.php(913): App\Controllers\HomeController->__construct()
 2 SYSTEMPATH\CodeIgniter.php(493): CodeIgniter\CodeIgniter->createController()
 3 SYSTEMPATH\CodeIgniter.php(361): CodeIgniter\CodeIgniter->handleRequest(null, Object(Config\Cache), false)
 4 FCPATH\index.php(79): CodeIgniter\CodeIgniter->run()
WARNING - 2025-01-17 12:13:44 --> [DEPRECATED] Creation of dynamic property App\Controllers\HomeController::$areaModel is deprecated in APPPATH\Controllers\HomeController.php on line 22.
 1 SYSTEMPATH\CodeIgniter.php(913): App\Controllers\HomeController->__construct()
 2 SYSTEMPATH\CodeIgniter.php(493): CodeIgniter\CodeIgniter->createController()
 3 SYSTEMPATH\CodeIgniter.php(361): CodeIgniter\CodeIgniter->handleRequest(null, Object(Config\Cache), false)
 4 FCPATH\index.php(79): CodeIgniter\CodeIgniter->run()
WARNING - 2025-01-17 12:13:44 --> [DEPRECATED] Creation of dynamic property App\Controllers\HomeController::$foodModel is deprecated in APPPATH\Controllers\HomeController.php on line 23.
 1 SYSTEMPATH\CodeIgniter.php(913): App\Controllers\HomeController->__construct()
 2 SYSTEMPATH\CodeIgniter.php(493): CodeIgniter\CodeIgniter->createController()
 3 SYSTEMPATH\CodeIgniter.php(361): CodeIgniter\CodeIgniter->handleRequest(null, Object(Config\Cache), false)
 4 FCPATH\index.php(79): CodeIgniter\CodeIgniter->run()
WARNING - 2025-01-17 12:13:44 --> [DEPRECATED] Creation of dynamic property App\Controllers\HomeController::$blogModel is deprecated in APPPATH\Controllers\HomeController.php on line 24.
 1 SYSTEMPATH\CodeIgniter.php(913): App\Controllers\HomeController->__construct()
 2 SYSTEMPATH\CodeIgniter.php(493): CodeIgniter\CodeIgniter->createController()
 3 SYSTEMPATH\CodeIgniter.php(361): CodeIgniter\CodeIgniter->handleRequest(null, Object(Config\Cache), false)
 4 FCPATH\index.php(79): CodeIgniter\CodeIgniter->run()
INFO - 2025-01-17 12:13:44 --> Session: Class initialized using 'CodeIgniter\Session\Handlers\FileHandler' driver.
WARNING - 2025-01-17 12:13:45 --> [DEPRECATED] Creation of dynamic property App\Controllers\HomeController::$citiesModel is deprecated in APPPATH\Controllers\HomeController.php on line 19.
 1 SYSTEMPATH\CodeIgniter.php(913): App\Controllers\HomeController->__construct()
 2 SYSTEMPATH\CodeIgniter.php(493): CodeIgniter\CodeIgniter->createController()
 3 SYSTEMPATH\CodeIgniter.php(361): CodeIgniter\CodeIgniter->handleRequest(null, Object(Config\Cache), false)
 4 FCPATH\index.php(79): CodeIgniter\CodeIgniter->run()
WARNING - 2025-01-17 12:13:45 --> [DEPRECATED] Creation of dynamic property App\Controllers\HomeController::$uttarakhandModel is deprecated in APPPATH\Controllers\HomeController.php on line 20.
 1 SYSTEMPATH\CodeIgniter.php(913): App\Controllers\HomeController->__construct()
 2 SYSTEMPATH\CodeIgniter.php(493): CodeIgniter\CodeIgniter->createController()
 3 SYSTEMPATH\CodeIgniter.php(361): CodeIgniter\CodeIgniter->handleRequest(null, Object(Config\Cache), false)
 4 FCPATH\index.php(79): CodeIgniter\CodeIgniter->run()
WARNING - 2025-01-17 12:13:45 --> [DEPRECATED] Creation of dynamic property App\Controllers\HomeController::$imageModel is deprecated in APPPATH\Controllers\HomeController.php on line 21.
 1 SYSTEMPATH\CodeIgniter.php(913): App\Controllers\HomeController->__construct()
 2 SYSTEMPATH\CodeIgniter.php(493): CodeIgniter\CodeIgniter->createController()
 3 SYSTEMPATH\CodeIgniter.php(361): CodeIgniter\CodeIgniter->handleRequest(null, Object(Config\Cache), false)
 4 FCPATH\index.php(79): CodeIgniter\CodeIgniter->run()
WARNING - 2025-01-17 12:13:45 --> [DEPRECATED] Creation of dynamic property App\Controllers\HomeController::$areaModel is deprecated in APPPATH\Controllers\HomeController.php on line 22.
 1 SYSTEMPATH\CodeIgniter.php(913): App\Controllers\HomeController->__construct()
 2 SYSTEMPATH\CodeIgniter.php(493): CodeIgniter\CodeIgniter->createController()
 3 SYSTEMPATH\CodeIgniter.php(361): CodeIgniter\CodeIgniter->handleRequest(null, Object(Config\Cache), false)
 4 FCPATH\index.php(79): CodeIgniter\CodeIgniter->run()
WARNING - 2025-01-17 12:13:45 --> [DEPRECATED] Creation of dynamic property App\Controllers\HomeController::$foodModel is deprecated in APPPATH\Controllers\HomeController.php on line 23.
 1 SYSTEMPATH\CodeIgniter.php(913): App\Controllers\HomeController->__construct()
 2 SYSTEMPATH\CodeIgniter.php(493): CodeIgniter\CodeIgniter->createController()
 3 SYSTEMPATH\CodeIgniter.php(361): CodeIgniter\CodeIgniter->handleRequest(null, Object(Config\Cache), false)
 4 FCPATH\index.php(79): CodeIgniter\CodeIgniter->run()
WARNING - 2025-01-17 12:13:45 --> [DEPRECATED] Creation of dynamic property App\Controllers\HomeController::$blogModel is deprecated in APPPATH\Controllers\HomeController.php on line 24.
 1 SYSTEMPATH\CodeIgniter.php(913): App\Controllers\HomeController->__construct()
 2 SYSTEMPATH\CodeIgniter.php(493): CodeIgniter\CodeIgniter->createController()
 3 SYSTEMPATH\CodeIgniter.php(361): CodeIgniter\CodeIgniter->handleRequest(null, Object(Config\Cache), false)
 4 FCPATH\index.php(79): CodeIgniter\CodeIgniter->run()
INFO - 2025-01-17 12:13:45 --> Session: Class initialized using 'CodeIgniter\Session\Handlers\FileHandler' driver.
WARNING - 2025-01-17 12:13:47 --> [DEPRECATED] Creation of dynamic property App\Controllers\HomeController::$citiesModel is deprecated in APPPATH\Controllers\HomeController.php on line 19.
 1 SYSTEMPATH\CodeIgniter.php(913): App\Controllers\HomeController->__construct()
 2 SYSTEMPATH\CodeIgniter.php(493): CodeIgniter\CodeIgniter->createController()
 3 SYSTEMPATH\CodeIgniter.php(361): CodeIgniter\CodeIgniter->handleRequest(null, Object(Config\Cache), false)
 4 FCPATH\index.php(79): CodeIgniter\CodeIgniter->run()
WARNING - 2025-01-17 12:13:47 --> [DEPRECATED] Creation of dynamic property App\Controllers\HomeController::$uttarakhandModel is deprecated in APPPATH\Controllers\HomeController.php on line 20.
 1 SYSTEMPATH\CodeIgniter.php(913): App\Controllers\HomeController->__construct()
 2 SYSTEMPATH\CodeIgniter.php(493): CodeIgniter\CodeIgniter->createController()
 3 SYSTEMPATH\CodeIgniter.php(361): CodeIgniter\CodeIgniter->handleRequest(null, Object(Config\Cache), false)
 4 FCPATH\index.php(79): CodeIgniter\CodeIgniter->run()
WARNING - 2025-01-17 12:13:47 --> [DEPRECATED] Creation of dynamic property App\Controllers\HomeController::$imageModel is deprecated in APPPATH\Controllers\HomeController.php on line 21.
 1 SYSTEMPATH\CodeIgniter.php(913): App\Controllers\HomeController->__construct()
 2 SYSTEMPATH\CodeIgniter.php(493): CodeIgniter\CodeIgniter->createController()
 3 SYSTEMPATH\CodeIgniter.php(361): CodeIgniter\CodeIgniter->handleRequest(null, Object(Config\Cache), false)
 4 FCPATH\index.php(79): CodeIgniter\CodeIgniter->run()
WARNING - 2025-01-17 12:13:47 --> [DEPRECATED] Creation of dynamic property App\Controllers\HomeController::$areaModel is deprecated in APPPATH\Controllers\HomeController.php on line 22.
 1 SYSTEMPATH\CodeIgniter.php(913): App\Controllers\HomeController->__construct()
 2 SYSTEMPATH\CodeIgniter.php(493): CodeIgniter\CodeIgniter->createController()
 3 SYSTEMPATH\CodeIgniter.php(361): CodeIgniter\CodeIgniter->handleRequest(null, Object(Config\Cache), false)
 4 FCPATH\index.php(79): CodeIgniter\CodeIgniter->run()
WARNING - 2025-01-17 12:13:47 --> [DEPRECATED] Creation of dynamic property App\Controllers\HomeController::$foodModel is deprecated in APPPATH\Controllers\HomeController.php on line 23.
 1 SYSTEMPATH\CodeIgniter.php(913): App\Controllers\HomeController->__construct()
 2 SYSTEMPATH\CodeIgniter.php(493): CodeIgniter\CodeIgniter->createController()
 3 SYSTEMPATH\CodeIgniter.php(361): CodeIgniter\CodeIgniter->handleRequest(null, Object(Config\Cache), false)
 4 FCPATH\index.php(79): CodeIgniter\CodeIgniter->run()
WARNING - 2025-01-17 12:13:47 --> [DEPRECATED] Creation of dynamic property App\Controllers\HomeController::$blogModel is deprecated in APPPATH\Controllers\HomeController.php on line 24.
 1 SYSTEMPATH\CodeIgniter.php(913): App\Controllers\HomeController->__construct()
 2 SYSTEMPATH\CodeIgniter.php(493): CodeIgniter\CodeIgniter->createController()
 3 SYSTEMPATH\CodeIgniter.php(361): CodeIgniter\CodeIgniter->handleRequest(null, Object(Config\Cache), false)
 4 FCPATH\index.php(79): CodeIgniter\CodeIgniter->run()
INFO - 2025-01-17 12:13:47 --> Session: Class initialized using 'CodeIgniter\Session\Handlers\FileHandler' driver.
CRITICAL - 2025-01-17 12:13:47 --> ErrorException: Trying to access array offset on value of type null
in APPPATH\Controllers\HomeController.php on line 61.
 1 APPPATH\Controllers\HomeController.php(61): CodeIgniter\Debug\Exceptions->errorHandler(2, 'Trying to access array offset on value of type null', 'C:\\xampp\\htdocs\\uttrakhand\\app\\Controllers\\HomeController.php', 61)
 2 SYSTEMPATH\CodeIgniter.php(941): App\Controllers\HomeController->Mainpage('hotel')
 3 SYSTEMPATH\CodeIgniter.php(502): CodeIgniter\CodeIgniter->runController(Object(App\Controllers\HomeController))
 4 SYSTEMPATH\CodeIgniter.php(361): CodeIgniter\CodeIgniter->handleRequest(null, Object(Config\Cache), false)
 5 FCPATH\index.php(79): CodeIgniter\CodeIgniter->run()
WARNING - 2025-01-17 12:14:42 --> [DEPRECATED] Creation of dynamic property App\Controllers\HomeController::$citiesModel is deprecated in APPPATH\Controllers\HomeController.php on line 19.
 1 SYSTEMPATH\CodeIgniter.php(913): App\Controllers\HomeController->__construct()
 2 SYSTEMPATH\CodeIgniter.php(493): CodeIgniter\CodeIgniter->createController()
 3 SYSTEMPATH\CodeIgniter.php(361): CodeIgniter\CodeIgniter->handleRequest(null, Object(Config\Cache), false)
 4 FCPATH\index.php(79): CodeIgniter\CodeIgniter->run()
WARNING - 2025-01-17 12:14:42 --> [DEPRECATED] Creation of dynamic property App\Controllers\HomeController::$uttarakhandModel is deprecated in APPPATH\Controllers\HomeController.php on line 20.
 1 SYSTEMPATH\CodeIgniter.php(913): App\Controllers\HomeController->__construct()
 2 SYSTEMPATH\CodeIgniter.php(493): CodeIgniter\CodeIgniter->createController()
 3 SYSTEMPATH\CodeIgniter.php(361): CodeIgniter\CodeIgniter->handleRequest(null, Object(Config\Cache), false)
 4 FCPATH\index.php(79): CodeIgniter\CodeIgniter->run()
WARNING - 2025-01-17 12:14:42 --> [DEPRECATED] Creation of dynamic property App\Controllers\HomeController::$imageModel is deprecated in APPPATH\Controllers\HomeController.php on line 21.
 1 SYSTEMPATH\CodeIgniter.php(913): App\Controllers\HomeController->__construct()
 2 SYSTEMPATH\CodeIgniter.php(493): CodeIgniter\CodeIgniter->createController()
 3 SYSTEMPATH\CodeIgniter.php(361): CodeIgniter\CodeIgniter->handleRequest(null, Object(Config\Cache), false)
 4 FCPATH\index.php(79): CodeIgniter\CodeIgniter->run()
WARNING - 2025-01-17 12:14:42 --> [DEPRECATED] Creation of dynamic property App\Controllers\HomeController::$areaModel is deprecated in APPPATH\Controllers\HomeController.php on line 22.
 1 SYSTEMPATH\CodeIgniter.php(913): App\Controllers\HomeController->__construct()
 2 SYSTEMPATH\CodeIgniter.php(493): CodeIgniter\CodeIgniter->createController()
 3 SYSTEMPATH\CodeIgniter.php(361): CodeIgniter\CodeIgniter->handleRequest(null, Object(Config\Cache), false)
 4 FCPATH\index.php(79): CodeIgniter\CodeIgniter->run()
WARNING - 2025-01-17 12:14:42 --> [DEPRECATED] Creation of dynamic property App\Controllers\HomeController::$foodModel is deprecated in APPPATH\Controllers\HomeController.php on line 23.
 1 SYSTEMPATH\CodeIgniter.php(913): App\Controllers\HomeController->__construct()
 2 SYSTEMPATH\CodeIgniter.php(493): CodeIgniter\CodeIgniter->createController()
 3 SYSTEMPATH\CodeIgniter.php(361): CodeIgniter\CodeIgniter->handleRequest(null, Object(Config\Cache), false)
 4 FCPATH\index.php(79): CodeIgniter\CodeIgniter->run()
WARNING - 2025-01-17 12:14:42 --> [DEPRECATED] Creation of dynamic property App\Controllers\HomeController::$blogModel is deprecated in APPPATH\Controllers\HomeController.php on line 24.
 1 SYSTEMPATH\CodeIgniter.php(913): App\Controllers\HomeController->__construct()
 2 SYSTEMPATH\CodeIgniter.php(493): CodeIgniter\CodeIgniter->createController()
 3 SYSTEMPATH\CodeIgniter.php(361): CodeIgniter\CodeIgniter->handleRequest(null, Object(Config\Cache), false)
 4 FCPATH\index.php(79): CodeIgniter\CodeIgniter->run()
INFO - 2025-01-17 12:14:42 --> Session: Class initialized using 'CodeIgniter\Session\Handlers\FileHandler' driver.
CRITICAL - 2025-01-17 12:14:43 --> ErrorException: Trying to access array offset on value of type null
in APPPATH\Controllers\HomeController.php on line 61.
 1 APPPATH\Controllers\HomeController.php(61): CodeIgniter\Debug\Exceptions->errorHandler(2, 'Trying to access array offset on value of type null', 'C:\\xampp\\htdocs\\uttrakhand\\app\\Controllers\\HomeController.php', 61)
 2 SYSTEMPATH\CodeIgniter.php(941): App\Controllers\HomeController->Mainpage('hotel')
 3 SYSTEMPATH\CodeIgniter.php(502): CodeIgniter\CodeIgniter->runController(Object(App\Controllers\HomeController))
 4 SYSTEMPATH\CodeIgniter.php(361): CodeIgniter\CodeIgniter->handleRequest(null, Object(Config\Cache), false)
 5 FCPATH\index.php(79): CodeIgniter\CodeIgniter->run()
WARNING - 2025-01-17 12:14:46 --> [DEPRECATED] Creation of dynamic property App\Controllers\HomeController::$citiesModel is deprecated in APPPATH\Controllers\HomeController.php on line 19.
 1 SYSTEMPATH\CodeIgniter.php(913): App\Controllers\HomeController->__construct()
 2 SYSTEMPATH\CodeIgniter.php(493): CodeIgniter\CodeIgniter->createController()
 3 SYSTEMPATH\CodeIgniter.php(361): CodeIgniter\CodeIgniter->handleRequest(null, Object(Config\Cache), false)
 4 FCPATH\index.php(79): CodeIgniter\CodeIgniter->run()
WARNING - 2025-01-17 12:14:46 --> [DEPRECATED] Creation of dynamic property App\Controllers\HomeController::$uttarakhandModel is deprecated in APPPATH\Controllers\HomeController.php on line 20.
 1 SYSTEMPATH\CodeIgniter.php(913): App\Controllers\HomeController->__construct()
 2 SYSTEMPATH\CodeIgniter.php(493): CodeIgniter\CodeIgniter->createController()
 3 SYSTEMPATH\CodeIgniter.php(361): CodeIgniter\CodeIgniter->handleRequest(null, Object(Config\Cache), false)
 4 FCPATH\index.php(79): CodeIgniter\CodeIgniter->run()
WARNING - 2025-01-17 12:14:46 --> [DEPRECATED] Creation of dynamic property App\Controllers\HomeController::$imageModel is deprecated in APPPATH\Controllers\HomeController.php on line 21.
 1 SYSTEMPATH\CodeIgniter.php(913): App\Controllers\HomeController->__construct()
 2 SYSTEMPATH\CodeIgniter.php(493): CodeIgniter\CodeIgniter->createController()
 3 SYSTEMPATH\CodeIgniter.php(361): CodeIgniter\CodeIgniter->handleRequest(null, Object(Config\Cache), false)
 4 FCPATH\index.php(79): CodeIgniter\CodeIgniter->run()
WARNING - 2025-01-17 12:14:46 --> [DEPRECATED] Creation of dynamic property App\Controllers\HomeController::$areaModel is deprecated in APPPATH\Controllers\HomeController.php on line 22.
 1 SYSTEMPATH\CodeIgniter.php(913): App\Controllers\HomeController->__construct()
 2 SYSTEMPATH\CodeIgniter.php(493): CodeIgniter\CodeIgniter->createController()
 3 SYSTEMPATH\CodeIgniter.php(361): CodeIgniter\CodeIgniter->handleRequest(null, Object(Config\Cache), false)
 4 FCPATH\index.php(79): CodeIgniter\CodeIgniter->run()
WARNING - 2025-01-17 12:14:46 --> [DEPRECATED] Creation of dynamic property App\Controllers\HomeController::$foodModel is deprecated in APPPATH\Controllers\HomeController.php on line 23.
 1 SYSTEMPATH\CodeIgniter.php(913): App\Controllers\HomeController->__construct()
 2 SYSTEMPATH\CodeIgniter.php(493): CodeIgniter\CodeIgniter->createController()
 3 SYSTEMPATH\CodeIgniter.php(361): CodeIgniter\CodeIgniter->handleRequest(null, Object(Config\Cache), false)
 4 FCPATH\index.php(79): CodeIgniter\CodeIgniter->run()
WARNING - 2025-01-17 12:14:46 --> [DEPRECATED] Creation of dynamic property App\Controllers\HomeController::$blogModel is deprecated in APPPATH\Controllers\HomeController.php on line 24.
 1 SYSTEMPATH\CodeIgniter.php(913): App\Controllers\HomeController->__construct()
 2 SYSTEMPATH\CodeIgniter.php(493): CodeIgniter\CodeIgniter->createController()
 3 SYSTEMPATH\CodeIgniter.php(361): CodeIgniter\CodeIgniter->handleRequest(null, Object(Config\Cache), false)
 4 FCPATH\index.php(79): CodeIgniter\CodeIgniter->run()
INFO - 2025-01-17 12:14:46 --> Session: Class initialized using 'CodeIgniter\Session\Handlers\FileHandler' driver.
WARNING - 2025-01-17 12:14:49 --> [DEPRECATED] Creation of dynamic property App\Controllers\HomeController::$citiesModel is deprecated in APPPATH\Controllers\HomeController.php on line 19.
 1 SYSTEMPATH\CodeIgniter.php(913): App\Controllers\HomeController->__construct()
 2 SYSTEMPATH\CodeIgniter.php(493): CodeIgniter\CodeIgniter->createController()
 3 SYSTEMPATH\CodeIgniter.php(361): CodeIgniter\CodeIgniter->handleRequest(null, Object(Config\Cache), false)
 4 FCPATH\index.php(79): CodeIgniter\CodeIgniter->run()
WARNING - 2025-01-17 12:14:49 --> [DEPRECATED] Creation of dynamic property App\Controllers\HomeController::$uttarakhandModel is deprecated in APPPATH\Controllers\HomeController.php on line 20.
 1 SYSTEMPATH\CodeIgniter.php(913): App\Controllers\HomeController->__construct()
 2 SYSTEMPATH\CodeIgniter.php(493): CodeIgniter\CodeIgniter->createController()
 3 SYSTEMPATH\CodeIgniter.php(361): CodeIgniter\CodeIgniter->handleRequest(null, Object(Config\Cache), false)
 4 FCPATH\index.php(79): CodeIgniter\CodeIgniter->run()
WARNING - 2025-01-17 12:14:49 --> [DEPRECATED] Creation of dynamic property App\Controllers\HomeController::$imageModel is deprecated in APPPATH\Controllers\HomeController.php on line 21.
 1 SYSTEMPATH\CodeIgniter.php(913): App\Controllers\HomeController->__construct()
 2 SYSTEMPATH\CodeIgniter.php(493): CodeIgniter\CodeIgniter->createController()
 3 SYSTEMPATH\CodeIgniter.php(361): CodeIgniter\CodeIgniter->handleRequest(null, Object(Config\Cache), false)
 4 FCPATH\index.php(79): CodeIgniter\CodeIgniter->run()
WARNING - 2025-01-17 12:14:49 --> [DEPRECATED] Creation of dynamic property App\Controllers\HomeController::$areaModel is deprecated in APPPATH\Controllers\HomeController.php on line 22.
 1 SYSTEMPATH\CodeIgniter.php(913): App\Controllers\HomeController->__construct()
 2 SYSTEMPATH\CodeIgniter.php(493): CodeIgniter\CodeIgniter->createController()
 3 SYSTEMPATH\CodeIgniter.php(361): CodeIgniter\CodeIgniter->handleRequest(null, Object(Config\Cache), false)
 4 FCPATH\index.php(79): CodeIgniter\CodeIgniter->run()
WARNING - 2025-01-17 12:14:49 --> [DEPRECATED] Creation of dynamic property App\Controllers\HomeController::$foodModel is deprecated in APPPATH\Controllers\HomeController.php on line 23.
 1 SYSTEMPATH\CodeIgniter.php(913): App\Controllers\HomeController->__construct()
 2 SYSTEMPATH\CodeIgniter.php(493): CodeIgniter\CodeIgniter->createController()
 3 SYSTEMPATH\CodeIgniter.php(361): CodeIgniter\CodeIgniter->handleRequest(null, Object(Config\Cache), false)
 4 FCPATH\index.php(79): CodeIgniter\CodeIgniter->run()
WARNING - 2025-01-17 12:14:49 --> [DEPRECATED] Creation of dynamic property App\Controllers\HomeController::$blogModel is deprecated in APPPATH\Controllers\HomeController.php on line 24.
 1 SYSTEMPATH\CodeIgniter.php(913): App\Controllers\HomeController->__construct()
 2 SYSTEMPATH\CodeIgniter.php(493): CodeIgniter\CodeIgniter->createController()
 3 SYSTEMPATH\CodeIgniter.php(361): CodeIgniter\CodeIgniter->handleRequest(null, Object(Config\Cache), false)
 4 FCPATH\index.php(79): CodeIgniter\CodeIgniter->run()
INFO - 2025-01-17 12:14:49 --> Session: Class initialized using 'CodeIgniter\Session\Handlers\FileHandler' driver.
CRITICAL - 2025-01-17 12:14:49 --> ErrorException: Trying to access array offset on value of type null
in APPPATH\Controllers\HomeController.php on line 61.
 1 APPPATH\Controllers\HomeController.php(61): CodeIgniter\Debug\Exceptions->errorHandler(2, 'Trying to access array offset on value of type null', 'C:\\xampp\\htdocs\\uttrakhand\\app\\Controllers\\HomeController.php', 61)
 2 SYSTEMPATH\CodeIgniter.php(941): App\Controllers\HomeController->Mainpage('hotel')
 3 SYSTEMPATH\CodeIgniter.php(502): CodeIgniter\CodeIgniter->runController(Object(App\Controllers\HomeController))
 4 SYSTEMPATH\CodeIgniter.php(361): CodeIgniter\CodeIgniter->handleRequest(null, Object(Config\Cache), false)
 5 FCPATH\index.php(79): CodeIgniter\CodeIgniter->run()
WARNING - 2025-01-17 12:14:56 --> [DEPRECATED] Creation of dynamic property App\Controllers\DestinationController::$citiesModel is deprecated in APPPATH\Controllers\DestinationController.php on line 16.
 1 SYSTEMPATH\CodeIgniter.php(913): App\Controllers\DestinationController->__construct()
 2 SYSTEMPATH\CodeIgniter.php(493): CodeIgniter\CodeIgniter->createController()
 3 SYSTEMPATH\CodeIgniter.php(361): CodeIgniter\CodeIgniter->handleRequest(null, Object(Config\Cache), false)
 4 FCPATH\index.php(79): CodeIgniter\CodeIgniter->run()
WARNING - 2025-01-17 12:14:56 --> [DEPRECATED] Creation of dynamic property App\Controllers\DestinationController::$uttarakhandModel is deprecated in APPPATH\Controllers\DestinationController.php on line 17.
 1 SYSTEMPATH\CodeIgniter.php(913): App\Controllers\DestinationController->__construct()
 2 SYSTEMPATH\CodeIgniter.php(493): CodeIgniter\CodeIgniter->createController()
 3 SYSTEMPATH\CodeIgniter.php(361): CodeIgniter\CodeIgniter->handleRequest(null, Object(Config\Cache), false)
 4 FCPATH\index.php(79): CodeIgniter\CodeIgniter->run()
WARNING - 2025-01-17 12:14:56 --> [DEPRECATED] Creation of dynamic property App\Controllers\DestinationController::$imageModel is deprecated in APPPATH\Controllers\DestinationController.php on line 18.
 1 SYSTEMPATH\CodeIgniter.php(913): App\Controllers\DestinationController->__construct()
 2 SYSTEMPATH\CodeIgniter.php(493): CodeIgniter\CodeIgniter->createController()
 3 SYSTEMPATH\CodeIgniter.php(361): CodeIgniter\CodeIgniter->handleRequest(null, Object(Config\Cache), false)
 4 FCPATH\index.php(79): CodeIgniter\CodeIgniter->run()
WARNING - 2025-01-17 12:14:56 --> [DEPRECATED] Creation of dynamic property App\Controllers\DestinationController::$areaModel is deprecated in APPPATH\Controllers\DestinationController.php on line 19.
 1 SYSTEMPATH\CodeIgniter.php(913): App\Controllers\DestinationController->__construct()
 2 SYSTEMPATH\CodeIgniter.php(493): CodeIgniter\CodeIgniter->createController()
 3 SYSTEMPATH\CodeIgniter.php(361): CodeIgniter\CodeIgniter->handleRequest(null, Object(Config\Cache), false)
 4 FCPATH\index.php(79): CodeIgniter\CodeIgniter->run()
WARNING - 2025-01-17 12:14:56 --> [DEPRECATED] Creation of dynamic property App\Controllers\DestinationController::$foodModel is deprecated in APPPATH\Controllers\DestinationController.php on line 20.
 1 SYSTEMPATH\CodeIgniter.php(913): App\Controllers\DestinationController->__construct()
 2 SYSTEMPATH\CodeIgniter.php(493): CodeIgniter\CodeIgniter->createController()
 3 SYSTEMPATH\CodeIgniter.php(361): CodeIgniter\CodeIgniter->handleRequest(null, Object(Config\Cache), false)
 4 FCPATH\index.php(79): CodeIgniter\CodeIgniter->run()
WARNING - 2025-01-17 12:14:56 --> [DEPRECATED] Creation of dynamic property App\Controllers\DestinationController::$blogModel is deprecated in APPPATH\Controllers\DestinationController.php on line 21.
 1 SYSTEMPATH\CodeIgniter.php(913): App\Controllers\DestinationController->__construct()
 2 SYSTEMPATH\CodeIgniter.php(493): CodeIgniter\CodeIgniter->createController()
 3 SYSTEMPATH\CodeIgniter.php(361): CodeIgniter\CodeIgniter->handleRequest(null, Object(Config\Cache), false)
 4 FCPATH\index.php(79): CodeIgniter\CodeIgniter->run()
INFO - 2025-01-17 12:14:56 --> Session: Class initialized using 'CodeIgniter\Session\Handlers\FileHandler' driver.
WARNING - 2025-01-17 12:14:57 --> [DEPRECATED] Creation of dynamic property App\Controllers\HomeController::$citiesModel is deprecated in APPPATH\Controllers\HomeController.php on line 19.
 1 SYSTEMPATH\CodeIgniter.php(913): App\Controllers\HomeController->__construct()
 2 SYSTEMPATH\CodeIgniter.php(493): CodeIgniter\CodeIgniter->createController()
 3 SYSTEMPATH\CodeIgniter.php(361): CodeIgniter\CodeIgniter->handleRequest(null, Object(Config\Cache), false)
 4 FCPATH\index.php(79): CodeIgniter\CodeIgniter->run()
WARNING - 2025-01-17 12:14:57 --> [DEPRECATED] Creation of dynamic property App\Controllers\HomeController::$uttarakhandModel is deprecated in APPPATH\Controllers\HomeController.php on line 20.
 1 SYSTEMPATH\CodeIgniter.php(913): App\Controllers\HomeController->__construct()
 2 SYSTEMPATH\CodeIgniter.php(493): CodeIgniter\CodeIgniter->createController()
 3 SYSTEMPATH\CodeIgniter.php(361): CodeIgniter\CodeIgniter->handleRequest(null, Object(Config\Cache), false)
 4 FCPATH\index.php(79): CodeIgniter\CodeIgniter->run()
WARNING - 2025-01-17 12:14:57 --> [DEPRECATED] Creation of dynamic property App\Controllers\HomeController::$imageModel is deprecated in APPPATH\Controllers\HomeController.php on line 21.
 1 SYSTEMPATH\CodeIgniter.php(913): App\Controllers\HomeController->__construct()
 2 SYSTEMPATH\CodeIgniter.php(493): CodeIgniter\CodeIgniter->createController()
 3 SYSTEMPATH\CodeIgniter.php(361): CodeIgniter\CodeIgniter->handleRequest(null, Object(Config\Cache), false)
 4 FCPATH\index.php(79): CodeIgniter\CodeIgniter->run()
WARNING - 2025-01-17 12:14:57 --> [DEPRECATED] Creation of dynamic property App\Controllers\HomeController::$areaModel is deprecated in APPPATH\Controllers\HomeController.php on line 22.
 1 SYSTEMPATH\CodeIgniter.php(913): App\Controllers\HomeController->__construct()
 2 SYSTEMPATH\CodeIgniter.php(493): CodeIgniter\CodeIgniter->createController()
 3 SYSTEMPATH\CodeIgniter.php(361): CodeIgniter\CodeIgniter->handleRequest(null, Object(Config\Cache), false)
 4 FCPATH\index.php(79): CodeIgniter\CodeIgniter->run()
WARNING - 2025-01-17 12:14:57 --> [DEPRECATED] Creation of dynamic property App\Controllers\HomeController::$foodModel is deprecated in APPPATH\Controllers\HomeController.php on line 23.
 1 SYSTEMPATH\CodeIgniter.php(913): App\Controllers\HomeController->__construct()
 2 SYSTEMPATH\CodeIgniter.php(493): CodeIgniter\CodeIgniter->createController()
 3 SYSTEMPATH\CodeIgniter.php(361): CodeIgniter\CodeIgniter->handleRequest(null, Object(Config\Cache), false)
 4 FCPATH\index.php(79): CodeIgniter\CodeIgniter->run()
WARNING - 2025-01-17 12:14:57 --> [DEPRECATED] Creation of dynamic property App\Controllers\HomeController::$blogModel is deprecated in APPPATH\Controllers\HomeController.php on line 24.
 1 SYSTEMPATH\CodeIgniter.php(913): App\Controllers\HomeController->__construct()
 2 SYSTEMPATH\CodeIgniter.php(493): CodeIgniter\CodeIgniter->createController()
 3 SYSTEMPATH\CodeIgniter.php(361): CodeIgniter\CodeIgniter->handleRequest(null, Object(Config\Cache), false)
 4 FCPATH\index.php(79): CodeIgniter\CodeIgniter->run()
INFO - 2025-01-17 12:14:57 --> Session: Class initialized using 'CodeIgniter\Session\Handlers\FileHandler' driver.
CRITICAL - 2025-01-17 12:14:57 --> ErrorException: Trying to access array offset on value of type null
in APPPATH\Controllers\HomeController.php on line 80.
 1 APPPATH\Controllers\HomeController.php(80): CodeIgniter\Debug\Exceptions->errorHandler(2, 'Trying to access array offset on value of type null', 'C:\\xampp\\htdocs\\uttrakhand\\app\\Controllers\\HomeController.php', 80)
 2 SYSTEMPATH\CodeIgniter.php(941): App\Controllers\HomeController->page('images', 'bg_2.jpg')
 3 SYSTEMPATH\CodeIgniter.php(502): CodeIgniter\CodeIgniter->runController(Object(App\Controllers\HomeController))
 4 SYSTEMPATH\CodeIgniter.php(361): CodeIgniter\CodeIgniter->handleRequest(null, Object(Config\Cache), false)
 5 FCPATH\index.php(79): CodeIgniter\CodeIgniter->run()
WARNING - 2025-01-17 12:14:57 --> [DEPRECATED] Creation of dynamic property App\Controllers\AboutController::$citiesModel is deprecated in APPPATH\Controllers\AboutController.php on line 16.
 1 SYSTEMPATH\CodeIgniter.php(913): App\Controllers\AboutController->__construct()
 2 SYSTEMPATH\CodeIgniter.php(493): CodeIgniter\CodeIgniter->createController()
 3 SYSTEMPATH\CodeIgniter.php(361): CodeIgniter\CodeIgniter->handleRequest(null, Object(Config\Cache), false)
 4 FCPATH\index.php(79): CodeIgniter\CodeIgniter->run()
WARNING - 2025-01-17 12:14:57 --> [DEPRECATED] Creation of dynamic property App\Controllers\AboutController::$uttarakhandModel is deprecated in APPPATH\Controllers\AboutController.php on line 17.
 1 SYSTEMPATH\CodeIgniter.php(913): App\Controllers\AboutController->__construct()
 2 SYSTEMPATH\CodeIgniter.php(493): CodeIgniter\CodeIgniter->createController()
 3 SYSTEMPATH\CodeIgniter.php(361): CodeIgniter\CodeIgniter->handleRequest(null, Object(Config\Cache), false)
 4 FCPATH\index.php(79): CodeIgniter\CodeIgniter->run()
WARNING - 2025-01-17 12:14:57 --> [DEPRECATED] Creation of dynamic property App\Controllers\AboutController::$imageModel is deprecated in APPPATH\Controllers\AboutController.php on line 18.
 1 SYSTEMPATH\CodeIgniter.php(913): App\Controllers\AboutController->__construct()
 2 SYSTEMPATH\CodeIgniter.php(493): CodeIgniter\CodeIgniter->createController()
 3 SYSTEMPATH\CodeIgniter.php(361): CodeIgniter\CodeIgniter->handleRequest(null, Object(Config\Cache), false)
 4 FCPATH\index.php(79): CodeIgniter\CodeIgniter->run()
WARNING - 2025-01-17 12:14:57 --> [DEPRECATED] Creation of dynamic property App\Controllers\AboutController::$areaModel is deprecated in APPPATH\Controllers\AboutController.php on line 19.
 1 SYSTEMPATH\CodeIgniter.php(913): App\Controllers\AboutController->__construct()
 2 SYSTEMPATH\CodeIgniter.php(493): CodeIgniter\CodeIgniter->createController()
 3 SYSTEMPATH\CodeIgniter.php(361): CodeIgniter\CodeIgniter->handleRequest(null, Object(Config\Cache), false)
 4 FCPATH\index.php(79): CodeIgniter\CodeIgniter->run()
WARNING - 2025-01-17 12:14:57 --> [DEPRECATED] Creation of dynamic property App\Controllers\AboutController::$foodModel is deprecated in APPPATH\Controllers\AboutController.php on line 20.
 1 SYSTEMPATH\CodeIgniter.php(913): App\Controllers\AboutController->__construct()
 2 SYSTEMPATH\CodeIgniter.php(493): CodeIgniter\CodeIgniter->createController()
 3 SYSTEMPATH\CodeIgniter.php(361): CodeIgniter\CodeIgniter->handleRequest(null, Object(Config\Cache), false)
 4 FCPATH\index.php(79): CodeIgniter\CodeIgniter->run()
WARNING - 2025-01-17 12:14:57 --> [DEPRECATED] Creation of dynamic property App\Controllers\AboutController::$blogModel is deprecated in APPPATH\Controllers\AboutController.php on line 21.
 1 SYSTEMPATH\CodeIgniter.php(913): App\Controllers\AboutController->__construct()
 2 SYSTEMPATH\CodeIgniter.php(493): CodeIgniter\CodeIgniter->createController()
 3 SYSTEMPATH\CodeIgniter.php(361): CodeIgniter\CodeIgniter->handleRequest(null, Object(Config\Cache), false)
 4 FCPATH\index.php(79): CodeIgniter\CodeIgniter->run()
INFO - 2025-01-17 12:14:57 --> Session: Class initialized using 'CodeIgniter\Session\Handlers\FileHandler' driver.
WARNING - 2025-01-17 12:14:58 --> [DEPRECATED] Creation of dynamic property App\Controllers\HomeController::$citiesModel is deprecated in APPPATH\Controllers\HomeController.php on line 19.
 1 SYSTEMPATH\CodeIgniter.php(913): App\Controllers\HomeController->__construct()
 2 SYSTEMPATH\CodeIgniter.php(493): CodeIgniter\CodeIgniter->createController()
 3 SYSTEMPATH\CodeIgniter.php(361): CodeIgniter\CodeIgniter->handleRequest(null, Object(Config\Cache), false)
 4 FCPATH\index.php(79): CodeIgniter\CodeIgniter->run()
WARNING - 2025-01-17 12:14:58 --> [DEPRECATED] Creation of dynamic property App\Controllers\HomeController::$uttarakhandModel is deprecated in APPPATH\Controllers\HomeController.php on line 20.
 1 SYSTEMPATH\CodeIgniter.php(913): App\Controllers\HomeController->__construct()
 2 SYSTEMPATH\CodeIgniter.php(493): CodeIgniter\CodeIgniter->createController()
 3 SYSTEMPATH\CodeIgniter.php(361): CodeIgniter\CodeIgniter->handleRequest(null, Object(Config\Cache), false)
 4 FCPATH\index.php(79): CodeIgniter\CodeIgniter->run()
WARNING - 2025-01-17 12:14:58 --> [DEPRECATED] Creation of dynamic property App\Controllers\HomeController::$imageModel is deprecated in APPPATH\Controllers\HomeController.php on line 21.
 1 SYSTEMPATH\CodeIgniter.php(913): App\Controllers\HomeController->__construct()
 2 SYSTEMPATH\CodeIgniter.php(493): CodeIgniter\CodeIgniter->createController()
 3 SYSTEMPATH\CodeIgniter.php(361): CodeIgniter\CodeIgniter->handleRequest(null, Object(Config\Cache), false)
 4 FCPATH\index.php(79): CodeIgniter\CodeIgniter->run()
WARNING - 2025-01-17 12:14:58 --> [DEPRECATED] Creation of dynamic property App\Controllers\HomeController::$areaModel is deprecated in APPPATH\Controllers\HomeController.php on line 22.
 1 SYSTEMPATH\CodeIgniter.php(913): App\Controllers\HomeController->__construct()
 2 SYSTEMPATH\CodeIgniter.php(493): CodeIgniter\CodeIgniter->createController()
 3 SYSTEMPATH\CodeIgniter.php(361): CodeIgniter\CodeIgniter->handleRequest(null, Object(Config\Cache), false)
 4 FCPATH\index.php(79): CodeIgniter\CodeIgniter->run()
WARNING - 2025-01-17 12:14:58 --> [DEPRECATED] Creation of dynamic property App\Controllers\HomeController::$foodModel is deprecated in APPPATH\Controllers\HomeController.php on line 23.
 1 SYSTEMPATH\CodeIgniter.php(913): App\Controllers\HomeController->__construct()
 2 SYSTEMPATH\CodeIgniter.php(493): CodeIgniter\CodeIgniter->createController()
 3 SYSTEMPATH\CodeIgniter.php(361): CodeIgniter\CodeIgniter->handleRequest(null, Object(Config\Cache), false)
 4 FCPATH\index.php(79): CodeIgniter\CodeIgniter->run()
WARNING - 2025-01-17 12:14:58 --> [DEPRECATED] Creation of dynamic property App\Controllers\HomeController::$blogModel is deprecated in APPPATH\Controllers\HomeController.php on line 24.
 1 SYSTEMPATH\CodeIgniter.php(913): App\Controllers\HomeController->__construct()
 2 SYSTEMPATH\CodeIgniter.php(493): CodeIgniter\CodeIgniter->createController()
 3 SYSTEMPATH\CodeIgniter.php(361): CodeIgniter\CodeIgniter->handleRequest(null, Object(Config\Cache), false)
 4 FCPATH\index.php(79): CodeIgniter\CodeIgniter->run()
INFO - 2025-01-17 12:14:58 --> Session: Class initialized using 'CodeIgniter\Session\Handlers\FileHandler' driver.
WARNING - 2025-01-17 12:14:59 --> [DEPRECATED] Creation of dynamic property App\Controllers\AboutController::$citiesModel is deprecated in APPPATH\Controllers\AboutController.php on line 16.
 1 SYSTEMPATH\CodeIgniter.php(913): App\Controllers\AboutController->__construct()
 2 SYSTEMPATH\CodeIgniter.php(493): CodeIgniter\CodeIgniter->createController()
 3 SYSTEMPATH\CodeIgniter.php(361): CodeIgniter\CodeIgniter->handleRequest(null, Object(Config\Cache), false)
 4 FCPATH\index.php(79): CodeIgniter\CodeIgniter->run()
WARNING - 2025-01-17 12:14:59 --> [DEPRECATED] Creation of dynamic property App\Controllers\AboutController::$uttarakhandModel is deprecated in APPPATH\Controllers\AboutController.php on line 17.
 1 SYSTEMPATH\CodeIgniter.php(913): App\Controllers\AboutController->__construct()
 2 SYSTEMPATH\CodeIgniter.php(493): CodeIgniter\CodeIgniter->createController()
 3 SYSTEMPATH\CodeIgniter.php(361): CodeIgniter\CodeIgniter->handleRequest(null, Object(Config\Cache), false)
 4 FCPATH\index.php(79): CodeIgniter\CodeIgniter->run()
WARNING - 2025-01-17 12:14:59 --> [DEPRECATED] Creation of dynamic property App\Controllers\AboutController::$imageModel is deprecated in APPPATH\Controllers\AboutController.php on line 18.
 1 SYSTEMPATH\CodeIgniter.php(913): App\Controllers\AboutController->__construct()
 2 SYSTEMPATH\CodeIgniter.php(493): CodeIgniter\CodeIgniter->createController()
 3 SYSTEMPATH\CodeIgniter.php(361): CodeIgniter\CodeIgniter->handleRequest(null, Object(Config\Cache), false)
 4 FCPATH\index.php(79): CodeIgniter\CodeIgniter->run()
WARNING - 2025-01-17 12:14:59 --> [DEPRECATED] Creation of dynamic property App\Controllers\AboutController::$areaModel is deprecated in APPPATH\Controllers\AboutController.php on line 19.
 1 SYSTEMPATH\CodeIgniter.php(913): App\Controllers\AboutController->__construct()
 2 SYSTEMPATH\CodeIgniter.php(493): CodeIgniter\CodeIgniter->createController()
 3 SYSTEMPATH\CodeIgniter.php(361): CodeIgniter\CodeIgniter->handleRequest(null, Object(Config\Cache), false)
 4 FCPATH\index.php(79): CodeIgniter\CodeIgniter->run()
WARNING - 2025-01-17 12:14:59 --> [DEPRECATED] Creation of dynamic property App\Controllers\AboutController::$foodModel is deprecated in APPPATH\Controllers\AboutController.php on line 20.
 1 SYSTEMPATH\CodeIgniter.php(913): App\Controllers\AboutController->__construct()
 2 SYSTEMPATH\CodeIgniter.php(493): CodeIgniter\CodeIgniter->createController()
 3 SYSTEMPATH\CodeIgniter.php(361): CodeIgniter\CodeIgniter->handleRequest(null, Object(Config\Cache), false)
 4 FCPATH\index.php(79): CodeIgniter\CodeIgniter->run()
WARNING - 2025-01-17 12:14:59 --> [DEPRECATED] Creation of dynamic property App\Controllers\AboutController::$blogModel is deprecated in APPPATH\Controllers\AboutController.php on line 21.
 1 SYSTEMPATH\CodeIgniter.php(913): App\Controllers\AboutController->__construct()
 2 SYSTEMPATH\CodeIgniter.php(493): CodeIgniter\CodeIgniter->createController()
 3 SYSTEMPATH\CodeIgniter.php(361): CodeIgniter\CodeIgniter->handleRequest(null, Object(Config\Cache), false)
 4 FCPATH\index.php(79): CodeIgniter\CodeIgniter->run()
INFO - 2025-01-17 12:14:59 --> Session: Class initialized using 'CodeIgniter\Session\Handlers\FileHandler' driver.
WARNING - 2025-01-17 12:15:35 --> [DEPRECATED] Creation of dynamic property App\Controllers\AboutController::$citiesModel is deprecated in APPPATH\Controllers\AboutController.php on line 16.
 1 SYSTEMPATH\CodeIgniter.php(913): App\Controllers\AboutController->__construct()
 2 SYSTEMPATH\CodeIgniter.php(493): CodeIgniter\CodeIgniter->createController()
 3 SYSTEMPATH\CodeIgniter.php(361): CodeIgniter\CodeIgniter->handleRequest(null, Object(Config\Cache), false)
 4 FCPATH\index.php(79): CodeIgniter\CodeIgniter->run()
WARNING - 2025-01-17 12:15:35 --> [DEPRECATED] Creation of dynamic property App\Controllers\AboutController::$uttarakhandModel is deprecated in APPPATH\Controllers\AboutController.php on line 17.
 1 SYSTEMPATH\CodeIgniter.php(913): App\Controllers\AboutController->__construct()
 2 SYSTEMPATH\CodeIgniter.php(493): CodeIgniter\CodeIgniter->createController()
 3 SYSTEMPATH\CodeIgniter.php(361): CodeIgniter\CodeIgniter->handleRequest(null, Object(Config\Cache), false)
 4 FCPATH\index.php(79): CodeIgniter\CodeIgniter->run()
WARNING - 2025-01-17 12:15:35 --> [DEPRECATED] Creation of dynamic property App\Controllers\AboutController::$imageModel is deprecated in APPPATH\Controllers\AboutController.php on line 18.
 1 SYSTEMPATH\CodeIgniter.php(913): App\Controllers\AboutController->__construct()
 2 SYSTEMPATH\CodeIgniter.php(493): CodeIgniter\CodeIgniter->createController()
 3 SYSTEMPATH\CodeIgniter.php(361): CodeIgniter\CodeIgniter->handleRequest(null, Object(Config\Cache), false)
 4 FCPATH\index.php(79): CodeIgniter\CodeIgniter->run()
WARNING - 2025-01-17 12:15:35 --> [DEPRECATED] Creation of dynamic property App\Controllers\AboutController::$areaModel is deprecated in APPPATH\Controllers\AboutController.php on line 19.
 1 SYSTEMPATH\CodeIgniter.php(913): App\Controllers\AboutController->__construct()
 2 SYSTEMPATH\CodeIgniter.php(493): CodeIgniter\CodeIgniter->createController()
 3 SYSTEMPATH\CodeIgniter.php(361): CodeIgniter\CodeIgniter->handleRequest(null, Object(Config\Cache), false)
 4 FCPATH\index.php(79): CodeIgniter\CodeIgniter->run()
WARNING - 2025-01-17 12:15:35 --> [DEPRECATED] Creation of dynamic property App\Controllers\AboutController::$foodModel is deprecated in APPPATH\Controllers\AboutController.php on line 20.
 1 SYSTEMPATH\CodeIgniter.php(913): App\Controllers\AboutController->__construct()
 2 SYSTEMPATH\CodeIgniter.php(493): CodeIgniter\CodeIgniter->createController()
 3 SYSTEMPATH\CodeIgniter.php(361): CodeIgniter\CodeIgniter->handleRequest(null, Object(Config\Cache), false)
 4 FCPATH\index.php(79): CodeIgniter\CodeIgniter->run()
WARNING - 2025-01-17 12:15:35 --> [DEPRECATED] Creation of dynamic property App\Controllers\AboutController::$blogModel is deprecated in APPPATH\Controllers\AboutController.php on line 21.
 1 SYSTEMPATH\CodeIgniter.php(913): App\Controllers\AboutController->__construct()
 2 SYSTEMPATH\CodeIgniter.php(493): CodeIgniter\CodeIgniter->createController()
 3 SYSTEMPATH\CodeIgniter.php(361): CodeIgniter\CodeIgniter->handleRequest(null, Object(Config\Cache), false)
 4 FCPATH\index.php(79): CodeIgniter\CodeIgniter->run()
INFO - 2025-01-17 12:15:35 --> Session: Class initialized using 'CodeIgniter\Session\Handlers\FileHandler' driver.
WARNING - 2025-01-17 12:16:10 --> [DEPRECATED] Creation of dynamic property App\Controllers\DestinationController::$citiesModel is deprecated in APPPATH\Controllers\DestinationController.php on line 16.
 1 SYSTEMPATH\CodeIgniter.php(913): App\Controllers\DestinationController->__construct()
 2 SYSTEMPATH\CodeIgniter.php(493): CodeIgniter\CodeIgniter->createController()
 3 SYSTEMPATH\CodeIgniter.php(361): CodeIgniter\CodeIgniter->handleRequest(null, Object(Config\Cache), false)
 4 FCPATH\index.php(79): CodeIgniter\CodeIgniter->run()
WARNING - 2025-01-17 12:16:10 --> [DEPRECATED] Creation of dynamic property App\Controllers\DestinationController::$uttarakhandModel is deprecated in APPPATH\Controllers\DestinationController.php on line 17.
 1 SYSTEMPATH\CodeIgniter.php(913): App\Controllers\DestinationController->__construct()
 2 SYSTEMPATH\CodeIgniter.php(493): CodeIgniter\CodeIgniter->createController()
 3 SYSTEMPATH\CodeIgniter.php(361): CodeIgniter\CodeIgniter->handleRequest(null, Object(Config\Cache), false)
 4 FCPATH\index.php(79): CodeIgniter\CodeIgniter->run()
WARNING - 2025-01-17 12:16:10 --> [DEPRECATED] Creation of dynamic property App\Controllers\DestinationController::$imageModel is deprecated in APPPATH\Controllers\DestinationController.php on line 18.
 1 SYSTEMPATH\CodeIgniter.php(913): App\Controllers\DestinationController->__construct()
 2 SYSTEMPATH\CodeIgniter.php(493): CodeIgniter\CodeIgniter->createController()
 3 SYSTEMPATH\CodeIgniter.php(361): CodeIgniter\CodeIgniter->handleRequest(null, Object(Config\Cache), false)
 4 FCPATH\index.php(79): CodeIgniter\CodeIgniter->run()
WARNING - 2025-01-17 12:16:10 --> [DEPRECATED] Creation of dynamic property App\Controllers\DestinationController::$areaModel is deprecated in APPPATH\Controllers\DestinationController.php on line 19.
 1 SYSTEMPATH\CodeIgniter.php(913): App\Controllers\DestinationController->__construct()
 2 SYSTEMPATH\CodeIgniter.php(493): CodeIgniter\CodeIgniter->createController()
 3 SYSTEMPATH\CodeIgniter.php(361): CodeIgniter\CodeIgniter->handleRequest(null, Object(Config\Cache), false)
 4 FCPATH\index.php(79): CodeIgniter\CodeIgniter->run()
WARNING - 2025-01-17 12:16:10 --> [DEPRECATED] Creation of dynamic property App\Controllers\DestinationController::$foodModel is deprecated in APPPATH\Controllers\DestinationController.php on line 20.
 1 SYSTEMPATH\CodeIgniter.php(913): App\Controllers\DestinationController->__construct()
 2 SYSTEMPATH\CodeIgniter.php(493): CodeIgniter\CodeIgniter->createController()
 3 SYSTEMPATH\CodeIgniter.php(361): CodeIgniter\CodeIgniter->handleRequest(null, Object(Config\Cache), false)
 4 FCPATH\index.php(79): CodeIgniter\CodeIgniter->run()
WARNING - 2025-01-17 12:16:10 --> [DEPRECATED] Creation of dynamic property App\Controllers\DestinationController::$blogModel is deprecated in APPPATH\Controllers\DestinationController.php on line 21.
 1 SYSTEMPATH\CodeIgniter.php(913): App\Controllers\DestinationController->__construct()
 2 SYSTEMPATH\CodeIgniter.php(493): CodeIgniter\CodeIgniter->createController()
 3 SYSTEMPATH\CodeIgniter.php(361): CodeIgniter\CodeIgniter->handleRequest(null, Object(Config\Cache), false)
 4 FCPATH\index.php(79): CodeIgniter\CodeIgniter->run()
INFO - 2025-01-17 12:16:10 --> Session: Class initialized using 'CodeIgniter\Session\Handlers\FileHandler' driver.
WARNING - 2025-01-17 12:16:10 --> [DEPRECATED] Creation of dynamic property App\Controllers\HomeController::$citiesModel is deprecated in APPPATH\Controllers\HomeController.php on line 19.
 1 SYSTEMPATH\CodeIgniter.php(913): App\Controllers\HomeController->__construct()
 2 SYSTEMPATH\CodeIgniter.php(493): CodeIgniter\CodeIgniter->createController()
 3 SYSTEMPATH\CodeIgniter.php(361): CodeIgniter\CodeIgniter->handleRequest(null, Object(Config\Cache), false)
 4 FCPATH\index.php(79): CodeIgniter\CodeIgniter->run()
WARNING - 2025-01-17 12:16:10 --> [DEPRECATED] Creation of dynamic property App\Controllers\HomeController::$uttarakhandModel is deprecated in APPPATH\Controllers\HomeController.php on line 20.
 1 SYSTEMPATH\CodeIgniter.php(913): App\Controllers\HomeController->__construct()
 2 SYSTEMPATH\CodeIgniter.php(493): CodeIgniter\CodeIgniter->createController()
 3 SYSTEMPATH\CodeIgniter.php(361): CodeIgniter\CodeIgniter->handleRequest(null, Object(Config\Cache), false)
 4 FCPATH\index.php(79): CodeIgniter\CodeIgniter->run()
WARNING - 2025-01-17 12:16:10 --> [DEPRECATED] Creation of dynamic property App\Controllers\HomeController::$imageModel is deprecated in APPPATH\Controllers\HomeController.php on line 21.
 1 SYSTEMPATH\CodeIgniter.php(913): App\Controllers\HomeController->__construct()
 2 SYSTEMPATH\CodeIgniter.php(493): CodeIgniter\CodeIgniter->createController()
 3 SYSTEMPATH\CodeIgniter.php(361): CodeIgniter\CodeIgniter->handleRequest(null, Object(Config\Cache), false)
 4 FCPATH\index.php(79): CodeIgniter\CodeIgniter->run()
WARNING - 2025-01-17 12:16:10 --> [DEPRECATED] Creation of dynamic property App\Controllers\HomeController::$areaModel is deprecated in APPPATH\Controllers\HomeController.php on line 22.
 1 SYSTEMPATH\CodeIgniter.php(913): App\Controllers\HomeController->__construct()
 2 SYSTEMPATH\CodeIgniter.php(493): CodeIgniter\CodeIgniter->createController()
 3 SYSTEMPATH\CodeIgniter.php(361): CodeIgniter\CodeIgniter->handleRequest(null, Object(Config\Cache), false)
 4 FCPATH\index.php(79): CodeIgniter\CodeIgniter->run()
WARNING - 2025-01-17 12:16:10 --> [DEPRECATED] Creation of dynamic property App\Controllers\HomeController::$foodModel is deprecated in APPPATH\Controllers\HomeController.php on line 23.
 1 SYSTEMPATH\CodeIgniter.php(913): App\Controllers\HomeController->__construct()
 2 SYSTEMPATH\CodeIgniter.php(493): CodeIgniter\CodeIgniter->createController()
 3 SYSTEMPATH\CodeIgniter.php(361): CodeIgniter\CodeIgniter->handleRequest(null, Object(Config\Cache), false)
 4 FCPATH\index.php(79): CodeIgniter\CodeIgniter->run()
WARNING - 2025-01-17 12:16:10 --> [DEPRECATED] Creation of dynamic property App\Controllers\HomeController::$blogModel is deprecated in APPPATH\Controllers\HomeController.php on line 24.
 1 SYSTEMPATH\CodeIgniter.php(913): App\Controllers\HomeController->__construct()
 2 SYSTEMPATH\CodeIgniter.php(493): CodeIgniter\CodeIgniter->createController()
 3 SYSTEMPATH\CodeIgniter.php(361): CodeIgniter\CodeIgniter->handleRequest(null, Object(Config\Cache), false)
 4 FCPATH\index.php(79): CodeIgniter\CodeIgniter->run()
INFO - 2025-01-17 12:16:10 --> Session: Class initialized using 'CodeIgniter\Session\Handlers\FileHandler' driver.
CRITICAL - 2025-01-17 12:16:10 --> ErrorException: Trying to access array offset on value of type null
in APPPATH\Controllers\HomeController.php on line 80.
 1 APPPATH\Controllers\HomeController.php(80): CodeIgniter\Debug\Exceptions->errorHandler(2, 'Trying to access array offset on value of type null', 'C:\\xampp\\htdocs\\uttrakhand\\app\\Controllers\\HomeController.php', 80)
 2 SYSTEMPATH\CodeIgniter.php(941): App\Controllers\HomeController->page('images', 'bg_2.jpg')
 3 SYSTEMPATH\CodeIgniter.php(502): CodeIgniter\CodeIgniter->runController(Object(App\Controllers\HomeController))
 4 SYSTEMPATH\CodeIgniter.php(361): CodeIgniter\CodeIgniter->handleRequest(null, Object(Config\Cache), false)
 5 FCPATH\index.php(79): CodeIgniter\CodeIgniter->run()
WARNING - 2025-01-17 12:16:56 --> [DEPRECATED] Creation of dynamic property App\Controllers\DestinationController::$citiesModel is deprecated in APPPATH\Controllers\DestinationController.php on line 16.
 1 SYSTEMPATH\CodeIgniter.php(913): App\Controllers\DestinationController->__construct()
 2 SYSTEMPATH\CodeIgniter.php(493): CodeIgniter\CodeIgniter->createController()
 3 SYSTEMPATH\CodeIgniter.php(361): CodeIgniter\CodeIgniter->handleRequest(null, Object(Config\Cache), false)
 4 FCPATH\index.php(79): CodeIgniter\CodeIgniter->run()
WARNING - 2025-01-17 12:16:56 --> [DEPRECATED] Creation of dynamic property App\Controllers\DestinationController::$uttarakhandModel is deprecated in APPPATH\Controllers\DestinationController.php on line 17.
 1 SYSTEMPATH\CodeIgniter.php(913): App\Controllers\DestinationController->__construct()
 2 SYSTEMPATH\CodeIgniter.php(493): CodeIgniter\CodeIgniter->createController()
 3 SYSTEMPATH\CodeIgniter.php(361): CodeIgniter\CodeIgniter->handleRequest(null, Object(Config\Cache), false)
 4 FCPATH\index.php(79): CodeIgniter\CodeIgniter->run()
WARNING - 2025-01-17 12:16:56 --> [DEPRECATED] Creation of dynamic property App\Controllers\DestinationController::$imageModel is deprecated in APPPATH\Controllers\DestinationController.php on line 18.
 1 SYSTEMPATH\CodeIgniter.php(913): App\Controllers\DestinationController->__construct()
 2 SYSTEMPATH\CodeIgniter.php(493): CodeIgniter\CodeIgniter->createController()
 3 SYSTEMPATH\CodeIgniter.php(361): CodeIgniter\CodeIgniter->handleRequest(null, Object(Config\Cache), false)
 4 FCPATH\index.php(79): CodeIgniter\CodeIgniter->run()
WARNING - 2025-01-17 12:16:56 --> [DEPRECATED] Creation of dynamic property App\Controllers\DestinationController::$areaModel is deprecated in APPPATH\Controllers\DestinationController.php on line 19.
 1 SYSTEMPATH\CodeIgniter.php(913): App\Controllers\DestinationController->__construct()
 2 SYSTEMPATH\CodeIgniter.php(493): CodeIgniter\CodeIgniter->createController()
 3 SYSTEMPATH\CodeIgniter.php(361): CodeIgniter\CodeIgniter->handleRequest(null, Object(Config\Cache), false)
 4 FCPATH\index.php(79): CodeIgniter\CodeIgniter->run()
WARNING - 2025-01-17 12:16:56 --> [DEPRECATED] Creation of dynamic property App\Controllers\DestinationController::$foodModel is deprecated in APPPATH\Controllers\DestinationController.php on line 20.
 1 SYSTEMPATH\CodeIgniter.php(913): App\Controllers\DestinationController->__construct()
 2 SYSTEMPATH\CodeIgniter.php(493): CodeIgniter\CodeIgniter->createController()
 3 SYSTEMPATH\CodeIgniter.php(361): CodeIgniter\CodeIgniter->handleRequest(null, Object(Config\Cache), false)
 4 FCPATH\index.php(79): CodeIgniter\CodeIgniter->run()
WARNING - 2025-01-17 12:16:56 --> [DEPRECATED] Creation of dynamic property App\Controllers\DestinationController::$blogModel is deprecated in APPPATH\Controllers\DestinationController.php on line 21.
 1 SYSTEMPATH\CodeIgniter.php(913): App\Controllers\DestinationController->__construct()
 2 SYSTEMPATH\CodeIgniter.php(493): CodeIgniter\CodeIgniter->createController()
 3 SYSTEMPATH\CodeIgniter.php(361): CodeIgniter\CodeIgniter->handleRequest(null, Object(Config\Cache), false)
 4 FCPATH\index.php(79): CodeIgniter\CodeIgniter->run()
INFO - 2025-01-17 12:16:56 --> Session: Class initialized using 'CodeIgniter\Session\Handlers\FileHandler' driver.
WARNING - 2025-01-17 12:16:56 --> [DEPRECATED] Creation of dynamic property App\Controllers\HomeController::$citiesModel is deprecated in APPPATH\Controllers\HomeController.php on line 19.
 1 SYSTEMPATH\CodeIgniter.php(913): App\Controllers\HomeController->__construct()
 2 SYSTEMPATH\CodeIgniter.php(493): CodeIgniter\CodeIgniter->createController()
 3 SYSTEMPATH\CodeIgniter.php(361): CodeIgniter\CodeIgniter->handleRequest(null, Object(Config\Cache), false)
 4 FCPATH\index.php(79): CodeIgniter\CodeIgniter->run()
WARNING - 2025-01-17 12:16:56 --> [DEPRECATED] Creation of dynamic property App\Controllers\HomeController::$uttarakhandModel is deprecated in APPPATH\Controllers\HomeController.php on line 20.
 1 SYSTEMPATH\CodeIgniter.php(913): App\Controllers\HomeController->__construct()
 2 SYSTEMPATH\CodeIgniter.php(493): CodeIgniter\CodeIgniter->createController()
 3 SYSTEMPATH\CodeIgniter.php(361): CodeIgniter\CodeIgniter->handleRequest(null, Object(Config\Cache), false)
 4 FCPATH\index.php(79): CodeIgniter\CodeIgniter->run()
WARNING - 2025-01-17 12:16:56 --> [DEPRECATED] Creation of dynamic property App\Controllers\HomeController::$imageModel is deprecated in APPPATH\Controllers\HomeController.php on line 21.
 1 SYSTEMPATH\CodeIgniter.php(913): App\Controllers\HomeController->__construct()
 2 SYSTEMPATH\CodeIgniter.php(493): CodeIgniter\CodeIgniter->createController()
 3 SYSTEMPATH\CodeIgniter.php(361): CodeIgniter\CodeIgniter->handleRequest(null, Object(Config\Cache), false)
 4 FCPATH\index.php(79): CodeIgniter\CodeIgniter->run()
WARNING - 2025-01-17 12:16:56 --> [DEPRECATED] Creation of dynamic property App\Controllers\HomeController::$areaModel is deprecated in APPPATH\Controllers\HomeController.php on line 22.
 1 SYSTEMPATH\CodeIgniter.php(913): App\Controllers\HomeController->__construct()
 2 SYSTEMPATH\CodeIgniter.php(493): CodeIgniter\CodeIgniter->createController()
 3 SYSTEMPATH\CodeIgniter.php(361): CodeIgniter\CodeIgniter->handleRequest(null, Object(Config\Cache), false)
 4 FCPATH\index.php(79): CodeIgniter\CodeIgniter->run()
WARNING - 2025-01-17 12:16:56 --> [DEPRECATED] Creation of dynamic property App\Controllers\HomeController::$foodModel is deprecated in APPPATH\Controllers\HomeController.php on line 23.
 1 SYSTEMPATH\CodeIgniter.php(913): App\Controllers\HomeController->__construct()
 2 SYSTEMPATH\CodeIgniter.php(493): CodeIgniter\CodeIgniter->createController()
 3 SYSTEMPATH\CodeIgniter.php(361): CodeIgniter\CodeIgniter->handleRequest(null, Object(Config\Cache), false)
 4 FCPATH\index.php(79): CodeIgniter\CodeIgniter->run()
WARNING - 2025-01-17 12:16:56 --> [DEPRECATED] Creation of dynamic property App\Controllers\HomeController::$blogModel is deprecated in APPPATH\Controllers\HomeController.php on line 24.
 1 SYSTEMPATH\CodeIgniter.php(913): App\Controllers\HomeController->__construct()
 2 SYSTEMPATH\CodeIgniter.php(493): CodeIgniter\CodeIgniter->createController()
 3 SYSTEMPATH\CodeIgniter.php(361): CodeIgniter\CodeIgniter->handleRequest(null, Object(Config\Cache), false)
 4 FCPATH\index.php(79): CodeIgniter\CodeIgniter->run()
INFO - 2025-01-17 12:16:56 --> Session: Class initialized using 'CodeIgniter\Session\Handlers\FileHandler' driver.
CRITICAL - 2025-01-17 12:16:56 --> ErrorException: Trying to access array offset on value of type null
in APPPATH\Controllers\HomeController.php on line 80.
 1 APPPATH\Controllers\HomeController.php(80): CodeIgniter\Debug\Exceptions->errorHandler(2, 'Trying to access array offset on value of type null', 'C:\\xampp\\htdocs\\uttrakhand\\app\\Controllers\\HomeController.php', 80)
 2 SYSTEMPATH\CodeIgniter.php(941): App\Controllers\HomeController->page('images', 'bg_2.jpg')
 3 SYSTEMPATH\CodeIgniter.php(502): CodeIgniter\CodeIgniter->runController(Object(App\Controllers\HomeController))
 4 SYSTEMPATH\CodeIgniter.php(361): CodeIgniter\CodeIgniter->handleRequest(null, Object(Config\Cache), false)
 5 FCPATH\index.php(79): CodeIgniter\CodeIgniter->run()
WARNING - 2025-01-17 12:16:57 --> [DEPRECATED] Creation of dynamic property App\Controllers\DestinationController::$citiesModel is deprecated in APPPATH\Controllers\DestinationController.php on line 16.
 1 SYSTEMPATH\CodeIgniter.php(913): App\Controllers\DestinationController->__construct()
 2 SYSTEMPATH\CodeIgniter.php(493): CodeIgniter\CodeIgniter->createController()
 3 SYSTEMPATH\CodeIgniter.php(361): CodeIgniter\CodeIgniter->handleRequest(null, Object(Config\Cache), false)
 4 FCPATH\index.php(79): CodeIgniter\CodeIgniter->run()
WARNING - 2025-01-17 12:16:57 --> [DEPRECATED] Creation of dynamic property App\Controllers\DestinationController::$uttarakhandModel is deprecated in APPPATH\Controllers\DestinationController.php on line 17.
 1 SYSTEMPATH\CodeIgniter.php(913): App\Controllers\DestinationController->__construct()
 2 SYSTEMPATH\CodeIgniter.php(493): CodeIgniter\CodeIgniter->createController()
 3 SYSTEMPATH\CodeIgniter.php(361): CodeIgniter\CodeIgniter->handleRequest(null, Object(Config\Cache), false)
 4 FCPATH\index.php(79): CodeIgniter\CodeIgniter->run()
WARNING - 2025-01-17 12:16:57 --> [DEPRECATED] Creation of dynamic property App\Controllers\DestinationController::$imageModel is deprecated in APPPATH\Controllers\DestinationController.php on line 18.
 1 SYSTEMPATH\CodeIgniter.php(913): App\Controllers\DestinationController->__construct()
 2 SYSTEMPATH\CodeIgniter.php(493): CodeIgniter\CodeIgniter->createController()
 3 SYSTEMPATH\CodeIgniter.php(361): CodeIgniter\CodeIgniter->handleRequest(null, Object(Config\Cache), false)
 4 FCPATH\index.php(79): CodeIgniter\CodeIgniter->run()
WARNING - 2025-01-17 12:16:57 --> [DEPRECATED] Creation of dynamic property App\Controllers\DestinationController::$areaModel is deprecated in APPPATH\Controllers\DestinationController.php on line 19.
 1 SYSTEMPATH\CodeIgniter.php(913): App\Controllers\DestinationController->__construct()
 2 SYSTEMPATH\CodeIgniter.php(493): CodeIgniter\CodeIgniter->createController()
 3 SYSTEMPATH\CodeIgniter.php(361): CodeIgniter\CodeIgniter->handleRequest(null, Object(Config\Cache), false)
 4 FCPATH\index.php(79): CodeIgniter\CodeIgniter->run()
WARNING - 2025-01-17 12:16:57 --> [DEPRECATED] Creation of dynamic property App\Controllers\DestinationController::$foodModel is deprecated in APPPATH\Controllers\DestinationController.php on line 20.
 1 SYSTEMPATH\CodeIgniter.php(913): App\Controllers\DestinationController->__construct()
 2 SYSTEMPATH\CodeIgniter.php(493): CodeIgniter\CodeIgniter->createController()
 3 SYSTEMPATH\CodeIgniter.php(361): CodeIgniter\CodeIgniter->handleRequest(null, Object(Config\Cache), false)
 4 FCPATH\index.php(79): CodeIgniter\CodeIgniter->run()
WARNING - 2025-01-17 12:16:57 --> [DEPRECATED] Creation of dynamic property App\Controllers\DestinationController::$blogModel is deprecated in APPPATH\Controllers\DestinationController.php on line 21.
 1 SYSTEMPATH\CodeIgniter.php(913): App\Controllers\DestinationController->__construct()
 2 SYSTEMPATH\CodeIgniter.php(493): CodeIgniter\CodeIgniter->createController()
 3 SYSTEMPATH\CodeIgniter.php(361): CodeIgniter\CodeIgniter->handleRequest(null, Object(Config\Cache), false)
 4 FCPATH\index.php(79): CodeIgniter\CodeIgniter->run()
INFO - 2025-01-17 12:16:57 --> Session: Class initialized using 'CodeIgniter\Session\Handlers\FileHandler' driver.
WARNING - 2025-01-17 12:16:58 --> [DEPRECATED] Creation of dynamic property App\Controllers\HomeController::$citiesModel is deprecated in APPPATH\Controllers\HomeController.php on line 19.
 1 SYSTEMPATH\CodeIgniter.php(913): App\Controllers\HomeController->__construct()
 2 SYSTEMPATH\CodeIgniter.php(493): CodeIgniter\CodeIgniter->createController()
 3 SYSTEMPATH\CodeIgniter.php(361): CodeIgniter\CodeIgniter->handleRequest(null, Object(Config\Cache), false)
 4 FCPATH\index.php(79): CodeIgniter\CodeIgniter->run()
WARNING - 2025-01-17 12:16:58 --> [DEPRECATED] Creation of dynamic property App\Controllers\HomeController::$uttarakhandModel is deprecated in APPPATH\Controllers\HomeController.php on line 20.
 1 SYSTEMPATH\CodeIgniter.php(913): App\Controllers\HomeController->__construct()
 2 SYSTEMPATH\CodeIgniter.php(493): CodeIgniter\CodeIgniter->createController()
 3 SYSTEMPATH\CodeIgniter.php(361): CodeIgniter\CodeIgniter->handleRequest(null, Object(Config\Cache), false)
 4 FCPATH\index.php(79): CodeIgniter\CodeIgniter->run()
WARNING - 2025-01-17 12:16:58 --> [DEPRECATED] Creation of dynamic property App\Controllers\HomeController::$imageModel is deprecated in APPPATH\Controllers\HomeController.php on line 21.
 1 SYSTEMPATH\CodeIgniter.php(913): App\Controllers\HomeController->__construct()
 2 SYSTEMPATH\CodeIgniter.php(493): CodeIgniter\CodeIgniter->createController()
 3 SYSTEMPATH\CodeIgniter.php(361): CodeIgniter\CodeIgniter->handleRequest(null, Object(Config\Cache), false)
 4 FCPATH\index.php(79): CodeIgniter\CodeIgniter->run()
WARNING - 2025-01-17 12:16:58 --> [DEPRECATED] Creation of dynamic property App\Controllers\HomeController::$areaModel is deprecated in APPPATH\Controllers\HomeController.php on line 22.
 1 SYSTEMPATH\CodeIgniter.php(913): App\Controllers\HomeController->__construct()
 2 SYSTEMPATH\CodeIgniter.php(493): CodeIgniter\CodeIgniter->createController()
 3 SYSTEMPATH\CodeIgniter.php(361): CodeIgniter\CodeIgniter->handleRequest(null, Object(Config\Cache), false)
 4 FCPATH\index.php(79): CodeIgniter\CodeIgniter->run()
WARNING - 2025-01-17 12:16:58 --> [DEPRECATED] Creation of dynamic property App\Controllers\HomeController::$foodModel is deprecated in APPPATH\Controllers\HomeController.php on line 23.
 1 SYSTEMPATH\CodeIgniter.php(913): App\Controllers\HomeController->__construct()
 2 SYSTEMPATH\CodeIgniter.php(493): CodeIgniter\CodeIgniter->createController()
 3 SYSTEMPATH\CodeIgniter.php(361): CodeIgniter\CodeIgniter->handleRequest(null, Object(Config\Cache), false)
 4 FCPATH\index.php(79): CodeIgniter\CodeIgniter->run()
WARNING - 2025-01-17 12:16:58 --> [DEPRECATED] Creation of dynamic property App\Controllers\HomeController::$blogModel is deprecated in APPPATH\Controllers\HomeController.php on line 24.
 1 SYSTEMPATH\CodeIgniter.php(913): App\Controllers\HomeController->__construct()
 2 SYSTEMPATH\CodeIgniter.php(493): CodeIgniter\CodeIgniter->createController()
 3 SYSTEMPATH\CodeIgniter.php(361): CodeIgniter\CodeIgniter->handleRequest(null, Object(Config\Cache), false)
 4 FCPATH\index.php(79): CodeIgniter\CodeIgniter->run()
INFO - 2025-01-17 12:16:58 --> Session: Class initialized using 'CodeIgniter\Session\Handlers\FileHandler' driver.
CRITICAL - 2025-01-17 12:16:58 --> ErrorException: Trying to access array offset on value of type null
in APPPATH\Controllers\HomeController.php on line 80.
 1 APPPATH\Controllers\HomeController.php(80): CodeIgniter\Debug\Exceptions->errorHandler(2, 'Trying to access array offset on value of type null', 'C:\\xampp\\htdocs\\uttrakhand\\app\\Controllers\\HomeController.php', 80)
 2 SYSTEMPATH\CodeIgniter.php(941): App\Controllers\HomeController->page('images', 'bg_1.jpg')
 3 SYSTEMPATH\CodeIgniter.php(502): CodeIgniter\CodeIgniter->runController(Object(App\Controllers\HomeController))
 4 SYSTEMPATH\CodeIgniter.php(361): CodeIgniter\CodeIgniter->handleRequest(null, Object(Config\Cache), false)
 5 FCPATH\index.php(79): CodeIgniter\CodeIgniter->run()
WARNING - 2025-01-17 12:16:58 --> [DEPRECATED] Creation of dynamic property App\Controllers\HomeController::$citiesModel is deprecated in APPPATH\Controllers\HomeController.php on line 19.
 1 SYSTEMPATH\CodeIgniter.php(913): App\Controllers\HomeController->__construct()
 2 SYSTEMPATH\CodeIgniter.php(493): CodeIgniter\CodeIgniter->createController()
 3 SYSTEMPATH\CodeIgniter.php(361): CodeIgniter\CodeIgniter->handleRequest(null, Object(Config\Cache), false)
 4 FCPATH\index.php(79): CodeIgniter\CodeIgniter->run()
WARNING - 2025-01-17 12:16:58 --> [DEPRECATED] Creation of dynamic property App\Controllers\HomeController::$uttarakhandModel is deprecated in APPPATH\Controllers\HomeController.php on line 20.
 1 SYSTEMPATH\CodeIgniter.php(913): App\Controllers\HomeController->__construct()
 2 SYSTEMPATH\CodeIgniter.php(493): CodeIgniter\CodeIgniter->createController()
 3 SYSTEMPATH\CodeIgniter.php(361): CodeIgniter\CodeIgniter->handleRequest(null, Object(Config\Cache), false)
 4 FCPATH\index.php(79): CodeIgniter\CodeIgniter->run()
WARNING - 2025-01-17 12:16:58 --> [DEPRECATED] Creation of dynamic property App\Controllers\HomeController::$imageModel is deprecated in APPPATH\Controllers\HomeController.php on line 21.
 1 SYSTEMPATH\CodeIgniter.php(913): App\Controllers\HomeController->__construct()
 2 SYSTEMPATH\CodeIgniter.php(493): CodeIgniter\CodeIgniter->createController()
 3 SYSTEMPATH\CodeIgniter.php(361): CodeIgniter\CodeIgniter->handleRequest(null, Object(Config\Cache), false)
 4 FCPATH\index.php(79): CodeIgniter\CodeIgniter->run()
WARNING - 2025-01-17 12:16:58 --> [DEPRECATED] Creation of dynamic property App\Controllers\HomeController::$areaModel is deprecated in APPPATH\Controllers\HomeController.php on line 22.
 1 SYSTEMPATH\CodeIgniter.php(913): App\Controllers\HomeController->__construct()
 2 SYSTEMPATH\CodeIgniter.php(493): CodeIgniter\CodeIgniter->createController()
 3 SYSTEMPATH\CodeIgniter.php(361): CodeIgniter\CodeIgniter->handleRequest(null, Object(Config\Cache), false)
 4 FCPATH\index.php(79): CodeIgniter\CodeIgniter->run()
WARNING - 2025-01-17 12:16:58 --> [DEPRECATED] Creation of dynamic property App\Controllers\HomeController::$foodModel is deprecated in APPPATH\Controllers\HomeController.php on line 23.
 1 SYSTEMPATH\CodeIgniter.php(913): App\Controllers\HomeController->__construct()
 2 SYSTEMPATH\CodeIgniter.php(493): CodeIgniter\CodeIgniter->createController()
 3 SYSTEMPATH\CodeIgniter.php(361): CodeIgniter\CodeIgniter->handleRequest(null, Object(Config\Cache), false)
 4 FCPATH\index.php(79): CodeIgniter\CodeIgniter->run()
WARNING - 2025-01-17 12:16:58 --> [DEPRECATED] Creation of dynamic property App\Controllers\HomeController::$blogModel is deprecated in APPPATH\Controllers\HomeController.php on line 24.
 1 SYSTEMPATH\CodeIgniter.php(913): App\Controllers\HomeController->__construct()
 2 SYSTEMPATH\CodeIgniter.php(493): CodeIgniter\CodeIgniter->createController()
 3 SYSTEMPATH\CodeIgniter.php(361): CodeIgniter\CodeIgniter->handleRequest(null, Object(Config\Cache), false)
 4 FCPATH\index.php(79): CodeIgniter\CodeIgniter->run()
INFO - 2025-01-17 12:16:58 --> Session: Class initialized using 'CodeIgniter\Session\Handlers\FileHandler' driver.
WARNING - 2025-01-17 12:16:58 --> [DEPRECATED] Creation of dynamic property App\Controllers\HomeController::$citiesModel is deprecated in APPPATH\Controllers\HomeController.php on line 19.
 1 SYSTEMPATH\CodeIgniter.php(913): App\Controllers\HomeController->__construct()
 2 SYSTEMPATH\CodeIgniter.php(493): CodeIgniter\CodeIgniter->createController()
 3 SYSTEMPATH\CodeIgniter.php(361): CodeIgniter\CodeIgniter->handleRequest(null, Object(Config\Cache), false)
 4 FCPATH\index.php(79): CodeIgniter\CodeIgniter->run()
WARNING - 2025-01-17 12:16:58 --> [DEPRECATED] Creation of dynamic property App\Controllers\HomeController::$citiesModel is deprecated in APPPATH\Controllers\HomeController.php on line 19.
 1 SYSTEMPATH\CodeIgniter.php(913): App\Controllers\HomeController->__construct()
 2 SYSTEMPATH\CodeIgniter.php(493): CodeIgniter\CodeIgniter->createController()
 3 SYSTEMPATH\CodeIgniter.php(361): CodeIgniter\CodeIgniter->handleRequest(null, Object(Config\Cache), false)
 4 FCPATH\index.php(79): CodeIgniter\CodeIgniter->run()
WARNING - 2025-01-17 12:16:58 --> [DEPRECATED] Creation of dynamic property App\Controllers\HomeController::$uttarakhandModel is deprecated in APPPATH\Controllers\HomeController.php on line 20.
 1 SYSTEMPATH\CodeIgniter.php(913): App\Controllers\HomeController->__construct()
 2 SYSTEMPATH\CodeIgniter.php(493): CodeIgniter\CodeIgniter->createController()
 3 SYSTEMPATH\CodeIgniter.php(361): CodeIgniter\CodeIgniter->handleRequest(null, Object(Config\Cache), false)
 4 FCPATH\index.php(79): CodeIgniter\CodeIgniter->run()
WARNING - 2025-01-17 12:16:58 --> [DEPRECATED] Creation of dynamic property App\Controllers\HomeController::$imageModel is deprecated in APPPATH\Controllers\HomeController.php on line 21.
 1 SYSTEMPATH\CodeIgniter.php(913): App\Controllers\HomeController->__construct()
 2 SYSTEMPATH\CodeIgniter.php(493): CodeIgniter\CodeIgniter->createController()
 3 SYSTEMPATH\CodeIgniter.php(361): CodeIgniter\CodeIgniter->handleRequest(null, Object(Config\Cache), false)
 4 FCPATH\index.php(79): CodeIgniter\CodeIgniter->run()
WARNING - 2025-01-17 12:16:58 --> [DEPRECATED] Creation of dynamic property App\Controllers\HomeController::$uttarakhandModel is deprecated in APPPATH\Controllers\HomeController.php on line 20.
 1 SYSTEMPATH\CodeIgniter.php(913): App\Controllers\HomeController->__construct()
 2 SYSTEMPATH\CodeIgniter.php(493): CodeIgniter\CodeIgniter->createController()
 3 SYSTEMPATH\CodeIgniter.php(361): CodeIgniter\CodeIgniter->handleRequest(null, Object(Config\Cache), false)
 4 FCPATH\index.php(79): CodeIgniter\CodeIgniter->run()
WARNING - 2025-01-17 12:16:58 --> [DEPRECATED] Creation of dynamic property App\Controllers\HomeController::$areaModel is deprecated in APPPATH\Controllers\HomeController.php on line 22.
 1 SYSTEMPATH\CodeIgniter.php(913): App\Controllers\HomeController->__construct()
 2 SYSTEMPATH\CodeIgniter.php(493): CodeIgniter\CodeIgniter->createController()
 3 SYSTEMPATH\CodeIgniter.php(361): CodeIgniter\CodeIgniter->handleRequest(null, Object(Config\Cache), false)
 4 FCPATH\index.php(79): CodeIgniter\CodeIgniter->run()
WARNING - 2025-01-17 12:16:58 --> [DEPRECATED] Creation of dynamic property App\Controllers\HomeController::$foodModel is deprecated in APPPATH\Controllers\HomeController.php on line 23.
 1 SYSTEMPATH\CodeIgniter.php(913): App\Controllers\HomeController->__construct()
 2 SYSTEMPATH\CodeIgniter.php(493): CodeIgniter\CodeIgniter->createController()
 3 SYSTEMPATH\CodeIgniter.php(361): CodeIgniter\CodeIgniter->handleRequest(null, Object(Config\Cache), false)
 4 FCPATH\index.php(79): CodeIgniter\CodeIgniter->run()
WARNING - 2025-01-17 12:16:58 --> [DEPRECATED] Creation of dynamic property App\Controllers\HomeController::$imageModel is deprecated in APPPATH\Controllers\HomeController.php on line 21.
 1 SYSTEMPATH\CodeIgniter.php(913): App\Controllers\HomeController->__construct()
 2 SYSTEMPATH\CodeIgniter.php(493): CodeIgniter\CodeIgniter->createController()
 3 SYSTEMPATH\CodeIgniter.php(361): CodeIgniter\CodeIgniter->handleRequest(null, Object(Config\Cache), false)
 4 FCPATH\index.php(79): CodeIgniter\CodeIgniter->run()
WARNING - 2025-01-17 12:16:58 --> [DEPRECATED] Creation of dynamic property App\Controllers\HomeController::$blogModel is deprecated in APPPATH\Controllers\HomeController.php on line 24.
 1 SYSTEMPATH\CodeIgniter.php(913): App\Controllers\HomeController->__construct()
 2 SYSTEMPATH\CodeIgniter.php(493): CodeIgniter\CodeIgniter->createController()
 3 SYSTEMPATH\CodeIgniter.php(361): CodeIgniter\CodeIgniter->handleRequest(null, Object(Config\Cache), false)
 4 FCPATH\index.php(79): CodeIgniter\CodeIgniter->run()
WARNING - 2025-01-17 12:16:58 --> [DEPRECATED] Creation of dynamic property App\Controllers\HomeController::$areaModel is deprecated in APPPATH\Controllers\HomeController.php on line 22.
 1 SYSTEMPATH\CodeIgniter.php(913): App\Controllers\HomeController->__construct()
 2 SYSTEMPATH\CodeIgniter.php(493): CodeIgniter\CodeIgniter->createController()
 3 SYSTEMPATH\CodeIgniter.php(361): CodeIgniter\CodeIgniter->handleRequest(null, Object(Config\Cache), false)
 4 FCPATH\index.php(79): CodeIgniter\CodeIgniter->run()
WARNING - 2025-01-17 12:16:58 --> [DEPRECATED] Creation of dynamic property App\Controllers\HomeController::$foodModel is deprecated in APPPATH\Controllers\HomeController.php on line 23.
 1 SYSTEMPATH\CodeIgniter.php(913): App\Controllers\HomeController->__construct()
 2 SYSTEMPATH\CodeIgniter.php(493): CodeIgniter\CodeIgniter->createController()
 3 SYSTEMPATH\CodeIgniter.php(361): CodeIgniter\CodeIgniter->handleRequest(null, Object(Config\Cache), false)
 4 FCPATH\index.php(79): CodeIgniter\CodeIgniter->run()
WARNING - 2025-01-17 12:16:58 --> [DEPRECATED] Creation of dynamic property App\Controllers\HomeController::$blogModel is deprecated in APPPATH\Controllers\HomeController.php on line 24.
 1 SYSTEMPATH\CodeIgniter.php(913): App\Controllers\HomeController->__construct()
 2 SYSTEMPATH\CodeIgniter.php(493): CodeIgniter\CodeIgniter->createController()
 3 SYSTEMPATH\CodeIgniter.php(361): CodeIgniter\CodeIgniter->handleRequest(null, Object(Config\Cache), false)
 4 FCPATH\index.php(79): CodeIgniter\CodeIgniter->run()
CRITICAL - 2025-01-17 12:16:58 --> ErrorException: Trying to access array offset on value of type null
in APPPATH\Controllers\HomeController.php on line 80.
 1 APPPATH\Controllers\HomeController.php(80): CodeIgniter\Debug\Exceptions->errorHandler(2, 'Trying to access array offset on value of type null', 'C:\\xampp\\htdocs\\uttrakhand\\app\\Controllers\\HomeController.php', 80)
 2 SYSTEMPATH\CodeIgniter.php(941): App\Controllers\HomeController->page('images', 'hotel-resto-1.jpg')
 3 SYSTEMPATH\CodeIgniter.php(502): CodeIgniter\CodeIgniter->runController(Object(App\Controllers\HomeController))
 4 SYSTEMPATH\CodeIgniter.php(361): CodeIgniter\CodeIgniter->handleRequest(null, Object(Config\Cache), false)
 5 FCPATH\index.php(79): CodeIgniter\CodeIgniter->run()
INFO - 2025-01-17 12:16:58 --> Session: Class initialized using 'CodeIgniter\Session\Handlers\FileHandler' driver.
WARNING - 2025-01-17 12:16:58 --> [DEPRECATED] Creation of dynamic property App\Controllers\HomeController::$citiesModel is deprecated in APPPATH\Controllers\HomeController.php on line 19.
 1 SYSTEMPATH\CodeIgniter.php(913): App\Controllers\HomeController->__construct()
 2 SYSTEMPATH\CodeIgniter.php(493): CodeIgniter\CodeIgniter->createController()
 3 SYSTEMPATH\CodeIgniter.php(361): CodeIgniter\CodeIgniter->handleRequest(null, Object(Config\Cache), false)
 4 FCPATH\index.php(79): CodeIgniter\CodeIgniter->run()
WARNING - 2025-01-17 12:16:58 --> [DEPRECATED] Creation of dynamic property App\Controllers\HomeController::$uttarakhandModel is deprecated in APPPATH\Controllers\HomeController.php on line 20.
 1 SYSTEMPATH\CodeIgniter.php(913): App\Controllers\HomeController->__construct()
 2 SYSTEMPATH\CodeIgniter.php(493): CodeIgniter\CodeIgniter->createController()
 3 SYSTEMPATH\CodeIgniter.php(361): CodeIgniter\CodeIgniter->handleRequest(null, Object(Config\Cache), false)
 4 FCPATH\index.php(79): CodeIgniter\CodeIgniter->run()
WARNING - 2025-01-17 12:16:58 --> [DEPRECATED] Creation of dynamic property App\Controllers\HomeController::$imageModel is deprecated in APPPATH\Controllers\HomeController.php on line 21.
 1 SYSTEMPATH\CodeIgniter.php(913): App\Controllers\HomeController->__construct()
 2 SYSTEMPATH\CodeIgniter.php(493): CodeIgniter\CodeIgniter->createController()
 3 SYSTEMPATH\CodeIgniter.php(361): CodeIgniter\CodeIgniter->handleRequest(null, Object(Config\Cache), false)
 4 FCPATH\index.php(79): CodeIgniter\CodeIgniter->run()
WARNING - 2025-01-17 12:16:58 --> [DEPRECATED] Creation of dynamic property App\Controllers\HomeController::$areaModel is deprecated in APPPATH\Controllers\HomeController.php on line 22.
 1 SYSTEMPATH\CodeIgniter.php(913): App\Controllers\HomeController->__construct()
 2 SYSTEMPATH\CodeIgniter.php(493): CodeIgniter\CodeIgniter->createController()
 3 SYSTEMPATH\CodeIgniter.php(361): CodeIgniter\CodeIgniter->handleRequest(null, Object(Config\Cache), false)
 4 FCPATH\index.php(79): CodeIgniter\CodeIgniter->run()
WARNING - 2025-01-17 12:16:58 --> [DEPRECATED] Creation of dynamic property App\Controllers\HomeController::$citiesModel is deprecated in APPPATH\Controllers\HomeController.php on line 19.
 1 SYSTEMPATH\CodeIgniter.php(913): App\Controllers\HomeController->__construct()
 2 SYSTEMPATH\CodeIgniter.php(493): CodeIgniter\CodeIgniter->createController()
 3 SYSTEMPATH\CodeIgniter.php(361): CodeIgniter\CodeIgniter->handleRequest(null, Object(Config\Cache), false)
 4 FCPATH\index.php(79): CodeIgniter\CodeIgniter->run()
WARNING - 2025-01-17 12:16:58 --> [DEPRECATED] Creation of dynamic property App\Controllers\HomeController::$foodModel is deprecated in APPPATH\Controllers\HomeController.php on line 23.
 1 SYSTEMPATH\CodeIgniter.php(913): App\Controllers\HomeController->__construct()
 2 SYSTEMPATH\CodeIgniter.php(493): CodeIgniter\CodeIgniter->createController()
 3 SYSTEMPATH\CodeIgniter.php(361): CodeIgniter\CodeIgniter->handleRequest(null, Object(Config\Cache), false)
 4 FCPATH\index.php(79): CodeIgniter\CodeIgniter->run()
WARNING - 2025-01-17 12:16:58 --> [DEPRECATED] Creation of dynamic property App\Controllers\HomeController::$uttarakhandModel is deprecated in APPPATH\Controllers\HomeController.php on line 20.
 1 SYSTEMPATH\CodeIgniter.php(913): App\Controllers\HomeController->__construct()
 2 SYSTEMPATH\CodeIgniter.php(493): CodeIgniter\CodeIgniter->createController()
 3 SYSTEMPATH\CodeIgniter.php(361): CodeIgniter\CodeIgniter->handleRequest(null, Object(Config\Cache), false)
 4 FCPATH\index.php(79): CodeIgniter\CodeIgniter->run()
WARNING - 2025-01-17 12:16:58 --> [DEPRECATED] Creation of dynamic property App\Controllers\HomeController::$blogModel is deprecated in APPPATH\Controllers\HomeController.php on line 24.
 1 SYSTEMPATH\CodeIgniter.php(913): App\Controllers\HomeController->__construct()
 2 SYSTEMPATH\CodeIgniter.php(493): CodeIgniter\CodeIgniter->createController()
 3 SYSTEMPATH\CodeIgniter.php(361): CodeIgniter\CodeIgniter->handleRequest(null, Object(Config\Cache), false)
 4 FCPATH\index.php(79): CodeIgniter\CodeIgniter->run()
WARNING - 2025-01-17 12:16:58 --> [DEPRECATED] Creation of dynamic property App\Controllers\HomeController::$imageModel is deprecated in APPPATH\Controllers\HomeController.php on line 21.
 1 SYSTEMPATH\CodeIgniter.php(913): App\Controllers\HomeController->__construct()
 2 SYSTEMPATH\CodeIgniter.php(493): CodeIgniter\CodeIgniter->createController()
 3 SYSTEMPATH\CodeIgniter.php(361): CodeIgniter\CodeIgniter->handleRequest(null, Object(Config\Cache), false)
 4 FCPATH\index.php(79): CodeIgniter\CodeIgniter->run()
WARNING - 2025-01-17 12:16:58 --> [DEPRECATED] Creation of dynamic property App\Controllers\HomeController::$areaModel is deprecated in APPPATH\Controllers\HomeController.php on line 22.
 1 SYSTEMPATH\CodeIgniter.php(913): App\Controllers\HomeController->__construct()
 2 SYSTEMPATH\CodeIgniter.php(493): CodeIgniter\CodeIgniter->createController()
 3 SYSTEMPATH\CodeIgniter.php(361): CodeIgniter\CodeIgniter->handleRequest(null, Object(Config\Cache), false)
 4 FCPATH\index.php(79): CodeIgniter\CodeIgniter->run()
WARNING - 2025-01-17 12:16:58 --> [DEPRECATED] Creation of dynamic property App\Controllers\HomeController::$foodModel is deprecated in APPPATH\Controllers\HomeController.php on line 23.
 1 SYSTEMPATH\CodeIgniter.php(913): App\Controllers\HomeController->__construct()
 2 SYSTEMPATH\CodeIgniter.php(493): CodeIgniter\CodeIgniter->createController()
 3 SYSTEMPATH\CodeIgniter.php(361): CodeIgniter\CodeIgniter->handleRequest(null, Object(Config\Cache), false)
 4 FCPATH\index.php(79): CodeIgniter\CodeIgniter->run()
WARNING - 2025-01-17 12:16:58 --> [DEPRECATED] Creation of dynamic property App\Controllers\HomeController::$blogModel is deprecated in APPPATH\Controllers\HomeController.php on line 24.
 1 SYSTEMPATH\CodeIgniter.php(913): App\Controllers\HomeController->__construct()
 2 SYSTEMPATH\CodeIgniter.php(493): CodeIgniter\CodeIgniter->createController()
 3 SYSTEMPATH\CodeIgniter.php(361): CodeIgniter\CodeIgniter->handleRequest(null, Object(Config\Cache), false)
 4 FCPATH\index.php(79): CodeIgniter\CodeIgniter->run()
CRITICAL - 2025-01-17 12:16:58 --> ErrorException: Trying to access array offset on value of type null
in APPPATH\Controllers\HomeController.php on line 80.
 1 APPPATH\Controllers\HomeController.php(80): CodeIgniter\Debug\Exceptions->errorHandler(2, 'Trying to access array offset on value of type null', 'C:\\xampp\\htdocs\\uttrakhand\\app\\Controllers\\HomeController.php', 80)
 2 SYSTEMPATH\CodeIgniter.php(941): App\Controllers\HomeController->page('images', 'hotel-resto-2.jpg')
 3 SYSTEMPATH\CodeIgniter.php(502): CodeIgniter\CodeIgniter->runController(Object(App\Controllers\HomeController))
 4 SYSTEMPATH\CodeIgniter.php(361): CodeIgniter\CodeIgniter->handleRequest(null, Object(Config\Cache), false)
 5 FCPATH\index.php(79): CodeIgniter\CodeIgniter->run()
INFO - 2025-01-17 12:16:58 --> Session: Class initialized using 'CodeIgniter\Session\Handlers\FileHandler' driver.
CRITICAL - 2025-01-17 12:16:58 --> ErrorException: Trying to access array offset on value of type null
in APPPATH\Controllers\HomeController.php on line 80.
 1 APPPATH\Controllers\HomeController.php(80): CodeIgniter\Debug\Exceptions->errorHandler(2, 'Trying to access array offset on value of type null', 'C:\\xampp\\htdocs\\uttrakhand\\app\\Controllers\\HomeController.php', 80)
 2 SYSTEMPATH\CodeIgniter.php(941): App\Controllers\HomeController->page('images', 'hotel-resto-3.jpg')
 3 SYSTEMPATH\CodeIgniter.php(502): CodeIgniter\CodeIgniter->runController(Object(App\Controllers\HomeController))
 4 SYSTEMPATH\CodeIgniter.php(361): CodeIgniter\CodeIgniter->handleRequest(null, Object(Config\Cache), false)
 5 FCPATH\index.php(79): CodeIgniter\CodeIgniter->run()
INFO - 2025-01-17 12:16:58 --> Session: Class initialized using 'CodeIgniter\Session\Handlers\FileHandler' driver.
CRITICAL - 2025-01-17 12:16:58 --> ErrorException: Trying to access array offset on value of type null
in APPPATH\Controllers\HomeController.php on line 80.
 1 APPPATH\Controllers\HomeController.php(80): CodeIgniter\Debug\Exceptions->errorHandler(2, 'Trying to access array offset on value of type null', 'C:\\xampp\\htdocs\\uttrakhand\\app\\Controllers\\HomeController.php', 80)
 2 SYSTEMPATH\CodeIgniter.php(941): App\Controllers\HomeController->page('images', 'hotel-resto-5.jpg')
 3 SYSTEMPATH\CodeIgniter.php(502): CodeIgniter\CodeIgniter->runController(Object(App\Controllers\HomeController))
 4 SYSTEMPATH\CodeIgniter.php(361): CodeIgniter\CodeIgniter->handleRequest(null, Object(Config\Cache), false)
 5 FCPATH\index.php(79): CodeIgniter\CodeIgniter->run()
INFO - 2025-01-17 12:16:58 --> Session: Class initialized using 'CodeIgniter\Session\Handlers\FileHandler' driver.
CRITICAL - 2025-01-17 12:16:58 --> ErrorException: Trying to access array offset on value of type null
in APPPATH\Controllers\HomeController.php on line 80.
 1 APPPATH\Controllers\HomeController.php(80): CodeIgniter\Debug\Exceptions->errorHandler(2, 'Trying to access array offset on value of type null', 'C:\\xampp\\htdocs\\uttrakhand\\app\\Controllers\\HomeController.php', 80)
 2 SYSTEMPATH\CodeIgniter.php(941): App\Controllers\HomeController->page('images', 'hotel-resto-4.jpg')
 3 SYSTEMPATH\CodeIgniter.php(502): CodeIgniter\CodeIgniter->runController(Object(App\Controllers\HomeController))
 4 SYSTEMPATH\CodeIgniter.php(361): CodeIgniter\CodeIgniter->handleRequest(null, Object(Config\Cache), false)
 5 FCPATH\index.php(79): CodeIgniter\CodeIgniter->run()
WARNING - 2025-01-17 12:16:58 --> [DEPRECATED] Creation of dynamic property App\Controllers\HomeController::$citiesModel is deprecated in APPPATH\Controllers\HomeController.php on line 19.
 1 SYSTEMPATH\CodeIgniter.php(913): App\Controllers\HomeController->__construct()
 2 SYSTEMPATH\CodeIgniter.php(493): CodeIgniter\CodeIgniter->createController()
 3 SYSTEMPATH\CodeIgniter.php(361): CodeIgniter\CodeIgniter->handleRequest(null, Object(Config\Cache), false)
 4 FCPATH\index.php(79): CodeIgniter\CodeIgniter->run()
WARNING - 2025-01-17 12:16:58 --> [DEPRECATED] Creation of dynamic property App\Controllers\HomeController::$uttarakhandModel is deprecated in APPPATH\Controllers\HomeController.php on line 20.
 1 SYSTEMPATH\CodeIgniter.php(913): App\Controllers\HomeController->__construct()
 2 SYSTEMPATH\CodeIgniter.php(493): CodeIgniter\CodeIgniter->createController()
 3 SYSTEMPATH\CodeIgniter.php(361): CodeIgniter\CodeIgniter->handleRequest(null, Object(Config\Cache), false)
 4 FCPATH\index.php(79): CodeIgniter\CodeIgniter->run()
WARNING - 2025-01-17 12:16:58 --> [DEPRECATED] Creation of dynamic property App\Controllers\HomeController::$imageModel is deprecated in APPPATH\Controllers\HomeController.php on line 21.
 1 SYSTEMPATH\CodeIgniter.php(913): App\Controllers\HomeController->__construct()
 2 SYSTEMPATH\CodeIgniter.php(493): CodeIgniter\CodeIgniter->createController()
 3 SYSTEMPATH\CodeIgniter.php(361): CodeIgniter\CodeIgniter->handleRequest(null, Object(Config\Cache), false)
 4 FCPATH\index.php(79): CodeIgniter\CodeIgniter->run()
WARNING - 2025-01-17 12:16:58 --> [DEPRECATED] Creation of dynamic property App\Controllers\HomeController::$areaModel is deprecated in APPPATH\Controllers\HomeController.php on line 22.
 1 SYSTEMPATH\CodeIgniter.php(913): App\Controllers\HomeController->__construct()
 2 SYSTEMPATH\CodeIgniter.php(493): CodeIgniter\CodeIgniter->createController()
 3 SYSTEMPATH\CodeIgniter.php(361): CodeIgniter\CodeIgniter->handleRequest(null, Object(Config\Cache), false)
 4 FCPATH\index.php(79): CodeIgniter\CodeIgniter->run()
WARNING - 2025-01-17 12:16:58 --> [DEPRECATED] Creation of dynamic property App\Controllers\HomeController::$foodModel is deprecated in APPPATH\Controllers\HomeController.php on line 23.
 1 SYSTEMPATH\CodeIgniter.php(913): App\Controllers\HomeController->__construct()
 2 SYSTEMPATH\CodeIgniter.php(493): CodeIgniter\CodeIgniter->createController()
 3 SYSTEMPATH\CodeIgniter.php(361): CodeIgniter\CodeIgniter->handleRequest(null, Object(Config\Cache), false)
 4 FCPATH\index.php(79): CodeIgniter\CodeIgniter->run()
WARNING - 2025-01-17 12:16:58 --> [DEPRECATED] Creation of dynamic property App\Controllers\HomeController::$blogModel is deprecated in APPPATH\Controllers\HomeController.php on line 24.
 1 SYSTEMPATH\CodeIgniter.php(913): App\Controllers\HomeController->__construct()
 2 SYSTEMPATH\CodeIgniter.php(493): CodeIgniter\CodeIgniter->createController()
 3 SYSTEMPATH\CodeIgniter.php(361): CodeIgniter\CodeIgniter->handleRequest(null, Object(Config\Cache), false)
 4 FCPATH\index.php(79): CodeIgniter\CodeIgniter->run()
INFO - 2025-01-17 12:16:58 --> Session: Class initialized using 'CodeIgniter\Session\Handlers\FileHandler' driver.
CRITICAL - 2025-01-17 12:16:58 --> ErrorException: Trying to access array offset on value of type null
in APPPATH\Controllers\HomeController.php on line 80.
 1 APPPATH\Controllers\HomeController.php(80): CodeIgniter\Debug\Exceptions->errorHandler(2, 'Trying to access array offset on value of type null', 'C:\\xampp\\htdocs\\uttrakhand\\app\\Controllers\\HomeController.php', 80)
 2 SYSTEMPATH\CodeIgniter.php(941): App\Controllers\HomeController->page('images', 'hotel-resto-6.jpg')
 3 SYSTEMPATH\CodeIgniter.php(502): CodeIgniter\CodeIgniter->runController(Object(App\Controllers\HomeController))
 4 SYSTEMPATH\CodeIgniter.php(361): CodeIgniter\CodeIgniter->handleRequest(null, Object(Config\Cache), false)
 5 FCPATH\index.php(79): CodeIgniter\CodeIgniter->run()
WARNING - 2025-01-17 12:16:58 --> [DEPRECATED] Creation of dynamic property App\Controllers\HomeController::$citiesModel is deprecated in APPPATH\Controllers\HomeController.php on line 19.
 1 SYSTEMPATH\CodeIgniter.php(913): App\Controllers\HomeController->__construct()
 2 SYSTEMPATH\CodeIgniter.php(493): CodeIgniter\CodeIgniter->createController()
 3 SYSTEMPATH\CodeIgniter.php(361): CodeIgniter\CodeIgniter->handleRequest(null, Object(Config\Cache), false)
 4 FCPATH\index.php(79): CodeIgniter\CodeIgniter->run()
WARNING - 2025-01-17 12:16:58 --> [DEPRECATED] Creation of dynamic property App\Controllers\HomeController::$uttarakhandModel is deprecated in APPPATH\Controllers\HomeController.php on line 20.
 1 SYSTEMPATH\CodeIgniter.php(913): App\Controllers\HomeController->__construct()
 2 SYSTEMPATH\CodeIgniter.php(493): CodeIgniter\CodeIgniter->createController()
 3 SYSTEMPATH\CodeIgniter.php(361): CodeIgniter\CodeIgniter->handleRequest(null, Object(Config\Cache), false)
 4 FCPATH\index.php(79): CodeIgniter\CodeIgniter->run()
WARNING - 2025-01-17 12:16:58 --> [DEPRECATED] Creation of dynamic property App\Controllers\HomeController::$imageModel is deprecated in APPPATH\Controllers\HomeController.php on line 21.
 1 SYSTEMPATH\CodeIgniter.php(913): App\Controllers\HomeController->__construct()
 2 SYSTEMPATH\CodeIgniter.php(493): CodeIgniter\CodeIgniter->createController()
 3 SYSTEMPATH\CodeIgniter.php(361): CodeIgniter\CodeIgniter->handleRequest(null, Object(Config\Cache), false)
 4 FCPATH\index.php(79): CodeIgniter\CodeIgniter->run()
WARNING - 2025-01-17 12:16:58 --> [DEPRECATED] Creation of dynamic property App\Controllers\HomeController::$areaModel is deprecated in APPPATH\Controllers\HomeController.php on line 22.
 1 SYSTEMPATH\CodeIgniter.php(913): App\Controllers\HomeController->__construct()
 2 SYSTEMPATH\CodeIgniter.php(493): CodeIgniter\CodeIgniter->createController()
 3 SYSTEMPATH\CodeIgniter.php(361): CodeIgniter\CodeIgniter->handleRequest(null, Object(Config\Cache), false)
 4 FCPATH\index.php(79): CodeIgniter\CodeIgniter->run()
WARNING - 2025-01-17 12:16:58 --> [DEPRECATED] Creation of dynamic property App\Controllers\HomeController::$foodModel is deprecated in APPPATH\Controllers\HomeController.php on line 23.
 1 SYSTEMPATH\CodeIgniter.php(913): App\Controllers\HomeController->__construct()
 2 SYSTEMPATH\CodeIgniter.php(493): CodeIgniter\CodeIgniter->createController()
 3 SYSTEMPATH\CodeIgniter.php(361): CodeIgniter\CodeIgniter->handleRequest(null, Object(Config\Cache), false)
 4 FCPATH\index.php(79): CodeIgniter\CodeIgniter->run()
WARNING - 2025-01-17 12:16:58 --> [DEPRECATED] Creation of dynamic property App\Controllers\HomeController::$blogModel is deprecated in APPPATH\Controllers\HomeController.php on line 24.
 1 SYSTEMPATH\CodeIgniter.php(913): App\Controllers\HomeController->__construct()
 2 SYSTEMPATH\CodeIgniter.php(493): CodeIgniter\CodeIgniter->createController()
 3 SYSTEMPATH\CodeIgniter.php(361): CodeIgniter\CodeIgniter->handleRequest(null, Object(Config\Cache), false)
 4 FCPATH\index.php(79): CodeIgniter\CodeIgniter->run()
INFO - 2025-01-17 12:16:58 --> Session: Class initialized using 'CodeIgniter\Session\Handlers\FileHandler' driver.
CRITICAL - 2025-01-17 12:16:58 --> ErrorException: Trying to access array offset on value of type null
in APPPATH\Controllers\HomeController.php on line 80.
 1 APPPATH\Controllers\HomeController.php(80): CodeIgniter\Debug\Exceptions->errorHandler(2, 'Trying to access array offset on value of type null', 'C:\\xampp\\htdocs\\uttrakhand\\app\\Controllers\\HomeController.php', 80)
 2 SYSTEMPATH\CodeIgniter.php(941): App\Controllers\HomeController->page('images', 'hotel-resto-7.jpg')
 3 SYSTEMPATH\CodeIgniter.php(502): CodeIgniter\CodeIgniter->runController(Object(App\Controllers\HomeController))
 4 SYSTEMPATH\CodeIgniter.php(361): CodeIgniter\CodeIgniter->handleRequest(null, Object(Config\Cache), false)
 5 FCPATH\index.php(79): CodeIgniter\CodeIgniter->run()
WARNING - 2025-01-17 12:16:58 --> [DEPRECATED] Creation of dynamic property App\Controllers\HomeController::$citiesModel is deprecated in APPPATH\Controllers\HomeController.php on line 19.
 1 SYSTEMPATH\CodeIgniter.php(913): App\Controllers\HomeController->__construct()
 2 SYSTEMPATH\CodeIgniter.php(493): CodeIgniter\CodeIgniter->createController()
 3 SYSTEMPATH\CodeIgniter.php(361): CodeIgniter\CodeIgniter->handleRequest(null, Object(Config\Cache), false)
 4 FCPATH\index.php(79): CodeIgniter\CodeIgniter->run()
WARNING - 2025-01-17 12:16:58 --> [DEPRECATED] Creation of dynamic property App\Controllers\HomeController::$uttarakhandModel is deprecated in APPPATH\Controllers\HomeController.php on line 20.
 1 SYSTEMPATH\CodeIgniter.php(913): App\Controllers\HomeController->__construct()
 2 SYSTEMPATH\CodeIgniter.php(493): CodeIgniter\CodeIgniter->createController()
 3 SYSTEMPATH\CodeIgniter.php(361): CodeIgniter\CodeIgniter->handleRequest(null, Object(Config\Cache), false)
 4 FCPATH\index.php(79): CodeIgniter\CodeIgniter->run()
WARNING - 2025-01-17 12:16:58 --> [DEPRECATED] Creation of dynamic property App\Controllers\HomeController::$imageModel is deprecated in APPPATH\Controllers\HomeController.php on line 21.
 1 SYSTEMPATH\CodeIgniter.php(913): App\Controllers\HomeController->__construct()
 2 SYSTEMPATH\CodeIgniter.php(493): CodeIgniter\CodeIgniter->createController()
 3 SYSTEMPATH\CodeIgniter.php(361): CodeIgniter\CodeIgniter->handleRequest(null, Object(Config\Cache), false)
 4 FCPATH\index.php(79): CodeIgniter\CodeIgniter->run()
WARNING - 2025-01-17 12:16:58 --> [DEPRECATED] Creation of dynamic property App\Controllers\HomeController::$areaModel is deprecated in APPPATH\Controllers\HomeController.php on line 22.
 1 SYSTEMPATH\CodeIgniter.php(913): App\Controllers\HomeController->__construct()
 2 SYSTEMPATH\CodeIgniter.php(493): CodeIgniter\CodeIgniter->createController()
 3 SYSTEMPATH\CodeIgniter.php(361): CodeIgniter\CodeIgniter->handleRequest(null, Object(Config\Cache), false)
 4 FCPATH\index.php(79): CodeIgniter\CodeIgniter->run()
WARNING - 2025-01-17 12:16:58 --> [DEPRECATED] Creation of dynamic property App\Controllers\HomeController::$foodModel is deprecated in APPPATH\Controllers\HomeController.php on line 23.
 1 SYSTEMPATH\CodeIgniter.php(913): App\Controllers\HomeController->__construct()
 2 SYSTEMPATH\CodeIgniter.php(493): CodeIgniter\CodeIgniter->createController()
 3 SYSTEMPATH\CodeIgniter.php(361): CodeIgniter\CodeIgniter->handleRequest(null, Object(Config\Cache), false)
 4 FCPATH\index.php(79): CodeIgniter\CodeIgniter->run()
WARNING - 2025-01-17 12:16:58 --> [DEPRECATED] Creation of dynamic property App\Controllers\HomeController::$blogModel is deprecated in APPPATH\Controllers\HomeController.php on line 24.
 1 SYSTEMPATH\CodeIgniter.php(913): App\Controllers\HomeController->__construct()
 2 SYSTEMPATH\CodeIgniter.php(493): CodeIgniter\CodeIgniter->createController()
 3 SYSTEMPATH\CodeIgniter.php(361): CodeIgniter\CodeIgniter->handleRequest(null, Object(Config\Cache), false)
 4 FCPATH\index.php(79): CodeIgniter\CodeIgniter->run()
INFO - 2025-01-17 12:16:58 --> Session: Class initialized using 'CodeIgniter\Session\Handlers\FileHandler' driver.
CRITICAL - 2025-01-17 12:16:58 --> ErrorException: Trying to access array offset on value of type null
in APPPATH\Controllers\HomeController.php on line 80.
 1 APPPATH\Controllers\HomeController.php(80): CodeIgniter\Debug\Exceptions->errorHandler(2, 'Trying to access array offset on value of type null', 'C:\\xampp\\htdocs\\uttrakhand\\app\\Controllers\\HomeController.php', 80)
 2 SYSTEMPATH\CodeIgniter.php(941): App\Controllers\HomeController->page('images', 'hotel-resto-8.jpg')
 3 SYSTEMPATH\CodeIgniter.php(502): CodeIgniter\CodeIgniter->runController(Object(App\Controllers\HomeController))
 4 SYSTEMPATH\CodeIgniter.php(361): CodeIgniter\CodeIgniter->handleRequest(null, Object(Config\Cache), false)
 5 FCPATH\index.php(79): CodeIgniter\CodeIgniter->run()
WARNING - 2025-01-17 12:16:58 --> [DEPRECATED] Creation of dynamic property App\Controllers\HomeController::$citiesModel is deprecated in APPPATH\Controllers\HomeController.php on line 19.
 1 SYSTEMPATH\CodeIgniter.php(913): App\Controllers\HomeController->__construct()
 2 SYSTEMPATH\CodeIgniter.php(493): CodeIgniter\CodeIgniter->createController()
 3 SYSTEMPATH\CodeIgniter.php(361): CodeIgniter\CodeIgniter->handleRequest(null, Object(Config\Cache), false)
 4 FCPATH\index.php(79): CodeIgniter\CodeIgniter->run()
WARNING - 2025-01-17 12:16:58 --> [DEPRECATED] Creation of dynamic property App\Controllers\HomeController::$uttarakhandModel is deprecated in APPPATH\Controllers\HomeController.php on line 20.
 1 SYSTEMPATH\CodeIgniter.php(913): App\Controllers\HomeController->__construct()
 2 SYSTEMPATH\CodeIgniter.php(493): CodeIgniter\CodeIgniter->createController()
 3 SYSTEMPATH\CodeIgniter.php(361): CodeIgniter\CodeIgniter->handleRequest(null, Object(Config\Cache), false)
 4 FCPATH\index.php(79): CodeIgniter\CodeIgniter->run()
WARNING - 2025-01-17 12:16:58 --> [DEPRECATED] Creation of dynamic property App\Controllers\HomeController::$imageModel is deprecated in APPPATH\Controllers\HomeController.php on line 21.
 1 SYSTEMPATH\CodeIgniter.php(913): App\Controllers\HomeController->__construct()
 2 SYSTEMPATH\CodeIgniter.php(493): CodeIgniter\CodeIgniter->createController()
 3 SYSTEMPATH\CodeIgniter.php(361): CodeIgniter\CodeIgniter->handleRequest(null, Object(Config\Cache), false)
 4 FCPATH\index.php(79): CodeIgniter\CodeIgniter->run()
WARNING - 2025-01-17 12:16:58 --> [DEPRECATED] Creation of dynamic property App\Controllers\HomeController::$areaModel is deprecated in APPPATH\Controllers\HomeController.php on line 22.
 1 SYSTEMPATH\CodeIgniter.php(913): App\Controllers\HomeController->__construct()
 2 SYSTEMPATH\CodeIgniter.php(493): CodeIgniter\CodeIgniter->createController()
 3 SYSTEMPATH\CodeIgniter.php(361): CodeIgniter\CodeIgniter->handleRequest(null, Object(Config\Cache), false)
 4 FCPATH\index.php(79): CodeIgniter\CodeIgniter->run()
WARNING - 2025-01-17 12:16:58 --> [DEPRECATED] Creation of dynamic property App\Controllers\HomeController::$foodModel is deprecated in APPPATH\Controllers\HomeController.php on line 23.
 1 SYSTEMPATH\CodeIgniter.php(913): App\Controllers\HomeController->__construct()
 2 SYSTEMPATH\CodeIgniter.php(493): CodeIgniter\CodeIgniter->createController()
 3 SYSTEMPATH\CodeIgniter.php(361): CodeIgniter\CodeIgniter->handleRequest(null, Object(Config\Cache), false)
 4 FCPATH\index.php(79): CodeIgniter\CodeIgniter->run()
WARNING - 2025-01-17 12:16:58 --> [DEPRECATED] Creation of dynamic property App\Controllers\HomeController::$blogModel is deprecated in APPPATH\Controllers\HomeController.php on line 24.
 1 SYSTEMPATH\CodeIgniter.php(913): App\Controllers\HomeController->__construct()
 2 SYSTEMPATH\CodeIgniter.php(493): CodeIgniter\CodeIgniter->createController()
 3 SYSTEMPATH\CodeIgniter.php(361): CodeIgniter\CodeIgniter->handleRequest(null, Object(Config\Cache), false)
 4 FCPATH\index.php(79): CodeIgniter\CodeIgniter->run()
INFO - 2025-01-17 12:16:58 --> Session: Class initialized using 'CodeIgniter\Session\Handlers\FileHandler' driver.
WARNING - 2025-01-17 12:16:58 --> [DEPRECATED] Creation of dynamic property App\Controllers\HomeController::$citiesModel is deprecated in APPPATH\Controllers\HomeController.php on line 19.
 1 SYSTEMPATH\CodeIgniter.php(913): App\Controllers\HomeController->__construct()
 2 SYSTEMPATH\CodeIgniter.php(493): CodeIgniter\CodeIgniter->createController()
 3 SYSTEMPATH\CodeIgniter.php(361): CodeIgniter\CodeIgniter->handleRequest(null, Object(Config\Cache), false)
 4 FCPATH\index.php(79): CodeIgniter\CodeIgniter->run()
WARNING - 2025-01-17 12:16:58 --> [DEPRECATED] Creation of dynamic property App\Controllers\HomeController::$uttarakhandModel is deprecated in APPPATH\Controllers\HomeController.php on line 20.
 1 SYSTEMPATH\CodeIgniter.php(913): App\Controllers\HomeController->__construct()
 2 SYSTEMPATH\CodeIgniter.php(493): CodeIgniter\CodeIgniter->createController()
 3 SYSTEMPATH\CodeIgniter.php(361): CodeIgniter\CodeIgniter->handleRequest(null, Object(Config\Cache), false)
 4 FCPATH\index.php(79): CodeIgniter\CodeIgniter->run()
CRITICAL - 2025-01-17 12:16:58 --> ErrorException: Trying to access array offset on value of type null
in APPPATH\Controllers\HomeController.php on line 80.
 1 APPPATH\Controllers\HomeController.php(80): CodeIgniter\Debug\Exceptions->errorHandler(2, 'Trying to access array offset on value of type null', 'C:\\xampp\\htdocs\\uttrakhand\\app\\Controllers\\HomeController.php', 80)
 2 SYSTEMPATH\CodeIgniter.php(941): App\Controllers\HomeController->page('images', 'hotel-resto-9.jpg')
 3 SYSTEMPATH\CodeIgniter.php(502): CodeIgniter\CodeIgniter->runController(Object(App\Controllers\HomeController))
 4 SYSTEMPATH\CodeIgniter.php(361): CodeIgniter\CodeIgniter->handleRequest(null, Object(Config\Cache), false)
 5 FCPATH\index.php(79): CodeIgniter\CodeIgniter->run()
WARNING - 2025-01-17 12:16:58 --> [DEPRECATED] Creation of dynamic property App\Controllers\HomeController::$citiesModel is deprecated in APPPATH\Controllers\HomeController.php on line 19.
 1 SYSTEMPATH\CodeIgniter.php(913): App\Controllers\HomeController->__construct()
 2 SYSTEMPATH\CodeIgniter.php(493): CodeIgniter\CodeIgniter->createController()
 3 SYSTEMPATH\CodeIgniter.php(361): CodeIgniter\CodeIgniter->handleRequest(null, Object(Config\Cache), false)
 4 FCPATH\index.php(79): CodeIgniter\CodeIgniter->run()
WARNING - 2025-01-17 12:16:58 --> [DEPRECATED] Creation of dynamic property App\Controllers\HomeController::$imageModel is deprecated in APPPATH\Controllers\HomeController.php on line 21.
 1 SYSTEMPATH\CodeIgniter.php(913): App\Controllers\HomeController->__construct()
 2 SYSTEMPATH\CodeIgniter.php(493): CodeIgniter\CodeIgniter->createController()
 3 SYSTEMPATH\CodeIgniter.php(361): CodeIgniter\CodeIgniter->handleRequest(null, Object(Config\Cache), false)
 4 FCPATH\index.php(79): CodeIgniter\CodeIgniter->run()
WARNING - 2025-01-17 12:16:58 --> [DEPRECATED] Creation of dynamic property App\Controllers\HomeController::$uttarakhandModel is deprecated in APPPATH\Controllers\HomeController.php on line 20.
 1 SYSTEMPATH\CodeIgniter.php(913): App\Controllers\HomeController->__construct()
 2 SYSTEMPATH\CodeIgniter.php(493): CodeIgniter\CodeIgniter->createController()
 3 SYSTEMPATH\CodeIgniter.php(361): CodeIgniter\CodeIgniter->handleRequest(null, Object(Config\Cache), false)
 4 FCPATH\index.php(79): CodeIgniter\CodeIgniter->run()
WARNING - 2025-01-17 12:16:58 --> [DEPRECATED] Creation of dynamic property App\Controllers\HomeController::$areaModel is deprecated in APPPATH\Controllers\HomeController.php on line 22.
 1 SYSTEMPATH\CodeIgniter.php(913): App\Controllers\HomeController->__construct()
 2 SYSTEMPATH\CodeIgniter.php(493): CodeIgniter\CodeIgniter->createController()
 3 SYSTEMPATH\CodeIgniter.php(361): CodeIgniter\CodeIgniter->handleRequest(null, Object(Config\Cache), false)
 4 FCPATH\index.php(79): CodeIgniter\CodeIgniter->run()
WARNING - 2025-01-17 12:16:58 --> [DEPRECATED] Creation of dynamic property App\Controllers\HomeController::$imageModel is deprecated in APPPATH\Controllers\HomeController.php on line 21.
 1 SYSTEMPATH\CodeIgniter.php(913): App\Controllers\HomeController->__construct()
 2 SYSTEMPATH\CodeIgniter.php(493): CodeIgniter\CodeIgniter->createController()
 3 SYSTEMPATH\CodeIgniter.php(361): CodeIgniter\CodeIgniter->handleRequest(null, Object(Config\Cache), false)
 4 FCPATH\index.php(79): CodeIgniter\CodeIgniter->run()
WARNING - 2025-01-17 12:16:58 --> [DEPRECATED] Creation of dynamic property App\Controllers\HomeController::$foodModel is deprecated in APPPATH\Controllers\HomeController.php on line 23.
 1 SYSTEMPATH\CodeIgniter.php(913): App\Controllers\HomeController->__construct()
 2 SYSTEMPATH\CodeIgniter.php(493): CodeIgniter\CodeIgniter->createController()
 3 SYSTEMPATH\CodeIgniter.php(361): CodeIgniter\CodeIgniter->handleRequest(null, Object(Config\Cache), false)
 4 FCPATH\index.php(79): CodeIgniter\CodeIgniter->run()
WARNING - 2025-01-17 12:16:58 --> [DEPRECATED] Creation of dynamic property App\Controllers\HomeController::$areaModel is deprecated in APPPATH\Controllers\HomeController.php on line 22.
 1 SYSTEMPATH\CodeIgniter.php(913): App\Controllers\HomeController->__construct()
 2 SYSTEMPATH\CodeIgniter.php(493): CodeIgniter\CodeIgniter->createController()
 3 SYSTEMPATH\CodeIgniter.php(361): CodeIgniter\CodeIgniter->handleRequest(null, Object(Config\Cache), false)
 4 FCPATH\index.php(79): CodeIgniter\CodeIgniter->run()
WARNING - 2025-01-17 12:16:58 --> [DEPRECATED] Creation of dynamic property App\Controllers\HomeController::$blogModel is deprecated in APPPATH\Controllers\HomeController.php on line 24.
 1 SYSTEMPATH\CodeIgniter.php(913): App\Controllers\HomeController->__construct()
 2 SYSTEMPATH\CodeIgniter.php(493): CodeIgniter\CodeIgniter->createController()
 3 SYSTEMPATH\CodeIgniter.php(361): CodeIgniter\CodeIgniter->handleRequest(null, Object(Config\Cache), false)
 4 FCPATH\index.php(79): CodeIgniter\CodeIgniter->run()
WARNING - 2025-01-17 12:16:58 --> [DEPRECATED] Creation of dynamic property App\Controllers\HomeController::$foodModel is deprecated in APPPATH\Controllers\HomeController.php on line 23.
 1 SYSTEMPATH\CodeIgniter.php(913): App\Controllers\HomeController->__construct()
 2 SYSTEMPATH\CodeIgniter.php(493): CodeIgniter\CodeIgniter->createController()
 3 SYSTEMPATH\CodeIgniter.php(361): CodeIgniter\CodeIgniter->handleRequest(null, Object(Config\Cache), false)
 4 FCPATH\index.php(79): CodeIgniter\CodeIgniter->run()
WARNING - 2025-01-17 12:16:58 --> [DEPRECATED] Creation of dynamic property App\Controllers\HomeController::$blogModel is deprecated in APPPATH\Controllers\HomeController.php on line 24.
 1 SYSTEMPATH\CodeIgniter.php(913): App\Controllers\HomeController->__construct()
 2 SYSTEMPATH\CodeIgniter.php(493): CodeIgniter\CodeIgniter->createController()
 3 SYSTEMPATH\CodeIgniter.php(361): CodeIgniter\CodeIgniter->handleRequest(null, Object(Config\Cache), false)
 4 FCPATH\index.php(79): CodeIgniter\CodeIgniter->run()
INFO - 2025-01-17 12:16:58 --> Session: Class initialized using 'CodeIgniter\Session\Handlers\FileHandler' driver.
CRITICAL - 2025-01-17 12:16:58 --> ErrorException: Trying to access array offset on value of type null
in APPPATH\Controllers\HomeController.php on line 80.
 1 APPPATH\Controllers\HomeController.php(80): CodeIgniter\Debug\Exceptions->errorHandler(2, 'Trying to access array offset on value of type null', 'C:\\xampp\\htdocs\\uttrakhand\\app\\Controllers\\HomeController.php', 80)
 2 SYSTEMPATH\CodeIgniter.php(941): App\Controllers\HomeController->page('images', 'bg_2.jpg')
 3 SYSTEMPATH\CodeIgniter.php(502): CodeIgniter\CodeIgniter->runController(Object(App\Controllers\HomeController))
 4 SYSTEMPATH\CodeIgniter.php(361): CodeIgniter\CodeIgniter->handleRequest(null, Object(Config\Cache), false)
 5 FCPATH\index.php(79): CodeIgniter\CodeIgniter->run()
INFO - 2025-01-17 12:16:58 --> Session: Class initialized using 'CodeIgniter\Session\Handlers\FileHandler' driver.
CRITICAL - 2025-01-17 12:16:58 --> ErrorException: Trying to access array offset on value of type null
in APPPATH\Controllers\HomeController.php on line 80.
 1 APPPATH\Controllers\HomeController.php(80): CodeIgniter\Debug\Exceptions->errorHandler(2, 'Trying to access array offset on value of type null', 'C:\\xampp\\htdocs\\uttrakhand\\app\\Controllers\\HomeController.php', 80)
 2 SYSTEMPATH\CodeIgniter.php(941): App\Controllers\HomeController->page('images', 'bg_3.jpg')
 3 SYSTEMPATH\CodeIgniter.php(502): CodeIgniter\CodeIgniter->runController(Object(App\Controllers\HomeController))
 4 SYSTEMPATH\CodeIgniter.php(361): CodeIgniter\CodeIgniter->handleRequest(null, Object(Config\Cache), false)
 5 FCPATH\index.php(79): CodeIgniter\CodeIgniter->run()
WARNING - 2025-01-17 12:17:22 --> [DEPRECATED] Creation of dynamic property App\Controllers\DestinationController::$citiesModel is deprecated in APPPATH\Controllers\DestinationController.php on line 16.
 1 SYSTEMPATH\CodeIgniter.php(913): App\Controllers\DestinationController->__construct()
 2 SYSTEMPATH\CodeIgniter.php(493): CodeIgniter\CodeIgniter->createController()
 3 SYSTEMPATH\CodeIgniter.php(361): CodeIgniter\CodeIgniter->handleRequest(null, Object(Config\Cache), false)
 4 FCPATH\index.php(79): CodeIgniter\CodeIgniter->run()
WARNING - 2025-01-17 12:17:22 --> [DEPRECATED] Creation of dynamic property App\Controllers\DestinationController::$uttarakhandModel is deprecated in APPPATH\Controllers\DestinationController.php on line 17.
 1 SYSTEMPATH\CodeIgniter.php(913): App\Controllers\DestinationController->__construct()
 2 SYSTEMPATH\CodeIgniter.php(493): CodeIgniter\CodeIgniter->createController()
 3 SYSTEMPATH\CodeIgniter.php(361): CodeIgniter\CodeIgniter->handleRequest(null, Object(Config\Cache), false)
 4 FCPATH\index.php(79): CodeIgniter\CodeIgniter->run()
WARNING - 2025-01-17 12:17:22 --> [DEPRECATED] Creation of dynamic property App\Controllers\DestinationController::$imageModel is deprecated in APPPATH\Controllers\DestinationController.php on line 18.
 1 SYSTEMPATH\CodeIgniter.php(913): App\Controllers\DestinationController->__construct()
 2 SYSTEMPATH\CodeIgniter.php(493): CodeIgniter\CodeIgniter->createController()
 3 SYSTEMPATH\CodeIgniter.php(361): CodeIgniter\CodeIgniter->handleRequest(null, Object(Config\Cache), false)
 4 FCPATH\index.php(79): CodeIgniter\CodeIgniter->run()
WARNING - 2025-01-17 12:17:22 --> [DEPRECATED] Creation of dynamic property App\Controllers\DestinationController::$areaModel is deprecated in APPPATH\Controllers\DestinationController.php on line 19.
 1 SYSTEMPATH\CodeIgniter.php(913): App\Controllers\DestinationController->__construct()
 2 SYSTEMPATH\CodeIgniter.php(493): CodeIgniter\CodeIgniter->createController()
 3 SYSTEMPATH\CodeIgniter.php(361): CodeIgniter\CodeIgniter->handleRequest(null, Object(Config\Cache), false)
 4 FCPATH\index.php(79): CodeIgniter\CodeIgniter->run()
WARNING - 2025-01-17 12:17:22 --> [DEPRECATED] Creation of dynamic property App\Controllers\DestinationController::$foodModel is deprecated in APPPATH\Controllers\DestinationController.php on line 20.
 1 SYSTEMPATH\CodeIgniter.php(913): App\Controllers\DestinationController->__construct()
 2 SYSTEMPATH\CodeIgniter.php(493): CodeIgniter\CodeIgniter->createController()
 3 SYSTEMPATH\CodeIgniter.php(361): CodeIgniter\CodeIgniter->handleRequest(null, Object(Config\Cache), false)
 4 FCPATH\index.php(79): CodeIgniter\CodeIgniter->run()
WARNING - 2025-01-17 12:17:22 --> [DEPRECATED] Creation of dynamic property App\Controllers\DestinationController::$blogModel is deprecated in APPPATH\Controllers\DestinationController.php on line 21.
 1 SYSTEMPATH\CodeIgniter.php(913): App\Controllers\DestinationController->__construct()
 2 SYSTEMPATH\CodeIgniter.php(493): CodeIgniter\CodeIgniter->createController()
 3 SYSTEMPATH\CodeIgniter.php(361): CodeIgniter\CodeIgniter->handleRequest(null, Object(Config\Cache), false)
 4 FCPATH\index.php(79): CodeIgniter\CodeIgniter->run()
INFO - 2025-01-17 12:17:22 --> Session: Class initialized using 'CodeIgniter\Session\Handlers\FileHandler' driver.
WARNING - 2025-01-17 12:17:44 --> [DEPRECATED] Creation of dynamic property App\Controllers\DestinationController::$citiesModel is deprecated in APPPATH\Controllers\DestinationController.php on line 16.
 1 SYSTEMPATH\CodeIgniter.php(913): App\Controllers\DestinationController->__construct()
 2 SYSTEMPATH\CodeIgniter.php(493): CodeIgniter\CodeIgniter->createController()
 3 SYSTEMPATH\CodeIgniter.php(361): CodeIgniter\CodeIgniter->handleRequest(null, Object(Config\Cache), false)
 4 FCPATH\index.php(79): CodeIgniter\CodeIgniter->run()
WARNING - 2025-01-17 12:17:44 --> [DEPRECATED] Creation of dynamic property App\Controllers\DestinationController::$uttarakhandModel is deprecated in APPPATH\Controllers\DestinationController.php on line 17.
 1 SYSTEMPATH\CodeIgniter.php(913): App\Controllers\DestinationController->__construct()
 2 SYSTEMPATH\CodeIgniter.php(493): CodeIgniter\CodeIgniter->createController()
 3 SYSTEMPATH\CodeIgniter.php(361): CodeIgniter\CodeIgniter->handleRequest(null, Object(Config\Cache), false)
 4 FCPATH\index.php(79): CodeIgniter\CodeIgniter->run()
WARNING - 2025-01-17 12:17:44 --> [DEPRECATED] Creation of dynamic property App\Controllers\DestinationController::$imageModel is deprecated in APPPATH\Controllers\DestinationController.php on line 18.
 1 SYSTEMPATH\CodeIgniter.php(913): App\Controllers\DestinationController->__construct()
 2 SYSTEMPATH\CodeIgniter.php(493): CodeIgniter\CodeIgniter->createController()
 3 SYSTEMPATH\CodeIgniter.php(361): CodeIgniter\CodeIgniter->handleRequest(null, Object(Config\Cache), false)
 4 FCPATH\index.php(79): CodeIgniter\CodeIgniter->run()
WARNING - 2025-01-17 12:17:44 --> [DEPRECATED] Creation of dynamic property App\Controllers\DestinationController::$areaModel is deprecated in APPPATH\Controllers\DestinationController.php on line 19.
 1 SYSTEMPATH\CodeIgniter.php(913): App\Controllers\DestinationController->__construct()
 2 SYSTEMPATH\CodeIgniter.php(493): CodeIgniter\CodeIgniter->createController()
 3 SYSTEMPATH\CodeIgniter.php(361): CodeIgniter\CodeIgniter->handleRequest(null, Object(Config\Cache), false)
 4 FCPATH\index.php(79): CodeIgniter\CodeIgniter->run()
WARNING - 2025-01-17 12:17:44 --> [DEPRECATED] Creation of dynamic property App\Controllers\DestinationController::$foodModel is deprecated in APPPATH\Controllers\DestinationController.php on line 20.
 1 SYSTEMPATH\CodeIgniter.php(913): App\Controllers\DestinationController->__construct()
 2 SYSTEMPATH\CodeIgniter.php(493): CodeIgniter\CodeIgniter->createController()
 3 SYSTEMPATH\CodeIgniter.php(361): CodeIgniter\CodeIgniter->handleRequest(null, Object(Config\Cache), false)
 4 FCPATH\index.php(79): CodeIgniter\CodeIgniter->run()
WARNING - 2025-01-17 12:17:44 --> [DEPRECATED] Creation of dynamic property App\Controllers\DestinationController::$blogModel is deprecated in APPPATH\Controllers\DestinationController.php on line 21.
 1 SYSTEMPATH\CodeIgniter.php(913): App\Controllers\DestinationController->__construct()
 2 SYSTEMPATH\CodeIgniter.php(493): CodeIgniter\CodeIgniter->createController()
 3 SYSTEMPATH\CodeIgniter.php(361): CodeIgniter\CodeIgniter->handleRequest(null, Object(Config\Cache), false)
 4 FCPATH\index.php(79): CodeIgniter\CodeIgniter->run()
INFO - 2025-01-17 12:17:44 --> Session: Class initialized using 'CodeIgniter\Session\Handlers\FileHandler' driver.
WARNING - 2025-01-17 12:18:32 --> [DEPRECATED] Creation of dynamic property App\Controllers\DestinationController::$citiesModel is deprecated in APPPATH\Controllers\DestinationController.php on line 16.
 1 SYSTEMPATH\CodeIgniter.php(913): App\Controllers\DestinationController->__construct()
 2 SYSTEMPATH\CodeIgniter.php(493): CodeIgniter\CodeIgniter->createController()
 3 SYSTEMPATH\CodeIgniter.php(361): CodeIgniter\CodeIgniter->handleRequest(null, Object(Config\Cache), false)
 4 FCPATH\index.php(79): CodeIgniter\CodeIgniter->run()
WARNING - 2025-01-17 12:18:32 --> [DEPRECATED] Creation of dynamic property App\Controllers\DestinationController::$uttarakhandModel is deprecated in APPPATH\Controllers\DestinationController.php on line 17.
 1 SYSTEMPATH\CodeIgniter.php(913): App\Controllers\DestinationController->__construct()
 2 SYSTEMPATH\CodeIgniter.php(493): CodeIgniter\CodeIgniter->createController()
 3 SYSTEMPATH\CodeIgniter.php(361): CodeIgniter\CodeIgniter->handleRequest(null, Object(Config\Cache), false)
 4 FCPATH\index.php(79): CodeIgniter\CodeIgniter->run()
WARNING - 2025-01-17 12:18:32 --> [DEPRECATED] Creation of dynamic property App\Controllers\DestinationController::$imageModel is deprecated in APPPATH\Controllers\DestinationController.php on line 18.
 1 SYSTEMPATH\CodeIgniter.php(913): App\Controllers\DestinationController->__construct()
 2 SYSTEMPATH\CodeIgniter.php(493): CodeIgniter\CodeIgniter->createController()
 3 SYSTEMPATH\CodeIgniter.php(361): CodeIgniter\CodeIgniter->handleRequest(null, Object(Config\Cache), false)
 4 FCPATH\index.php(79): CodeIgniter\CodeIgniter->run()
WARNING - 2025-01-17 12:18:32 --> [DEPRECATED] Creation of dynamic property App\Controllers\DestinationController::$areaModel is deprecated in APPPATH\Controllers\DestinationController.php on line 19.
 1 SYSTEMPATH\CodeIgniter.php(913): App\Controllers\DestinationController->__construct()
 2 SYSTEMPATH\CodeIgniter.php(493): CodeIgniter\CodeIgniter->createController()
 3 SYSTEMPATH\CodeIgniter.php(361): CodeIgniter\CodeIgniter->handleRequest(null, Object(Config\Cache), false)
 4 FCPATH\index.php(79): CodeIgniter\CodeIgniter->run()
WARNING - 2025-01-17 12:18:32 --> [DEPRECATED] Creation of dynamic property App\Controllers\DestinationController::$foodModel is deprecated in APPPATH\Controllers\DestinationController.php on line 20.
 1 SYSTEMPATH\CodeIgniter.php(913): App\Controllers\DestinationController->__construct()
 2 SYSTEMPATH\CodeIgniter.php(493): CodeIgniter\CodeIgniter->createController()
 3 SYSTEMPATH\CodeIgniter.php(361): CodeIgniter\CodeIgniter->handleRequest(null, Object(Config\Cache), false)
 4 FCPATH\index.php(79): CodeIgniter\CodeIgniter->run()
WARNING - 2025-01-17 12:18:32 --> [DEPRECATED] Creation of dynamic property App\Controllers\DestinationController::$blogModel is deprecated in APPPATH\Controllers\DestinationController.php on line 21.
 1 SYSTEMPATH\CodeIgniter.php(913): App\Controllers\DestinationController->__construct()
 2 SYSTEMPATH\CodeIgniter.php(493): CodeIgniter\CodeIgniter->createController()
 3 SYSTEMPATH\CodeIgniter.php(361): CodeIgniter\CodeIgniter->handleRequest(null, Object(Config\Cache), false)
 4 FCPATH\index.php(79): CodeIgniter\CodeIgniter->run()
INFO - 2025-01-17 12:18:32 --> Session: Class initialized using 'CodeIgniter\Session\Handlers\FileHandler' driver.
WARNING - 2025-01-17 12:19:01 --> [DEPRECATED] Creation of dynamic property App\Controllers\DestinationController::$citiesModel is deprecated in APPPATH\Controllers\DestinationController.php on line 16.
 1 SYSTEMPATH\CodeIgniter.php(913): App\Controllers\DestinationController->__construct()
 2 SYSTEMPATH\CodeIgniter.php(493): CodeIgniter\CodeIgniter->createController()
 3 SYSTEMPATH\CodeIgniter.php(361): CodeIgniter\CodeIgniter->handleRequest(null, Object(Config\Cache), false)
 4 FCPATH\index.php(79): CodeIgniter\CodeIgniter->run()
WARNING - 2025-01-17 12:19:01 --> [DEPRECATED] Creation of dynamic property App\Controllers\DestinationController::$uttarakhandModel is deprecated in APPPATH\Controllers\DestinationController.php on line 17.
 1 SYSTEMPATH\CodeIgniter.php(913): App\Controllers\DestinationController->__construct()
 2 SYSTEMPATH\CodeIgniter.php(493): CodeIgniter\CodeIgniter->createController()
 3 SYSTEMPATH\CodeIgniter.php(361): CodeIgniter\CodeIgniter->handleRequest(null, Object(Config\Cache), false)
 4 FCPATH\index.php(79): CodeIgniter\CodeIgniter->run()
WARNING - 2025-01-17 12:19:01 --> [DEPRECATED] Creation of dynamic property App\Controllers\DestinationController::$imageModel is deprecated in APPPATH\Controllers\DestinationController.php on line 18.
 1 SYSTEMPATH\CodeIgniter.php(913): App\Controllers\DestinationController->__construct()
 2 SYSTEMPATH\CodeIgniter.php(493): CodeIgniter\CodeIgniter->createController()
 3 SYSTEMPATH\CodeIgniter.php(361): CodeIgniter\CodeIgniter->handleRequest(null, Object(Config\Cache), false)
 4 FCPATH\index.php(79): CodeIgniter\CodeIgniter->run()
WARNING - 2025-01-17 12:19:01 --> [DEPRECATED] Creation of dynamic property App\Controllers\DestinationController::$areaModel is deprecated in APPPATH\Controllers\DestinationController.php on line 19.
 1 SYSTEMPATH\CodeIgniter.php(913): App\Controllers\DestinationController->__construct()
 2 SYSTEMPATH\CodeIgniter.php(493): CodeIgniter\CodeIgniter->createController()
 3 SYSTEMPATH\CodeIgniter.php(361): CodeIgniter\CodeIgniter->handleRequest(null, Object(Config\Cache), false)
 4 FCPATH\index.php(79): CodeIgniter\CodeIgniter->run()
WARNING - 2025-01-17 12:19:01 --> [DEPRECATED] Creation of dynamic property App\Controllers\DestinationController::$foodModel is deprecated in APPPATH\Controllers\DestinationController.php on line 20.
 1 SYSTEMPATH\CodeIgniter.php(913): App\Controllers\DestinationController->__construct()
 2 SYSTEMPATH\CodeIgniter.php(493): CodeIgniter\CodeIgniter->createController()
 3 SYSTEMPATH\CodeIgniter.php(361): CodeIgniter\CodeIgniter->handleRequest(null, Object(Config\Cache), false)
 4 FCPATH\index.php(79): CodeIgniter\CodeIgniter->run()
WARNING - 2025-01-17 12:19:01 --> [DEPRECATED] Creation of dynamic property App\Controllers\DestinationController::$blogModel is deprecated in APPPATH\Controllers\DestinationController.php on line 21.
 1 SYSTEMPATH\CodeIgniter.php(913): App\Controllers\DestinationController->__construct()
 2 SYSTEMPATH\CodeIgniter.php(493): CodeIgniter\CodeIgniter->createController()
 3 SYSTEMPATH\CodeIgniter.php(361): CodeIgniter\CodeIgniter->handleRequest(null, Object(Config\Cache), false)
 4 FCPATH\index.php(79): CodeIgniter\CodeIgniter->run()
INFO - 2025-01-17 12:19:01 --> Session: Class initialized using 'CodeIgniter\Session\Handlers\FileHandler' driver.
WARNING - 2025-01-17 12:21:55 --> [DEPRECATED] Creation of dynamic property App\Controllers\DestinationController::$citiesModel is deprecated in APPPATH\Controllers\DestinationController.php on line 16.
 1 SYSTEMPATH\CodeIgniter.php(913): App\Controllers\DestinationController->__construct()
 2 SYSTEMPATH\CodeIgniter.php(493): CodeIgniter\CodeIgniter->createController()
 3 SYSTEMPATH\CodeIgniter.php(361): CodeIgniter\CodeIgniter->handleRequest(null, Object(Config\Cache), false)
 4 FCPATH\index.php(79): CodeIgniter\CodeIgniter->run()
WARNING - 2025-01-17 12:21:55 --> [DEPRECATED] Creation of dynamic property App\Controllers\DestinationController::$uttarakhandModel is deprecated in APPPATH\Controllers\DestinationController.php on line 17.
 1 SYSTEMPATH\CodeIgniter.php(913): App\Controllers\DestinationController->__construct()
 2 SYSTEMPATH\CodeIgniter.php(493): CodeIgniter\CodeIgniter->createController()
 3 SYSTEMPATH\CodeIgniter.php(361): CodeIgniter\CodeIgniter->handleRequest(null, Object(Config\Cache), false)
 4 FCPATH\index.php(79): CodeIgniter\CodeIgniter->run()
WARNING - 2025-01-17 12:21:55 --> [DEPRECATED] Creation of dynamic property App\Controllers\DestinationController::$imageModel is deprecated in APPPATH\Controllers\DestinationController.php on line 18.
 1 SYSTEMPATH\CodeIgniter.php(913): App\Controllers\DestinationController->__construct()
 2 SYSTEMPATH\CodeIgniter.php(493): CodeIgniter\CodeIgniter->createController()
 3 SYSTEMPATH\CodeIgniter.php(361): CodeIgniter\CodeIgniter->handleRequest(null, Object(Config\Cache), false)
 4 FCPATH\index.php(79): CodeIgniter\CodeIgniter->run()
WARNING - 2025-01-17 12:21:55 --> [DEPRECATED] Creation of dynamic property App\Controllers\DestinationController::$areaModel is deprecated in APPPATH\Controllers\DestinationController.php on line 19.
 1 SYSTEMPATH\CodeIgniter.php(913): App\Controllers\DestinationController->__construct()
 2 SYSTEMPATH\CodeIgniter.php(493): CodeIgniter\CodeIgniter->createController()
 3 SYSTEMPATH\CodeIgniter.php(361): CodeIgniter\CodeIgniter->handleRequest(null, Object(Config\Cache), false)
 4 FCPATH\index.php(79): CodeIgniter\CodeIgniter->run()
WARNING - 2025-01-17 12:21:55 --> [DEPRECATED] Creation of dynamic property App\Controllers\DestinationController::$foodModel is deprecated in APPPATH\Controllers\DestinationController.php on line 20.
 1 SYSTEMPATH\CodeIgniter.php(913): App\Controllers\DestinationController->__construct()
 2 SYSTEMPATH\CodeIgniter.php(493): CodeIgniter\CodeIgniter->createController()
 3 SYSTEMPATH\CodeIgniter.php(361): CodeIgniter\CodeIgniter->handleRequest(null, Object(Config\Cache), false)
 4 FCPATH\index.php(79): CodeIgniter\CodeIgniter->run()
WARNING - 2025-01-17 12:21:55 --> [DEPRECATED] Creation of dynamic property App\Controllers\DestinationController::$blogModel is deprecated in APPPATH\Controllers\DestinationController.php on line 21.
 1 SYSTEMPATH\CodeIgniter.php(913): App\Controllers\DestinationController->__construct()
 2 SYSTEMPATH\CodeIgniter.php(493): CodeIgniter\CodeIgniter->createController()
 3 SYSTEMPATH\CodeIgniter.php(361): CodeIgniter\CodeIgniter->handleRequest(null, Object(Config\Cache), false)
 4 FCPATH\index.php(79): CodeIgniter\CodeIgniter->run()
INFO - 2025-01-17 12:21:55 --> Session: Class initialized using 'CodeIgniter\Session\Handlers\FileHandler' driver.
WARNING - 2025-01-17 12:21:55 --> [DEPRECATED] Creation of dynamic property App\Controllers\HomeController::$citiesModel is deprecated in APPPATH\Controllers\HomeController.php on line 19.
 1 SYSTEMPATH\CodeIgniter.php(913): App\Controllers\HomeController->__construct()
 2 SYSTEMPATH\CodeIgniter.php(493): CodeIgniter\CodeIgniter->createController()
 3 SYSTEMPATH\CodeIgniter.php(361): CodeIgniter\CodeIgniter->handleRequest(null, Object(Config\Cache), false)
 4 FCPATH\index.php(79): CodeIgniter\CodeIgniter->run()
WARNING - 2025-01-17 12:21:55 --> [DEPRECATED] Creation of dynamic property App\Controllers\HomeController::$uttarakhandModel is deprecated in APPPATH\Controllers\HomeController.php on line 20.
 1 SYSTEMPATH\CodeIgniter.php(913): App\Controllers\HomeController->__construct()
 2 SYSTEMPATH\CodeIgniter.php(493): CodeIgniter\CodeIgniter->createController()
 3 SYSTEMPATH\CodeIgniter.php(361): CodeIgniter\CodeIgniter->handleRequest(null, Object(Config\Cache), false)
 4 FCPATH\index.php(79): CodeIgniter\CodeIgniter->run()
WARNING - 2025-01-17 12:21:55 --> [DEPRECATED] Creation of dynamic property App\Controllers\HomeController::$citiesModel is deprecated in APPPATH\Controllers\HomeController.php on line 19.
 1 SYSTEMPATH\CodeIgniter.php(913): App\Controllers\HomeController->__construct()
 2 SYSTEMPATH\CodeIgniter.php(493): CodeIgniter\CodeIgniter->createController()
 3 SYSTEMPATH\CodeIgniter.php(361): CodeIgniter\CodeIgniter->handleRequest(null, Object(Config\Cache), false)
 4 FCPATH\index.php(79): CodeIgniter\CodeIgniter->run()
WARNING - 2025-01-17 12:21:55 --> [DEPRECATED] Creation of dynamic property App\Controllers\HomeController::$imageModel is deprecated in APPPATH\Controllers\HomeController.php on line 21.
 1 SYSTEMPATH\CodeIgniter.php(913): App\Controllers\HomeController->__construct()
 2 SYSTEMPATH\CodeIgniter.php(493): CodeIgniter\CodeIgniter->createController()
 3 SYSTEMPATH\CodeIgniter.php(361): CodeIgniter\CodeIgniter->handleRequest(null, Object(Config\Cache), false)
 4 FCPATH\index.php(79): CodeIgniter\CodeIgniter->run()
WARNING - 2025-01-17 12:21:55 --> [DEPRECATED] Creation of dynamic property App\Controllers\HomeController::$uttarakhandModel is deprecated in APPPATH\Controllers\HomeController.php on line 20.
 1 SYSTEMPATH\CodeIgniter.php(913): App\Controllers\HomeController->__construct()
 2 SYSTEMPATH\CodeIgniter.php(493): CodeIgniter\CodeIgniter->createController()
 3 SYSTEMPATH\CodeIgniter.php(361): CodeIgniter\CodeIgniter->handleRequest(null, Object(Config\Cache), false)
 4 FCPATH\index.php(79): CodeIgniter\CodeIgniter->run()
WARNING - 2025-01-17 12:21:55 --> [DEPRECATED] Creation of dynamic property App\Controllers\HomeController::$areaModel is deprecated in APPPATH\Controllers\HomeController.php on line 22.
 1 SYSTEMPATH\CodeIgniter.php(913): App\Controllers\HomeController->__construct()
 2 SYSTEMPATH\CodeIgniter.php(493): CodeIgniter\CodeIgniter->createController()
 3 SYSTEMPATH\CodeIgniter.php(361): CodeIgniter\CodeIgniter->handleRequest(null, Object(Config\Cache), false)
 4 FCPATH\index.php(79): CodeIgniter\CodeIgniter->run()
WARNING - 2025-01-17 12:21:55 --> [DEPRECATED] Creation of dynamic property App\Controllers\HomeController::$imageModel is deprecated in APPPATH\Controllers\HomeController.php on line 21.
 1 SYSTEMPATH\CodeIgniter.php(913): App\Controllers\HomeController->__construct()
 2 SYSTEMPATH\CodeIgniter.php(493): CodeIgniter\CodeIgniter->createController()
 3 SYSTEMPATH\CodeIgniter.php(361): CodeIgniter\CodeIgniter->handleRequest(null, Object(Config\Cache), false)
 4 FCPATH\index.php(79): CodeIgniter\CodeIgniter->run()
WARNING - 2025-01-17 12:21:55 --> [DEPRECATED] Creation of dynamic property App\Controllers\HomeController::$foodModel is deprecated in APPPATH\Controllers\HomeController.php on line 23.
 1 SYSTEMPATH\CodeIgniter.php(913): App\Controllers\HomeController->__construct()
 2 SYSTEMPATH\CodeIgniter.php(493): CodeIgniter\CodeIgniter->createController()
 3 SYSTEMPATH\CodeIgniter.php(361): CodeIgniter\CodeIgniter->handleRequest(null, Object(Config\Cache), false)
 4 FCPATH\index.php(79): CodeIgniter\CodeIgniter->run()
WARNING - 2025-01-17 12:21:55 --> [DEPRECATED] Creation of dynamic property App\Controllers\HomeController::$areaModel is deprecated in APPPATH\Controllers\HomeController.php on line 22.
 1 SYSTEMPATH\CodeIgniter.php(913): App\Controllers\HomeController->__construct()
 2 SYSTEMPATH\CodeIgniter.php(493): CodeIgniter\CodeIgniter->createController()
 3 SYSTEMPATH\CodeIgniter.php(361): CodeIgniter\CodeIgniter->handleRequest(null, Object(Config\Cache), false)
 4 FCPATH\index.php(79): CodeIgniter\CodeIgniter->run()
WARNING - 2025-01-17 12:21:55 --> [DEPRECATED] Creation of dynamic property App\Controllers\HomeController::$blogModel is deprecated in APPPATH\Controllers\HomeController.php on line 24.
 1 SYSTEMPATH\CodeIgniter.php(913): App\Controllers\HomeController->__construct()
 2 SYSTEMPATH\CodeIgniter.php(493): CodeIgniter\CodeIgniter->createController()
 3 SYSTEMPATH\CodeIgniter.php(361): CodeIgniter\CodeIgniter->handleRequest(null, Object(Config\Cache), false)
 4 FCPATH\index.php(79): CodeIgniter\CodeIgniter->run()
WARNING - 2025-01-17 12:21:55 --> [DEPRECATED] Creation of dynamic property App\Controllers\HomeController::$foodModel is deprecated in APPPATH\Controllers\HomeController.php on line 23.
 1 SYSTEMPATH\CodeIgniter.php(913): App\Controllers\HomeController->__construct()
 2 SYSTEMPATH\CodeIgniter.php(493): CodeIgniter\CodeIgniter->createController()
 3 SYSTEMPATH\CodeIgniter.php(361): CodeIgniter\CodeIgniter->handleRequest(null, Object(Config\Cache), false)
 4 FCPATH\index.php(79): CodeIgniter\CodeIgniter->run()
WARNING - 2025-01-17 12:21:55 --> [DEPRECATED] Creation of dynamic property App\Controllers\HomeController::$blogModel is deprecated in APPPATH\Controllers\HomeController.php on line 24.
 1 SYSTEMPATH\CodeIgniter.php(913): App\Controllers\HomeController->__construct()
 2 SYSTEMPATH\CodeIgniter.php(493): CodeIgniter\CodeIgniter->createController()
 3 SYSTEMPATH\CodeIgniter.php(361): CodeIgniter\CodeIgniter->handleRequest(null, Object(Config\Cache), false)
 4 FCPATH\index.php(79): CodeIgniter\CodeIgniter->run()
INFO - 2025-01-17 12:21:55 --> Session: Class initialized using 'CodeIgniter\Session\Handlers\FileHandler' driver.
WARNING - 2025-01-17 12:21:55 --> [DEPRECATED] Creation of dynamic property App\Controllers\HomeController::$citiesModel is deprecated in APPPATH\Controllers\HomeController.php on line 19.
 1 SYSTEMPATH\CodeIgniter.php(913): App\Controllers\HomeController->__construct()
 2 SYSTEMPATH\CodeIgniter.php(493): CodeIgniter\CodeIgniter->createController()
 3 SYSTEMPATH\CodeIgniter.php(361): CodeIgniter\CodeIgniter->handleRequest(null, Object(Config\Cache), false)
 4 FCPATH\index.php(79): CodeIgniter\CodeIgniter->run()
CRITICAL - 2025-01-17 12:21:55 --> ErrorException: Trying to access array offset on value of type null
in APPPATH\Controllers\HomeController.php on line 80.
 1 APPPATH\Controllers\HomeController.php(80): CodeIgniter\Debug\Exceptions->errorHandler(2, 'Trying to access array offset on value of type null', 'C:\\xampp\\htdocs\\uttrakhand\\app\\Controllers\\HomeController.php', 80)
 2 SYSTEMPATH\CodeIgniter.php(941): App\Controllers\HomeController->page('images', 'hotel-resto-1.jpg')
 3 SYSTEMPATH\CodeIgniter.php(502): CodeIgniter\CodeIgniter->runController(Object(App\Controllers\HomeController))
 4 SYSTEMPATH\CodeIgniter.php(361): CodeIgniter\CodeIgniter->handleRequest(null, Object(Config\Cache), false)
 5 FCPATH\index.php(79): CodeIgniter\CodeIgniter->run()
WARNING - 2025-01-17 12:21:55 --> [DEPRECATED] Creation of dynamic property App\Controllers\HomeController::$uttarakhandModel is deprecated in APPPATH\Controllers\HomeController.php on line 20.
 1 SYSTEMPATH\CodeIgniter.php(913): App\Controllers\HomeController->__construct()
 2 SYSTEMPATH\CodeIgniter.php(493): CodeIgniter\CodeIgniter->createController()
 3 SYSTEMPATH\CodeIgniter.php(361): CodeIgniter\CodeIgniter->handleRequest(null, Object(Config\Cache), false)
 4 FCPATH\index.php(79): CodeIgniter\CodeIgniter->run()
WARNING - 2025-01-17 12:21:55 --> [DEPRECATED] Creation of dynamic property App\Controllers\HomeController::$imageModel is deprecated in APPPATH\Controllers\HomeController.php on line 21.
 1 SYSTEMPATH\CodeIgniter.php(913): App\Controllers\HomeController->__construct()
 2 SYSTEMPATH\CodeIgniter.php(493): CodeIgniter\CodeIgniter->createController()
 3 SYSTEMPATH\CodeIgniter.php(361): CodeIgniter\CodeIgniter->handleRequest(null, Object(Config\Cache), false)
 4 FCPATH\index.php(79): CodeIgniter\CodeIgniter->run()
WARNING - 2025-01-17 12:21:55 --> [DEPRECATED] Creation of dynamic property App\Controllers\HomeController::$areaModel is deprecated in APPPATH\Controllers\HomeController.php on line 22.
 1 SYSTEMPATH\CodeIgniter.php(913): App\Controllers\HomeController->__construct()
 2 SYSTEMPATH\CodeIgniter.php(493): CodeIgniter\CodeIgniter->createController()
 3 SYSTEMPATH\CodeIgniter.php(361): CodeIgniter\CodeIgniter->handleRequest(null, Object(Config\Cache), false)
 4 FCPATH\index.php(79): CodeIgniter\CodeIgniter->run()
INFO - 2025-01-17 12:21:55 --> Session: Class initialized using 'CodeIgniter\Session\Handlers\FileHandler' driver.
WARNING - 2025-01-17 12:21:55 --> [DEPRECATED] Creation of dynamic property App\Controllers\HomeController::$foodModel is deprecated in APPPATH\Controllers\HomeController.php on line 23.
 1 SYSTEMPATH\CodeIgniter.php(913): App\Controllers\HomeController->__construct()
 2 SYSTEMPATH\CodeIgniter.php(493): CodeIgniter\CodeIgniter->createController()
 3 SYSTEMPATH\CodeIgniter.php(361): CodeIgniter\CodeIgniter->handleRequest(null, Object(Config\Cache), false)
 4 FCPATH\index.php(79): CodeIgniter\CodeIgniter->run()
WARNING - 2025-01-17 12:21:55 --> [DEPRECATED] Creation of dynamic property App\Controllers\HomeController::$blogModel is deprecated in APPPATH\Controllers\HomeController.php on line 24.
 1 SYSTEMPATH\CodeIgniter.php(913): App\Controllers\HomeController->__construct()
 2 SYSTEMPATH\CodeIgniter.php(493): CodeIgniter\CodeIgniter->createController()
 3 SYSTEMPATH\CodeIgniter.php(361): CodeIgniter\CodeIgniter->handleRequest(null, Object(Config\Cache), false)
 4 FCPATH\index.php(79): CodeIgniter\CodeIgniter->run()
CRITICAL - 2025-01-17 12:21:55 --> ErrorException: Trying to access array offset on value of type null
in APPPATH\Controllers\HomeController.php on line 80.
 1 APPPATH\Controllers\HomeController.php(80): CodeIgniter\Debug\Exceptions->errorHandler(2, 'Trying to access array offset on value of type null', 'C:\\xampp\\htdocs\\uttrakhand\\app\\Controllers\\HomeController.php', 80)
 2 SYSTEMPATH\CodeIgniter.php(941): App\Controllers\HomeController->page('images', 'hotel-resto-2.jpg')
 3 SYSTEMPATH\CodeIgniter.php(502): CodeIgniter\CodeIgniter->runController(Object(App\Controllers\HomeController))
 4 SYSTEMPATH\CodeIgniter.php(361): CodeIgniter\CodeIgniter->handleRequest(null, Object(Config\Cache), false)
 5 FCPATH\index.php(79): CodeIgniter\CodeIgniter->run()
INFO - 2025-01-17 12:21:55 --> Session: Class initialized using 'CodeIgniter\Session\Handlers\FileHandler' driver.
CRITICAL - 2025-01-17 12:21:55 --> ErrorException: Trying to access array offset on value of type null
in APPPATH\Controllers\HomeController.php on line 80.
 1 APPPATH\Controllers\HomeController.php(80): CodeIgniter\Debug\Exceptions->errorHandler(2, 'Trying to access array offset on value of type null', 'C:\\xampp\\htdocs\\uttrakhand\\app\\Controllers\\HomeController.php', 80)
 2 SYSTEMPATH\CodeIgniter.php(941): App\Controllers\HomeController->page('images', 'bg_1.jpg')
 3 SYSTEMPATH\CodeIgniter.php(502): CodeIgniter\CodeIgniter->runController(Object(App\Controllers\HomeController))
 4 SYSTEMPATH\CodeIgniter.php(361): CodeIgniter\CodeIgniter->handleRequest(null, Object(Config\Cache), false)
 5 FCPATH\index.php(79): CodeIgniter\CodeIgniter->run()
WARNING - 2025-01-17 12:22:06 --> [DEPRECATED] Creation of dynamic property App\Controllers\DestinationController::$citiesModel is deprecated in APPPATH\Controllers\DestinationController.php on line 16.
 1 SYSTEMPATH\CodeIgniter.php(913): App\Controllers\DestinationController->__construct()
 2 SYSTEMPATH\CodeIgniter.php(493): CodeIgniter\CodeIgniter->createController()
 3 SYSTEMPATH\CodeIgniter.php(361): CodeIgniter\CodeIgniter->handleRequest(null, Object(Config\Cache), false)
 4 FCPATH\index.php(79): CodeIgniter\CodeIgniter->run()
WARNING - 2025-01-17 12:22:06 --> [DEPRECATED] Creation of dynamic property App\Controllers\DestinationController::$uttarakhandModel is deprecated in APPPATH\Controllers\DestinationController.php on line 17.
 1 SYSTEMPATH\CodeIgniter.php(913): App\Controllers\DestinationController->__construct()
 2 SYSTEMPATH\CodeIgniter.php(493): CodeIgniter\CodeIgniter->createController()
 3 SYSTEMPATH\CodeIgniter.php(361): CodeIgniter\CodeIgniter->handleRequest(null, Object(Config\Cache), false)
 4 FCPATH\index.php(79): CodeIgniter\CodeIgniter->run()
WARNING - 2025-01-17 12:22:06 --> [DEPRECATED] Creation of dynamic property App\Controllers\DestinationController::$imageModel is deprecated in APPPATH\Controllers\DestinationController.php on line 18.
 1 SYSTEMPATH\CodeIgniter.php(913): App\Controllers\DestinationController->__construct()
 2 SYSTEMPATH\CodeIgniter.php(493): CodeIgniter\CodeIgniter->createController()
 3 SYSTEMPATH\CodeIgniter.php(361): CodeIgniter\CodeIgniter->handleRequest(null, Object(Config\Cache), false)
 4 FCPATH\index.php(79): CodeIgniter\CodeIgniter->run()
WARNING - 2025-01-17 12:22:06 --> [DEPRECATED] Creation of dynamic property App\Controllers\DestinationController::$areaModel is deprecated in APPPATH\Controllers\DestinationController.php on line 19.
 1 SYSTEMPATH\CodeIgniter.php(913): App\Controllers\DestinationController->__construct()
 2 SYSTEMPATH\CodeIgniter.php(493): CodeIgniter\CodeIgniter->createController()
 3 SYSTEMPATH\CodeIgniter.php(361): CodeIgniter\CodeIgniter->handleRequest(null, Object(Config\Cache), false)
 4 FCPATH\index.php(79): CodeIgniter\CodeIgniter->run()
WARNING - 2025-01-17 12:22:06 --> [DEPRECATED] Creation of dynamic property App\Controllers\DestinationController::$foodModel is deprecated in APPPATH\Controllers\DestinationController.php on line 20.
 1 SYSTEMPATH\CodeIgniter.php(913): App\Controllers\DestinationController->__construct()
 2 SYSTEMPATH\CodeIgniter.php(493): CodeIgniter\CodeIgniter->createController()
 3 SYSTEMPATH\CodeIgniter.php(361): CodeIgniter\CodeIgniter->handleRequest(null, Object(Config\Cache), false)
 4 FCPATH\index.php(79): CodeIgniter\CodeIgniter->run()
WARNING - 2025-01-17 12:22:07 --> [DEPRECATED] Creation of dynamic property App\Controllers\DestinationController::$blogModel is deprecated in APPPATH\Controllers\DestinationController.php on line 21.
 1 SYSTEMPATH\CodeIgniter.php(913): App\Controllers\DestinationController->__construct()
 2 SYSTEMPATH\CodeIgniter.php(493): CodeIgniter\CodeIgniter->createController()
 3 SYSTEMPATH\CodeIgniter.php(361): CodeIgniter\CodeIgniter->handleRequest(null, Object(Config\Cache), false)
 4 FCPATH\index.php(79): CodeIgniter\CodeIgniter->run()
INFO - 2025-01-17 12:22:07 --> Session: Class initialized using 'CodeIgniter\Session\Handlers\FileHandler' driver.
WARNING - 2025-01-17 12:22:07 --> [DEPRECATED] Creation of dynamic property App\Controllers\HomeController::$citiesModel is deprecated in APPPATH\Controllers\HomeController.php on line 19.
 1 SYSTEMPATH\CodeIgniter.php(913): App\Controllers\HomeController->__construct()
 2 SYSTEMPATH\CodeIgniter.php(493): CodeIgniter\CodeIgniter->createController()
 3 SYSTEMPATH\CodeIgniter.php(361): CodeIgniter\CodeIgniter->handleRequest(null, Object(Config\Cache), false)
 4 FCPATH\index.php(79): CodeIgniter\CodeIgniter->run()
WARNING - 2025-01-17 12:22:07 --> [DEPRECATED] Creation of dynamic property App\Controllers\HomeController::$uttarakhandModel is deprecated in APPPATH\Controllers\HomeController.php on line 20.
 1 SYSTEMPATH\CodeIgniter.php(913): App\Controllers\HomeController->__construct()
 2 SYSTEMPATH\CodeIgniter.php(493): CodeIgniter\CodeIgniter->createController()
 3 SYSTEMPATH\CodeIgniter.php(361): CodeIgniter\CodeIgniter->handleRequest(null, Object(Config\Cache), false)
 4 FCPATH\index.php(79): CodeIgniter\CodeIgniter->run()
WARNING - 2025-01-17 12:22:07 --> [DEPRECATED] Creation of dynamic property App\Controllers\HomeController::$imageModel is deprecated in APPPATH\Controllers\HomeController.php on line 21.
 1 SYSTEMPATH\CodeIgniter.php(913): App\Controllers\HomeController->__construct()
 2 SYSTEMPATH\CodeIgniter.php(493): CodeIgniter\CodeIgniter->createController()
 3 SYSTEMPATH\CodeIgniter.php(361): CodeIgniter\CodeIgniter->handleRequest(null, Object(Config\Cache), false)
 4 FCPATH\index.php(79): CodeIgniter\CodeIgniter->run()
WARNING - 2025-01-17 12:22:07 --> [DEPRECATED] Creation of dynamic property App\Controllers\HomeController::$citiesModel is deprecated in APPPATH\Controllers\HomeController.php on line 19.
 1 SYSTEMPATH\CodeIgniter.php(913): App\Controllers\HomeController->__construct()
 2 SYSTEMPATH\CodeIgniter.php(493): CodeIgniter\CodeIgniter->createController()
 3 SYSTEMPATH\CodeIgniter.php(361): CodeIgniter\CodeIgniter->handleRequest(null, Object(Config\Cache), false)
 4 FCPATH\index.php(79): CodeIgniter\CodeIgniter->run()
WARNING - 2025-01-17 12:22:07 --> [DEPRECATED] Creation of dynamic property App\Controllers\HomeController::$uttarakhandModel is deprecated in APPPATH\Controllers\HomeController.php on line 20.
 1 SYSTEMPATH\CodeIgniter.php(913): App\Controllers\HomeController->__construct()
 2 SYSTEMPATH\CodeIgniter.php(493): CodeIgniter\CodeIgniter->createController()
 3 SYSTEMPATH\CodeIgniter.php(361): CodeIgniter\CodeIgniter->handleRequest(null, Object(Config\Cache), false)
 4 FCPATH\index.php(79): CodeIgniter\CodeIgniter->run()
WARNING - 2025-01-17 12:22:07 --> [DEPRECATED] Creation of dynamic property App\Controllers\HomeController::$areaModel is deprecated in APPPATH\Controllers\HomeController.php on line 22.
 1 SYSTEMPATH\CodeIgniter.php(913): App\Controllers\HomeController->__construct()
 2 SYSTEMPATH\CodeIgniter.php(493): CodeIgniter\CodeIgniter->createController()
 3 SYSTEMPATH\CodeIgniter.php(361): CodeIgniter\CodeIgniter->handleRequest(null, Object(Config\Cache), false)
 4 FCPATH\index.php(79): CodeIgniter\CodeIgniter->run()
WARNING - 2025-01-17 12:22:07 --> [DEPRECATED] Creation of dynamic property App\Controllers\HomeController::$imageModel is deprecated in APPPATH\Controllers\HomeController.php on line 21.
 1 SYSTEMPATH\CodeIgniter.php(913): App\Controllers\HomeController->__construct()
 2 SYSTEMPATH\CodeIgniter.php(493): CodeIgniter\CodeIgniter->createController()
 3 SYSTEMPATH\CodeIgniter.php(361): CodeIgniter\CodeIgniter->handleRequest(null, Object(Config\Cache), false)
 4 FCPATH\index.php(79): CodeIgniter\CodeIgniter->run()
WARNING - 2025-01-17 12:22:07 --> [DEPRECATED] Creation of dynamic property App\Controllers\HomeController::$foodModel is deprecated in APPPATH\Controllers\HomeController.php on line 23.
 1 SYSTEMPATH\CodeIgniter.php(913): App\Controllers\HomeController->__construct()
 2 SYSTEMPATH\CodeIgniter.php(493): CodeIgniter\CodeIgniter->createController()
 3 SYSTEMPATH\CodeIgniter.php(361): CodeIgniter\CodeIgniter->handleRequest(null, Object(Config\Cache), false)
 4 FCPATH\index.php(79): CodeIgniter\CodeIgniter->run()
WARNING - 2025-01-17 12:22:07 --> [DEPRECATED] Creation of dynamic property App\Controllers\HomeController::$areaModel is deprecated in APPPATH\Controllers\HomeController.php on line 22.
 1 SYSTEMPATH\CodeIgniter.php(913): App\Controllers\HomeController->__construct()
 2 SYSTEMPATH\CodeIgniter.php(493): CodeIgniter\CodeIgniter->createController()
 3 SYSTEMPATH\CodeIgniter.php(361): CodeIgniter\CodeIgniter->handleRequest(null, Object(Config\Cache), false)
 4 FCPATH\index.php(79): CodeIgniter\CodeIgniter->run()
WARNING - 2025-01-17 12:22:07 --> [DEPRECATED] Creation of dynamic property App\Controllers\HomeController::$blogModel is deprecated in APPPATH\Controllers\HomeController.php on line 24.
 1 SYSTEMPATH\CodeIgniter.php(913): App\Controllers\HomeController->__construct()
 2 SYSTEMPATH\CodeIgniter.php(493): CodeIgniter\CodeIgniter->createController()
 3 SYSTEMPATH\CodeIgniter.php(361): CodeIgniter\CodeIgniter->handleRequest(null, Object(Config\Cache), false)
 4 FCPATH\index.php(79): CodeIgniter\CodeIgniter->run()
WARNING - 2025-01-17 12:22:07 --> [DEPRECATED] Creation of dynamic property App\Controllers\HomeController::$foodModel is deprecated in APPPATH\Controllers\HomeController.php on line 23.
 1 SYSTEMPATH\CodeIgniter.php(913): App\Controllers\HomeController->__construct()
 2 SYSTEMPATH\CodeIgniter.php(493): CodeIgniter\CodeIgniter->createController()
 3 SYSTEMPATH\CodeIgniter.php(361): CodeIgniter\CodeIgniter->handleRequest(null, Object(Config\Cache), false)
 4 FCPATH\index.php(79): CodeIgniter\CodeIgniter->run()
WARNING - 2025-01-17 12:22:07 --> [DEPRECATED] Creation of dynamic property App\Controllers\HomeController::$blogModel is deprecated in APPPATH\Controllers\HomeController.php on line 24.
 1 SYSTEMPATH\CodeIgniter.php(913): App\Controllers\HomeController->__construct()
 2 SYSTEMPATH\CodeIgniter.php(493): CodeIgniter\CodeIgniter->createController()
 3 SYSTEMPATH\CodeIgniter.php(361): CodeIgniter\CodeIgniter->handleRequest(null, Object(Config\Cache), false)
 4 FCPATH\index.php(79): CodeIgniter\CodeIgniter->run()
INFO - 2025-01-17 12:22:07 --> Session: Class initialized using 'CodeIgniter\Session\Handlers\FileHandler' driver.
CRITICAL - 2025-01-17 12:22:07 --> ErrorException: Trying to access array offset on value of type null
in APPPATH\Controllers\HomeController.php on line 80.
 1 APPPATH\Controllers\HomeController.php(80): CodeIgniter\Debug\Exceptions->errorHandler(2, 'Trying to access array offset on value of type null', 'C:\\xampp\\htdocs\\uttrakhand\\app\\Controllers\\HomeController.php', 80)
 2 SYSTEMPATH\CodeIgniter.php(941): App\Controllers\HomeController->page('images', 'hotel-resto-1.jpg')
 3 SYSTEMPATH\CodeIgniter.php(502): CodeIgniter\CodeIgniter->runController(Object(App\Controllers\HomeController))
 4 SYSTEMPATH\CodeIgniter.php(361): CodeIgniter\CodeIgniter->handleRequest(null, Object(Config\Cache), false)
 5 FCPATH\index.php(79): CodeIgniter\CodeIgniter->run()
INFO - 2025-01-17 12:22:07 --> Session: Class initialized using 'CodeIgniter\Session\Handlers\FileHandler' driver.
CRITICAL - 2025-01-17 12:22:07 --> ErrorException: Trying to access array offset on value of type null
in APPPATH\Controllers\HomeController.php on line 80.
 1 APPPATH\Controllers\HomeController.php(80): CodeIgniter\Debug\Exceptions->errorHandler(2, 'Trying to access array offset on value of type null', 'C:\\xampp\\htdocs\\uttrakhand\\app\\Controllers\\HomeController.php', 80)
 2 SYSTEMPATH\CodeIgniter.php(941): App\Controllers\HomeController->page('images', 'bg_1.jpg')
 3 SYSTEMPATH\CodeIgniter.php(502): CodeIgniter\CodeIgniter->runController(Object(App\Controllers\HomeController))
 4 SYSTEMPATH\CodeIgniter.php(361): CodeIgniter\CodeIgniter->handleRequest(null, Object(Config\Cache), false)
 5 FCPATH\index.php(79): CodeIgniter\CodeIgniter->run()
WARNING - 2025-01-17 12:22:14 --> [DEPRECATED] Creation of dynamic property App\Controllers\DestinationController::$citiesModel is deprecated in APPPATH\Controllers\DestinationController.php on line 16.
 1 SYSTEMPATH\CodeIgniter.php(913): App\Controllers\DestinationController->__construct()
 2 SYSTEMPATH\CodeIgniter.php(493): CodeIgniter\CodeIgniter->createController()
 3 SYSTEMPATH\CodeIgniter.php(361): CodeIgniter\CodeIgniter->handleRequest(null, Object(Config\Cache), false)
 4 FCPATH\index.php(79): CodeIgniter\CodeIgniter->run()
WARNING - 2025-01-17 12:22:14 --> [DEPRECATED] Creation of dynamic property App\Controllers\DestinationController::$uttarakhandModel is deprecated in APPPATH\Controllers\DestinationController.php on line 17.
 1 SYSTEMPATH\CodeIgniter.php(913): App\Controllers\DestinationController->__construct()
 2 SYSTEMPATH\CodeIgniter.php(493): CodeIgniter\CodeIgniter->createController()
 3 SYSTEMPATH\CodeIgniter.php(361): CodeIgniter\CodeIgniter->handleRequest(null, Object(Config\Cache), false)
 4 FCPATH\index.php(79): CodeIgniter\CodeIgniter->run()
WARNING - 2025-01-17 12:22:14 --> [DEPRECATED] Creation of dynamic property App\Controllers\DestinationController::$imageModel is deprecated in APPPATH\Controllers\DestinationController.php on line 18.
 1 SYSTEMPATH\CodeIgniter.php(913): App\Controllers\DestinationController->__construct()
 2 SYSTEMPATH\CodeIgniter.php(493): CodeIgniter\CodeIgniter->createController()
 3 SYSTEMPATH\CodeIgniter.php(361): CodeIgniter\CodeIgniter->handleRequest(null, Object(Config\Cache), false)
 4 FCPATH\index.php(79): CodeIgniter\CodeIgniter->run()
WARNING - 2025-01-17 12:22:14 --> [DEPRECATED] Creation of dynamic property App\Controllers\DestinationController::$areaModel is deprecated in APPPATH\Controllers\DestinationController.php on line 19.
 1 SYSTEMPATH\CodeIgniter.php(913): App\Controllers\DestinationController->__construct()
 2 SYSTEMPATH\CodeIgniter.php(493): CodeIgniter\CodeIgniter->createController()
 3 SYSTEMPATH\CodeIgniter.php(361): CodeIgniter\CodeIgniter->handleRequest(null, Object(Config\Cache), false)
 4 FCPATH\index.php(79): CodeIgniter\CodeIgniter->run()
WARNING - 2025-01-17 12:22:14 --> [DEPRECATED] Creation of dynamic property App\Controllers\DestinationController::$foodModel is deprecated in APPPATH\Controllers\DestinationController.php on line 20.
 1 SYSTEMPATH\CodeIgniter.php(913): App\Controllers\DestinationController->__construct()
 2 SYSTEMPATH\CodeIgniter.php(493): CodeIgniter\CodeIgniter->createController()
 3 SYSTEMPATH\CodeIgniter.php(361): CodeIgniter\CodeIgniter->handleRequest(null, Object(Config\Cache), false)
 4 FCPATH\index.php(79): CodeIgniter\CodeIgniter->run()
WARNING - 2025-01-17 12:22:14 --> [DEPRECATED] Creation of dynamic property App\Controllers\DestinationController::$blogModel is deprecated in APPPATH\Controllers\DestinationController.php on line 21.
 1 SYSTEMPATH\CodeIgniter.php(913): App\Controllers\DestinationController->__construct()
 2 SYSTEMPATH\CodeIgniter.php(493): CodeIgniter\CodeIgniter->createController()
 3 SYSTEMPATH\CodeIgniter.php(361): CodeIgniter\CodeIgniter->handleRequest(null, Object(Config\Cache), false)
 4 FCPATH\index.php(79): CodeIgniter\CodeIgniter->run()
INFO - 2025-01-17 12:22:14 --> Session: Class initialized using 'CodeIgniter\Session\Handlers\FileHandler' driver.
WARNING - 2025-01-17 12:22:14 --> [DEPRECATED] Creation of dynamic property App\Controllers\HomeController::$citiesModel is deprecated in APPPATH\Controllers\HomeController.php on line 19.
 1 SYSTEMPATH\CodeIgniter.php(913): App\Controllers\HomeController->__construct()
 2 SYSTEMPATH\CodeIgniter.php(493): CodeIgniter\CodeIgniter->createController()
 3 SYSTEMPATH\CodeIgniter.php(361): CodeIgniter\CodeIgniter->handleRequest(null, Object(Config\Cache), false)
 4 FCPATH\index.php(79): CodeIgniter\CodeIgniter->run()
WARNING - 2025-01-17 12:22:14 --> [DEPRECATED] Creation of dynamic property App\Controllers\HomeController::$uttarakhandModel is deprecated in APPPATH\Controllers\HomeController.php on line 20.
 1 SYSTEMPATH\CodeIgniter.php(913): App\Controllers\HomeController->__construct()
 2 SYSTEMPATH\CodeIgniter.php(493): CodeIgniter\CodeIgniter->createController()
 3 SYSTEMPATH\CodeIgniter.php(361): CodeIgniter\CodeIgniter->handleRequest(null, Object(Config\Cache), false)
 4 FCPATH\index.php(79): CodeIgniter\CodeIgniter->run()
WARNING - 2025-01-17 12:22:14 --> [DEPRECATED] Creation of dynamic property App\Controllers\HomeController::$imageModel is deprecated in APPPATH\Controllers\HomeController.php on line 21.
 1 SYSTEMPATH\CodeIgniter.php(913): App\Controllers\HomeController->__construct()
 2 SYSTEMPATH\CodeIgniter.php(493): CodeIgniter\CodeIgniter->createController()
 3 SYSTEMPATH\CodeIgniter.php(361): CodeIgniter\CodeIgniter->handleRequest(null, Object(Config\Cache), false)
 4 FCPATH\index.php(79): CodeIgniter\CodeIgniter->run()
WARNING - 2025-01-17 12:22:14 --> [DEPRECATED] Creation of dynamic property App\Controllers\HomeController::$areaModel is deprecated in APPPATH\Controllers\HomeController.php on line 22.
 1 SYSTEMPATH\CodeIgniter.php(913): App\Controllers\HomeController->__construct()
 2 SYSTEMPATH\CodeIgniter.php(493): CodeIgniter\CodeIgniter->createController()
 3 SYSTEMPATH\CodeIgniter.php(361): CodeIgniter\CodeIgniter->handleRequest(null, Object(Config\Cache), false)
 4 FCPATH\index.php(79): CodeIgniter\CodeIgniter->run()
WARNING - 2025-01-17 12:22:14 --> [DEPRECATED] Creation of dynamic property App\Controllers\HomeController::$foodModel is deprecated in APPPATH\Controllers\HomeController.php on line 23.
 1 SYSTEMPATH\CodeIgniter.php(913): App\Controllers\HomeController->__construct()
 2 SYSTEMPATH\CodeIgniter.php(493): CodeIgniter\CodeIgniter->createController()
 3 SYSTEMPATH\CodeIgniter.php(361): CodeIgniter\CodeIgniter->handleRequest(null, Object(Config\Cache), false)
 4 FCPATH\index.php(79): CodeIgniter\CodeIgniter->run()
WARNING - 2025-01-17 12:22:14 --> [DEPRECATED] Creation of dynamic property App\Controllers\HomeController::$blogModel is deprecated in APPPATH\Controllers\HomeController.php on line 24.
 1 SYSTEMPATH\CodeIgniter.php(913): App\Controllers\HomeController->__construct()
 2 SYSTEMPATH\CodeIgniter.php(493): CodeIgniter\CodeIgniter->createController()
 3 SYSTEMPATH\CodeIgniter.php(361): CodeIgniter\CodeIgniter->handleRequest(null, Object(Config\Cache), false)
 4 FCPATH\index.php(79): CodeIgniter\CodeIgniter->run()
WARNING - 2025-01-17 12:22:14 --> [DEPRECATED] Creation of dynamic property App\Controllers\HomeController::$citiesModel is deprecated in APPPATH\Controllers\HomeController.php on line 19.
 1 SYSTEMPATH\CodeIgniter.php(913): App\Controllers\HomeController->__construct()
 2 SYSTEMPATH\CodeIgniter.php(493): CodeIgniter\CodeIgniter->createController()
 3 SYSTEMPATH\CodeIgniter.php(361): CodeIgniter\CodeIgniter->handleRequest(null, Object(Config\Cache), false)
 4 FCPATH\index.php(79): CodeIgniter\CodeIgniter->run()
WARNING - 2025-01-17 12:22:14 --> [DEPRECATED] Creation of dynamic property App\Controllers\HomeController::$uttarakhandModel is deprecated in APPPATH\Controllers\HomeController.php on line 20.
 1 SYSTEMPATH\CodeIgniter.php(913): App\Controllers\HomeController->__construct()
 2 SYSTEMPATH\CodeIgniter.php(493): CodeIgniter\CodeIgniter->createController()
 3 SYSTEMPATH\CodeIgniter.php(361): CodeIgniter\CodeIgniter->handleRequest(null, Object(Config\Cache), false)
 4 FCPATH\index.php(79): CodeIgniter\CodeIgniter->run()
INFO - 2025-01-17 12:22:14 --> Session: Class initialized using 'CodeIgniter\Session\Handlers\FileHandler' driver.
WARNING - 2025-01-17 12:22:14 --> [DEPRECATED] Creation of dynamic property App\Controllers\HomeController::$imageModel is deprecated in APPPATH\Controllers\HomeController.php on line 21.
 1 SYSTEMPATH\CodeIgniter.php(913): App\Controllers\HomeController->__construct()
 2 SYSTEMPATH\CodeIgniter.php(493): CodeIgniter\CodeIgniter->createController()
 3 SYSTEMPATH\CodeIgniter.php(361): CodeIgniter\CodeIgniter->handleRequest(null, Object(Config\Cache), false)
 4 FCPATH\index.php(79): CodeIgniter\CodeIgniter->run()
WARNING - 2025-01-17 12:22:14 --> [DEPRECATED] Creation of dynamic property App\Controllers\HomeController::$areaModel is deprecated in APPPATH\Controllers\HomeController.php on line 22.
 1 SYSTEMPATH\CodeIgniter.php(913): App\Controllers\HomeController->__construct()
 2 SYSTEMPATH\CodeIgniter.php(493): CodeIgniter\CodeIgniter->createController()
 3 SYSTEMPATH\CodeIgniter.php(361): CodeIgniter\CodeIgniter->handleRequest(null, Object(Config\Cache), false)
 4 FCPATH\index.php(79): CodeIgniter\CodeIgniter->run()
WARNING - 2025-01-17 12:22:14 --> [DEPRECATED] Creation of dynamic property App\Controllers\HomeController::$foodModel is deprecated in APPPATH\Controllers\HomeController.php on line 23.
 1 SYSTEMPATH\CodeIgniter.php(913): App\Controllers\HomeController->__construct()
 2 SYSTEMPATH\CodeIgniter.php(493): CodeIgniter\CodeIgniter->createController()
 3 SYSTEMPATH\CodeIgniter.php(361): CodeIgniter\CodeIgniter->handleRequest(null, Object(Config\Cache), false)
 4 FCPATH\index.php(79): CodeIgniter\CodeIgniter->run()
WARNING - 2025-01-17 12:22:14 --> [DEPRECATED] Creation of dynamic property App\Controllers\HomeController::$blogModel is deprecated in APPPATH\Controllers\HomeController.php on line 24.
 1 SYSTEMPATH\CodeIgniter.php(913): App\Controllers\HomeController->__construct()
 2 SYSTEMPATH\CodeIgniter.php(493): CodeIgniter\CodeIgniter->createController()
 3 SYSTEMPATH\CodeIgniter.php(361): CodeIgniter\CodeIgniter->handleRequest(null, Object(Config\Cache), false)
 4 FCPATH\index.php(79): CodeIgniter\CodeIgniter->run()
CRITICAL - 2025-01-17 12:22:14 --> ErrorException: Trying to access array offset on value of type null
in APPPATH\Controllers\HomeController.php on line 80.
 1 APPPATH\Controllers\HomeController.php(80): CodeIgniter\Debug\Exceptions->errorHandler(2, 'Trying to access array offset on value of type null', 'C:\\xampp\\htdocs\\uttrakhand\\app\\Controllers\\HomeController.php', 80)
 2 SYSTEMPATH\CodeIgniter.php(941): App\Controllers\HomeController->page('images', 'bg_1.jpg')
 3 SYSTEMPATH\CodeIgniter.php(502): CodeIgniter\CodeIgniter->runController(Object(App\Controllers\HomeController))
 4 SYSTEMPATH\CodeIgniter.php(361): CodeIgniter\CodeIgniter->handleRequest(null, Object(Config\Cache), false)
 5 FCPATH\index.php(79): CodeIgniter\CodeIgniter->run()
INFO - 2025-01-17 12:22:14 --> Session: Class initialized using 'CodeIgniter\Session\Handlers\FileHandler' driver.
CRITICAL - 2025-01-17 12:22:14 --> ErrorException: Trying to access array offset on value of type null
in APPPATH\Controllers\HomeController.php on line 80.
 1 APPPATH\Controllers\HomeController.php(80): CodeIgniter\Debug\Exceptions->errorHandler(2, 'Trying to access array offset on value of type null', 'C:\\xampp\\htdocs\\uttrakhand\\app\\Controllers\\HomeController.php', 80)
 2 SYSTEMPATH\CodeIgniter.php(941): App\Controllers\HomeController->page('images', 'hotel-resto-1.jpg')
 3 SYSTEMPATH\CodeIgniter.php(502): CodeIgniter\CodeIgniter->runController(Object(App\Controllers\HomeController))
 4 SYSTEMPATH\CodeIgniter.php(361): CodeIgniter\CodeIgniter->handleRequest(null, Object(Config\Cache), false)
 5 FCPATH\index.php(79): CodeIgniter\CodeIgniter->run()
WARNING - 2025-01-17 12:22:22 --> [DEPRECATED] Creation of dynamic property App\Controllers\DestinationController::$citiesModel is deprecated in APPPATH\Controllers\DestinationController.php on line 16.
 1 SYSTEMPATH\CodeIgniter.php(913): App\Controllers\DestinationController->__construct()
 2 SYSTEMPATH\CodeIgniter.php(493): CodeIgniter\CodeIgniter->createController()
 3 SYSTEMPATH\CodeIgniter.php(361): CodeIgniter\CodeIgniter->handleRequest(null, Object(Config\Cache), false)
 4 FCPATH\index.php(79): CodeIgniter\CodeIgniter->run()
WARNING - 2025-01-17 12:22:22 --> [DEPRECATED] Creation of dynamic property App\Controllers\DestinationController::$uttarakhandModel is deprecated in APPPATH\Controllers\DestinationController.php on line 17.
 1 SYSTEMPATH\CodeIgniter.php(913): App\Controllers\DestinationController->__construct()
 2 SYSTEMPATH\CodeIgniter.php(493): CodeIgniter\CodeIgniter->createController()
 3 SYSTEMPATH\CodeIgniter.php(361): CodeIgniter\CodeIgniter->handleRequest(null, Object(Config\Cache), false)
 4 FCPATH\index.php(79): CodeIgniter\CodeIgniter->run()
WARNING - 2025-01-17 12:22:22 --> [DEPRECATED] Creation of dynamic property App\Controllers\DestinationController::$imageModel is deprecated in APPPATH\Controllers\DestinationController.php on line 18.
 1 SYSTEMPATH\CodeIgniter.php(913): App\Controllers\DestinationController->__construct()
 2 SYSTEMPATH\CodeIgniter.php(493): CodeIgniter\CodeIgniter->createController()
 3 SYSTEMPATH\CodeIgniter.php(361): CodeIgniter\CodeIgniter->handleRequest(null, Object(Config\Cache), false)
 4 FCPATH\index.php(79): CodeIgniter\CodeIgniter->run()
WARNING - 2025-01-17 12:22:22 --> [DEPRECATED] Creation of dynamic property App\Controllers\DestinationController::$areaModel is deprecated in APPPATH\Controllers\DestinationController.php on line 19.
 1 SYSTEMPATH\CodeIgniter.php(913): App\Controllers\DestinationController->__construct()
 2 SYSTEMPATH\CodeIgniter.php(493): CodeIgniter\CodeIgniter->createController()
 3 SYSTEMPATH\CodeIgniter.php(361): CodeIgniter\CodeIgniter->handleRequest(null, Object(Config\Cache), false)
 4 FCPATH\index.php(79): CodeIgniter\CodeIgniter->run()
WARNING - 2025-01-17 12:22:22 --> [DEPRECATED] Creation of dynamic property App\Controllers\DestinationController::$foodModel is deprecated in APPPATH\Controllers\DestinationController.php on line 20.
 1 SYSTEMPATH\CodeIgniter.php(913): App\Controllers\DestinationController->__construct()
 2 SYSTEMPATH\CodeIgniter.php(493): CodeIgniter\CodeIgniter->createController()
 3 SYSTEMPATH\CodeIgniter.php(361): CodeIgniter\CodeIgniter->handleRequest(null, Object(Config\Cache), false)
 4 FCPATH\index.php(79): CodeIgniter\CodeIgniter->run()
WARNING - 2025-01-17 12:22:22 --> [DEPRECATED] Creation of dynamic property App\Controllers\DestinationController::$blogModel is deprecated in APPPATH\Controllers\DestinationController.php on line 21.
 1 SYSTEMPATH\CodeIgniter.php(913): App\Controllers\DestinationController->__construct()
 2 SYSTEMPATH\CodeIgniter.php(493): CodeIgniter\CodeIgniter->createController()
 3 SYSTEMPATH\CodeIgniter.php(361): CodeIgniter\CodeIgniter->handleRequest(null, Object(Config\Cache), false)
 4 FCPATH\index.php(79): CodeIgniter\CodeIgniter->run()
INFO - 2025-01-17 12:22:22 --> Session: Class initialized using 'CodeIgniter\Session\Handlers\FileHandler' driver.
WARNING - 2025-01-17 12:22:22 --> [DEPRECATED] Creation of dynamic property App\Controllers\HomeController::$citiesModel is deprecated in APPPATH\Controllers\HomeController.php on line 19.
 1 SYSTEMPATH\CodeIgniter.php(913): App\Controllers\HomeController->__construct()
 2 SYSTEMPATH\CodeIgniter.php(493): CodeIgniter\CodeIgniter->createController()
 3 SYSTEMPATH\CodeIgniter.php(361): CodeIgniter\CodeIgniter->handleRequest(null, Object(Config\Cache), false)
 4 FCPATH\index.php(79): CodeIgniter\CodeIgniter->run()
WARNING - 2025-01-17 12:22:22 --> [DEPRECATED] Creation of dynamic property App\Controllers\HomeController::$uttarakhandModel is deprecated in APPPATH\Controllers\HomeController.php on line 20.
 1 SYSTEMPATH\CodeIgniter.php(913): App\Controllers\HomeController->__construct()
 2 SYSTEMPATH\CodeIgniter.php(493): CodeIgniter\CodeIgniter->createController()
 3 SYSTEMPATH\CodeIgniter.php(361): CodeIgniter\CodeIgniter->handleRequest(null, Object(Config\Cache), false)
 4 FCPATH\index.php(79): CodeIgniter\CodeIgniter->run()
WARNING - 2025-01-17 12:22:22 --> [DEPRECATED] Creation of dynamic property App\Controllers\HomeController::$citiesModel is deprecated in APPPATH\Controllers\HomeController.php on line 19.
 1 SYSTEMPATH\CodeIgniter.php(913): App\Controllers\HomeController->__construct()
 2 SYSTEMPATH\CodeIgniter.php(493): CodeIgniter\CodeIgniter->createController()
 3 SYSTEMPATH\CodeIgniter.php(361): CodeIgniter\CodeIgniter->handleRequest(null, Object(Config\Cache), false)
 4 FCPATH\index.php(79): CodeIgniter\CodeIgniter->run()
WARNING - 2025-01-17 12:22:22 --> [DEPRECATED] Creation of dynamic property App\Controllers\HomeController::$imageModel is deprecated in APPPATH\Controllers\HomeController.php on line 21.
 1 SYSTEMPATH\CodeIgniter.php(913): App\Controllers\HomeController->__construct()
 2 SYSTEMPATH\CodeIgniter.php(493): CodeIgniter\CodeIgniter->createController()
 3 SYSTEMPATH\CodeIgniter.php(361): CodeIgniter\CodeIgniter->handleRequest(null, Object(Config\Cache), false)
 4 FCPATH\index.php(79): CodeIgniter\CodeIgniter->run()
WARNING - 2025-01-17 12:22:22 --> [DEPRECATED] Creation of dynamic property App\Controllers\HomeController::$uttarakhandModel is deprecated in APPPATH\Controllers\HomeController.php on line 20.
 1 SYSTEMPATH\CodeIgniter.php(913): App\Controllers\HomeController->__construct()
 2 SYSTEMPATH\CodeIgniter.php(493): CodeIgniter\CodeIgniter->createController()
 3 SYSTEMPATH\CodeIgniter.php(361): CodeIgniter\CodeIgniter->handleRequest(null, Object(Config\Cache), false)
 4 FCPATH\index.php(79): CodeIgniter\CodeIgniter->run()
WARNING - 2025-01-17 12:22:22 --> [DEPRECATED] Creation of dynamic property App\Controllers\HomeController::$areaModel is deprecated in APPPATH\Controllers\HomeController.php on line 22.
 1 SYSTEMPATH\CodeIgniter.php(913): App\Controllers\HomeController->__construct()
 2 SYSTEMPATH\CodeIgniter.php(493): CodeIgniter\CodeIgniter->createController()
 3 SYSTEMPATH\CodeIgniter.php(361): CodeIgniter\CodeIgniter->handleRequest(null, Object(Config\Cache), false)
 4 FCPATH\index.php(79): CodeIgniter\CodeIgniter->run()
WARNING - 2025-01-17 12:22:22 --> [DEPRECATED] Creation of dynamic property App\Controllers\HomeController::$imageModel is deprecated in APPPATH\Controllers\HomeController.php on line 21.
 1 SYSTEMPATH\CodeIgniter.php(913): App\Controllers\HomeController->__construct()
 2 SYSTEMPATH\CodeIgniter.php(493): CodeIgniter\CodeIgniter->createController()
 3 SYSTEMPATH\CodeIgniter.php(361): CodeIgniter\CodeIgniter->handleRequest(null, Object(Config\Cache), false)
 4 FCPATH\index.php(79): CodeIgniter\CodeIgniter->run()
WARNING - 2025-01-17 12:22:22 --> [DEPRECATED] Creation of dynamic property App\Controllers\HomeController::$foodModel is deprecated in APPPATH\Controllers\HomeController.php on line 23.
 1 SYSTEMPATH\CodeIgniter.php(913): App\Controllers\HomeController->__construct()
 2 SYSTEMPATH\CodeIgniter.php(493): CodeIgniter\CodeIgniter->createController()
 3 SYSTEMPATH\CodeIgniter.php(361): CodeIgniter\CodeIgniter->handleRequest(null, Object(Config\Cache), false)
 4 FCPATH\index.php(79): CodeIgniter\CodeIgniter->run()
WARNING - 2025-01-17 12:22:22 --> [DEPRECATED] Creation of dynamic property App\Controllers\HomeController::$areaModel is deprecated in APPPATH\Controllers\HomeController.php on line 22.
 1 SYSTEMPATH\CodeIgniter.php(913): App\Controllers\HomeController->__construct()
 2 SYSTEMPATH\CodeIgniter.php(493): CodeIgniter\CodeIgniter->createController()
 3 SYSTEMPATH\CodeIgniter.php(361): CodeIgniter\CodeIgniter->handleRequest(null, Object(Config\Cache), false)
 4 FCPATH\index.php(79): CodeIgniter\CodeIgniter->run()
WARNING - 2025-01-17 12:22:22 --> [DEPRECATED] Creation of dynamic property App\Controllers\HomeController::$blogModel is deprecated in APPPATH\Controllers\HomeController.php on line 24.
 1 SYSTEMPATH\CodeIgniter.php(913): App\Controllers\HomeController->__construct()
 2 SYSTEMPATH\CodeIgniter.php(493): CodeIgniter\CodeIgniter->createController()
 3 SYSTEMPATH\CodeIgniter.php(361): CodeIgniter\CodeIgniter->handleRequest(null, Object(Config\Cache), false)
 4 FCPATH\index.php(79): CodeIgniter\CodeIgniter->run()
WARNING - 2025-01-17 12:22:22 --> [DEPRECATED] Creation of dynamic property App\Controllers\HomeController::$foodModel is deprecated in APPPATH\Controllers\HomeController.php on line 23.
 1 SYSTEMPATH\CodeIgniter.php(913): App\Controllers\HomeController->__construct()
 2 SYSTEMPATH\CodeIgniter.php(493): CodeIgniter\CodeIgniter->createController()
 3 SYSTEMPATH\CodeIgniter.php(361): CodeIgniter\CodeIgniter->handleRequest(null, Object(Config\Cache), false)
 4 FCPATH\index.php(79): CodeIgniter\CodeIgniter->run()
WARNING - 2025-01-17 12:22:22 --> [DEPRECATED] Creation of dynamic property App\Controllers\HomeController::$blogModel is deprecated in APPPATH\Controllers\HomeController.php on line 24.
 1 SYSTEMPATH\CodeIgniter.php(913): App\Controllers\HomeController->__construct()
 2 SYSTEMPATH\CodeIgniter.php(493): CodeIgniter\CodeIgniter->createController()
 3 SYSTEMPATH\CodeIgniter.php(361): CodeIgniter\CodeIgniter->handleRequest(null, Object(Config\Cache), false)
 4 FCPATH\index.php(79): CodeIgniter\CodeIgniter->run()
INFO - 2025-01-17 12:22:22 --> Session: Class initialized using 'CodeIgniter\Session\Handlers\FileHandler' driver.
CRITICAL - 2025-01-17 12:22:22 --> ErrorException: Trying to access array offset on value of type null
in APPPATH\Controllers\HomeController.php on line 80.
 1 APPPATH\Controllers\HomeController.php(80): CodeIgniter\Debug\Exceptions->errorHandler(2, 'Trying to access array offset on value of type null', 'C:\\xampp\\htdocs\\uttrakhand\\app\\Controllers\\HomeController.php', 80)
 2 SYSTEMPATH\CodeIgniter.php(941): App\Controllers\HomeController->page('images', 'bg_1.jpg')
 3 SYSTEMPATH\CodeIgniter.php(502): CodeIgniter\CodeIgniter->runController(Object(App\Controllers\HomeController))
 4 SYSTEMPATH\CodeIgniter.php(361): CodeIgniter\CodeIgniter->handleRequest(null, Object(Config\Cache), false)
 5 FCPATH\index.php(79): CodeIgniter\CodeIgniter->run()
INFO - 2025-01-17 12:22:22 --> Session: Class initialized using 'CodeIgniter\Session\Handlers\FileHandler' driver.
CRITICAL - 2025-01-17 12:22:22 --> ErrorException: Trying to access array offset on value of type null
in APPPATH\Controllers\HomeController.php on line 80.
 1 APPPATH\Controllers\HomeController.php(80): CodeIgniter\Debug\Exceptions->errorHandler(2, 'Trying to access array offset on value of type null', 'C:\\xampp\\htdocs\\uttrakhand\\app\\Controllers\\HomeController.php', 80)
 2 SYSTEMPATH\CodeIgniter.php(941): App\Controllers\HomeController->page('images', 'hotel-resto-1.jpg')
 3 SYSTEMPATH\CodeIgniter.php(502): CodeIgniter\CodeIgniter->runController(Object(App\Controllers\HomeController))
 4 SYSTEMPATH\CodeIgniter.php(361): CodeIgniter\CodeIgniter->handleRequest(null, Object(Config\Cache), false)
 5 FCPATH\index.php(79): CodeIgniter\CodeIgniter->run()
WARNING - 2025-01-17 12:22:30 --> [DEPRECATED] Creation of dynamic property App\Controllers\DestinationController::$citiesModel is deprecated in APPPATH\Controllers\DestinationController.php on line 16.
 1 SYSTEMPATH\CodeIgniter.php(913): App\Controllers\DestinationController->__construct()
 2 SYSTEMPATH\CodeIgniter.php(493): CodeIgniter\CodeIgniter->createController()
 3 SYSTEMPATH\CodeIgniter.php(361): CodeIgniter\CodeIgniter->handleRequest(null, Object(Config\Cache), false)
 4 FCPATH\index.php(79): CodeIgniter\CodeIgniter->run()
WARNING - 2025-01-17 12:22:30 --> [DEPRECATED] Creation of dynamic property App\Controllers\DestinationController::$uttarakhandModel is deprecated in APPPATH\Controllers\DestinationController.php on line 17.
 1 SYSTEMPATH\CodeIgniter.php(913): App\Controllers\DestinationController->__construct()
 2 SYSTEMPATH\CodeIgniter.php(493): CodeIgniter\CodeIgniter->createController()
 3 SYSTEMPATH\CodeIgniter.php(361): CodeIgniter\CodeIgniter->handleRequest(null, Object(Config\Cache), false)
 4 FCPATH\index.php(79): CodeIgniter\CodeIgniter->run()
WARNING - 2025-01-17 12:22:30 --> [DEPRECATED] Creation of dynamic property App\Controllers\DestinationController::$imageModel is deprecated in APPPATH\Controllers\DestinationController.php on line 18.
 1 SYSTEMPATH\CodeIgniter.php(913): App\Controllers\DestinationController->__construct()
 2 SYSTEMPATH\CodeIgniter.php(493): CodeIgniter\CodeIgniter->createController()
 3 SYSTEMPATH\CodeIgniter.php(361): CodeIgniter\CodeIgniter->handleRequest(null, Object(Config\Cache), false)
 4 FCPATH\index.php(79): CodeIgniter\CodeIgniter->run()
WARNING - 2025-01-17 12:22:30 --> [DEPRECATED] Creation of dynamic property App\Controllers\DestinationController::$areaModel is deprecated in APPPATH\Controllers\DestinationController.php on line 19.
 1 SYSTEMPATH\CodeIgniter.php(913): App\Controllers\DestinationController->__construct()
 2 SYSTEMPATH\CodeIgniter.php(493): CodeIgniter\CodeIgniter->createController()
 3 SYSTEMPATH\CodeIgniter.php(361): CodeIgniter\CodeIgniter->handleRequest(null, Object(Config\Cache), false)
 4 FCPATH\index.php(79): CodeIgniter\CodeIgniter->run()
WARNING - 2025-01-17 12:22:30 --> [DEPRECATED] Creation of dynamic property App\Controllers\DestinationController::$foodModel is deprecated in APPPATH\Controllers\DestinationController.php on line 20.
 1 SYSTEMPATH\CodeIgniter.php(913): App\Controllers\DestinationController->__construct()
 2 SYSTEMPATH\CodeIgniter.php(493): CodeIgniter\CodeIgniter->createController()
 3 SYSTEMPATH\CodeIgniter.php(361): CodeIgniter\CodeIgniter->handleRequest(null, Object(Config\Cache), false)
 4 FCPATH\index.php(79): CodeIgniter\CodeIgniter->run()
WARNING - 2025-01-17 12:22:30 --> [DEPRECATED] Creation of dynamic property App\Controllers\DestinationController::$blogModel is deprecated in APPPATH\Controllers\DestinationController.php on line 21.
 1 SYSTEMPATH\CodeIgniter.php(913): App\Controllers\DestinationController->__construct()
 2 SYSTEMPATH\CodeIgniter.php(493): CodeIgniter\CodeIgniter->createController()
 3 SYSTEMPATH\CodeIgniter.php(361): CodeIgniter\CodeIgniter->handleRequest(null, Object(Config\Cache), false)
 4 FCPATH\index.php(79): CodeIgniter\CodeIgniter->run()
INFO - 2025-01-17 12:22:30 --> Session: Class initialized using 'CodeIgniter\Session\Handlers\FileHandler' driver.
WARNING - 2025-01-17 12:22:30 --> [DEPRECATED] Creation of dynamic property App\Controllers\HomeController::$citiesModel is deprecated in APPPATH\Controllers\HomeController.php on line 19.
 1 SYSTEMPATH\CodeIgniter.php(913): App\Controllers\HomeController->__construct()
 2 SYSTEMPATH\CodeIgniter.php(493): CodeIgniter\CodeIgniter->createController()
 3 SYSTEMPATH\CodeIgniter.php(361): CodeIgniter\CodeIgniter->handleRequest(null, Object(Config\Cache), false)
 4 FCPATH\index.php(79): CodeIgniter\CodeIgniter->run()
WARNING - 2025-01-17 12:22:30 --> [DEPRECATED] Creation of dynamic property App\Controllers\HomeController::$uttarakhandModel is deprecated in APPPATH\Controllers\HomeController.php on line 20.
 1 SYSTEMPATH\CodeIgniter.php(913): App\Controllers\HomeController->__construct()
 2 SYSTEMPATH\CodeIgniter.php(493): CodeIgniter\CodeIgniter->createController()
 3 SYSTEMPATH\CodeIgniter.php(361): CodeIgniter\CodeIgniter->handleRequest(null, Object(Config\Cache), false)
 4 FCPATH\index.php(79): CodeIgniter\CodeIgniter->run()
WARNING - 2025-01-17 12:22:30 --> [DEPRECATED] Creation of dynamic property App\Controllers\HomeController::$imageModel is deprecated in APPPATH\Controllers\HomeController.php on line 21.
 1 SYSTEMPATH\CodeIgniter.php(913): App\Controllers\HomeController->__construct()
 2 SYSTEMPATH\CodeIgniter.php(493): CodeIgniter\CodeIgniter->createController()
 3 SYSTEMPATH\CodeIgniter.php(361): CodeIgniter\CodeIgniter->handleRequest(null, Object(Config\Cache), false)
 4 FCPATH\index.php(79): CodeIgniter\CodeIgniter->run()
WARNING - 2025-01-17 12:22:30 --> [DEPRECATED] Creation of dynamic property App\Controllers\HomeController::$areaModel is deprecated in APPPATH\Controllers\HomeController.php on line 22.
 1 SYSTEMPATH\CodeIgniter.php(913): App\Controllers\HomeController->__construct()
 2 SYSTEMPATH\CodeIgniter.php(493): CodeIgniter\CodeIgniter->createController()
 3 SYSTEMPATH\CodeIgniter.php(361): CodeIgniter\CodeIgniter->handleRequest(null, Object(Config\Cache), false)
 4 FCPATH\index.php(79): CodeIgniter\CodeIgniter->run()
WARNING - 2025-01-17 12:22:30 --> [DEPRECATED] Creation of dynamic property App\Controllers\HomeController::$foodModel is deprecated in APPPATH\Controllers\HomeController.php on line 23.
 1 SYSTEMPATH\CodeIgniter.php(913): App\Controllers\HomeController->__construct()
 2 SYSTEMPATH\CodeIgniter.php(493): CodeIgniter\CodeIgniter->createController()
 3 SYSTEMPATH\CodeIgniter.php(361): CodeIgniter\CodeIgniter->handleRequest(null, Object(Config\Cache), false)
 4 FCPATH\index.php(79): CodeIgniter\CodeIgniter->run()
WARNING - 2025-01-17 12:22:30 --> [DEPRECATED] Creation of dynamic property App\Controllers\HomeController::$blogModel is deprecated in APPPATH\Controllers\HomeController.php on line 24.
 1 SYSTEMPATH\CodeIgniter.php(913): App\Controllers\HomeController->__construct()
 2 SYSTEMPATH\CodeIgniter.php(493): CodeIgniter\CodeIgniter->createController()
 3 SYSTEMPATH\CodeIgniter.php(361): CodeIgniter\CodeIgniter->handleRequest(null, Object(Config\Cache), false)
 4 FCPATH\index.php(79): CodeIgniter\CodeIgniter->run()
INFO - 2025-01-17 12:22:30 --> Session: Class initialized using 'CodeIgniter\Session\Handlers\FileHandler' driver.
CRITICAL - 2025-01-17 12:22:30 --> ErrorException: Trying to access array offset on value of type null
in APPPATH\Controllers\HomeController.php on line 80.
 1 APPPATH\Controllers\HomeController.php(80): CodeIgniter\Debug\Exceptions->errorHandler(2, 'Trying to access array offset on value of type null', 'C:\\xampp\\htdocs\\uttrakhand\\app\\Controllers\\HomeController.php', 80)
 2 SYSTEMPATH\CodeIgniter.php(941): App\Controllers\HomeController->page('images', 'bg_1.jpg')
 3 SYSTEMPATH\CodeIgniter.php(502): CodeIgniter\CodeIgniter->runController(Object(App\Controllers\HomeController))
 4 SYSTEMPATH\CodeIgniter.php(361): CodeIgniter\CodeIgniter->handleRequest(null, Object(Config\Cache), false)
 5 FCPATH\index.php(79): CodeIgniter\CodeIgniter->run()
WARNING - 2025-01-17 12:22:47 --> [DEPRECATED] Creation of dynamic property App\Controllers\DestinationController::$citiesModel is deprecated in APPPATH\Controllers\DestinationController.php on line 16.
 1 SYSTEMPATH\CodeIgniter.php(913): App\Controllers\DestinationController->__construct()
 2 SYSTEMPATH\CodeIgniter.php(493): CodeIgniter\CodeIgniter->createController()
 3 SYSTEMPATH\CodeIgniter.php(361): CodeIgniter\CodeIgniter->handleRequest(null, Object(Config\Cache), false)
 4 FCPATH\index.php(79): CodeIgniter\CodeIgniter->run()
WARNING - 2025-01-17 12:22:47 --> [DEPRECATED] Creation of dynamic property App\Controllers\DestinationController::$uttarakhandModel is deprecated in APPPATH\Controllers\DestinationController.php on line 17.
 1 SYSTEMPATH\CodeIgniter.php(913): App\Controllers\DestinationController->__construct()
 2 SYSTEMPATH\CodeIgniter.php(493): CodeIgniter\CodeIgniter->createController()
 3 SYSTEMPATH\CodeIgniter.php(361): CodeIgniter\CodeIgniter->handleRequest(null, Object(Config\Cache), false)
 4 FCPATH\index.php(79): CodeIgniter\CodeIgniter->run()
WARNING - 2025-01-17 12:22:47 --> [DEPRECATED] Creation of dynamic property App\Controllers\DestinationController::$imageModel is deprecated in APPPATH\Controllers\DestinationController.php on line 18.
 1 SYSTEMPATH\CodeIgniter.php(913): App\Controllers\DestinationController->__construct()
 2 SYSTEMPATH\CodeIgniter.php(493): CodeIgniter\CodeIgniter->createController()
 3 SYSTEMPATH\CodeIgniter.php(361): CodeIgniter\CodeIgniter->handleRequest(null, Object(Config\Cache), false)
 4 FCPATH\index.php(79): CodeIgniter\CodeIgniter->run()
WARNING - 2025-01-17 12:22:47 --> [DEPRECATED] Creation of dynamic property App\Controllers\DestinationController::$areaModel is deprecated in APPPATH\Controllers\DestinationController.php on line 19.
 1 SYSTEMPATH\CodeIgniter.php(913): App\Controllers\DestinationController->__construct()
 2 SYSTEMPATH\CodeIgniter.php(493): CodeIgniter\CodeIgniter->createController()
 3 SYSTEMPATH\CodeIgniter.php(361): CodeIgniter\CodeIgniter->handleRequest(null, Object(Config\Cache), false)
 4 FCPATH\index.php(79): CodeIgniter\CodeIgniter->run()
WARNING - 2025-01-17 12:22:47 --> [DEPRECATED] Creation of dynamic property App\Controllers\DestinationController::$foodModel is deprecated in APPPATH\Controllers\DestinationController.php on line 20.
 1 SYSTEMPATH\CodeIgniter.php(913): App\Controllers\DestinationController->__construct()
 2 SYSTEMPATH\CodeIgniter.php(493): CodeIgniter\CodeIgniter->createController()
 3 SYSTEMPATH\CodeIgniter.php(361): CodeIgniter\CodeIgniter->handleRequest(null, Object(Config\Cache), false)
 4 FCPATH\index.php(79): CodeIgniter\CodeIgniter->run()
WARNING - 2025-01-17 12:22:47 --> [DEPRECATED] Creation of dynamic property App\Controllers\DestinationController::$blogModel is deprecated in APPPATH\Controllers\DestinationController.php on line 21.
 1 SYSTEMPATH\CodeIgniter.php(913): App\Controllers\DestinationController->__construct()
 2 SYSTEMPATH\CodeIgniter.php(493): CodeIgniter\CodeIgniter->createController()
 3 SYSTEMPATH\CodeIgniter.php(361): CodeIgniter\CodeIgniter->handleRequest(null, Object(Config\Cache), false)
 4 FCPATH\index.php(79): CodeIgniter\CodeIgniter->run()
INFO - 2025-01-17 12:22:47 --> Session: Class initialized using 'CodeIgniter\Session\Handlers\FileHandler' driver.
WARNING - 2025-01-17 12:22:47 --> [DEPRECATED] Creation of dynamic property App\Controllers\HomeController::$citiesModel is deprecated in APPPATH\Controllers\HomeController.php on line 19.
 1 SYSTEMPATH\CodeIgniter.php(913): App\Controllers\HomeController->__construct()
 2 SYSTEMPATH\CodeIgniter.php(493): CodeIgniter\CodeIgniter->createController()
 3 SYSTEMPATH\CodeIgniter.php(361): CodeIgniter\CodeIgniter->handleRequest(null, Object(Config\Cache), false)
 4 FCPATH\index.php(79): CodeIgniter\CodeIgniter->run()
WARNING - 2025-01-17 12:22:47 --> [DEPRECATED] Creation of dynamic property App\Controllers\HomeController::$uttarakhandModel is deprecated in APPPATH\Controllers\HomeController.php on line 20.
 1 SYSTEMPATH\CodeIgniter.php(913): App\Controllers\HomeController->__construct()
 2 SYSTEMPATH\CodeIgniter.php(493): CodeIgniter\CodeIgniter->createController()
 3 SYSTEMPATH\CodeIgniter.php(361): CodeIgniter\CodeIgniter->handleRequest(null, Object(Config\Cache), false)
 4 FCPATH\index.php(79): CodeIgniter\CodeIgniter->run()
WARNING - 2025-01-17 12:22:47 --> [DEPRECATED] Creation of dynamic property App\Controllers\HomeController::$imageModel is deprecated in APPPATH\Controllers\HomeController.php on line 21.
 1 SYSTEMPATH\CodeIgniter.php(913): App\Controllers\HomeController->__construct()
 2 SYSTEMPATH\CodeIgniter.php(493): CodeIgniter\CodeIgniter->createController()
 3 SYSTEMPATH\CodeIgniter.php(361): CodeIgniter\CodeIgniter->handleRequest(null, Object(Config\Cache), false)
 4 FCPATH\index.php(79): CodeIgniter\CodeIgniter->run()
WARNING - 2025-01-17 12:22:47 --> [DEPRECATED] Creation of dynamic property App\Controllers\HomeController::$areaModel is deprecated in APPPATH\Controllers\HomeController.php on line 22.
 1 SYSTEMPATH\CodeIgniter.php(913): App\Controllers\HomeController->__construct()
 2 SYSTEMPATH\CodeIgniter.php(493): CodeIgniter\CodeIgniter->createController()
 3 SYSTEMPATH\CodeIgniter.php(361): CodeIgniter\CodeIgniter->handleRequest(null, Object(Config\Cache), false)
 4 FCPATH\index.php(79): CodeIgniter\CodeIgniter->run()
WARNING - 2025-01-17 12:22:47 --> [DEPRECATED] Creation of dynamic property App\Controllers\HomeController::$foodModel is deprecated in APPPATH\Controllers\HomeController.php on line 23.
 1 SYSTEMPATH\CodeIgniter.php(913): App\Controllers\HomeController->__construct()
 2 SYSTEMPATH\CodeIgniter.php(493): CodeIgniter\CodeIgniter->createController()
 3 SYSTEMPATH\CodeIgniter.php(361): CodeIgniter\CodeIgniter->handleRequest(null, Object(Config\Cache), false)
 4 FCPATH\index.php(79): CodeIgniter\CodeIgniter->run()
WARNING - 2025-01-17 12:22:47 --> [DEPRECATED] Creation of dynamic property App\Controllers\HomeController::$blogModel is deprecated in APPPATH\Controllers\HomeController.php on line 24.
 1 SYSTEMPATH\CodeIgniter.php(913): App\Controllers\HomeController->__construct()
 2 SYSTEMPATH\CodeIgniter.php(493): CodeIgniter\CodeIgniter->createController()
 3 SYSTEMPATH\CodeIgniter.php(361): CodeIgniter\CodeIgniter->handleRequest(null, Object(Config\Cache), false)
 4 FCPATH\index.php(79): CodeIgniter\CodeIgniter->run()
INFO - 2025-01-17 12:22:47 --> Session: Class initialized using 'CodeIgniter\Session\Handlers\FileHandler' driver.
CRITICAL - 2025-01-17 12:22:47 --> ErrorException: Trying to access array offset on value of type null
in APPPATH\Controllers\HomeController.php on line 80.
 1 APPPATH\Controllers\HomeController.php(80): CodeIgniter\Debug\Exceptions->errorHandler(2, 'Trying to access array offset on value of type null', 'C:\\xampp\\htdocs\\uttrakhand\\app\\Controllers\\HomeController.php', 80)
 2 SYSTEMPATH\CodeIgniter.php(941): App\Controllers\HomeController->page('images', 'bg_1.jpg')
 3 SYSTEMPATH\CodeIgniter.php(502): CodeIgniter\CodeIgniter->runController(Object(App\Controllers\HomeController))
 4 SYSTEMPATH\CodeIgniter.php(361): CodeIgniter\CodeIgniter->handleRequest(null, Object(Config\Cache), false)
 5 FCPATH\index.php(79): CodeIgniter\CodeIgniter->run()
WARNING - 2025-01-17 12:22:56 --> [DEPRECATED] Creation of dynamic property App\Controllers\DestinationController::$citiesModel is deprecated in APPPATH\Controllers\DestinationController.php on line 16.
 1 SYSTEMPATH\CodeIgniter.php(913): App\Controllers\DestinationController->__construct()
 2 SYSTEMPATH\CodeIgniter.php(493): CodeIgniter\CodeIgniter->createController()
 3 SYSTEMPATH\CodeIgniter.php(361): CodeIgniter\CodeIgniter->handleRequest(null, Object(Config\Cache), false)
 4 FCPATH\index.php(79): CodeIgniter\CodeIgniter->run()
WARNING - 2025-01-17 12:22:56 --> [DEPRECATED] Creation of dynamic property App\Controllers\DestinationController::$uttarakhandModel is deprecated in APPPATH\Controllers\DestinationController.php on line 17.
 1 SYSTEMPATH\CodeIgniter.php(913): App\Controllers\DestinationController->__construct()
 2 SYSTEMPATH\CodeIgniter.php(493): CodeIgniter\CodeIgniter->createController()
 3 SYSTEMPATH\CodeIgniter.php(361): CodeIgniter\CodeIgniter->handleRequest(null, Object(Config\Cache), false)
 4 FCPATH\index.php(79): CodeIgniter\CodeIgniter->run()
WARNING - 2025-01-17 12:22:56 --> [DEPRECATED] Creation of dynamic property App\Controllers\DestinationController::$imageModel is deprecated in APPPATH\Controllers\DestinationController.php on line 18.
 1 SYSTEMPATH\CodeIgniter.php(913): App\Controllers\DestinationController->__construct()
 2 SYSTEMPATH\CodeIgniter.php(493): CodeIgniter\CodeIgniter->createController()
 3 SYSTEMPATH\CodeIgniter.php(361): CodeIgniter\CodeIgniter->handleRequest(null, Object(Config\Cache), false)
 4 FCPATH\index.php(79): CodeIgniter\CodeIgniter->run()
WARNING - 2025-01-17 12:22:56 --> [DEPRECATED] Creation of dynamic property App\Controllers\DestinationController::$areaModel is deprecated in APPPATH\Controllers\DestinationController.php on line 19.
 1 SYSTEMPATH\CodeIgniter.php(913): App\Controllers\DestinationController->__construct()
 2 SYSTEMPATH\CodeIgniter.php(493): CodeIgniter\CodeIgniter->createController()
 3 SYSTEMPATH\CodeIgniter.php(361): CodeIgniter\CodeIgniter->handleRequest(null, Object(Config\Cache), false)
 4 FCPATH\index.php(79): CodeIgniter\CodeIgniter->run()
WARNING - 2025-01-17 12:22:56 --> [DEPRECATED] Creation of dynamic property App\Controllers\DestinationController::$foodModel is deprecated in APPPATH\Controllers\DestinationController.php on line 20.
 1 SYSTEMPATH\CodeIgniter.php(913): App\Controllers\DestinationController->__construct()
 2 SYSTEMPATH\CodeIgniter.php(493): CodeIgniter\CodeIgniter->createController()
 3 SYSTEMPATH\CodeIgniter.php(361): CodeIgniter\CodeIgniter->handleRequest(null, Object(Config\Cache), false)
 4 FCPATH\index.php(79): CodeIgniter\CodeIgniter->run()
WARNING - 2025-01-17 12:22:56 --> [DEPRECATED] Creation of dynamic property App\Controllers\DestinationController::$blogModel is deprecated in APPPATH\Controllers\DestinationController.php on line 21.
 1 SYSTEMPATH\CodeIgniter.php(913): App\Controllers\DestinationController->__construct()
 2 SYSTEMPATH\CodeIgniter.php(493): CodeIgniter\CodeIgniter->createController()
 3 SYSTEMPATH\CodeIgniter.php(361): CodeIgniter\CodeIgniter->handleRequest(null, Object(Config\Cache), false)
 4 FCPATH\index.php(79): CodeIgniter\CodeIgniter->run()
INFO - 2025-01-17 12:22:56 --> Session: Class initialized using 'CodeIgniter\Session\Handlers\FileHandler' driver.
WARNING - 2025-01-17 12:22:56 --> [DEPRECATED] Creation of dynamic property App\Controllers\HomeController::$citiesModel is deprecated in APPPATH\Controllers\HomeController.php on line 19.
 1 SYSTEMPATH\CodeIgniter.php(913): App\Controllers\HomeController->__construct()
 2 SYSTEMPATH\CodeIgniter.php(493): CodeIgniter\CodeIgniter->createController()
 3 SYSTEMPATH\CodeIgniter.php(361): CodeIgniter\CodeIgniter->handleRequest(null, Object(Config\Cache), false)
 4 FCPATH\index.php(79): CodeIgniter\CodeIgniter->run()
WARNING - 2025-01-17 12:22:56 --> [DEPRECATED] Creation of dynamic property App\Controllers\HomeController::$uttarakhandModel is deprecated in APPPATH\Controllers\HomeController.php on line 20.
 1 SYSTEMPATH\CodeIgniter.php(913): App\Controllers\HomeController->__construct()
 2 SYSTEMPATH\CodeIgniter.php(493): CodeIgniter\CodeIgniter->createController()
 3 SYSTEMPATH\CodeIgniter.php(361): CodeIgniter\CodeIgniter->handleRequest(null, Object(Config\Cache), false)
 4 FCPATH\index.php(79): CodeIgniter\CodeIgniter->run()
WARNING - 2025-01-17 12:22:56 --> [DEPRECATED] Creation of dynamic property App\Controllers\HomeController::$imageModel is deprecated in APPPATH\Controllers\HomeController.php on line 21.
 1 SYSTEMPATH\CodeIgniter.php(913): App\Controllers\HomeController->__construct()
 2 SYSTEMPATH\CodeIgniter.php(493): CodeIgniter\CodeIgniter->createController()
 3 SYSTEMPATH\CodeIgniter.php(361): CodeIgniter\CodeIgniter->handleRequest(null, Object(Config\Cache), false)
 4 FCPATH\index.php(79): CodeIgniter\CodeIgniter->run()
WARNING - 2025-01-17 12:22:56 --> [DEPRECATED] Creation of dynamic property App\Controllers\HomeController::$areaModel is deprecated in APPPATH\Controllers\HomeController.php on line 22.
 1 SYSTEMPATH\CodeIgniter.php(913): App\Controllers\HomeController->__construct()
 2 SYSTEMPATH\CodeIgniter.php(493): CodeIgniter\CodeIgniter->createController()
 3 SYSTEMPATH\CodeIgniter.php(361): CodeIgniter\CodeIgniter->handleRequest(null, Object(Config\Cache), false)
 4 FCPATH\index.php(79): CodeIgniter\CodeIgniter->run()
WARNING - 2025-01-17 12:22:56 --> [DEPRECATED] Creation of dynamic property App\Controllers\HomeController::$foodModel is deprecated in APPPATH\Controllers\HomeController.php on line 23.
 1 SYSTEMPATH\CodeIgniter.php(913): App\Controllers\HomeController->__construct()
 2 SYSTEMPATH\CodeIgniter.php(493): CodeIgniter\CodeIgniter->createController()
 3 SYSTEMPATH\CodeIgniter.php(361): CodeIgniter\CodeIgniter->handleRequest(null, Object(Config\Cache), false)
 4 FCPATH\index.php(79): CodeIgniter\CodeIgniter->run()
WARNING - 2025-01-17 12:22:56 --> [DEPRECATED] Creation of dynamic property App\Controllers\HomeController::$blogModel is deprecated in APPPATH\Controllers\HomeController.php on line 24.
 1 SYSTEMPATH\CodeIgniter.php(913): App\Controllers\HomeController->__construct()
 2 SYSTEMPATH\CodeIgniter.php(493): CodeIgniter\CodeIgniter->createController()
 3 SYSTEMPATH\CodeIgniter.php(361): CodeIgniter\CodeIgniter->handleRequest(null, Object(Config\Cache), false)
 4 FCPATH\index.php(79): CodeIgniter\CodeIgniter->run()
INFO - 2025-01-17 12:22:56 --> Session: Class initialized using 'CodeIgniter\Session\Handlers\FileHandler' driver.
CRITICAL - 2025-01-17 12:22:56 --> ErrorException: Trying to access array offset on value of type null
in APPPATH\Controllers\HomeController.php on line 80.
 1 APPPATH\Controllers\HomeController.php(80): CodeIgniter\Debug\Exceptions->errorHandler(2, 'Trying to access array offset on value of type null', 'C:\\xampp\\htdocs\\uttrakhand\\app\\Controllers\\HomeController.php', 80)
 2 SYSTEMPATH\CodeIgniter.php(941): App\Controllers\HomeController->page('images', 'bg_1.jpg')
 3 SYSTEMPATH\CodeIgniter.php(502): CodeIgniter\CodeIgniter->runController(Object(App\Controllers\HomeController))
 4 SYSTEMPATH\CodeIgniter.php(361): CodeIgniter\CodeIgniter->handleRequest(null, Object(Config\Cache), false)
 5 FCPATH\index.php(79): CodeIgniter\CodeIgniter->run()
WARNING - 2025-01-17 12:23:47 --> [DEPRECATED] Creation of dynamic property App\Controllers\DestinationController::$citiesModel is deprecated in APPPATH\Controllers\DestinationController.php on line 16.
 1 SYSTEMPATH\CodeIgniter.php(913): App\Controllers\DestinationController->__construct()
 2 SYSTEMPATH\CodeIgniter.php(493): CodeIgniter\CodeIgniter->createController()
 3 SYSTEMPATH\CodeIgniter.php(361): CodeIgniter\CodeIgniter->handleRequest(null, Object(Config\Cache), false)
 4 FCPATH\index.php(79): CodeIgniter\CodeIgniter->run()
WARNING - 2025-01-17 12:23:47 --> [DEPRECATED] Creation of dynamic property App\Controllers\DestinationController::$uttarakhandModel is deprecated in APPPATH\Controllers\DestinationController.php on line 17.
 1 SYSTEMPATH\CodeIgniter.php(913): App\Controllers\DestinationController->__construct()
 2 SYSTEMPATH\CodeIgniter.php(493): CodeIgniter\CodeIgniter->createController()
 3 SYSTEMPATH\CodeIgniter.php(361): CodeIgniter\CodeIgniter->handleRequest(null, Object(Config\Cache), false)
 4 FCPATH\index.php(79): CodeIgniter\CodeIgniter->run()
WARNING - 2025-01-17 12:23:47 --> [DEPRECATED] Creation of dynamic property App\Controllers\DestinationController::$imageModel is deprecated in APPPATH\Controllers\DestinationController.php on line 18.
 1 SYSTEMPATH\CodeIgniter.php(913): App\Controllers\DestinationController->__construct()
 2 SYSTEMPATH\CodeIgniter.php(493): CodeIgniter\CodeIgniter->createController()
 3 SYSTEMPATH\CodeIgniter.php(361): CodeIgniter\CodeIgniter->handleRequest(null, Object(Config\Cache), false)
 4 FCPATH\index.php(79): CodeIgniter\CodeIgniter->run()
WARNING - 2025-01-17 12:23:47 --> [DEPRECATED] Creation of dynamic property App\Controllers\DestinationController::$areaModel is deprecated in APPPATH\Controllers\DestinationController.php on line 19.
 1 SYSTEMPATH\CodeIgniter.php(913): App\Controllers\DestinationController->__construct()
 2 SYSTEMPATH\CodeIgniter.php(493): CodeIgniter\CodeIgniter->createController()
 3 SYSTEMPATH\CodeIgniter.php(361): CodeIgniter\CodeIgniter->handleRequest(null, Object(Config\Cache), false)
 4 FCPATH\index.php(79): CodeIgniter\CodeIgniter->run()
WARNING - 2025-01-17 12:23:47 --> [DEPRECATED] Creation of dynamic property App\Controllers\DestinationController::$foodModel is deprecated in APPPATH\Controllers\DestinationController.php on line 20.
 1 SYSTEMPATH\CodeIgniter.php(913): App\Controllers\DestinationController->__construct()
 2 SYSTEMPATH\CodeIgniter.php(493): CodeIgniter\CodeIgniter->createController()
 3 SYSTEMPATH\CodeIgniter.php(361): CodeIgniter\CodeIgniter->handleRequest(null, Object(Config\Cache), false)
 4 FCPATH\index.php(79): CodeIgniter\CodeIgniter->run()
WARNING - 2025-01-17 12:23:47 --> [DEPRECATED] Creation of dynamic property App\Controllers\DestinationController::$blogModel is deprecated in APPPATH\Controllers\DestinationController.php on line 21.
 1 SYSTEMPATH\CodeIgniter.php(913): App\Controllers\DestinationController->__construct()
 2 SYSTEMPATH\CodeIgniter.php(493): CodeIgniter\CodeIgniter->createController()
 3 SYSTEMPATH\CodeIgniter.php(361): CodeIgniter\CodeIgniter->handleRequest(null, Object(Config\Cache), false)
 4 FCPATH\index.php(79): CodeIgniter\CodeIgniter->run()
INFO - 2025-01-17 12:23:47 --> Session: Class initialized using 'CodeIgniter\Session\Handlers\FileHandler' driver.
WARNING - 2025-01-17 12:23:47 --> [DEPRECATED] Creation of dynamic property App\Controllers\HomeController::$citiesModel is deprecated in APPPATH\Controllers\HomeController.php on line 19.
 1 SYSTEMPATH\CodeIgniter.php(913): App\Controllers\HomeController->__construct()
 2 SYSTEMPATH\CodeIgniter.php(493): CodeIgniter\CodeIgniter->createController()
 3 SYSTEMPATH\CodeIgniter.php(361): CodeIgniter\CodeIgniter->handleRequest(null, Object(Config\Cache), false)
 4 FCPATH\index.php(79): CodeIgniter\CodeIgniter->run()
WARNING - 2025-01-17 12:23:47 --> [DEPRECATED] Creation of dynamic property App\Controllers\HomeController::$uttarakhandModel is deprecated in APPPATH\Controllers\HomeController.php on line 20.
 1 SYSTEMPATH\CodeIgniter.php(913): App\Controllers\HomeController->__construct()
 2 SYSTEMPATH\CodeIgniter.php(493): CodeIgniter\CodeIgniter->createController()
 3 SYSTEMPATH\CodeIgniter.php(361): CodeIgniter\CodeIgniter->handleRequest(null, Object(Config\Cache), false)
 4 FCPATH\index.php(79): CodeIgniter\CodeIgniter->run()
WARNING - 2025-01-17 12:23:47 --> [DEPRECATED] Creation of dynamic property App\Controllers\HomeController::$imageModel is deprecated in APPPATH\Controllers\HomeController.php on line 21.
 1 SYSTEMPATH\CodeIgniter.php(913): App\Controllers\HomeController->__construct()
 2 SYSTEMPATH\CodeIgniter.php(493): CodeIgniter\CodeIgniter->createController()
 3 SYSTEMPATH\CodeIgniter.php(361): CodeIgniter\CodeIgniter->handleRequest(null, Object(Config\Cache), false)
 4 FCPATH\index.php(79): CodeIgniter\CodeIgniter->run()
WARNING - 2025-01-17 12:23:47 --> [DEPRECATED] Creation of dynamic property App\Controllers\HomeController::$areaModel is deprecated in APPPATH\Controllers\HomeController.php on line 22.
 1 SYSTEMPATH\CodeIgniter.php(913): App\Controllers\HomeController->__construct()
 2 SYSTEMPATH\CodeIgniter.php(493): CodeIgniter\CodeIgniter->createController()
 3 SYSTEMPATH\CodeIgniter.php(361): CodeIgniter\CodeIgniter->handleRequest(null, Object(Config\Cache), false)
 4 FCPATH\index.php(79): CodeIgniter\CodeIgniter->run()
WARNING - 2025-01-17 12:23:47 --> [DEPRECATED] Creation of dynamic property App\Controllers\HomeController::$foodModel is deprecated in APPPATH\Controllers\HomeController.php on line 23.
 1 SYSTEMPATH\CodeIgniter.php(913): App\Controllers\HomeController->__construct()
 2 SYSTEMPATH\CodeIgniter.php(493): CodeIgniter\CodeIgniter->createController()
 3 SYSTEMPATH\CodeIgniter.php(361): CodeIgniter\CodeIgniter->handleRequest(null, Object(Config\Cache), false)
 4 FCPATH\index.php(79): CodeIgniter\CodeIgniter->run()
WARNING - 2025-01-17 12:23:47 --> [DEPRECATED] Creation of dynamic property App\Controllers\HomeController::$blogModel is deprecated in APPPATH\Controllers\HomeController.php on line 24.
 1 SYSTEMPATH\CodeIgniter.php(913): App\Controllers\HomeController->__construct()
 2 SYSTEMPATH\CodeIgniter.php(493): CodeIgniter\CodeIgniter->createController()
 3 SYSTEMPATH\CodeIgniter.php(361): CodeIgniter\CodeIgniter->handleRequest(null, Object(Config\Cache), false)
 4 FCPATH\index.php(79): CodeIgniter\CodeIgniter->run()
INFO - 2025-01-17 12:23:47 --> Session: Class initialized using 'CodeIgniter\Session\Handlers\FileHandler' driver.
CRITICAL - 2025-01-17 12:23:47 --> ErrorException: Trying to access array offset on value of type null
in APPPATH\Controllers\HomeController.php on line 80.
 1 APPPATH\Controllers\HomeController.php(80): CodeIgniter\Debug\Exceptions->errorHandler(2, 'Trying to access array offset on value of type null', 'C:\\xampp\\htdocs\\uttrakhand\\app\\Controllers\\HomeController.php', 80)
 2 SYSTEMPATH\CodeIgniter.php(941): App\Controllers\HomeController->page('images', 'bg_1.jpg')
 3 SYSTEMPATH\CodeIgniter.php(502): CodeIgniter\CodeIgniter->runController(Object(App\Controllers\HomeController))
 4 SYSTEMPATH\CodeIgniter.php(361): CodeIgniter\CodeIgniter->handleRequest(null, Object(Config\Cache), false)
 5 FCPATH\index.php(79): CodeIgniter\CodeIgniter->run()
WARNING - 2025-01-17 12:25:41 --> [DEPRECATED] Creation of dynamic property App\Controllers\DestinationController::$citiesModel is deprecated in APPPATH\Controllers\DestinationController.php on line 16.
 1 SYSTEMPATH\CodeIgniter.php(913): App\Controllers\DestinationController->__construct()
 2 SYSTEMPATH\CodeIgniter.php(493): CodeIgniter\CodeIgniter->createController()
 3 SYSTEMPATH\CodeIgniter.php(361): CodeIgniter\CodeIgniter->handleRequest(null, Object(Config\Cache), false)
 4 FCPATH\index.php(79): CodeIgniter\CodeIgniter->run()
WARNING - 2025-01-17 12:25:41 --> [DEPRECATED] Creation of dynamic property App\Controllers\DestinationController::$uttarakhandModel is deprecated in APPPATH\Controllers\DestinationController.php on line 17.
 1 SYSTEMPATH\CodeIgniter.php(913): App\Controllers\DestinationController->__construct()
 2 SYSTEMPATH\CodeIgniter.php(493): CodeIgniter\CodeIgniter->createController()
 3 SYSTEMPATH\CodeIgniter.php(361): CodeIgniter\CodeIgniter->handleRequest(null, Object(Config\Cache), false)
 4 FCPATH\index.php(79): CodeIgniter\CodeIgniter->run()
WARNING - 2025-01-17 12:25:41 --> [DEPRECATED] Creation of dynamic property App\Controllers\DestinationController::$imageModel is deprecated in APPPATH\Controllers\DestinationController.php on line 18.
 1 SYSTEMPATH\CodeIgniter.php(913): App\Controllers\DestinationController->__construct()
 2 SYSTEMPATH\CodeIgniter.php(493): CodeIgniter\CodeIgniter->createController()
 3 SYSTEMPATH\CodeIgniter.php(361): CodeIgniter\CodeIgniter->handleRequest(null, Object(Config\Cache), false)
 4 FCPATH\index.php(79): CodeIgniter\CodeIgniter->run()
WARNING - 2025-01-17 12:25:41 --> [DEPRECATED] Creation of dynamic property App\Controllers\DestinationController::$areaModel is deprecated in APPPATH\Controllers\DestinationController.php on line 19.
 1 SYSTEMPATH\CodeIgniter.php(913): App\Controllers\DestinationController->__construct()
 2 SYSTEMPATH\CodeIgniter.php(493): CodeIgniter\CodeIgniter->createController()
 3 SYSTEMPATH\CodeIgniter.php(361): CodeIgniter\CodeIgniter->handleRequest(null, Object(Config\Cache), false)
 4 FCPATH\index.php(79): CodeIgniter\CodeIgniter->run()
WARNING - 2025-01-17 12:25:41 --> [DEPRECATED] Creation of dynamic property App\Controllers\DestinationController::$foodModel is deprecated in APPPATH\Controllers\DestinationController.php on line 20.
 1 SYSTEMPATH\CodeIgniter.php(913): App\Controllers\DestinationController->__construct()
 2 SYSTEMPATH\CodeIgniter.php(493): CodeIgniter\CodeIgniter->createController()
 3 SYSTEMPATH\CodeIgniter.php(361): CodeIgniter\CodeIgniter->handleRequest(null, Object(Config\Cache), false)
 4 FCPATH\index.php(79): CodeIgniter\CodeIgniter->run()
WARNING - 2025-01-17 12:25:41 --> [DEPRECATED] Creation of dynamic property App\Controllers\DestinationController::$blogModel is deprecated in APPPATH\Controllers\DestinationController.php on line 21.
 1 SYSTEMPATH\CodeIgniter.php(913): App\Controllers\DestinationController->__construct()
 2 SYSTEMPATH\CodeIgniter.php(493): CodeIgniter\CodeIgniter->createController()
 3 SYSTEMPATH\CodeIgniter.php(361): CodeIgniter\CodeIgniter->handleRequest(null, Object(Config\Cache), false)
 4 FCPATH\index.php(79): CodeIgniter\CodeIgniter->run()
INFO - 2025-01-17 12:25:41 --> Session: Class initialized using 'CodeIgniter\Session\Handlers\FileHandler' driver.
WARNING - 2025-01-17 12:25:41 --> [DEPRECATED] Creation of dynamic property App\Controllers\HomeController::$citiesModel is deprecated in APPPATH\Controllers\HomeController.php on line 19.
 1 SYSTEMPATH\CodeIgniter.php(913): App\Controllers\HomeController->__construct()
 2 SYSTEMPATH\CodeIgniter.php(493): CodeIgniter\CodeIgniter->createController()
 3 SYSTEMPATH\CodeIgniter.php(361): CodeIgniter\CodeIgniter->handleRequest(null, Object(Config\Cache), false)
 4 FCPATH\index.php(79): CodeIgniter\CodeIgniter->run()
WARNING - 2025-01-17 12:25:41 --> [DEPRECATED] Creation of dynamic property App\Controllers\HomeController::$uttarakhandModel is deprecated in APPPATH\Controllers\HomeController.php on line 20.
 1 SYSTEMPATH\CodeIgniter.php(913): App\Controllers\HomeController->__construct()
 2 SYSTEMPATH\CodeIgniter.php(493): CodeIgniter\CodeIgniter->createController()
 3 SYSTEMPATH\CodeIgniter.php(361): CodeIgniter\CodeIgniter->handleRequest(null, Object(Config\Cache), false)
 4 FCPATH\index.php(79): CodeIgniter\CodeIgniter->run()
WARNING - 2025-01-17 12:25:41 --> [DEPRECATED] Creation of dynamic property App\Controllers\HomeController::$imageModel is deprecated in APPPATH\Controllers\HomeController.php on line 21.
 1 SYSTEMPATH\CodeIgniter.php(913): App\Controllers\HomeController->__construct()
 2 SYSTEMPATH\CodeIgniter.php(493): CodeIgniter\CodeIgniter->createController()
 3 SYSTEMPATH\CodeIgniter.php(361): CodeIgniter\CodeIgniter->handleRequest(null, Object(Config\Cache), false)
 4 FCPATH\index.php(79): CodeIgniter\CodeIgniter->run()
WARNING - 2025-01-17 12:25:41 --> [DEPRECATED] Creation of dynamic property App\Controllers\HomeController::$areaModel is deprecated in APPPATH\Controllers\HomeController.php on line 22.
 1 SYSTEMPATH\CodeIgniter.php(913): App\Controllers\HomeController->__construct()
 2 SYSTEMPATH\CodeIgniter.php(493): CodeIgniter\CodeIgniter->createController()
 3 SYSTEMPATH\CodeIgniter.php(361): CodeIgniter\CodeIgniter->handleRequest(null, Object(Config\Cache), false)
 4 FCPATH\index.php(79): CodeIgniter\CodeIgniter->run()
WARNING - 2025-01-17 12:25:41 --> [DEPRECATED] Creation of dynamic property App\Controllers\HomeController::$foodModel is deprecated in APPPATH\Controllers\HomeController.php on line 23.
 1 SYSTEMPATH\CodeIgniter.php(913): App\Controllers\HomeController->__construct()
 2 SYSTEMPATH\CodeIgniter.php(493): CodeIgniter\CodeIgniter->createController()
 3 SYSTEMPATH\CodeIgniter.php(361): CodeIgniter\CodeIgniter->handleRequest(null, Object(Config\Cache), false)
 4 FCPATH\index.php(79): CodeIgniter\CodeIgniter->run()
WARNING - 2025-01-17 12:25:41 --> [DEPRECATED] Creation of dynamic property App\Controllers\HomeController::$blogModel is deprecated in APPPATH\Controllers\HomeController.php on line 24.
 1 SYSTEMPATH\CodeIgniter.php(913): App\Controllers\HomeController->__construct()
 2 SYSTEMPATH\CodeIgniter.php(493): CodeIgniter\CodeIgniter->createController()
 3 SYSTEMPATH\CodeIgniter.php(361): CodeIgniter\CodeIgniter->handleRequest(null, Object(Config\Cache), false)
 4 FCPATH\index.php(79): CodeIgniter\CodeIgniter->run()
INFO - 2025-01-17 12:25:41 --> Session: Class initialized using 'CodeIgniter\Session\Handlers\FileHandler' driver.
CRITICAL - 2025-01-17 12:25:41 --> ErrorException: Trying to access array offset on value of type null
in APPPATH\Controllers\HomeController.php on line 80.
 1 APPPATH\Controllers\HomeController.php(80): CodeIgniter\Debug\Exceptions->errorHandler(2, 'Trying to access array offset on value of type null', 'C:\\xampp\\htdocs\\uttrakhand\\app\\Controllers\\HomeController.php', 80)
 2 SYSTEMPATH\CodeIgniter.php(941): App\Controllers\HomeController->page('images', 'bg_1.jpg')
 3 SYSTEMPATH\CodeIgniter.php(502): CodeIgniter\CodeIgniter->runController(Object(App\Controllers\HomeController))
 4 SYSTEMPATH\CodeIgniter.php(361): CodeIgniter\CodeIgniter->handleRequest(null, Object(Config\Cache), false)
 5 FCPATH\index.php(79): CodeIgniter\CodeIgniter->run()
WARNING - 2025-01-17 12:25:50 --> [DEPRECATED] Creation of dynamic property App\Controllers\DestinationController::$citiesModel is deprecated in APPPATH\Controllers\DestinationController.php on line 16.
 1 SYSTEMPATH\CodeIgniter.php(913): App\Controllers\DestinationController->__construct()
 2 SYSTEMPATH\CodeIgniter.php(493): CodeIgniter\CodeIgniter->createController()
 3 SYSTEMPATH\CodeIgniter.php(361): CodeIgniter\CodeIgniter->handleRequest(null, Object(Config\Cache), false)
 4 FCPATH\index.php(79): CodeIgniter\CodeIgniter->run()
WARNING - 2025-01-17 12:25:50 --> [DEPRECATED] Creation of dynamic property App\Controllers\DestinationController::$uttarakhandModel is deprecated in APPPATH\Controllers\DestinationController.php on line 17.
 1 SYSTEMPATH\CodeIgniter.php(913): App\Controllers\DestinationController->__construct()
 2 SYSTEMPATH\CodeIgniter.php(493): CodeIgniter\CodeIgniter->createController()
 3 SYSTEMPATH\CodeIgniter.php(361): CodeIgniter\CodeIgniter->handleRequest(null, Object(Config\Cache), false)
 4 FCPATH\index.php(79): CodeIgniter\CodeIgniter->run()
WARNING - 2025-01-17 12:25:50 --> [DEPRECATED] Creation of dynamic property App\Controllers\DestinationController::$imageModel is deprecated in APPPATH\Controllers\DestinationController.php on line 18.
 1 SYSTEMPATH\CodeIgniter.php(913): App\Controllers\DestinationController->__construct()
 2 SYSTEMPATH\CodeIgniter.php(493): CodeIgniter\CodeIgniter->createController()
 3 SYSTEMPATH\CodeIgniter.php(361): CodeIgniter\CodeIgniter->handleRequest(null, Object(Config\Cache), false)
 4 FCPATH\index.php(79): CodeIgniter\CodeIgniter->run()
WARNING - 2025-01-17 12:25:50 --> [DEPRECATED] Creation of dynamic property App\Controllers\DestinationController::$areaModel is deprecated in APPPATH\Controllers\DestinationController.php on line 19.
 1 SYSTEMPATH\CodeIgniter.php(913): App\Controllers\DestinationController->__construct()
 2 SYSTEMPATH\CodeIgniter.php(493): CodeIgniter\CodeIgniter->createController()
 3 SYSTEMPATH\CodeIgniter.php(361): CodeIgniter\CodeIgniter->handleRequest(null, Object(Config\Cache), false)
 4 FCPATH\index.php(79): CodeIgniter\CodeIgniter->run()
WARNING - 2025-01-17 12:25:50 --> [DEPRECATED] Creation of dynamic property App\Controllers\DestinationController::$foodModel is deprecated in APPPATH\Controllers\DestinationController.php on line 20.
 1 SYSTEMPATH\CodeIgniter.php(913): App\Controllers\DestinationController->__construct()
 2 SYSTEMPATH\CodeIgniter.php(493): CodeIgniter\CodeIgniter->createController()
 3 SYSTEMPATH\CodeIgniter.php(361): CodeIgniter\CodeIgniter->handleRequest(null, Object(Config\Cache), false)
 4 FCPATH\index.php(79): CodeIgniter\CodeIgniter->run()
WARNING - 2025-01-17 12:25:50 --> [DEPRECATED] Creation of dynamic property App\Controllers\DestinationController::$blogModel is deprecated in APPPATH\Controllers\DestinationController.php on line 21.
 1 SYSTEMPATH\CodeIgniter.php(913): App\Controllers\DestinationController->__construct()
 2 SYSTEMPATH\CodeIgniter.php(493): CodeIgniter\CodeIgniter->createController()
 3 SYSTEMPATH\CodeIgniter.php(361): CodeIgniter\CodeIgniter->handleRequest(null, Object(Config\Cache), false)
 4 FCPATH\index.php(79): CodeIgniter\CodeIgniter->run()
INFO - 2025-01-17 12:25:50 --> Session: Class initialized using 'CodeIgniter\Session\Handlers\FileHandler' driver.
WARNING - 2025-01-17 12:25:51 --> [DEPRECATED] Creation of dynamic property App\Controllers\HomeController::$citiesModel is deprecated in APPPATH\Controllers\HomeController.php on line 19.
 1 SYSTEMPATH\CodeIgniter.php(913): App\Controllers\HomeController->__construct()
 2 SYSTEMPATH\CodeIgniter.php(493): CodeIgniter\CodeIgniter->createController()
 3 SYSTEMPATH\CodeIgniter.php(361): CodeIgniter\CodeIgniter->handleRequest(null, Object(Config\Cache), false)
 4 FCPATH\index.php(79): CodeIgniter\CodeIgniter->run()
WARNING - 2025-01-17 12:25:51 --> [DEPRECATED] Creation of dynamic property App\Controllers\HomeController::$uttarakhandModel is deprecated in APPPATH\Controllers\HomeController.php on line 20.
 1 SYSTEMPATH\CodeIgniter.php(913): App\Controllers\HomeController->__construct()
 2 SYSTEMPATH\CodeIgniter.php(493): CodeIgniter\CodeIgniter->createController()
 3 SYSTEMPATH\CodeIgniter.php(361): CodeIgniter\CodeIgniter->handleRequest(null, Object(Config\Cache), false)
 4 FCPATH\index.php(79): CodeIgniter\CodeIgniter->run()
WARNING - 2025-01-17 12:25:51 --> [DEPRECATED] Creation of dynamic property App\Controllers\HomeController::$imageModel is deprecated in APPPATH\Controllers\HomeController.php on line 21.
 1 SYSTEMPATH\CodeIgniter.php(913): App\Controllers\HomeController->__construct()
 2 SYSTEMPATH\CodeIgniter.php(493): CodeIgniter\CodeIgniter->createController()
 3 SYSTEMPATH\CodeIgniter.php(361): CodeIgniter\CodeIgniter->handleRequest(null, Object(Config\Cache), false)
 4 FCPATH\index.php(79): CodeIgniter\CodeIgniter->run()
WARNING - 2025-01-17 12:25:51 --> [DEPRECATED] Creation of dynamic property App\Controllers\HomeController::$areaModel is deprecated in APPPATH\Controllers\HomeController.php on line 22.
 1 SYSTEMPATH\CodeIgniter.php(913): App\Controllers\HomeController->__construct()
 2 SYSTEMPATH\CodeIgniter.php(493): CodeIgniter\CodeIgniter->createController()
 3 SYSTEMPATH\CodeIgniter.php(361): CodeIgniter\CodeIgniter->handleRequest(null, Object(Config\Cache), false)
 4 FCPATH\index.php(79): CodeIgniter\CodeIgniter->run()
WARNING - 2025-01-17 12:25:51 --> [DEPRECATED] Creation of dynamic property App\Controllers\HomeController::$foodModel is deprecated in APPPATH\Controllers\HomeController.php on line 23.
 1 SYSTEMPATH\CodeIgniter.php(913): App\Controllers\HomeController->__construct()
 2 SYSTEMPATH\CodeIgniter.php(493): CodeIgniter\CodeIgniter->createController()
 3 SYSTEMPATH\CodeIgniter.php(361): CodeIgniter\CodeIgniter->handleRequest(null, Object(Config\Cache), false)
 4 FCPATH\index.php(79): CodeIgniter\CodeIgniter->run()
WARNING - 2025-01-17 12:25:51 --> [DEPRECATED] Creation of dynamic property App\Controllers\HomeController::$blogModel is deprecated in APPPATH\Controllers\HomeController.php on line 24.
 1 SYSTEMPATH\CodeIgniter.php(913): App\Controllers\HomeController->__construct()
 2 SYSTEMPATH\CodeIgniter.php(493): CodeIgniter\CodeIgniter->createController()
 3 SYSTEMPATH\CodeIgniter.php(361): CodeIgniter\CodeIgniter->handleRequest(null, Object(Config\Cache), false)
 4 FCPATH\index.php(79): CodeIgniter\CodeIgniter->run()
INFO - 2025-01-17 12:25:51 --> Session: Class initialized using 'CodeIgniter\Session\Handlers\FileHandler' driver.
CRITICAL - 2025-01-17 12:25:51 --> ErrorException: Trying to access array offset on value of type null
in APPPATH\Controllers\HomeController.php on line 80.
 1 APPPATH\Controllers\HomeController.php(80): CodeIgniter\Debug\Exceptions->errorHandler(2, 'Trying to access array offset on value of type null', 'C:\\xampp\\htdocs\\uttrakhand\\app\\Controllers\\HomeController.php', 80)
 2 SYSTEMPATH\CodeIgniter.php(941): App\Controllers\HomeController->page('images', 'bg_1.jpg')
 3 SYSTEMPATH\CodeIgniter.php(502): CodeIgniter\CodeIgniter->runController(Object(App\Controllers\HomeController))
 4 SYSTEMPATH\CodeIgniter.php(361): CodeIgniter\CodeIgniter->handleRequest(null, Object(Config\Cache), false)
 5 FCPATH\index.php(79): CodeIgniter\CodeIgniter->run()
WARNING - 2025-01-17 12:26:28 --> [DEPRECATED] Creation of dynamic property App\Controllers\DestinationController::$citiesModel is deprecated in APPPATH\Controllers\DestinationController.php on line 16.
 1 SYSTEMPATH\CodeIgniter.php(913): App\Controllers\DestinationController->__construct()
 2 SYSTEMPATH\CodeIgniter.php(493): CodeIgniter\CodeIgniter->createController()
 3 SYSTEMPATH\CodeIgniter.php(361): CodeIgniter\CodeIgniter->handleRequest(null, Object(Config\Cache), false)
 4 FCPATH\index.php(79): CodeIgniter\CodeIgniter->run()
WARNING - 2025-01-17 12:26:28 --> [DEPRECATED] Creation of dynamic property App\Controllers\DestinationController::$uttarakhandModel is deprecated in APPPATH\Controllers\DestinationController.php on line 17.
 1 SYSTEMPATH\CodeIgniter.php(913): App\Controllers\DestinationController->__construct()
 2 SYSTEMPATH\CodeIgniter.php(493): CodeIgniter\CodeIgniter->createController()
 3 SYSTEMPATH\CodeIgniter.php(361): CodeIgniter\CodeIgniter->handleRequest(null, Object(Config\Cache), false)
 4 FCPATH\index.php(79): CodeIgniter\CodeIgniter->run()
WARNING - 2025-01-17 12:26:28 --> [DEPRECATED] Creation of dynamic property App\Controllers\DestinationController::$imageModel is deprecated in APPPATH\Controllers\DestinationController.php on line 18.
 1 SYSTEMPATH\CodeIgniter.php(913): App\Controllers\DestinationController->__construct()
 2 SYSTEMPATH\CodeIgniter.php(493): CodeIgniter\CodeIgniter->createController()
 3 SYSTEMPATH\CodeIgniter.php(361): CodeIgniter\CodeIgniter->handleRequest(null, Object(Config\Cache), false)
 4 FCPATH\index.php(79): CodeIgniter\CodeIgniter->run()
WARNING - 2025-01-17 12:26:28 --> [DEPRECATED] Creation of dynamic property App\Controllers\DestinationController::$areaModel is deprecated in APPPATH\Controllers\DestinationController.php on line 19.
 1 SYSTEMPATH\CodeIgniter.php(913): App\Controllers\DestinationController->__construct()
 2 SYSTEMPATH\CodeIgniter.php(493): CodeIgniter\CodeIgniter->createController()
 3 SYSTEMPATH\CodeIgniter.php(361): CodeIgniter\CodeIgniter->handleRequest(null, Object(Config\Cache), false)
 4 FCPATH\index.php(79): CodeIgniter\CodeIgniter->run()
WARNING - 2025-01-17 12:26:28 --> [DEPRECATED] Creation of dynamic property App\Controllers\DestinationController::$foodModel is deprecated in APPPATH\Controllers\DestinationController.php on line 20.
 1 SYSTEMPATH\CodeIgniter.php(913): App\Controllers\DestinationController->__construct()
 2 SYSTEMPATH\CodeIgniter.php(493): CodeIgniter\CodeIgniter->createController()
 3 SYSTEMPATH\CodeIgniter.php(361): CodeIgniter\CodeIgniter->handleRequest(null, Object(Config\Cache), false)
 4 FCPATH\index.php(79): CodeIgniter\CodeIgniter->run()
WARNING - 2025-01-17 12:26:28 --> [DEPRECATED] Creation of dynamic property App\Controllers\DestinationController::$blogModel is deprecated in APPPATH\Controllers\DestinationController.php on line 21.
 1 SYSTEMPATH\CodeIgniter.php(913): App\Controllers\DestinationController->__construct()
 2 SYSTEMPATH\CodeIgniter.php(493): CodeIgniter\CodeIgniter->createController()
 3 SYSTEMPATH\CodeIgniter.php(361): CodeIgniter\CodeIgniter->handleRequest(null, Object(Config\Cache), false)
 4 FCPATH\index.php(79): CodeIgniter\CodeIgniter->run()
INFO - 2025-01-17 12:26:28 --> Session: Class initialized using 'CodeIgniter\Session\Handlers\FileHandler' driver.
WARNING - 2025-01-17 12:26:29 --> [DEPRECATED] Creation of dynamic property App\Controllers\HomeController::$citiesModel is deprecated in APPPATH\Controllers\HomeController.php on line 19.
 1 SYSTEMPATH\CodeIgniter.php(913): App\Controllers\HomeController->__construct()
 2 SYSTEMPATH\CodeIgniter.php(493): CodeIgniter\CodeIgniter->createController()
 3 SYSTEMPATH\CodeIgniter.php(361): CodeIgniter\CodeIgniter->handleRequest(null, Object(Config\Cache), false)
 4 FCPATH\index.php(79): CodeIgniter\CodeIgniter->run()
WARNING - 2025-01-17 12:26:29 --> [DEPRECATED] Creation of dynamic property App\Controllers\HomeController::$uttarakhandModel is deprecated in APPPATH\Controllers\HomeController.php on line 20.
 1 SYSTEMPATH\CodeIgniter.php(913): App\Controllers\HomeController->__construct()
 2 SYSTEMPATH\CodeIgniter.php(493): CodeIgniter\CodeIgniter->createController()
 3 SYSTEMPATH\CodeIgniter.php(361): CodeIgniter\CodeIgniter->handleRequest(null, Object(Config\Cache), false)
 4 FCPATH\index.php(79): CodeIgniter\CodeIgniter->run()
WARNING - 2025-01-17 12:26:29 --> [DEPRECATED] Creation of dynamic property App\Controllers\HomeController::$imageModel is deprecated in APPPATH\Controllers\HomeController.php on line 21.
 1 SYSTEMPATH\CodeIgniter.php(913): App\Controllers\HomeController->__construct()
 2 SYSTEMPATH\CodeIgniter.php(493): CodeIgniter\CodeIgniter->createController()
 3 SYSTEMPATH\CodeIgniter.php(361): CodeIgniter\CodeIgniter->handleRequest(null, Object(Config\Cache), false)
 4 FCPATH\index.php(79): CodeIgniter\CodeIgniter->run()
WARNING - 2025-01-17 12:26:29 --> [DEPRECATED] Creation of dynamic property App\Controllers\HomeController::$areaModel is deprecated in APPPATH\Controllers\HomeController.php on line 22.
 1 SYSTEMPATH\CodeIgniter.php(913): App\Controllers\HomeController->__construct()
 2 SYSTEMPATH\CodeIgniter.php(493): CodeIgniter\CodeIgniter->createController()
 3 SYSTEMPATH\CodeIgniter.php(361): CodeIgniter\CodeIgniter->handleRequest(null, Object(Config\Cache), false)
 4 FCPATH\index.php(79): CodeIgniter\CodeIgniter->run()
WARNING - 2025-01-17 12:26:29 --> [DEPRECATED] Creation of dynamic property App\Controllers\HomeController::$foodModel is deprecated in APPPATH\Controllers\HomeController.php on line 23.
 1 SYSTEMPATH\CodeIgniter.php(913): App\Controllers\HomeController->__construct()
 2 SYSTEMPATH\CodeIgniter.php(493): CodeIgniter\CodeIgniter->createController()
 3 SYSTEMPATH\CodeIgniter.php(361): CodeIgniter\CodeIgniter->handleRequest(null, Object(Config\Cache), false)
 4 FCPATH\index.php(79): CodeIgniter\CodeIgniter->run()
WARNING - 2025-01-17 12:26:29 --> [DEPRECATED] Creation of dynamic property App\Controllers\HomeController::$blogModel is deprecated in APPPATH\Controllers\HomeController.php on line 24.
 1 SYSTEMPATH\CodeIgniter.php(913): App\Controllers\HomeController->__construct()
 2 SYSTEMPATH\CodeIgniter.php(493): CodeIgniter\CodeIgniter->createController()
 3 SYSTEMPATH\CodeIgniter.php(361): CodeIgniter\CodeIgniter->handleRequest(null, Object(Config\Cache), false)
 4 FCPATH\index.php(79): CodeIgniter\CodeIgniter->run()
INFO - 2025-01-17 12:26:29 --> Session: Class initialized using 'CodeIgniter\Session\Handlers\FileHandler' driver.
CRITICAL - 2025-01-17 12:26:29 --> ErrorException: Trying to access array offset on value of type null
in APPPATH\Controllers\HomeController.php on line 80.
 1 APPPATH\Controllers\HomeController.php(80): CodeIgniter\Debug\Exceptions->errorHandler(2, 'Trying to access array offset on value of type null', 'C:\\xampp\\htdocs\\uttrakhand\\app\\Controllers\\HomeController.php', 80)
 2 SYSTEMPATH\CodeIgniter.php(941): App\Controllers\HomeController->page('images', 'bg_1.jpg')
 3 SYSTEMPATH\CodeIgniter.php(502): CodeIgniter\CodeIgniter->runController(Object(App\Controllers\HomeController))
 4 SYSTEMPATH\CodeIgniter.php(361): CodeIgniter\CodeIgniter->handleRequest(null, Object(Config\Cache), false)
 5 FCPATH\index.php(79): CodeIgniter\CodeIgniter->run()
WARNING - 2025-01-17 12:26:41 --> [DEPRECATED] Creation of dynamic property App\Controllers\DestinationController::$citiesModel is deprecated in APPPATH\Controllers\DestinationController.php on line 16.
 1 SYSTEMPATH\CodeIgniter.php(913): App\Controllers\DestinationController->__construct()
 2 SYSTEMPATH\CodeIgniter.php(493): CodeIgniter\CodeIgniter->createController()
 3 SYSTEMPATH\CodeIgniter.php(361): CodeIgniter\CodeIgniter->handleRequest(null, Object(Config\Cache), false)
 4 FCPATH\index.php(79): CodeIgniter\CodeIgniter->run()
WARNING - 2025-01-17 12:26:41 --> [DEPRECATED] Creation of dynamic property App\Controllers\DestinationController::$uttarakhandModel is deprecated in APPPATH\Controllers\DestinationController.php on line 17.
 1 SYSTEMPATH\CodeIgniter.php(913): App\Controllers\DestinationController->__construct()
 2 SYSTEMPATH\CodeIgniter.php(493): CodeIgniter\CodeIgniter->createController()
 3 SYSTEMPATH\CodeIgniter.php(361): CodeIgniter\CodeIgniter->handleRequest(null, Object(Config\Cache), false)
 4 FCPATH\index.php(79): CodeIgniter\CodeIgniter->run()
WARNING - 2025-01-17 12:26:41 --> [DEPRECATED] Creation of dynamic property App\Controllers\DestinationController::$imageModel is deprecated in APPPATH\Controllers\DestinationController.php on line 18.
 1 SYSTEMPATH\CodeIgniter.php(913): App\Controllers\DestinationController->__construct()
 2 SYSTEMPATH\CodeIgniter.php(493): CodeIgniter\CodeIgniter->createController()
 3 SYSTEMPATH\CodeIgniter.php(361): CodeIgniter\CodeIgniter->handleRequest(null, Object(Config\Cache), false)
 4 FCPATH\index.php(79): CodeIgniter\CodeIgniter->run()
WARNING - 2025-01-17 12:26:41 --> [DEPRECATED] Creation of dynamic property App\Controllers\DestinationController::$areaModel is deprecated in APPPATH\Controllers\DestinationController.php on line 19.
 1 SYSTEMPATH\CodeIgniter.php(913): App\Controllers\DestinationController->__construct()
 2 SYSTEMPATH\CodeIgniter.php(493): CodeIgniter\CodeIgniter->createController()
 3 SYSTEMPATH\CodeIgniter.php(361): CodeIgniter\CodeIgniter->handleRequest(null, Object(Config\Cache), false)
 4 FCPATH\index.php(79): CodeIgniter\CodeIgniter->run()
WARNING - 2025-01-17 12:26:41 --> [DEPRECATED] Creation of dynamic property App\Controllers\DestinationController::$foodModel is deprecated in APPPATH\Controllers\DestinationController.php on line 20.
 1 SYSTEMPATH\CodeIgniter.php(913): App\Controllers\DestinationController->__construct()
 2 SYSTEMPATH\CodeIgniter.php(493): CodeIgniter\CodeIgniter->createController()
 3 SYSTEMPATH\CodeIgniter.php(361): CodeIgniter\CodeIgniter->handleRequest(null, Object(Config\Cache), false)
 4 FCPATH\index.php(79): CodeIgniter\CodeIgniter->run()
WARNING - 2025-01-17 12:26:41 --> [DEPRECATED] Creation of dynamic property App\Controllers\DestinationController::$blogModel is deprecated in APPPATH\Controllers\DestinationController.php on line 21.
 1 SYSTEMPATH\CodeIgniter.php(913): App\Controllers\DestinationController->__construct()
 2 SYSTEMPATH\CodeIgniter.php(493): CodeIgniter\CodeIgniter->createController()
 3 SYSTEMPATH\CodeIgniter.php(361): CodeIgniter\CodeIgniter->handleRequest(null, Object(Config\Cache), false)
 4 FCPATH\index.php(79): CodeIgniter\CodeIgniter->run()
INFO - 2025-01-17 12:26:41 --> Session: Class initialized using 'CodeIgniter\Session\Handlers\FileHandler' driver.
WARNING - 2025-01-17 12:26:41 --> [DEPRECATED] Creation of dynamic property App\Controllers\HomeController::$citiesModel is deprecated in APPPATH\Controllers\HomeController.php on line 19.
 1 SYSTEMPATH\CodeIgniter.php(913): App\Controllers\HomeController->__construct()
 2 SYSTEMPATH\CodeIgniter.php(493): CodeIgniter\CodeIgniter->createController()
 3 SYSTEMPATH\CodeIgniter.php(361): CodeIgniter\CodeIgniter->handleRequest(null, Object(Config\Cache), false)
 4 FCPATH\index.php(79): CodeIgniter\CodeIgniter->run()
WARNING - 2025-01-17 12:26:41 --> [DEPRECATED] Creation of dynamic property App\Controllers\HomeController::$uttarakhandModel is deprecated in APPPATH\Controllers\HomeController.php on line 20.
 1 SYSTEMPATH\CodeIgniter.php(913): App\Controllers\HomeController->__construct()
 2 SYSTEMPATH\CodeIgniter.php(493): CodeIgniter\CodeIgniter->createController()
 3 SYSTEMPATH\CodeIgniter.php(361): CodeIgniter\CodeIgniter->handleRequest(null, Object(Config\Cache), false)
 4 FCPATH\index.php(79): CodeIgniter\CodeIgniter->run()
WARNING - 2025-01-17 12:26:41 --> [DEPRECATED] Creation of dynamic property App\Controllers\HomeController::$imageModel is deprecated in APPPATH\Controllers\HomeController.php on line 21.
 1 SYSTEMPATH\CodeIgniter.php(913): App\Controllers\HomeController->__construct()
 2 SYSTEMPATH\CodeIgniter.php(493): CodeIgniter\CodeIgniter->createController()
 3 SYSTEMPATH\CodeIgniter.php(361): CodeIgniter\CodeIgniter->handleRequest(null, Object(Config\Cache), false)
 4 FCPATH\index.php(79): CodeIgniter\CodeIgniter->run()
WARNING - 2025-01-17 12:26:41 --> [DEPRECATED] Creation of dynamic property App\Controllers\HomeController::$areaModel is deprecated in APPPATH\Controllers\HomeController.php on line 22.
 1 SYSTEMPATH\CodeIgniter.php(913): App\Controllers\HomeController->__construct()
 2 SYSTEMPATH\CodeIgniter.php(493): CodeIgniter\CodeIgniter->createController()
 3 SYSTEMPATH\CodeIgniter.php(361): CodeIgniter\CodeIgniter->handleRequest(null, Object(Config\Cache), false)
 4 FCPATH\index.php(79): CodeIgniter\CodeIgniter->run()
WARNING - 2025-01-17 12:26:41 --> [DEPRECATED] Creation of dynamic property App\Controllers\HomeController::$foodModel is deprecated in APPPATH\Controllers\HomeController.php on line 23.
 1 SYSTEMPATH\CodeIgniter.php(913): App\Controllers\HomeController->__construct()
 2 SYSTEMPATH\CodeIgniter.php(493): CodeIgniter\CodeIgniter->createController()
 3 SYSTEMPATH\CodeIgniter.php(361): CodeIgniter\CodeIgniter->handleRequest(null, Object(Config\Cache), false)
 4 FCPATH\index.php(79): CodeIgniter\CodeIgniter->run()
WARNING - 2025-01-17 12:26:41 --> [DEPRECATED] Creation of dynamic property App\Controllers\HomeController::$blogModel is deprecated in APPPATH\Controllers\HomeController.php on line 24.
 1 SYSTEMPATH\CodeIgniter.php(913): App\Controllers\HomeController->__construct()
 2 SYSTEMPATH\CodeIgniter.php(493): CodeIgniter\CodeIgniter->createController()
 3 SYSTEMPATH\CodeIgniter.php(361): CodeIgniter\CodeIgniter->handleRequest(null, Object(Config\Cache), false)
 4 FCPATH\index.php(79): CodeIgniter\CodeIgniter->run()
INFO - 2025-01-17 12:26:41 --> Session: Class initialized using 'CodeIgniter\Session\Handlers\FileHandler' driver.
CRITICAL - 2025-01-17 12:26:41 --> ErrorException: Trying to access array offset on value of type null
in APPPATH\Controllers\HomeController.php on line 80.
 1 APPPATH\Controllers\HomeController.php(80): CodeIgniter\Debug\Exceptions->errorHandler(2, 'Trying to access array offset on value of type null', 'C:\\xampp\\htdocs\\uttrakhand\\app\\Controllers\\HomeController.php', 80)
 2 SYSTEMPATH\CodeIgniter.php(941): App\Controllers\HomeController->page('images', 'bg_1.jpg')
 3 SYSTEMPATH\CodeIgniter.php(502): CodeIgniter\CodeIgniter->runController(Object(App\Controllers\HomeController))
 4 SYSTEMPATH\CodeIgniter.php(361): CodeIgniter\CodeIgniter->handleRequest(null, Object(Config\Cache), false)
 5 FCPATH\index.php(79): CodeIgniter\CodeIgniter->run()
WARNING - 2025-01-17 12:26:57 --> [DEPRECATED] Creation of dynamic property App\Controllers\DestinationController::$citiesModel is deprecated in APPPATH\Controllers\DestinationController.php on line 16.
 1 SYSTEMPATH\CodeIgniter.php(913): App\Controllers\DestinationController->__construct()
 2 SYSTEMPATH\CodeIgniter.php(493): CodeIgniter\CodeIgniter->createController()
 3 SYSTEMPATH\CodeIgniter.php(361): CodeIgniter\CodeIgniter->handleRequest(null, Object(Config\Cache), false)
 4 FCPATH\index.php(79): CodeIgniter\CodeIgniter->run()
WARNING - 2025-01-17 12:26:57 --> [DEPRECATED] Creation of dynamic property App\Controllers\DestinationController::$uttarakhandModel is deprecated in APPPATH\Controllers\DestinationController.php on line 17.
 1 SYSTEMPATH\CodeIgniter.php(913): App\Controllers\DestinationController->__construct()
 2 SYSTEMPATH\CodeIgniter.php(493): CodeIgniter\CodeIgniter->createController()
 3 SYSTEMPATH\CodeIgniter.php(361): CodeIgniter\CodeIgniter->handleRequest(null, Object(Config\Cache), false)
 4 FCPATH\index.php(79): CodeIgniter\CodeIgniter->run()
WARNING - 2025-01-17 12:26:57 --> [DEPRECATED] Creation of dynamic property App\Controllers\DestinationController::$imageModel is deprecated in APPPATH\Controllers\DestinationController.php on line 18.
 1 SYSTEMPATH\CodeIgniter.php(913): App\Controllers\DestinationController->__construct()
 2 SYSTEMPATH\CodeIgniter.php(493): CodeIgniter\CodeIgniter->createController()
 3 SYSTEMPATH\CodeIgniter.php(361): CodeIgniter\CodeIgniter->handleRequest(null, Object(Config\Cache), false)
 4 FCPATH\index.php(79): CodeIgniter\CodeIgniter->run()
WARNING - 2025-01-17 12:26:57 --> [DEPRECATED] Creation of dynamic property App\Controllers\DestinationController::$areaModel is deprecated in APPPATH\Controllers\DestinationController.php on line 19.
 1 SYSTEMPATH\CodeIgniter.php(913): App\Controllers\DestinationController->__construct()
 2 SYSTEMPATH\CodeIgniter.php(493): CodeIgniter\CodeIgniter->createController()
 3 SYSTEMPATH\CodeIgniter.php(361): CodeIgniter\CodeIgniter->handleRequest(null, Object(Config\Cache), false)
 4 FCPATH\index.php(79): CodeIgniter\CodeIgniter->run()
WARNING - 2025-01-17 12:26:57 --> [DEPRECATED] Creation of dynamic property App\Controllers\DestinationController::$foodModel is deprecated in APPPATH\Controllers\DestinationController.php on line 20.
 1 SYSTEMPATH\CodeIgniter.php(913): App\Controllers\DestinationController->__construct()
 2 SYSTEMPATH\CodeIgniter.php(493): CodeIgniter\CodeIgniter->createController()
 3 SYSTEMPATH\CodeIgniter.php(361): CodeIgniter\CodeIgniter->handleRequest(null, Object(Config\Cache), false)
 4 FCPATH\index.php(79): CodeIgniter\CodeIgniter->run()
WARNING - 2025-01-17 12:26:57 --> [DEPRECATED] Creation of dynamic property App\Controllers\DestinationController::$blogModel is deprecated in APPPATH\Controllers\DestinationController.php on line 21.
 1 SYSTEMPATH\CodeIgniter.php(913): App\Controllers\DestinationController->__construct()
 2 SYSTEMPATH\CodeIgniter.php(493): CodeIgniter\CodeIgniter->createController()
 3 SYSTEMPATH\CodeIgniter.php(361): CodeIgniter\CodeIgniter->handleRequest(null, Object(Config\Cache), false)
 4 FCPATH\index.php(79): CodeIgniter\CodeIgniter->run()
INFO - 2025-01-17 12:26:57 --> Session: Class initialized using 'CodeIgniter\Session\Handlers\FileHandler' driver.
WARNING - 2025-01-17 12:26:57 --> [DEPRECATED] Creation of dynamic property App\Controllers\HomeController::$citiesModel is deprecated in APPPATH\Controllers\HomeController.php on line 19.
 1 SYSTEMPATH\CodeIgniter.php(913): App\Controllers\HomeController->__construct()
 2 SYSTEMPATH\CodeIgniter.php(493): CodeIgniter\CodeIgniter->createController()
 3 SYSTEMPATH\CodeIgniter.php(361): CodeIgniter\CodeIgniter->handleRequest(null, Object(Config\Cache), false)
 4 FCPATH\index.php(79): CodeIgniter\CodeIgniter->run()
WARNING - 2025-01-17 12:26:57 --> [DEPRECATED] Creation of dynamic property App\Controllers\HomeController::$uttarakhandModel is deprecated in APPPATH\Controllers\HomeController.php on line 20.
 1 SYSTEMPATH\CodeIgniter.php(913): App\Controllers\HomeController->__construct()
 2 SYSTEMPATH\CodeIgniter.php(493): CodeIgniter\CodeIgniter->createController()
 3 SYSTEMPATH\CodeIgniter.php(361): CodeIgniter\CodeIgniter->handleRequest(null, Object(Config\Cache), false)
 4 FCPATH\index.php(79): CodeIgniter\CodeIgniter->run()
WARNING - 2025-01-17 12:26:58 --> [DEPRECATED] Creation of dynamic property App\Controllers\HomeController::$imageModel is deprecated in APPPATH\Controllers\HomeController.php on line 21.
 1 SYSTEMPATH\CodeIgniter.php(913): App\Controllers\HomeController->__construct()
 2 SYSTEMPATH\CodeIgniter.php(493): CodeIgniter\CodeIgniter->createController()
 3 SYSTEMPATH\CodeIgniter.php(361): CodeIgniter\CodeIgniter->handleRequest(null, Object(Config\Cache), false)
 4 FCPATH\index.php(79): CodeIgniter\CodeIgniter->run()
WARNING - 2025-01-17 12:26:58 --> [DEPRECATED] Creation of dynamic property App\Controllers\HomeController::$areaModel is deprecated in APPPATH\Controllers\HomeController.php on line 22.
 1 SYSTEMPATH\CodeIgniter.php(913): App\Controllers\HomeController->__construct()
 2 SYSTEMPATH\CodeIgniter.php(493): CodeIgniter\CodeIgniter->createController()
 3 SYSTEMPATH\CodeIgniter.php(361): CodeIgniter\CodeIgniter->handleRequest(null, Object(Config\Cache), false)
 4 FCPATH\index.php(79): CodeIgniter\CodeIgniter->run()
WARNING - 2025-01-17 12:26:58 --> [DEPRECATED] Creation of dynamic property App\Controllers\HomeController::$foodModel is deprecated in APPPATH\Controllers\HomeController.php on line 23.
 1 SYSTEMPATH\CodeIgniter.php(913): App\Controllers\HomeController->__construct()
 2 SYSTEMPATH\CodeIgniter.php(493): CodeIgniter\CodeIgniter->createController()
 3 SYSTEMPATH\CodeIgniter.php(361): CodeIgniter\CodeIgniter->handleRequest(null, Object(Config\Cache), false)
 4 FCPATH\index.php(79): CodeIgniter\CodeIgniter->run()
WARNING - 2025-01-17 12:26:58 --> [DEPRECATED] Creation of dynamic property App\Controllers\HomeController::$blogModel is deprecated in APPPATH\Controllers\HomeController.php on line 24.
 1 SYSTEMPATH\CodeIgniter.php(913): App\Controllers\HomeController->__construct()
 2 SYSTEMPATH\CodeIgniter.php(493): CodeIgniter\CodeIgniter->createController()
 3 SYSTEMPATH\CodeIgniter.php(361): CodeIgniter\CodeIgniter->handleRequest(null, Object(Config\Cache), false)
 4 FCPATH\index.php(79): CodeIgniter\CodeIgniter->run()
INFO - 2025-01-17 12:26:58 --> Session: Class initialized using 'CodeIgniter\Session\Handlers\FileHandler' driver.
CRITICAL - 2025-01-17 12:26:58 --> ErrorException: Trying to access array offset on value of type null
in APPPATH\Controllers\HomeController.php on line 80.
 1 APPPATH\Controllers\HomeController.php(80): CodeIgniter\Debug\Exceptions->errorHandler(2, 'Trying to access array offset on value of type null', 'C:\\xampp\\htdocs\\uttrakhand\\app\\Controllers\\HomeController.php', 80)
 2 SYSTEMPATH\CodeIgniter.php(941): App\Controllers\HomeController->page('images', 'bg_1.jpg')
 3 SYSTEMPATH\CodeIgniter.php(502): CodeIgniter\CodeIgniter->runController(Object(App\Controllers\HomeController))
 4 SYSTEMPATH\CodeIgniter.php(361): CodeIgniter\CodeIgniter->handleRequest(null, Object(Config\Cache), false)
 5 FCPATH\index.php(79): CodeIgniter\CodeIgniter->run()
WARNING - 2025-01-17 12:26:58 --> [DEPRECATED] Creation of dynamic property App\Controllers\DestinationController::$citiesModel is deprecated in APPPATH\Controllers\DestinationController.php on line 16.
 1 SYSTEMPATH\CodeIgniter.php(913): App\Controllers\DestinationController->__construct()
 2 SYSTEMPATH\CodeIgniter.php(493): CodeIgniter\CodeIgniter->createController()
 3 SYSTEMPATH\CodeIgniter.php(361): CodeIgniter\CodeIgniter->handleRequest(null, Object(Config\Cache), false)
 4 FCPATH\index.php(79): CodeIgniter\CodeIgniter->run()
WARNING - 2025-01-17 12:26:58 --> [DEPRECATED] Creation of dynamic property App\Controllers\DestinationController::$uttarakhandModel is deprecated in APPPATH\Controllers\DestinationController.php on line 17.
 1 SYSTEMPATH\CodeIgniter.php(913): App\Controllers\DestinationController->__construct()
 2 SYSTEMPATH\CodeIgniter.php(493): CodeIgniter\CodeIgniter->createController()
 3 SYSTEMPATH\CodeIgniter.php(361): CodeIgniter\CodeIgniter->handleRequest(null, Object(Config\Cache), false)
 4 FCPATH\index.php(79): CodeIgniter\CodeIgniter->run()
WARNING - 2025-01-17 12:26:58 --> [DEPRECATED] Creation of dynamic property App\Controllers\DestinationController::$imageModel is deprecated in APPPATH\Controllers\DestinationController.php on line 18.
 1 SYSTEMPATH\CodeIgniter.php(913): App\Controllers\DestinationController->__construct()
 2 SYSTEMPATH\CodeIgniter.php(493): CodeIgniter\CodeIgniter->createController()
 3 SYSTEMPATH\CodeIgniter.php(361): CodeIgniter\CodeIgniter->handleRequest(null, Object(Config\Cache), false)
 4 FCPATH\index.php(79): CodeIgniter\CodeIgniter->run()
WARNING - 2025-01-17 12:26:58 --> [DEPRECATED] Creation of dynamic property App\Controllers\DestinationController::$areaModel is deprecated in APPPATH\Controllers\DestinationController.php on line 19.
 1 SYSTEMPATH\CodeIgniter.php(913): App\Controllers\DestinationController->__construct()
 2 SYSTEMPATH\CodeIgniter.php(493): CodeIgniter\CodeIgniter->createController()
 3 SYSTEMPATH\CodeIgniter.php(361): CodeIgniter\CodeIgniter->handleRequest(null, Object(Config\Cache), false)
 4 FCPATH\index.php(79): CodeIgniter\CodeIgniter->run()
WARNING - 2025-01-17 12:26:58 --> [DEPRECATED] Creation of dynamic property App\Controllers\DestinationController::$foodModel is deprecated in APPPATH\Controllers\DestinationController.php on line 20.
 1 SYSTEMPATH\CodeIgniter.php(913): App\Controllers\DestinationController->__construct()
 2 SYSTEMPATH\CodeIgniter.php(493): CodeIgniter\CodeIgniter->createController()
 3 SYSTEMPATH\CodeIgniter.php(361): CodeIgniter\CodeIgniter->handleRequest(null, Object(Config\Cache), false)
 4 FCPATH\index.php(79): CodeIgniter\CodeIgniter->run()
WARNING - 2025-01-17 12:26:58 --> [DEPRECATED] Creation of dynamic property App\Controllers\DestinationController::$blogModel is deprecated in APPPATH\Controllers\DestinationController.php on line 21.
 1 SYSTEMPATH\CodeIgniter.php(913): App\Controllers\DestinationController->__construct()
 2 SYSTEMPATH\CodeIgniter.php(493): CodeIgniter\CodeIgniter->createController()
 3 SYSTEMPATH\CodeIgniter.php(361): CodeIgniter\CodeIgniter->handleRequest(null, Object(Config\Cache), false)
 4 FCPATH\index.php(79): CodeIgniter\CodeIgniter->run()
INFO - 2025-01-17 12:26:58 --> Session: Class initialized using 'CodeIgniter\Session\Handlers\FileHandler' driver.
WARNING - 2025-01-17 12:26:58 --> [DEPRECATED] Creation of dynamic property App\Controllers\HomeController::$citiesModel is deprecated in APPPATH\Controllers\HomeController.php on line 19.
 1 SYSTEMPATH\CodeIgniter.php(913): App\Controllers\HomeController->__construct()
 2 SYSTEMPATH\CodeIgniter.php(493): CodeIgniter\CodeIgniter->createController()
 3 SYSTEMPATH\CodeIgniter.php(361): CodeIgniter\CodeIgniter->handleRequest(null, Object(Config\Cache), false)
 4 FCPATH\index.php(79): CodeIgniter\CodeIgniter->run()
WARNING - 2025-01-17 12:26:58 --> [DEPRECATED] Creation of dynamic property App\Controllers\HomeController::$uttarakhandModel is deprecated in APPPATH\Controllers\HomeController.php on line 20.
 1 SYSTEMPATH\CodeIgniter.php(913): App\Controllers\HomeController->__construct()
 2 SYSTEMPATH\CodeIgniter.php(493): CodeIgniter\CodeIgniter->createController()
 3 SYSTEMPATH\CodeIgniter.php(361): CodeIgniter\CodeIgniter->handleRequest(null, Object(Config\Cache), false)
 4 FCPATH\index.php(79): CodeIgniter\CodeIgniter->run()
WARNING - 2025-01-17 12:26:58 --> [DEPRECATED] Creation of dynamic property App\Controllers\HomeController::$imageModel is deprecated in APPPATH\Controllers\HomeController.php on line 21.
 1 SYSTEMPATH\CodeIgniter.php(913): App\Controllers\HomeController->__construct()
 2 SYSTEMPATH\CodeIgniter.php(493): CodeIgniter\CodeIgniter->createController()
 3 SYSTEMPATH\CodeIgniter.php(361): CodeIgniter\CodeIgniter->handleRequest(null, Object(Config\Cache), false)
 4 FCPATH\index.php(79): CodeIgniter\CodeIgniter->run()
WARNING - 2025-01-17 12:26:58 --> [DEPRECATED] Creation of dynamic property App\Controllers\HomeController::$areaModel is deprecated in APPPATH\Controllers\HomeController.php on line 22.
 1 SYSTEMPATH\CodeIgniter.php(913): App\Controllers\HomeController->__construct()
 2 SYSTEMPATH\CodeIgniter.php(493): CodeIgniter\CodeIgniter->createController()
 3 SYSTEMPATH\CodeIgniter.php(361): CodeIgniter\CodeIgniter->handleRequest(null, Object(Config\Cache), false)
 4 FCPATH\index.php(79): CodeIgniter\CodeIgniter->run()
WARNING - 2025-01-17 12:26:58 --> [DEPRECATED] Creation of dynamic property App\Controllers\HomeController::$foodModel is deprecated in APPPATH\Controllers\HomeController.php on line 23.
 1 SYSTEMPATH\CodeIgniter.php(913): App\Controllers\HomeController->__construct()
 2 SYSTEMPATH\CodeIgniter.php(493): CodeIgniter\CodeIgniter->createController()
 3 SYSTEMPATH\CodeIgniter.php(361): CodeIgniter\CodeIgniter->handleRequest(null, Object(Config\Cache), false)
 4 FCPATH\index.php(79): CodeIgniter\CodeIgniter->run()
WARNING - 2025-01-17 12:26:58 --> [DEPRECATED] Creation of dynamic property App\Controllers\HomeController::$blogModel is deprecated in APPPATH\Controllers\HomeController.php on line 24.
 1 SYSTEMPATH\CodeIgniter.php(913): App\Controllers\HomeController->__construct()
 2 SYSTEMPATH\CodeIgniter.php(493): CodeIgniter\CodeIgniter->createController()
 3 SYSTEMPATH\CodeIgniter.php(361): CodeIgniter\CodeIgniter->handleRequest(null, Object(Config\Cache), false)
 4 FCPATH\index.php(79): CodeIgniter\CodeIgniter->run()
INFO - 2025-01-17 12:26:58 --> Session: Class initialized using 'CodeIgniter\Session\Handlers\FileHandler' driver.
CRITICAL - 2025-01-17 12:26:58 --> ErrorException: Trying to access array offset on value of type null
in APPPATH\Controllers\HomeController.php on line 80.
 1 APPPATH\Controllers\HomeController.php(80): CodeIgniter\Debug\Exceptions->errorHandler(2, 'Trying to access array offset on value of type null', 'C:\\xampp\\htdocs\\uttrakhand\\app\\Controllers\\HomeController.php', 80)
 2 SYSTEMPATH\CodeIgniter.php(941): App\Controllers\HomeController->page('images', 'bg_1.jpg')
 3 SYSTEMPATH\CodeIgniter.php(502): CodeIgniter\CodeIgniter->runController(Object(App\Controllers\HomeController))
 4 SYSTEMPATH\CodeIgniter.php(361): CodeIgniter\CodeIgniter->handleRequest(null, Object(Config\Cache), false)
 5 FCPATH\index.php(79): CodeIgniter\CodeIgniter->run()
WARNING - 2025-01-17 12:27:06 --> [DEPRECATED] Creation of dynamic property App\Controllers\DestinationController::$citiesModel is deprecated in APPPATH\Controllers\DestinationController.php on line 16.
 1 SYSTEMPATH\CodeIgniter.php(913): App\Controllers\DestinationController->__construct()
 2 SYSTEMPATH\CodeIgniter.php(493): CodeIgniter\CodeIgniter->createController()
 3 SYSTEMPATH\CodeIgniter.php(361): CodeIgniter\CodeIgniter->handleRequest(null, Object(Config\Cache), false)
 4 FCPATH\index.php(79): CodeIgniter\CodeIgniter->run()
WARNING - 2025-01-17 12:27:06 --> [DEPRECATED] Creation of dynamic property App\Controllers\DestinationController::$uttarakhandModel is deprecated in APPPATH\Controllers\DestinationController.php on line 17.
 1 SYSTEMPATH\CodeIgniter.php(913): App\Controllers\DestinationController->__construct()
 2 SYSTEMPATH\CodeIgniter.php(493): CodeIgniter\CodeIgniter->createController()
 3 SYSTEMPATH\CodeIgniter.php(361): CodeIgniter\CodeIgniter->handleRequest(null, Object(Config\Cache), false)
 4 FCPATH\index.php(79): CodeIgniter\CodeIgniter->run()
WARNING - 2025-01-17 12:27:06 --> [DEPRECATED] Creation of dynamic property App\Controllers\DestinationController::$imageModel is deprecated in APPPATH\Controllers\DestinationController.php on line 18.
 1 SYSTEMPATH\CodeIgniter.php(913): App\Controllers\DestinationController->__construct()
 2 SYSTEMPATH\CodeIgniter.php(493): CodeIgniter\CodeIgniter->createController()
 3 SYSTEMPATH\CodeIgniter.php(361): CodeIgniter\CodeIgniter->handleRequest(null, Object(Config\Cache), false)
 4 FCPATH\index.php(79): CodeIgniter\CodeIgniter->run()
WARNING - 2025-01-17 12:27:06 --> [DEPRECATED] Creation of dynamic property App\Controllers\DestinationController::$areaModel is deprecated in APPPATH\Controllers\DestinationController.php on line 19.
 1 SYSTEMPATH\CodeIgniter.php(913): App\Controllers\DestinationController->__construct()
 2 SYSTEMPATH\CodeIgniter.php(493): CodeIgniter\CodeIgniter->createController()
 3 SYSTEMPATH\CodeIgniter.php(361): CodeIgniter\CodeIgniter->handleRequest(null, Object(Config\Cache), false)
 4 FCPATH\index.php(79): CodeIgniter\CodeIgniter->run()
WARNING - 2025-01-17 12:27:06 --> [DEPRECATED] Creation of dynamic property App\Controllers\DestinationController::$foodModel is deprecated in APPPATH\Controllers\DestinationController.php on line 20.
 1 SYSTEMPATH\CodeIgniter.php(913): App\Controllers\DestinationController->__construct()
 2 SYSTEMPATH\CodeIgniter.php(493): CodeIgniter\CodeIgniter->createController()
 3 SYSTEMPATH\CodeIgniter.php(361): CodeIgniter\CodeIgniter->handleRequest(null, Object(Config\Cache), false)
 4 FCPATH\index.php(79): CodeIgniter\CodeIgniter->run()
WARNING - 2025-01-17 12:27:06 --> [DEPRECATED] Creation of dynamic property App\Controllers\DestinationController::$blogModel is deprecated in APPPATH\Controllers\DestinationController.php on line 21.
 1 SYSTEMPATH\CodeIgniter.php(913): App\Controllers\DestinationController->__construct()
 2 SYSTEMPATH\CodeIgniter.php(493): CodeIgniter\CodeIgniter->createController()
 3 SYSTEMPATH\CodeIgniter.php(361): CodeIgniter\CodeIgniter->handleRequest(null, Object(Config\Cache), false)
 4 FCPATH\index.php(79): CodeIgniter\CodeIgniter->run()
INFO - 2025-01-17 12:27:06 --> Session: Class initialized using 'CodeIgniter\Session\Handlers\FileHandler' driver.
WARNING - 2025-01-17 12:27:07 --> [DEPRECATED] Creation of dynamic property App\Controllers\HomeController::$citiesModel is deprecated in APPPATH\Controllers\HomeController.php on line 19.
 1 SYSTEMPATH\CodeIgniter.php(913): App\Controllers\HomeController->__construct()
 2 SYSTEMPATH\CodeIgniter.php(493): CodeIgniter\CodeIgniter->createController()
 3 SYSTEMPATH\CodeIgniter.php(361): CodeIgniter\CodeIgniter->handleRequest(null, Object(Config\Cache), false)
 4 FCPATH\index.php(79): CodeIgniter\CodeIgniter->run()
WARNING - 2025-01-17 12:27:07 --> [DEPRECATED] Creation of dynamic property App\Controllers\HomeController::$uttarakhandModel is deprecated in APPPATH\Controllers\HomeController.php on line 20.
 1 SYSTEMPATH\CodeIgniter.php(913): App\Controllers\HomeController->__construct()
 2 SYSTEMPATH\CodeIgniter.php(493): CodeIgniter\CodeIgniter->createController()
 3 SYSTEMPATH\CodeIgniter.php(361): CodeIgniter\CodeIgniter->handleRequest(null, Object(Config\Cache), false)
 4 FCPATH\index.php(79): CodeIgniter\CodeIgniter->run()
WARNING - 2025-01-17 12:27:07 --> [DEPRECATED] Creation of dynamic property App\Controllers\HomeController::$imageModel is deprecated in APPPATH\Controllers\HomeController.php on line 21.
 1 SYSTEMPATH\CodeIgniter.php(913): App\Controllers\HomeController->__construct()
 2 SYSTEMPATH\CodeIgniter.php(493): CodeIgniter\CodeIgniter->createController()
 3 SYSTEMPATH\CodeIgniter.php(361): CodeIgniter\CodeIgniter->handleRequest(null, Object(Config\Cache), false)
 4 FCPATH\index.php(79): CodeIgniter\CodeIgniter->run()
WARNING - 2025-01-17 12:27:07 --> [DEPRECATED] Creation of dynamic property App\Controllers\HomeController::$areaModel is deprecated in APPPATH\Controllers\HomeController.php on line 22.
 1 SYSTEMPATH\CodeIgniter.php(913): App\Controllers\HomeController->__construct()
 2 SYSTEMPATH\CodeIgniter.php(493): CodeIgniter\CodeIgniter->createController()
 3 SYSTEMPATH\CodeIgniter.php(361): CodeIgniter\CodeIgniter->handleRequest(null, Object(Config\Cache), false)
 4 FCPATH\index.php(79): CodeIgniter\CodeIgniter->run()
WARNING - 2025-01-17 12:27:07 --> [DEPRECATED] Creation of dynamic property App\Controllers\HomeController::$foodModel is deprecated in APPPATH\Controllers\HomeController.php on line 23.
 1 SYSTEMPATH\CodeIgniter.php(913): App\Controllers\HomeController->__construct()
 2 SYSTEMPATH\CodeIgniter.php(493): CodeIgniter\CodeIgniter->createController()
 3 SYSTEMPATH\CodeIgniter.php(361): CodeIgniter\CodeIgniter->handleRequest(null, Object(Config\Cache), false)
 4 FCPATH\index.php(79): CodeIgniter\CodeIgniter->run()
WARNING - 2025-01-17 12:27:07 --> [DEPRECATED] Creation of dynamic property App\Controllers\HomeController::$blogModel is deprecated in APPPATH\Controllers\HomeController.php on line 24.
 1 SYSTEMPATH\CodeIgniter.php(913): App\Controllers\HomeController->__construct()
 2 SYSTEMPATH\CodeIgniter.php(493): CodeIgniter\CodeIgniter->createController()
 3 SYSTEMPATH\CodeIgniter.php(361): CodeIgniter\CodeIgniter->handleRequest(null, Object(Config\Cache), false)
 4 FCPATH\index.php(79): CodeIgniter\CodeIgniter->run()
INFO - 2025-01-17 12:27:07 --> Session: Class initialized using 'CodeIgniter\Session\Handlers\FileHandler' driver.
CRITICAL - 2025-01-17 12:27:07 --> ErrorException: Trying to access array offset on value of type null
in APPPATH\Controllers\HomeController.php on line 80.
 1 APPPATH\Controllers\HomeController.php(80): CodeIgniter\Debug\Exceptions->errorHandler(2, 'Trying to access array offset on value of type null', 'C:\\xampp\\htdocs\\uttrakhand\\app\\Controllers\\HomeController.php', 80)
 2 SYSTEMPATH\CodeIgniter.php(941): App\Controllers\HomeController->page('images', 'bg_1.jpg')
 3 SYSTEMPATH\CodeIgniter.php(502): CodeIgniter\CodeIgniter->runController(Object(App\Controllers\HomeController))
 4 SYSTEMPATH\CodeIgniter.php(361): CodeIgniter\CodeIgniter->handleRequest(null, Object(Config\Cache), false)
 5 FCPATH\index.php(79): CodeIgniter\CodeIgniter->run()
WARNING - 2025-01-17 12:28:06 --> [DEPRECATED] Creation of dynamic property App\Controllers\DestinationController::$citiesModel is deprecated in APPPATH\Controllers\DestinationController.php on line 16.
 1 SYSTEMPATH\CodeIgniter.php(913): App\Controllers\DestinationController->__construct()
 2 SYSTEMPATH\CodeIgniter.php(493): CodeIgniter\CodeIgniter->createController()
 3 SYSTEMPATH\CodeIgniter.php(361): CodeIgniter\CodeIgniter->handleRequest(null, Object(Config\Cache), false)
 4 FCPATH\index.php(79): CodeIgniter\CodeIgniter->run()
WARNING - 2025-01-17 12:28:06 --> [DEPRECATED] Creation of dynamic property App\Controllers\DestinationController::$uttarakhandModel is deprecated in APPPATH\Controllers\DestinationController.php on line 17.
 1 SYSTEMPATH\CodeIgniter.php(913): App\Controllers\DestinationController->__construct()
 2 SYSTEMPATH\CodeIgniter.php(493): CodeIgniter\CodeIgniter->createController()
 3 SYSTEMPATH\CodeIgniter.php(361): CodeIgniter\CodeIgniter->handleRequest(null, Object(Config\Cache), false)
 4 FCPATH\index.php(79): CodeIgniter\CodeIgniter->run()
WARNING - 2025-01-17 12:28:06 --> [DEPRECATED] Creation of dynamic property App\Controllers\DestinationController::$imageModel is deprecated in APPPATH\Controllers\DestinationController.php on line 18.
 1 SYSTEMPATH\CodeIgniter.php(913): App\Controllers\DestinationController->__construct()
 2 SYSTEMPATH\CodeIgniter.php(493): CodeIgniter\CodeIgniter->createController()
 3 SYSTEMPATH\CodeIgniter.php(361): CodeIgniter\CodeIgniter->handleRequest(null, Object(Config\Cache), false)
 4 FCPATH\index.php(79): CodeIgniter\CodeIgniter->run()
WARNING - 2025-01-17 12:28:06 --> [DEPRECATED] Creation of dynamic property App\Controllers\DestinationController::$areaModel is deprecated in APPPATH\Controllers\DestinationController.php on line 19.
 1 SYSTEMPATH\CodeIgniter.php(913): App\Controllers\DestinationController->__construct()
 2 SYSTEMPATH\CodeIgniter.php(493): CodeIgniter\CodeIgniter->createController()
 3 SYSTEMPATH\CodeIgniter.php(361): CodeIgniter\CodeIgniter->handleRequest(null, Object(Config\Cache), false)
 4 FCPATH\index.php(79): CodeIgniter\CodeIgniter->run()
WARNING - 2025-01-17 12:28:06 --> [DEPRECATED] Creation of dynamic property App\Controllers\DestinationController::$foodModel is deprecated in APPPATH\Controllers\DestinationController.php on line 20.
 1 SYSTEMPATH\CodeIgniter.php(913): App\Controllers\DestinationController->__construct()
 2 SYSTEMPATH\CodeIgniter.php(493): CodeIgniter\CodeIgniter->createController()
 3 SYSTEMPATH\CodeIgniter.php(361): CodeIgniter\CodeIgniter->handleRequest(null, Object(Config\Cache), false)
 4 FCPATH\index.php(79): CodeIgniter\CodeIgniter->run()
WARNING - 2025-01-17 12:28:06 --> [DEPRECATED] Creation of dynamic property App\Controllers\DestinationController::$blogModel is deprecated in APPPATH\Controllers\DestinationController.php on line 21.
 1 SYSTEMPATH\CodeIgniter.php(913): App\Controllers\DestinationController->__construct()
 2 SYSTEMPATH\CodeIgniter.php(493): CodeIgniter\CodeIgniter->createController()
 3 SYSTEMPATH\CodeIgniter.php(361): CodeIgniter\CodeIgniter->handleRequest(null, Object(Config\Cache), false)
 4 FCPATH\index.php(79): CodeIgniter\CodeIgniter->run()
INFO - 2025-01-17 12:28:06 --> Session: Class initialized using 'CodeIgniter\Session\Handlers\FileHandler' driver.
WARNING - 2025-01-17 12:28:06 --> [DEPRECATED] Creation of dynamic property App\Controllers\HomeController::$citiesModel is deprecated in APPPATH\Controllers\HomeController.php on line 19.
 1 SYSTEMPATH\CodeIgniter.php(913): App\Controllers\HomeController->__construct()
 2 SYSTEMPATH\CodeIgniter.php(493): CodeIgniter\CodeIgniter->createController()
 3 SYSTEMPATH\CodeIgniter.php(361): CodeIgniter\CodeIgniter->handleRequest(null, Object(Config\Cache), false)
 4 FCPATH\index.php(79): CodeIgniter\CodeIgniter->run()
WARNING - 2025-01-17 12:28:06 --> [DEPRECATED] Creation of dynamic property App\Controllers\HomeController::$uttarakhandModel is deprecated in APPPATH\Controllers\HomeController.php on line 20.
 1 SYSTEMPATH\CodeIgniter.php(913): App\Controllers\HomeController->__construct()
 2 SYSTEMPATH\CodeIgniter.php(493): CodeIgniter\CodeIgniter->createController()
 3 SYSTEMPATH\CodeIgniter.php(361): CodeIgniter\CodeIgniter->handleRequest(null, Object(Config\Cache), false)
 4 FCPATH\index.php(79): CodeIgniter\CodeIgniter->run()
WARNING - 2025-01-17 12:28:06 --> [DEPRECATED] Creation of dynamic property App\Controllers\HomeController::$imageModel is deprecated in APPPATH\Controllers\HomeController.php on line 21.
 1 SYSTEMPATH\CodeIgniter.php(913): App\Controllers\HomeController->__construct()
 2 SYSTEMPATH\CodeIgniter.php(493): CodeIgniter\CodeIgniter->createController()
 3 SYSTEMPATH\CodeIgniter.php(361): CodeIgniter\CodeIgniter->handleRequest(null, Object(Config\Cache), false)
 4 FCPATH\index.php(79): CodeIgniter\CodeIgniter->run()
WARNING - 2025-01-17 12:28:06 --> [DEPRECATED] Creation of dynamic property App\Controllers\HomeController::$areaModel is deprecated in APPPATH\Controllers\HomeController.php on line 22.
 1 SYSTEMPATH\CodeIgniter.php(913): App\Controllers\HomeController->__construct()
 2 SYSTEMPATH\CodeIgniter.php(493): CodeIgniter\CodeIgniter->createController()
 3 SYSTEMPATH\CodeIgniter.php(361): CodeIgniter\CodeIgniter->handleRequest(null, Object(Config\Cache), false)
 4 FCPATH\index.php(79): CodeIgniter\CodeIgniter->run()
WARNING - 2025-01-17 12:28:06 --> [DEPRECATED] Creation of dynamic property App\Controllers\HomeController::$foodModel is deprecated in APPPATH\Controllers\HomeController.php on line 23.
 1 SYSTEMPATH\CodeIgniter.php(913): App\Controllers\HomeController->__construct()
 2 SYSTEMPATH\CodeIgniter.php(493): CodeIgniter\CodeIgniter->createController()
 3 SYSTEMPATH\CodeIgniter.php(361): CodeIgniter\CodeIgniter->handleRequest(null, Object(Config\Cache), false)
 4 FCPATH\index.php(79): CodeIgniter\CodeIgniter->run()
WARNING - 2025-01-17 12:28:06 --> [DEPRECATED] Creation of dynamic property App\Controllers\HomeController::$blogModel is deprecated in APPPATH\Controllers\HomeController.php on line 24.
 1 SYSTEMPATH\CodeIgniter.php(913): App\Controllers\HomeController->__construct()
 2 SYSTEMPATH\CodeIgniter.php(493): CodeIgniter\CodeIgniter->createController()
 3 SYSTEMPATH\CodeIgniter.php(361): CodeIgniter\CodeIgniter->handleRequest(null, Object(Config\Cache), false)
 4 FCPATH\index.php(79): CodeIgniter\CodeIgniter->run()
INFO - 2025-01-17 12:28:06 --> Session: Class initialized using 'CodeIgniter\Session\Handlers\FileHandler' driver.
CRITICAL - 2025-01-17 12:28:06 --> ErrorException: Trying to access array offset on value of type null
in APPPATH\Controllers\HomeController.php on line 80.
 1 APPPATH\Controllers\HomeController.php(80): CodeIgniter\Debug\Exceptions->errorHandler(2, 'Trying to access array offset on value of type null', 'C:\\xampp\\htdocs\\uttrakhand\\app\\Controllers\\HomeController.php', 80)
 2 SYSTEMPATH\CodeIgniter.php(941): App\Controllers\HomeController->page('images', 'bg_1.jpg')
 3 SYSTEMPATH\CodeIgniter.php(502): CodeIgniter\CodeIgniter->runController(Object(App\Controllers\HomeController))
 4 SYSTEMPATH\CodeIgniter.php(361): CodeIgniter\CodeIgniter->handleRequest(null, Object(Config\Cache), false)
 5 FCPATH\index.php(79): CodeIgniter\CodeIgniter->run()
WARNING - 2025-01-17 12:28:14 --> [DEPRECATED] Creation of dynamic property App\Controllers\DestinationController::$citiesModel is deprecated in APPPATH\Controllers\DestinationController.php on line 16.
 1 SYSTEMPATH\CodeIgniter.php(913): App\Controllers\DestinationController->__construct()
 2 SYSTEMPATH\CodeIgniter.php(493): CodeIgniter\CodeIgniter->createController()
 3 SYSTEMPATH\CodeIgniter.php(361): CodeIgniter\CodeIgniter->handleRequest(null, Object(Config\Cache), false)
 4 FCPATH\index.php(79): CodeIgniter\CodeIgniter->run()
WARNING - 2025-01-17 12:28:14 --> [DEPRECATED] Creation of dynamic property App\Controllers\DestinationController::$uttarakhandModel is deprecated in APPPATH\Controllers\DestinationController.php on line 17.
 1 SYSTEMPATH\CodeIgniter.php(913): App\Controllers\DestinationController->__construct()
 2 SYSTEMPATH\CodeIgniter.php(493): CodeIgniter\CodeIgniter->createController()
 3 SYSTEMPATH\CodeIgniter.php(361): CodeIgniter\CodeIgniter->handleRequest(null, Object(Config\Cache), false)
 4 FCPATH\index.php(79): CodeIgniter\CodeIgniter->run()
WARNING - 2025-01-17 12:28:14 --> [DEPRECATED] Creation of dynamic property App\Controllers\DestinationController::$imageModel is deprecated in APPPATH\Controllers\DestinationController.php on line 18.
 1 SYSTEMPATH\CodeIgniter.php(913): App\Controllers\DestinationController->__construct()
 2 SYSTEMPATH\CodeIgniter.php(493): CodeIgniter\CodeIgniter->createController()
 3 SYSTEMPATH\CodeIgniter.php(361): CodeIgniter\CodeIgniter->handleRequest(null, Object(Config\Cache), false)
 4 FCPATH\index.php(79): CodeIgniter\CodeIgniter->run()
WARNING - 2025-01-17 12:28:14 --> [DEPRECATED] Creation of dynamic property App\Controllers\DestinationController::$areaModel is deprecated in APPPATH\Controllers\DestinationController.php on line 19.
 1 SYSTEMPATH\CodeIgniter.php(913): App\Controllers\DestinationController->__construct()
 2 SYSTEMPATH\CodeIgniter.php(493): CodeIgniter\CodeIgniter->createController()
 3 SYSTEMPATH\CodeIgniter.php(361): CodeIgniter\CodeIgniter->handleRequest(null, Object(Config\Cache), false)
 4 FCPATH\index.php(79): CodeIgniter\CodeIgniter->run()
WARNING - 2025-01-17 12:28:14 --> [DEPRECATED] Creation of dynamic property App\Controllers\DestinationController::$foodModel is deprecated in APPPATH\Controllers\DestinationController.php on line 20.
 1 SYSTEMPATH\CodeIgniter.php(913): App\Controllers\DestinationController->__construct()
 2 SYSTEMPATH\CodeIgniter.php(493): CodeIgniter\CodeIgniter->createController()
 3 SYSTEMPATH\CodeIgniter.php(361): CodeIgniter\CodeIgniter->handleRequest(null, Object(Config\Cache), false)
 4 FCPATH\index.php(79): CodeIgniter\CodeIgniter->run()
WARNING - 2025-01-17 12:28:14 --> [DEPRECATED] Creation of dynamic property App\Controllers\DestinationController::$blogModel is deprecated in APPPATH\Controllers\DestinationController.php on line 21.
 1 SYSTEMPATH\CodeIgniter.php(913): App\Controllers\DestinationController->__construct()
 2 SYSTEMPATH\CodeIgniter.php(493): CodeIgniter\CodeIgniter->createController()
 3 SYSTEMPATH\CodeIgniter.php(361): CodeIgniter\CodeIgniter->handleRequest(null, Object(Config\Cache), false)
 4 FCPATH\index.php(79): CodeIgniter\CodeIgniter->run()
INFO - 2025-01-17 12:28:14 --> Session: Class initialized using 'CodeIgniter\Session\Handlers\FileHandler' driver.
WARNING - 2025-01-17 12:28:15 --> [DEPRECATED] Creation of dynamic property App\Controllers\HomeController::$citiesModel is deprecated in APPPATH\Controllers\HomeController.php on line 19.
 1 SYSTEMPATH\CodeIgniter.php(913): App\Controllers\HomeController->__construct()
 2 SYSTEMPATH\CodeIgniter.php(493): CodeIgniter\CodeIgniter->createController()
 3 SYSTEMPATH\CodeIgniter.php(361): CodeIgniter\CodeIgniter->handleRequest(null, Object(Config\Cache), false)
 4 FCPATH\index.php(79): CodeIgniter\CodeIgniter->run()
WARNING - 2025-01-17 12:28:15 --> [DEPRECATED] Creation of dynamic property App\Controllers\HomeController::$uttarakhandModel is deprecated in APPPATH\Controllers\HomeController.php on line 20.
 1 SYSTEMPATH\CodeIgniter.php(913): App\Controllers\HomeController->__construct()
 2 SYSTEMPATH\CodeIgniter.php(493): CodeIgniter\CodeIgniter->createController()
 3 SYSTEMPATH\CodeIgniter.php(361): CodeIgniter\CodeIgniter->handleRequest(null, Object(Config\Cache), false)
 4 FCPATH\index.php(79): CodeIgniter\CodeIgniter->run()
WARNING - 2025-01-17 12:28:15 --> [DEPRECATED] Creation of dynamic property App\Controllers\HomeController::$imageModel is deprecated in APPPATH\Controllers\HomeController.php on line 21.
 1 SYSTEMPATH\CodeIgniter.php(913): App\Controllers\HomeController->__construct()
 2 SYSTEMPATH\CodeIgniter.php(493): CodeIgniter\CodeIgniter->createController()
 3 SYSTEMPATH\CodeIgniter.php(361): CodeIgniter\CodeIgniter->handleRequest(null, Object(Config\Cache), false)
 4 FCPATH\index.php(79): CodeIgniter\CodeIgniter->run()
WARNING - 2025-01-17 12:28:15 --> [DEPRECATED] Creation of dynamic property App\Controllers\HomeController::$areaModel is deprecated in APPPATH\Controllers\HomeController.php on line 22.
 1 SYSTEMPATH\CodeIgniter.php(913): App\Controllers\HomeController->__construct()
 2 SYSTEMPATH\CodeIgniter.php(493): CodeIgniter\CodeIgniter->createController()
 3 SYSTEMPATH\CodeIgniter.php(361): CodeIgniter\CodeIgniter->handleRequest(null, Object(Config\Cache), false)
 4 FCPATH\index.php(79): CodeIgniter\CodeIgniter->run()
WARNING - 2025-01-17 12:28:15 --> [DEPRECATED] Creation of dynamic property App\Controllers\HomeController::$foodModel is deprecated in APPPATH\Controllers\HomeController.php on line 23.
 1 SYSTEMPATH\CodeIgniter.php(913): App\Controllers\HomeController->__construct()
 2 SYSTEMPATH\CodeIgniter.php(493): CodeIgniter\CodeIgniter->createController()
 3 SYSTEMPATH\CodeIgniter.php(361): CodeIgniter\CodeIgniter->handleRequest(null, Object(Config\Cache), false)
 4 FCPATH\index.php(79): CodeIgniter\CodeIgniter->run()
WARNING - 2025-01-17 12:28:15 --> [DEPRECATED] Creation of dynamic property App\Controllers\HomeController::$blogModel is deprecated in APPPATH\Controllers\HomeController.php on line 24.
 1 SYSTEMPATH\CodeIgniter.php(913): App\Controllers\HomeController->__construct()
 2 SYSTEMPATH\CodeIgniter.php(493): CodeIgniter\CodeIgniter->createController()
 3 SYSTEMPATH\CodeIgniter.php(361): CodeIgniter\CodeIgniter->handleRequest(null, Object(Config\Cache), false)
 4 FCPATH\index.php(79): CodeIgniter\CodeIgniter->run()
INFO - 2025-01-17 12:28:15 --> Session: Class initialized using 'CodeIgniter\Session\Handlers\FileHandler' driver.
CRITICAL - 2025-01-17 12:28:15 --> ErrorException: Trying to access array offset on value of type null
in APPPATH\Controllers\HomeController.php on line 80.
 1 APPPATH\Controllers\HomeController.php(80): CodeIgniter\Debug\Exceptions->errorHandler(2, 'Trying to access array offset on value of type null', 'C:\\xampp\\htdocs\\uttrakhand\\app\\Controllers\\HomeController.php', 80)
 2 SYSTEMPATH\CodeIgniter.php(941): App\Controllers\HomeController->page('images', 'bg_1.jpg')
 3 SYSTEMPATH\CodeIgniter.php(502): CodeIgniter\CodeIgniter->runController(Object(App\Controllers\HomeController))
 4 SYSTEMPATH\CodeIgniter.php(361): CodeIgniter\CodeIgniter->handleRequest(null, Object(Config\Cache), false)
 5 FCPATH\index.php(79): CodeIgniter\CodeIgniter->run()
WARNING - 2025-01-17 12:28:59 --> [DEPRECATED] Creation of dynamic property App\Controllers\DestinationController::$citiesModel is deprecated in APPPATH\Controllers\DestinationController.php on line 16.
 1 SYSTEMPATH\CodeIgniter.php(913): App\Controllers\DestinationController->__construct()
 2 SYSTEMPATH\CodeIgniter.php(493): CodeIgniter\CodeIgniter->createController()
 3 SYSTEMPATH\CodeIgniter.php(361): CodeIgniter\CodeIgniter->handleRequest(null, Object(Config\Cache), false)
 4 FCPATH\index.php(79): CodeIgniter\CodeIgniter->run()
WARNING - 2025-01-17 12:28:59 --> [DEPRECATED] Creation of dynamic property App\Controllers\DestinationController::$uttarakhandModel is deprecated in APPPATH\Controllers\DestinationController.php on line 17.
 1 SYSTEMPATH\CodeIgniter.php(913): App\Controllers\DestinationController->__construct()
 2 SYSTEMPATH\CodeIgniter.php(493): CodeIgniter\CodeIgniter->createController()
 3 SYSTEMPATH\CodeIgniter.php(361): CodeIgniter\CodeIgniter->handleRequest(null, Object(Config\Cache), false)
 4 FCPATH\index.php(79): CodeIgniter\CodeIgniter->run()
WARNING - 2025-01-17 12:28:59 --> [DEPRECATED] Creation of dynamic property App\Controllers\DestinationController::$imageModel is deprecated in APPPATH\Controllers\DestinationController.php on line 18.
 1 SYSTEMPATH\CodeIgniter.php(913): App\Controllers\DestinationController->__construct()
 2 SYSTEMPATH\CodeIgniter.php(493): CodeIgniter\CodeIgniter->createController()
 3 SYSTEMPATH\CodeIgniter.php(361): CodeIgniter\CodeIgniter->handleRequest(null, Object(Config\Cache), false)
 4 FCPATH\index.php(79): CodeIgniter\CodeIgniter->run()
WARNING - 2025-01-17 12:28:59 --> [DEPRECATED] Creation of dynamic property App\Controllers\DestinationController::$areaModel is deprecated in APPPATH\Controllers\DestinationController.php on line 19.
 1 SYSTEMPATH\CodeIgniter.php(913): App\Controllers\DestinationController->__construct()
 2 SYSTEMPATH\CodeIgniter.php(493): CodeIgniter\CodeIgniter->createController()
 3 SYSTEMPATH\CodeIgniter.php(361): CodeIgniter\CodeIgniter->handleRequest(null, Object(Config\Cache), false)
 4 FCPATH\index.php(79): CodeIgniter\CodeIgniter->run()
WARNING - 2025-01-17 12:28:59 --> [DEPRECATED] Creation of dynamic property App\Controllers\DestinationController::$foodModel is deprecated in APPPATH\Controllers\DestinationController.php on line 20.
 1 SYSTEMPATH\CodeIgniter.php(913): App\Controllers\DestinationController->__construct()
 2 SYSTEMPATH\CodeIgniter.php(493): CodeIgniter\CodeIgniter->createController()
 3 SYSTEMPATH\CodeIgniter.php(361): CodeIgniter\CodeIgniter->handleRequest(null, Object(Config\Cache), false)
 4 FCPATH\index.php(79): CodeIgniter\CodeIgniter->run()
WARNING - 2025-01-17 12:28:59 --> [DEPRECATED] Creation of dynamic property App\Controllers\DestinationController::$blogModel is deprecated in APPPATH\Controllers\DestinationController.php on line 21.
 1 SYSTEMPATH\CodeIgniter.php(913): App\Controllers\DestinationController->__construct()
 2 SYSTEMPATH\CodeIgniter.php(493): CodeIgniter\CodeIgniter->createController()
 3 SYSTEMPATH\CodeIgniter.php(361): CodeIgniter\CodeIgniter->handleRequest(null, Object(Config\Cache), false)
 4 FCPATH\index.php(79): CodeIgniter\CodeIgniter->run()
INFO - 2025-01-17 12:28:59 --> Session: Class initialized using 'CodeIgniter\Session\Handlers\FileHandler' driver.
WARNING - 2025-01-17 12:28:59 --> [DEPRECATED] Creation of dynamic property App\Controllers\HomeController::$citiesModel is deprecated in APPPATH\Controllers\HomeController.php on line 19.
 1 SYSTEMPATH\CodeIgniter.php(913): App\Controllers\HomeController->__construct()
 2 SYSTEMPATH\CodeIgniter.php(493): CodeIgniter\CodeIgniter->createController()
 3 SYSTEMPATH\CodeIgniter.php(361): CodeIgniter\CodeIgniter->handleRequest(null, Object(Config\Cache), false)
 4 FCPATH\index.php(79): CodeIgniter\CodeIgniter->run()
WARNING - 2025-01-17 12:28:59 --> [DEPRECATED] Creation of dynamic property App\Controllers\HomeController::$uttarakhandModel is deprecated in APPPATH\Controllers\HomeController.php on line 20.
 1 SYSTEMPATH\CodeIgniter.php(913): App\Controllers\HomeController->__construct()
 2 SYSTEMPATH\CodeIgniter.php(493): CodeIgniter\CodeIgniter->createController()
 3 SYSTEMPATH\CodeIgniter.php(361): CodeIgniter\CodeIgniter->handleRequest(null, Object(Config\Cache), false)
 4 FCPATH\index.php(79): CodeIgniter\CodeIgniter->run()
WARNING - 2025-01-17 12:28:59 --> [DEPRECATED] Creation of dynamic property App\Controllers\HomeController::$imageModel is deprecated in APPPATH\Controllers\HomeController.php on line 21.
 1 SYSTEMPATH\CodeIgniter.php(913): App\Controllers\HomeController->__construct()
 2 SYSTEMPATH\CodeIgniter.php(493): CodeIgniter\CodeIgniter->createController()
 3 SYSTEMPATH\CodeIgniter.php(361): CodeIgniter\CodeIgniter->handleRequest(null, Object(Config\Cache), false)
 4 FCPATH\index.php(79): CodeIgniter\CodeIgniter->run()
WARNING - 2025-01-17 12:28:59 --> [DEPRECATED] Creation of dynamic property App\Controllers\HomeController::$areaModel is deprecated in APPPATH\Controllers\HomeController.php on line 22.
 1 SYSTEMPATH\CodeIgniter.php(913): App\Controllers\HomeController->__construct()
 2 SYSTEMPATH\CodeIgniter.php(493): CodeIgniter\CodeIgniter->createController()
 3 SYSTEMPATH\CodeIgniter.php(361): CodeIgniter\CodeIgniter->handleRequest(null, Object(Config\Cache), false)
 4 FCPATH\index.php(79): CodeIgniter\CodeIgniter->run()
WARNING - 2025-01-17 12:28:59 --> [DEPRECATED] Creation of dynamic property App\Controllers\HomeController::$foodModel is deprecated in APPPATH\Controllers\HomeController.php on line 23.
 1 SYSTEMPATH\CodeIgniter.php(913): App\Controllers\HomeController->__construct()
 2 SYSTEMPATH\CodeIgniter.php(493): CodeIgniter\CodeIgniter->createController()
 3 SYSTEMPATH\CodeIgniter.php(361): CodeIgniter\CodeIgniter->handleRequest(null, Object(Config\Cache), false)
 4 FCPATH\index.php(79): CodeIgniter\CodeIgniter->run()
WARNING - 2025-01-17 12:28:59 --> [DEPRECATED] Creation of dynamic property App\Controllers\HomeController::$blogModel is deprecated in APPPATH\Controllers\HomeController.php on line 24.
 1 SYSTEMPATH\CodeIgniter.php(913): App\Controllers\HomeController->__construct()
 2 SYSTEMPATH\CodeIgniter.php(493): CodeIgniter\CodeIgniter->createController()
 3 SYSTEMPATH\CodeIgniter.php(361): CodeIgniter\CodeIgniter->handleRequest(null, Object(Config\Cache), false)
 4 FCPATH\index.php(79): CodeIgniter\CodeIgniter->run()
INFO - 2025-01-17 12:28:59 --> Session: Class initialized using 'CodeIgniter\Session\Handlers\FileHandler' driver.
CRITICAL - 2025-01-17 12:28:59 --> ErrorException: Trying to access array offset on value of type null
in APPPATH\Controllers\HomeController.php on line 80.
 1 APPPATH\Controllers\HomeController.php(80): CodeIgniter\Debug\Exceptions->errorHandler(2, 'Trying to access array offset on value of type null', 'C:\\xampp\\htdocs\\uttrakhand\\app\\Controllers\\HomeController.php', 80)
 2 SYSTEMPATH\CodeIgniter.php(941): App\Controllers\HomeController->page('images', 'bg_1.jpg')
 3 SYSTEMPATH\CodeIgniter.php(502): CodeIgniter\CodeIgniter->runController(Object(App\Controllers\HomeController))
 4 SYSTEMPATH\CodeIgniter.php(361): CodeIgniter\CodeIgniter->handleRequest(null, Object(Config\Cache), false)
 5 FCPATH\index.php(79): CodeIgniter\CodeIgniter->run()
WARNING - 2025-01-17 12:29:05 --> [DEPRECATED] Creation of dynamic property App\Controllers\DestinationController::$citiesModel is deprecated in APPPATH\Controllers\DestinationController.php on line 16.
 1 SYSTEMPATH\CodeIgniter.php(913): App\Controllers\DestinationController->__construct()
 2 SYSTEMPATH\CodeIgniter.php(493): CodeIgniter\CodeIgniter->createController()
 3 SYSTEMPATH\CodeIgniter.php(361): CodeIgniter\CodeIgniter->handleRequest(null, Object(Config\Cache), false)
 4 FCPATH\index.php(79): CodeIgniter\CodeIgniter->run()
WARNING - 2025-01-17 12:29:05 --> [DEPRECATED] Creation of dynamic property App\Controllers\DestinationController::$uttarakhandModel is deprecated in APPPATH\Controllers\DestinationController.php on line 17.
 1 SYSTEMPATH\CodeIgniter.php(913): App\Controllers\DestinationController->__construct()
 2 SYSTEMPATH\CodeIgniter.php(493): CodeIgniter\CodeIgniter->createController()
 3 SYSTEMPATH\CodeIgniter.php(361): CodeIgniter\CodeIgniter->handleRequest(null, Object(Config\Cache), false)
 4 FCPATH\index.php(79): CodeIgniter\CodeIgniter->run()
WARNING - 2025-01-17 12:29:05 --> [DEPRECATED] Creation of dynamic property App\Controllers\DestinationController::$imageModel is deprecated in APPPATH\Controllers\DestinationController.php on line 18.
 1 SYSTEMPATH\CodeIgniter.php(913): App\Controllers\DestinationController->__construct()
 2 SYSTEMPATH\CodeIgniter.php(493): CodeIgniter\CodeIgniter->createController()
 3 SYSTEMPATH\CodeIgniter.php(361): CodeIgniter\CodeIgniter->handleRequest(null, Object(Config\Cache), false)
 4 FCPATH\index.php(79): CodeIgniter\CodeIgniter->run()
WARNING - 2025-01-17 12:29:05 --> [DEPRECATED] Creation of dynamic property App\Controllers\DestinationController::$areaModel is deprecated in APPPATH\Controllers\DestinationController.php on line 19.
 1 SYSTEMPATH\CodeIgniter.php(913): App\Controllers\DestinationController->__construct()
 2 SYSTEMPATH\CodeIgniter.php(493): CodeIgniter\CodeIgniter->createController()
 3 SYSTEMPATH\CodeIgniter.php(361): CodeIgniter\CodeIgniter->handleRequest(null, Object(Config\Cache), false)
 4 FCPATH\index.php(79): CodeIgniter\CodeIgniter->run()
WARNING - 2025-01-17 12:29:05 --> [DEPRECATED] Creation of dynamic property App\Controllers\DestinationController::$foodModel is deprecated in APPPATH\Controllers\DestinationController.php on line 20.
 1 SYSTEMPATH\CodeIgniter.php(913): App\Controllers\DestinationController->__construct()
 2 SYSTEMPATH\CodeIgniter.php(493): CodeIgniter\CodeIgniter->createController()
 3 SYSTEMPATH\CodeIgniter.php(361): CodeIgniter\CodeIgniter->handleRequest(null, Object(Config\Cache), false)
 4 FCPATH\index.php(79): CodeIgniter\CodeIgniter->run()
WARNING - 2025-01-17 12:29:05 --> [DEPRECATED] Creation of dynamic property App\Controllers\DestinationController::$blogModel is deprecated in APPPATH\Controllers\DestinationController.php on line 21.
 1 SYSTEMPATH\CodeIgniter.php(913): App\Controllers\DestinationController->__construct()
 2 SYSTEMPATH\CodeIgniter.php(493): CodeIgniter\CodeIgniter->createController()
 3 SYSTEMPATH\CodeIgniter.php(361): CodeIgniter\CodeIgniter->handleRequest(null, Object(Config\Cache), false)
 4 FCPATH\index.php(79): CodeIgniter\CodeIgniter->run()
INFO - 2025-01-17 12:29:05 --> Session: Class initialized using 'CodeIgniter\Session\Handlers\FileHandler' driver.
WARNING - 2025-01-17 12:29:06 --> [DEPRECATED] Creation of dynamic property App\Controllers\HomeController::$citiesModel is deprecated in APPPATH\Controllers\HomeController.php on line 19.
 1 SYSTEMPATH\CodeIgniter.php(913): App\Controllers\HomeController->__construct()
 2 SYSTEMPATH\CodeIgniter.php(493): CodeIgniter\CodeIgniter->createController()
 3 SYSTEMPATH\CodeIgniter.php(361): CodeIgniter\CodeIgniter->handleRequest(null, Object(Config\Cache), false)
 4 FCPATH\index.php(79): CodeIgniter\CodeIgniter->run()
WARNING - 2025-01-17 12:29:06 --> [DEPRECATED] Creation of dynamic property App\Controllers\HomeController::$uttarakhandModel is deprecated in APPPATH\Controllers\HomeController.php on line 20.
 1 SYSTEMPATH\CodeIgniter.php(913): App\Controllers\HomeController->__construct()
 2 SYSTEMPATH\CodeIgniter.php(493): CodeIgniter\CodeIgniter->createController()
 3 SYSTEMPATH\CodeIgniter.php(361): CodeIgniter\CodeIgniter->handleRequest(null, Object(Config\Cache), false)
 4 FCPATH\index.php(79): CodeIgniter\CodeIgniter->run()
WARNING - 2025-01-17 12:29:06 --> [DEPRECATED] Creation of dynamic property App\Controllers\HomeController::$imageModel is deprecated in APPPATH\Controllers\HomeController.php on line 21.
 1 SYSTEMPATH\CodeIgniter.php(913): App\Controllers\HomeController->__construct()
 2 SYSTEMPATH\CodeIgniter.php(493): CodeIgniter\CodeIgniter->createController()
 3 SYSTEMPATH\CodeIgniter.php(361): CodeIgniter\CodeIgniter->handleRequest(null, Object(Config\Cache), false)
 4 FCPATH\index.php(79): CodeIgniter\CodeIgniter->run()
WARNING - 2025-01-17 12:29:06 --> [DEPRECATED] Creation of dynamic property App\Controllers\HomeController::$areaModel is deprecated in APPPATH\Controllers\HomeController.php on line 22.
 1 SYSTEMPATH\CodeIgniter.php(913): App\Controllers\HomeController->__construct()
 2 SYSTEMPATH\CodeIgniter.php(493): CodeIgniter\CodeIgniter->createController()
 3 SYSTEMPATH\CodeIgniter.php(361): CodeIgniter\CodeIgniter->handleRequest(null, Object(Config\Cache), false)
 4 FCPATH\index.php(79): CodeIgniter\CodeIgniter->run()
WARNING - 2025-01-17 12:29:06 --> [DEPRECATED] Creation of dynamic property App\Controllers\HomeController::$foodModel is deprecated in APPPATH\Controllers\HomeController.php on line 23.
 1 SYSTEMPATH\CodeIgniter.php(913): App\Controllers\HomeController->__construct()
 2 SYSTEMPATH\CodeIgniter.php(493): CodeIgniter\CodeIgniter->createController()
 3 SYSTEMPATH\CodeIgniter.php(361): CodeIgniter\CodeIgniter->handleRequest(null, Object(Config\Cache), false)
 4 FCPATH\index.php(79): CodeIgniter\CodeIgniter->run()
WARNING - 2025-01-17 12:29:06 --> [DEPRECATED] Creation of dynamic property App\Controllers\HomeController::$blogModel is deprecated in APPPATH\Controllers\HomeController.php on line 24.
 1 SYSTEMPATH\CodeIgniter.php(913): App\Controllers\HomeController->__construct()
 2 SYSTEMPATH\CodeIgniter.php(493): CodeIgniter\CodeIgniter->createController()
 3 SYSTEMPATH\CodeIgniter.php(361): CodeIgniter\CodeIgniter->handleRequest(null, Object(Config\Cache), false)
 4 FCPATH\index.php(79): CodeIgniter\CodeIgniter->run()
INFO - 2025-01-17 12:29:06 --> Session: Class initialized using 'CodeIgniter\Session\Handlers\FileHandler' driver.
CRITICAL - 2025-01-17 12:29:06 --> ErrorException: Trying to access array offset on value of type null
in APPPATH\Controllers\HomeController.php on line 80.
 1 APPPATH\Controllers\HomeController.php(80): CodeIgniter\Debug\Exceptions->errorHandler(2, 'Trying to access array offset on value of type null', 'C:\\xampp\\htdocs\\uttrakhand\\app\\Controllers\\HomeController.php', 80)
 2 SYSTEMPATH\CodeIgniter.php(941): App\Controllers\HomeController->page('images', 'bg_2.jpg')
 3 SYSTEMPATH\CodeIgniter.php(502): CodeIgniter\CodeIgniter->runController(Object(App\Controllers\HomeController))
 4 SYSTEMPATH\CodeIgniter.php(361): CodeIgniter\CodeIgniter->handleRequest(null, Object(Config\Cache), false)
 5 FCPATH\index.php(79): CodeIgniter\CodeIgniter->run()
WARNING - 2025-01-17 12:29:09 --> [DEPRECATED] Creation of dynamic property App\Controllers\AboutController::$citiesModel is deprecated in APPPATH\Controllers\AboutController.php on line 16.
 1 SYSTEMPATH\CodeIgniter.php(913): App\Controllers\AboutController->__construct()
 2 SYSTEMPATH\CodeIgniter.php(493): CodeIgniter\CodeIgniter->createController()
 3 SYSTEMPATH\CodeIgniter.php(361): CodeIgniter\CodeIgniter->handleRequest(null, Object(Config\Cache), false)
 4 FCPATH\index.php(79): CodeIgniter\CodeIgniter->run()
WARNING - 2025-01-17 12:29:09 --> [DEPRECATED] Creation of dynamic property App\Controllers\AboutController::$uttarakhandModel is deprecated in APPPATH\Controllers\AboutController.php on line 17.
 1 SYSTEMPATH\CodeIgniter.php(913): App\Controllers\AboutController->__construct()
 2 SYSTEMPATH\CodeIgniter.php(493): CodeIgniter\CodeIgniter->createController()
 3 SYSTEMPATH\CodeIgniter.php(361): CodeIgniter\CodeIgniter->handleRequest(null, Object(Config\Cache), false)
 4 FCPATH\index.php(79): CodeIgniter\CodeIgniter->run()
WARNING - 2025-01-17 12:29:09 --> [DEPRECATED] Creation of dynamic property App\Controllers\AboutController::$imageModel is deprecated in APPPATH\Controllers\AboutController.php on line 18.
 1 SYSTEMPATH\CodeIgniter.php(913): App\Controllers\AboutController->__construct()
 2 SYSTEMPATH\CodeIgniter.php(493): CodeIgniter\CodeIgniter->createController()
 3 SYSTEMPATH\CodeIgniter.php(361): CodeIgniter\CodeIgniter->handleRequest(null, Object(Config\Cache), false)
 4 FCPATH\index.php(79): CodeIgniter\CodeIgniter->run()
WARNING - 2025-01-17 12:29:09 --> [DEPRECATED] Creation of dynamic property App\Controllers\AboutController::$areaModel is deprecated in APPPATH\Controllers\AboutController.php on line 19.
 1 SYSTEMPATH\CodeIgniter.php(913): App\Controllers\AboutController->__construct()
 2 SYSTEMPATH\CodeIgniter.php(493): CodeIgniter\CodeIgniter->createController()
 3 SYSTEMPATH\CodeIgniter.php(361): CodeIgniter\CodeIgniter->handleRequest(null, Object(Config\Cache), false)
 4 FCPATH\index.php(79): CodeIgniter\CodeIgniter->run()
WARNING - 2025-01-17 12:29:09 --> [DEPRECATED] Creation of dynamic property App\Controllers\AboutController::$foodModel is deprecated in APPPATH\Controllers\AboutController.php on line 20.
 1 SYSTEMPATH\CodeIgniter.php(913): App\Controllers\AboutController->__construct()
 2 SYSTEMPATH\CodeIgniter.php(493): CodeIgniter\CodeIgniter->createController()
 3 SYSTEMPATH\CodeIgniter.php(361): CodeIgniter\CodeIgniter->handleRequest(null, Object(Config\Cache), false)
 4 FCPATH\index.php(79): CodeIgniter\CodeIgniter->run()
WARNING - 2025-01-17 12:29:09 --> [DEPRECATED] Creation of dynamic property App\Controllers\AboutController::$blogModel is deprecated in APPPATH\Controllers\AboutController.php on line 21.
 1 SYSTEMPATH\CodeIgniter.php(913): App\Controllers\AboutController->__construct()
 2 SYSTEMPATH\CodeIgniter.php(493): CodeIgniter\CodeIgniter->createController()
 3 SYSTEMPATH\CodeIgniter.php(361): CodeIgniter\CodeIgniter->handleRequest(null, Object(Config\Cache), false)
 4 FCPATH\index.php(79): CodeIgniter\CodeIgniter->run()
INFO - 2025-01-17 12:29:09 --> Session: Class initialized using 'CodeIgniter\Session\Handlers\FileHandler' driver.
WARNING - 2025-01-17 12:29:10 --> [DEPRECATED] Creation of dynamic property App\Controllers\HomeController::$citiesModel is deprecated in APPPATH\Controllers\HomeController.php on line 19.
 1 SYSTEMPATH\CodeIgniter.php(913): App\Controllers\HomeController->__construct()
 2 SYSTEMPATH\CodeIgniter.php(493): CodeIgniter\CodeIgniter->createController()
 3 SYSTEMPATH\CodeIgniter.php(361): CodeIgniter\CodeIgniter->handleRequest(null, Object(Config\Cache), false)
 4 FCPATH\index.php(79): CodeIgniter\CodeIgniter->run()
WARNING - 2025-01-17 12:29:10 --> [DEPRECATED] Creation of dynamic property App\Controllers\HomeController::$uttarakhandModel is deprecated in APPPATH\Controllers\HomeController.php on line 20.
 1 SYSTEMPATH\CodeIgniter.php(913): App\Controllers\HomeController->__construct()
 2 SYSTEMPATH\CodeIgniter.php(493): CodeIgniter\CodeIgniter->createController()
 3 SYSTEMPATH\CodeIgniter.php(361): CodeIgniter\CodeIgniter->handleRequest(null, Object(Config\Cache), false)
 4 FCPATH\index.php(79): CodeIgniter\CodeIgniter->run()
WARNING - 2025-01-17 12:29:10 --> [DEPRECATED] Creation of dynamic property App\Controllers\HomeController::$imageModel is deprecated in APPPATH\Controllers\HomeController.php on line 21.
 1 SYSTEMPATH\CodeIgniter.php(913): App\Controllers\HomeController->__construct()
 2 SYSTEMPATH\CodeIgniter.php(493): CodeIgniter\CodeIgniter->createController()
 3 SYSTEMPATH\CodeIgniter.php(361): CodeIgniter\CodeIgniter->handleRequest(null, Object(Config\Cache), false)
 4 FCPATH\index.php(79): CodeIgniter\CodeIgniter->run()
WARNING - 2025-01-17 12:29:10 --> [DEPRECATED] Creation of dynamic property App\Controllers\HomeController::$areaModel is deprecated in APPPATH\Controllers\HomeController.php on line 22.
 1 SYSTEMPATH\CodeIgniter.php(913): App\Controllers\HomeController->__construct()
 2 SYSTEMPATH\CodeIgniter.php(493): CodeIgniter\CodeIgniter->createController()
 3 SYSTEMPATH\CodeIgniter.php(361): CodeIgniter\CodeIgniter->handleRequest(null, Object(Config\Cache), false)
 4 FCPATH\index.php(79): CodeIgniter\CodeIgniter->run()
WARNING - 2025-01-17 12:29:10 --> [DEPRECATED] Creation of dynamic property App\Controllers\HomeController::$foodModel is deprecated in APPPATH\Controllers\HomeController.php on line 23.
 1 SYSTEMPATH\CodeIgniter.php(913): App\Controllers\HomeController->__construct()
 2 SYSTEMPATH\CodeIgniter.php(493): CodeIgniter\CodeIgniter->createController()
 3 SYSTEMPATH\CodeIgniter.php(361): CodeIgniter\CodeIgniter->handleRequest(null, Object(Config\Cache), false)
 4 FCPATH\index.php(79): CodeIgniter\CodeIgniter->run()
WARNING - 2025-01-17 12:29:10 --> [DEPRECATED] Creation of dynamic property App\Controllers\HomeController::$blogModel is deprecated in APPPATH\Controllers\HomeController.php on line 24.
 1 SYSTEMPATH\CodeIgniter.php(913): App\Controllers\HomeController->__construct()
 2 SYSTEMPATH\CodeIgniter.php(493): CodeIgniter\CodeIgniter->createController()
 3 SYSTEMPATH\CodeIgniter.php(361): CodeIgniter\CodeIgniter->handleRequest(null, Object(Config\Cache), false)
 4 FCPATH\index.php(79): CodeIgniter\CodeIgniter->run()
INFO - 2025-01-17 12:29:10 --> Session: Class initialized using 'CodeIgniter\Session\Handlers\FileHandler' driver.
WARNING - 2025-01-17 12:29:11 --> [DEPRECATED] Creation of dynamic property App\Controllers\AboutController::$citiesModel is deprecated in APPPATH\Controllers\AboutController.php on line 16.
 1 SYSTEMPATH\CodeIgniter.php(913): App\Controllers\AboutController->__construct()
 2 SYSTEMPATH\CodeIgniter.php(493): CodeIgniter\CodeIgniter->createController()
 3 SYSTEMPATH\CodeIgniter.php(361): CodeIgniter\CodeIgniter->handleRequest(null, Object(Config\Cache), false)
 4 FCPATH\index.php(79): CodeIgniter\CodeIgniter->run()
WARNING - 2025-01-17 12:29:11 --> [DEPRECATED] Creation of dynamic property App\Controllers\AboutController::$uttarakhandModel is deprecated in APPPATH\Controllers\AboutController.php on line 17.
 1 SYSTEMPATH\CodeIgniter.php(913): App\Controllers\AboutController->__construct()
 2 SYSTEMPATH\CodeIgniter.php(493): CodeIgniter\CodeIgniter->createController()
 3 SYSTEMPATH\CodeIgniter.php(361): CodeIgniter\CodeIgniter->handleRequest(null, Object(Config\Cache), false)
 4 FCPATH\index.php(79): CodeIgniter\CodeIgniter->run()
WARNING - 2025-01-17 12:29:11 --> [DEPRECATED] Creation of dynamic property App\Controllers\AboutController::$imageModel is deprecated in APPPATH\Controllers\AboutController.php on line 18.
 1 SYSTEMPATH\CodeIgniter.php(913): App\Controllers\AboutController->__construct()
 2 SYSTEMPATH\CodeIgniter.php(493): CodeIgniter\CodeIgniter->createController()
 3 SYSTEMPATH\CodeIgniter.php(361): CodeIgniter\CodeIgniter->handleRequest(null, Object(Config\Cache), false)
 4 FCPATH\index.php(79): CodeIgniter\CodeIgniter->run()
WARNING - 2025-01-17 12:29:11 --> [DEPRECATED] Creation of dynamic property App\Controllers\AboutController::$areaModel is deprecated in APPPATH\Controllers\AboutController.php on line 19.
 1 SYSTEMPATH\CodeIgniter.php(913): App\Controllers\AboutController->__construct()
 2 SYSTEMPATH\CodeIgniter.php(493): CodeIgniter\CodeIgniter->createController()
 3 SYSTEMPATH\CodeIgniter.php(361): CodeIgniter\CodeIgniter->handleRequest(null, Object(Config\Cache), false)
 4 FCPATH\index.php(79): CodeIgniter\CodeIgniter->run()
WARNING - 2025-01-17 12:29:11 --> [DEPRECATED] Creation of dynamic property App\Controllers\AboutController::$foodModel is deprecated in APPPATH\Controllers\AboutController.php on line 20.
 1 SYSTEMPATH\CodeIgniter.php(913): App\Controllers\AboutController->__construct()
 2 SYSTEMPATH\CodeIgniter.php(493): CodeIgniter\CodeIgniter->createController()
 3 SYSTEMPATH\CodeIgniter.php(361): CodeIgniter\CodeIgniter->handleRequest(null, Object(Config\Cache), false)
 4 FCPATH\index.php(79): CodeIgniter\CodeIgniter->run()
WARNING - 2025-01-17 12:29:11 --> [DEPRECATED] Creation of dynamic property App\Controllers\AboutController::$blogModel is deprecated in APPPATH\Controllers\AboutController.php on line 21.
 1 SYSTEMPATH\CodeIgniter.php(913): App\Controllers\AboutController->__construct()
 2 SYSTEMPATH\CodeIgniter.php(493): CodeIgniter\CodeIgniter->createController()
 3 SYSTEMPATH\CodeIgniter.php(361): CodeIgniter\CodeIgniter->handleRequest(null, Object(Config\Cache), false)
 4 FCPATH\index.php(79): CodeIgniter\CodeIgniter->run()
INFO - 2025-01-17 12:29:11 --> Session: Class initialized using 'CodeIgniter\Session\Handlers\FileHandler' driver.
WARNING - 2025-01-17 12:29:11 --> [DEPRECATED] Creation of dynamic property App\Controllers\HomeController::$citiesModel is deprecated in APPPATH\Controllers\HomeController.php on line 19.
 1 SYSTEMPATH\CodeIgniter.php(913): App\Controllers\HomeController->__construct()
 2 SYSTEMPATH\CodeIgniter.php(493): CodeIgniter\CodeIgniter->createController()
 3 SYSTEMPATH\CodeIgniter.php(361): CodeIgniter\CodeIgniter->handleRequest(null, Object(Config\Cache), false)
 4 FCPATH\index.php(79): CodeIgniter\CodeIgniter->run()
WARNING - 2025-01-17 12:29:11 --> [DEPRECATED] Creation of dynamic property App\Controllers\HomeController::$uttarakhandModel is deprecated in APPPATH\Controllers\HomeController.php on line 20.
 1 SYSTEMPATH\CodeIgniter.php(913): App\Controllers\HomeController->__construct()
 2 SYSTEMPATH\CodeIgniter.php(493): CodeIgniter\CodeIgniter->createController()
 3 SYSTEMPATH\CodeIgniter.php(361): CodeIgniter\CodeIgniter->handleRequest(null, Object(Config\Cache), false)
 4 FCPATH\index.php(79): CodeIgniter\CodeIgniter->run()
WARNING - 2025-01-17 12:29:11 --> [DEPRECATED] Creation of dynamic property App\Controllers\HomeController::$imageModel is deprecated in APPPATH\Controllers\HomeController.php on line 21.
 1 SYSTEMPATH\CodeIgniter.php(913): App\Controllers\HomeController->__construct()
 2 SYSTEMPATH\CodeIgniter.php(493): CodeIgniter\CodeIgniter->createController()
 3 SYSTEMPATH\CodeIgniter.php(361): CodeIgniter\CodeIgniter->handleRequest(null, Object(Config\Cache), false)
 4 FCPATH\index.php(79): CodeIgniter\CodeIgniter->run()
WARNING - 2025-01-17 12:29:11 --> [DEPRECATED] Creation of dynamic property App\Controllers\HomeController::$areaModel is deprecated in APPPATH\Controllers\HomeController.php on line 22.
 1 SYSTEMPATH\CodeIgniter.php(913): App\Controllers\HomeController->__construct()
 2 SYSTEMPATH\CodeIgniter.php(493): CodeIgniter\CodeIgniter->createController()
 3 SYSTEMPATH\CodeIgniter.php(361): CodeIgniter\CodeIgniter->handleRequest(null, Object(Config\Cache), false)
 4 FCPATH\index.php(79): CodeIgniter\CodeIgniter->run()
WARNING - 2025-01-17 12:29:11 --> [DEPRECATED] Creation of dynamic property App\Controllers\HomeController::$foodModel is deprecated in APPPATH\Controllers\HomeController.php on line 23.
 1 SYSTEMPATH\CodeIgniter.php(913): App\Controllers\HomeController->__construct()
 2 SYSTEMPATH\CodeIgniter.php(493): CodeIgniter\CodeIgniter->createController()
 3 SYSTEMPATH\CodeIgniter.php(361): CodeIgniter\CodeIgniter->handleRequest(null, Object(Config\Cache), false)
 4 FCPATH\index.php(79): CodeIgniter\CodeIgniter->run()
WARNING - 2025-01-17 12:29:11 --> [DEPRECATED] Creation of dynamic property App\Controllers\HomeController::$blogModel is deprecated in APPPATH\Controllers\HomeController.php on line 24.
 1 SYSTEMPATH\CodeIgniter.php(913): App\Controllers\HomeController->__construct()
 2 SYSTEMPATH\CodeIgniter.php(493): CodeIgniter\CodeIgniter->createController()
 3 SYSTEMPATH\CodeIgniter.php(361): CodeIgniter\CodeIgniter->handleRequest(null, Object(Config\Cache), false)
 4 FCPATH\index.php(79): CodeIgniter\CodeIgniter->run()
INFO - 2025-01-17 12:29:11 --> Session: Class initialized using 'CodeIgniter\Session\Handlers\FileHandler' driver.
WARNING - 2025-01-17 12:29:12 --> [DEPRECATED] Creation of dynamic property App\Controllers\AboutController::$citiesModel is deprecated in APPPATH\Controllers\AboutController.php on line 16.
 1 SYSTEMPATH\CodeIgniter.php(913): App\Controllers\AboutController->__construct()
 2 SYSTEMPATH\CodeIgniter.php(493): CodeIgniter\CodeIgniter->createController()
 3 SYSTEMPATH\CodeIgniter.php(361): CodeIgniter\CodeIgniter->handleRequest(null, Object(Config\Cache), false)
 4 FCPATH\index.php(79): CodeIgniter\CodeIgniter->run()
WARNING - 2025-01-17 12:29:12 --> [DEPRECATED] Creation of dynamic property App\Controllers\AboutController::$uttarakhandModel is deprecated in APPPATH\Controllers\AboutController.php on line 17.
 1 SYSTEMPATH\CodeIgniter.php(913): App\Controllers\AboutController->__construct()
 2 SYSTEMPATH\CodeIgniter.php(493): CodeIgniter\CodeIgniter->createController()
 3 SYSTEMPATH\CodeIgniter.php(361): CodeIgniter\CodeIgniter->handleRequest(null, Object(Config\Cache), false)
 4 FCPATH\index.php(79): CodeIgniter\CodeIgniter->run()
WARNING - 2025-01-17 12:29:12 --> [DEPRECATED] Creation of dynamic property App\Controllers\AboutController::$imageModel is deprecated in APPPATH\Controllers\AboutController.php on line 18.
 1 SYSTEMPATH\CodeIgniter.php(913): App\Controllers\AboutController->__construct()
 2 SYSTEMPATH\CodeIgniter.php(493): CodeIgniter\CodeIgniter->createController()
 3 SYSTEMPATH\CodeIgniter.php(361): CodeIgniter\CodeIgniter->handleRequest(null, Object(Config\Cache), false)
 4 FCPATH\index.php(79): CodeIgniter\CodeIgniter->run()
WARNING - 2025-01-17 12:29:12 --> [DEPRECATED] Creation of dynamic property App\Controllers\AboutController::$areaModel is deprecated in APPPATH\Controllers\AboutController.php on line 19.
 1 SYSTEMPATH\CodeIgniter.php(913): App\Controllers\AboutController->__construct()
 2 SYSTEMPATH\CodeIgniter.php(493): CodeIgniter\CodeIgniter->createController()
 3 SYSTEMPATH\CodeIgniter.php(361): CodeIgniter\CodeIgniter->handleRequest(null, Object(Config\Cache), false)
 4 FCPATH\index.php(79): CodeIgniter\CodeIgniter->run()
WARNING - 2025-01-17 12:29:12 --> [DEPRECATED] Creation of dynamic property App\Controllers\AboutController::$foodModel is deprecated in APPPATH\Controllers\AboutController.php on line 20.
 1 SYSTEMPATH\CodeIgniter.php(913): App\Controllers\AboutController->__construct()
 2 SYSTEMPATH\CodeIgniter.php(493): CodeIgniter\CodeIgniter->createController()
 3 SYSTEMPATH\CodeIgniter.php(361): CodeIgniter\CodeIgniter->handleRequest(null, Object(Config\Cache), false)
 4 FCPATH\index.php(79): CodeIgniter\CodeIgniter->run()
WARNING - 2025-01-17 12:29:12 --> [DEPRECATED] Creation of dynamic property App\Controllers\AboutController::$blogModel is deprecated in APPPATH\Controllers\AboutController.php on line 21.
 1 SYSTEMPATH\CodeIgniter.php(913): App\Controllers\AboutController->__construct()
 2 SYSTEMPATH\CodeIgniter.php(493): CodeIgniter\CodeIgniter->createController()
 3 SYSTEMPATH\CodeIgniter.php(361): CodeIgniter\CodeIgniter->handleRequest(null, Object(Config\Cache), false)
 4 FCPATH\index.php(79): CodeIgniter\CodeIgniter->run()
INFO - 2025-01-17 12:29:13 --> Session: Class initialized using 'CodeIgniter\Session\Handlers\FileHandler' driver.
WARNING - 2025-01-17 12:29:13 --> [DEPRECATED] Creation of dynamic property App\Controllers\AboutController::$citiesModel is deprecated in APPPATH\Controllers\AboutController.php on line 16.
 1 SYSTEMPATH\CodeIgniter.php(913): App\Controllers\AboutController->__construct()
 2 SYSTEMPATH\CodeIgniter.php(493): CodeIgniter\CodeIgniter->createController()
 3 SYSTEMPATH\CodeIgniter.php(361): CodeIgniter\CodeIgniter->handleRequest(null, Object(Config\Cache), false)
 4 FCPATH\index.php(79): CodeIgniter\CodeIgniter->run()
WARNING - 2025-01-17 12:29:13 --> [DEPRECATED] Creation of dynamic property App\Controllers\AboutController::$uttarakhandModel is deprecated in APPPATH\Controllers\AboutController.php on line 17.
 1 SYSTEMPATH\CodeIgniter.php(913): App\Controllers\AboutController->__construct()
 2 SYSTEMPATH\CodeIgniter.php(493): CodeIgniter\CodeIgniter->createController()
 3 SYSTEMPATH\CodeIgniter.php(361): CodeIgniter\CodeIgniter->handleRequest(null, Object(Config\Cache), false)
 4 FCPATH\index.php(79): CodeIgniter\CodeIgniter->run()
WARNING - 2025-01-17 12:29:13 --> [DEPRECATED] Creation of dynamic property App\Controllers\AboutController::$imageModel is deprecated in APPPATH\Controllers\AboutController.php on line 18.
 1 SYSTEMPATH\CodeIgniter.php(913): App\Controllers\AboutController->__construct()
 2 SYSTEMPATH\CodeIgniter.php(493): CodeIgniter\CodeIgniter->createController()
 3 SYSTEMPATH\CodeIgniter.php(361): CodeIgniter\CodeIgniter->handleRequest(null, Object(Config\Cache), false)
 4 FCPATH\index.php(79): CodeIgniter\CodeIgniter->run()
WARNING - 2025-01-17 12:29:13 --> [DEPRECATED] Creation of dynamic property App\Controllers\AboutController::$areaModel is deprecated in APPPATH\Controllers\AboutController.php on line 19.
 1 SYSTEMPATH\CodeIgniter.php(913): App\Controllers\AboutController->__construct()
 2 SYSTEMPATH\CodeIgniter.php(493): CodeIgniter\CodeIgniter->createController()
 3 SYSTEMPATH\CodeIgniter.php(361): CodeIgniter\CodeIgniter->handleRequest(null, Object(Config\Cache), false)
 4 FCPATH\index.php(79): CodeIgniter\CodeIgniter->run()
WARNING - 2025-01-17 12:29:13 --> [DEPRECATED] Creation of dynamic property App\Controllers\AboutController::$foodModel is deprecated in APPPATH\Controllers\AboutController.php on line 20.
 1 SYSTEMPATH\CodeIgniter.php(913): App\Controllers\AboutController->__construct()
 2 SYSTEMPATH\CodeIgniter.php(493): CodeIgniter\CodeIgniter->createController()
 3 SYSTEMPATH\CodeIgniter.php(361): CodeIgniter\CodeIgniter->handleRequest(null, Object(Config\Cache), false)
 4 FCPATH\index.php(79): CodeIgniter\CodeIgniter->run()
WARNING - 2025-01-17 12:29:13 --> [DEPRECATED] Creation of dynamic property App\Controllers\AboutController::$blogModel is deprecated in APPPATH\Controllers\AboutController.php on line 21.
 1 SYSTEMPATH\CodeIgniter.php(913): App\Controllers\AboutController->__construct()
 2 SYSTEMPATH\CodeIgniter.php(493): CodeIgniter\CodeIgniter->createController()
 3 SYSTEMPATH\CodeIgniter.php(361): CodeIgniter\CodeIgniter->handleRequest(null, Object(Config\Cache), false)
 4 FCPATH\index.php(79): CodeIgniter\CodeIgniter->run()
INFO - 2025-01-17 12:29:13 --> Session: Class initialized using 'CodeIgniter\Session\Handlers\FileHandler' driver.
WARNING - 2025-01-17 12:29:14 --> [DEPRECATED] Creation of dynamic property App\Controllers\DestinationController::$citiesModel is deprecated in APPPATH\Controllers\DestinationController.php on line 16.
 1 SYSTEMPATH\CodeIgniter.php(913): App\Controllers\DestinationController->__construct()
 2 SYSTEMPATH\CodeIgniter.php(493): CodeIgniter\CodeIgniter->createController()
 3 SYSTEMPATH\CodeIgniter.php(361): CodeIgniter\CodeIgniter->handleRequest(null, Object(Config\Cache), false)
 4 FCPATH\index.php(79): CodeIgniter\CodeIgniter->run()
WARNING - 2025-01-17 12:29:14 --> [DEPRECATED] Creation of dynamic property App\Controllers\DestinationController::$uttarakhandModel is deprecated in APPPATH\Controllers\DestinationController.php on line 17.
 1 SYSTEMPATH\CodeIgniter.php(913): App\Controllers\DestinationController->__construct()
 2 SYSTEMPATH\CodeIgniter.php(493): CodeIgniter\CodeIgniter->createController()
 3 SYSTEMPATH\CodeIgniter.php(361): CodeIgniter\CodeIgniter->handleRequest(null, Object(Config\Cache), false)
 4 FCPATH\index.php(79): CodeIgniter\CodeIgniter->run()
WARNING - 2025-01-17 12:29:14 --> [DEPRECATED] Creation of dynamic property App\Controllers\DestinationController::$imageModel is deprecated in APPPATH\Controllers\DestinationController.php on line 18.
 1 SYSTEMPATH\CodeIgniter.php(913): App\Controllers\DestinationController->__construct()
 2 SYSTEMPATH\CodeIgniter.php(493): CodeIgniter\CodeIgniter->createController()
 3 SYSTEMPATH\CodeIgniter.php(361): CodeIgniter\CodeIgniter->handleRequest(null, Object(Config\Cache), false)
 4 FCPATH\index.php(79): CodeIgniter\CodeIgniter->run()
WARNING - 2025-01-17 12:29:14 --> [DEPRECATED] Creation of dynamic property App\Controllers\DestinationController::$areaModel is deprecated in APPPATH\Controllers\DestinationController.php on line 19.
 1 SYSTEMPATH\CodeIgniter.php(913): App\Controllers\DestinationController->__construct()
 2 SYSTEMPATH\CodeIgniter.php(493): CodeIgniter\CodeIgniter->createController()
 3 SYSTEMPATH\CodeIgniter.php(361): CodeIgniter\CodeIgniter->handleRequest(null, Object(Config\Cache), false)
 4 FCPATH\index.php(79): CodeIgniter\CodeIgniter->run()
WARNING - 2025-01-17 12:29:14 --> [DEPRECATED] Creation of dynamic property App\Controllers\DestinationController::$foodModel is deprecated in APPPATH\Controllers\DestinationController.php on line 20.
 1 SYSTEMPATH\CodeIgniter.php(913): App\Controllers\DestinationController->__construct()
 2 SYSTEMPATH\CodeIgniter.php(493): CodeIgniter\CodeIgniter->createController()
 3 SYSTEMPATH\CodeIgniter.php(361): CodeIgniter\CodeIgniter->handleRequest(null, Object(Config\Cache), false)
 4 FCPATH\index.php(79): CodeIgniter\CodeIgniter->run()
WARNING - 2025-01-17 12:29:14 --> [DEPRECATED] Creation of dynamic property App\Controllers\DestinationController::$blogModel is deprecated in APPPATH\Controllers\DestinationController.php on line 21.
 1 SYSTEMPATH\CodeIgniter.php(913): App\Controllers\DestinationController->__construct()
 2 SYSTEMPATH\CodeIgniter.php(493): CodeIgniter\CodeIgniter->createController()
 3 SYSTEMPATH\CodeIgniter.php(361): CodeIgniter\CodeIgniter->handleRequest(null, Object(Config\Cache), false)
 4 FCPATH\index.php(79): CodeIgniter\CodeIgniter->run()
INFO - 2025-01-17 12:29:14 --> Session: Class initialized using 'CodeIgniter\Session\Handlers\FileHandler' driver.
WARNING - 2025-01-17 12:29:14 --> [DEPRECATED] Creation of dynamic property App\Controllers\HomeController::$citiesModel is deprecated in APPPATH\Controllers\HomeController.php on line 19.
 1 SYSTEMPATH\CodeIgniter.php(913): App\Controllers\HomeController->__construct()
 2 SYSTEMPATH\CodeIgniter.php(493): CodeIgniter\CodeIgniter->createController()
 3 SYSTEMPATH\CodeIgniter.php(361): CodeIgniter\CodeIgniter->handleRequest(null, Object(Config\Cache), false)
 4 FCPATH\index.php(79): CodeIgniter\CodeIgniter->run()
WARNING - 2025-01-17 12:29:14 --> [DEPRECATED] Creation of dynamic property App\Controllers\HomeController::$uttarakhandModel is deprecated in APPPATH\Controllers\HomeController.php on line 20.
 1 SYSTEMPATH\CodeIgniter.php(913): App\Controllers\HomeController->__construct()
 2 SYSTEMPATH\CodeIgniter.php(493): CodeIgniter\CodeIgniter->createController()
 3 SYSTEMPATH\CodeIgniter.php(361): CodeIgniter\CodeIgniter->handleRequest(null, Object(Config\Cache), false)
 4 FCPATH\index.php(79): CodeIgniter\CodeIgniter->run()
WARNING - 2025-01-17 12:29:14 --> [DEPRECATED] Creation of dynamic property App\Controllers\HomeController::$imageModel is deprecated in APPPATH\Controllers\HomeController.php on line 21.
 1 SYSTEMPATH\CodeIgniter.php(913): App\Controllers\HomeController->__construct()
 2 SYSTEMPATH\CodeIgniter.php(493): CodeIgniter\CodeIgniter->createController()
 3 SYSTEMPATH\CodeIgniter.php(361): CodeIgniter\CodeIgniter->handleRequest(null, Object(Config\Cache), false)
 4 FCPATH\index.php(79): CodeIgniter\CodeIgniter->run()
WARNING - 2025-01-17 12:29:14 --> [DEPRECATED] Creation of dynamic property App\Controllers\HomeController::$areaModel is deprecated in APPPATH\Controllers\HomeController.php on line 22.
 1 SYSTEMPATH\CodeIgniter.php(913): App\Controllers\HomeController->__construct()
 2 SYSTEMPATH\CodeIgniter.php(493): CodeIgniter\CodeIgniter->createController()
 3 SYSTEMPATH\CodeIgniter.php(361): CodeIgniter\CodeIgniter->handleRequest(null, Object(Config\Cache), false)
 4 FCPATH\index.php(79): CodeIgniter\CodeIgniter->run()
WARNING - 2025-01-17 12:29:14 --> [DEPRECATED] Creation of dynamic property App\Controllers\HomeController::$foodModel is deprecated in APPPATH\Controllers\HomeController.php on line 23.
 1 SYSTEMPATH\CodeIgniter.php(913): App\Controllers\HomeController->__construct()
 2 SYSTEMPATH\CodeIgniter.php(493): CodeIgniter\CodeIgniter->createController()
 3 SYSTEMPATH\CodeIgniter.php(361): CodeIgniter\CodeIgniter->handleRequest(null, Object(Config\Cache), false)
 4 FCPATH\index.php(79): CodeIgniter\CodeIgniter->run()
WARNING - 2025-01-17 12:29:14 --> [DEPRECATED] Creation of dynamic property App\Controllers\HomeController::$blogModel is deprecated in APPPATH\Controllers\HomeController.php on line 24.
 1 SYSTEMPATH\CodeIgniter.php(913): App\Controllers\HomeController->__construct()
 2 SYSTEMPATH\CodeIgniter.php(493): CodeIgniter\CodeIgniter->createController()
 3 SYSTEMPATH\CodeIgniter.php(361): CodeIgniter\CodeIgniter->handleRequest(null, Object(Config\Cache), false)
 4 FCPATH\index.php(79): CodeIgniter\CodeIgniter->run()
INFO - 2025-01-17 12:29:14 --> Session: Class initialized using 'CodeIgniter\Session\Handlers\FileHandler' driver.
CRITICAL - 2025-01-17 12:29:14 --> ErrorException: Trying to access array offset on value of type null
in APPPATH\Controllers\HomeController.php on line 80.
 1 APPPATH\Controllers\HomeController.php(80): CodeIgniter\Debug\Exceptions->errorHandler(2, 'Trying to access array offset on value of type null', 'C:\\xampp\\htdocs\\uttrakhand\\app\\Controllers\\HomeController.php', 80)
 2 SYSTEMPATH\CodeIgniter.php(941): App\Controllers\HomeController->page('images', 'bg_2.jpg')
 3 SYSTEMPATH\CodeIgniter.php(502): CodeIgniter\CodeIgniter->runController(Object(App\Controllers\HomeController))
 4 SYSTEMPATH\CodeIgniter.php(361): CodeIgniter\CodeIgniter->handleRequest(null, Object(Config\Cache), false)
 5 FCPATH\index.php(79): CodeIgniter\CodeIgniter->run()
WARNING - 2025-01-17 12:29:15 --> [DEPRECATED] Creation of dynamic property App\Controllers\PlacesController::$citiesModel is deprecated in APPPATH\Controllers\PlacesController.php on line 19.
 1 SYSTEMPATH\CodeIgniter.php(913): App\Controllers\PlacesController->__construct()
 2 SYSTEMPATH\CodeIgniter.php(493): CodeIgniter\CodeIgniter->createController()
 3 SYSTEMPATH\CodeIgniter.php(361): CodeIgniter\CodeIgniter->handleRequest(null, Object(Config\Cache), false)
 4 FCPATH\index.php(79): CodeIgniter\CodeIgniter->run()
WARNING - 2025-01-17 12:29:15 --> [DEPRECATED] Creation of dynamic property App\Controllers\PlacesController::$uttarakhandModel is deprecated in APPPATH\Controllers\PlacesController.php on line 20.
 1 SYSTEMPATH\CodeIgniter.php(913): App\Controllers\PlacesController->__construct()
 2 SYSTEMPATH\CodeIgniter.php(493): CodeIgniter\CodeIgniter->createController()
 3 SYSTEMPATH\CodeIgniter.php(361): CodeIgniter\CodeIgniter->handleRequest(null, Object(Config\Cache), false)
 4 FCPATH\index.php(79): CodeIgniter\CodeIgniter->run()
WARNING - 2025-01-17 12:29:15 --> [DEPRECATED] Creation of dynamic property App\Controllers\PlacesController::$imageModel is deprecated in APPPATH\Controllers\PlacesController.php on line 21.
 1 SYSTEMPATH\CodeIgniter.php(913): App\Controllers\PlacesController->__construct()
 2 SYSTEMPATH\CodeIgniter.php(493): CodeIgniter\CodeIgniter->createController()
 3 SYSTEMPATH\CodeIgniter.php(361): CodeIgniter\CodeIgniter->handleRequest(null, Object(Config\Cache), false)
 4 FCPATH\index.php(79): CodeIgniter\CodeIgniter->run()
WARNING - 2025-01-17 12:29:15 --> [DEPRECATED] Creation of dynamic property App\Controllers\PlacesController::$areaModel is deprecated in APPPATH\Controllers\PlacesController.php on line 22.
 1 SYSTEMPATH\CodeIgniter.php(913): App\Controllers\PlacesController->__construct()
 2 SYSTEMPATH\CodeIgniter.php(493): CodeIgniter\CodeIgniter->createController()
 3 SYSTEMPATH\CodeIgniter.php(361): CodeIgniter\CodeIgniter->handleRequest(null, Object(Config\Cache), false)
 4 FCPATH\index.php(79): CodeIgniter\CodeIgniter->run()
WARNING - 2025-01-17 12:29:15 --> [DEPRECATED] Creation of dynamic property App\Controllers\PlacesController::$foodModel is deprecated in APPPATH\Controllers\PlacesController.php on line 23.
 1 SYSTEMPATH\CodeIgniter.php(913): App\Controllers\PlacesController->__construct()
 2 SYSTEMPATH\CodeIgniter.php(493): CodeIgniter\CodeIgniter->createController()
 3 SYSTEMPATH\CodeIgniter.php(361): CodeIgniter\CodeIgniter->handleRequest(null, Object(Config\Cache), false)
 4 FCPATH\index.php(79): CodeIgniter\CodeIgniter->run()
WARNING - 2025-01-17 12:29:15 --> [DEPRECATED] Creation of dynamic property App\Controllers\PlacesController::$blogModel is deprecated in APPPATH\Controllers\PlacesController.php on line 24.
 1 SYSTEMPATH\CodeIgniter.php(913): App\Controllers\PlacesController->__construct()
 2 SYSTEMPATH\CodeIgniter.php(493): CodeIgniter\CodeIgniter->createController()
 3 SYSTEMPATH\CodeIgniter.php(361): CodeIgniter\CodeIgniter->handleRequest(null, Object(Config\Cache), false)
 4 FCPATH\index.php(79): CodeIgniter\CodeIgniter->run()
INFO - 2025-01-17 12:29:15 --> Session: Class initialized using 'CodeIgniter\Session\Handlers\FileHandler' driver.
WARNING - 2025-01-17 12:29:15 --> [DEPRECATED] Creation of dynamic property App\Controllers\HomeController::$citiesModel is deprecated in APPPATH\Controllers\HomeController.php on line 19.
 1 SYSTEMPATH\CodeIgniter.php(913): App\Controllers\HomeController->__construct()
 2 SYSTEMPATH\CodeIgniter.php(493): CodeIgniter\CodeIgniter->createController()
 3 SYSTEMPATH\CodeIgniter.php(361): CodeIgniter\CodeIgniter->handleRequest(null, Object(Config\Cache), false)
 4 FCPATH\index.php(79): CodeIgniter\CodeIgniter->run()
WARNING - 2025-01-17 12:29:15 --> [DEPRECATED] Creation of dynamic property App\Controllers\HomeController::$uttarakhandModel is deprecated in APPPATH\Controllers\HomeController.php on line 20.
 1 SYSTEMPATH\CodeIgniter.php(913): App\Controllers\HomeController->__construct()
 2 SYSTEMPATH\CodeIgniter.php(493): CodeIgniter\CodeIgniter->createController()
 3 SYSTEMPATH\CodeIgniter.php(361): CodeIgniter\CodeIgniter->handleRequest(null, Object(Config\Cache), false)
 4 FCPATH\index.php(79): CodeIgniter\CodeIgniter->run()
WARNING - 2025-01-17 12:29:15 --> [DEPRECATED] Creation of dynamic property App\Controllers\HomeController::$imageModel is deprecated in APPPATH\Controllers\HomeController.php on line 21.
 1 SYSTEMPATH\CodeIgniter.php(913): App\Controllers\HomeController->__construct()
 2 SYSTEMPATH\CodeIgniter.php(493): CodeIgniter\CodeIgniter->createController()
 3 SYSTEMPATH\CodeIgniter.php(361): CodeIgniter\CodeIgniter->handleRequest(null, Object(Config\Cache), false)
 4 FCPATH\index.php(79): CodeIgniter\CodeIgniter->run()
WARNING - 2025-01-17 12:29:15 --> [DEPRECATED] Creation of dynamic property App\Controllers\HomeController::$areaModel is deprecated in APPPATH\Controllers\HomeController.php on line 22.
 1 SYSTEMPATH\CodeIgniter.php(913): App\Controllers\HomeController->__construct()
 2 SYSTEMPATH\CodeIgniter.php(493): CodeIgniter\CodeIgniter->createController()
 3 SYSTEMPATH\CodeIgniter.php(361): CodeIgniter\CodeIgniter->handleRequest(null, Object(Config\Cache), false)
 4 FCPATH\index.php(79): CodeIgniter\CodeIgniter->run()
WARNING - 2025-01-17 12:29:15 --> [DEPRECATED] Creation of dynamic property App\Controllers\HomeController::$foodModel is deprecated in APPPATH\Controllers\HomeController.php on line 23.
 1 SYSTEMPATH\CodeIgniter.php(913): App\Controllers\HomeController->__construct()
 2 SYSTEMPATH\CodeIgniter.php(493): CodeIgniter\CodeIgniter->createController()
 3 SYSTEMPATH\CodeIgniter.php(361): CodeIgniter\CodeIgniter->handleRequest(null, Object(Config\Cache), false)
 4 FCPATH\index.php(79): CodeIgniter\CodeIgniter->run()
WARNING - 2025-01-17 12:29:15 --> [DEPRECATED] Creation of dynamic property App\Controllers\HomeController::$blogModel is deprecated in APPPATH\Controllers\HomeController.php on line 24.
 1 SYSTEMPATH\CodeIgniter.php(913): App\Controllers\HomeController->__construct()
 2 SYSTEMPATH\CodeIgniter.php(493): CodeIgniter\CodeIgniter->createController()
 3 SYSTEMPATH\CodeIgniter.php(361): CodeIgniter\CodeIgniter->handleRequest(null, Object(Config\Cache), false)
 4 FCPATH\index.php(79): CodeIgniter\CodeIgniter->run()
INFO - 2025-01-17 12:29:15 --> Session: Class initialized using 'CodeIgniter\Session\Handlers\FileHandler' driver.
CRITICAL - 2025-01-17 12:29:15 --> ErrorException: Trying to access array offset on value of type null
in APPPATH\Controllers\HomeController.php on line 80.
 1 APPPATH\Controllers\HomeController.php(80): CodeIgniter\Debug\Exceptions->errorHandler(2, 'Trying to access array offset on value of type null', 'C:\\xampp\\htdocs\\uttrakhand\\app\\Controllers\\HomeController.php', 80)
 2 SYSTEMPATH\CodeIgniter.php(941): App\Controllers\HomeController->page('uploads', 'no_image.jpg')
 3 SYSTEMPATH\CodeIgniter.php(502): CodeIgniter\CodeIgniter->runController(Object(App\Controllers\HomeController))
 4 SYSTEMPATH\CodeIgniter.php(361): CodeIgniter\CodeIgniter->handleRequest(null, Object(Config\Cache), false)
 5 FCPATH\index.php(79): CodeIgniter\CodeIgniter->run()
WARNING - 2025-01-17 12:29:16 --> [DEPRECATED] Creation of dynamic property App\Controllers\BlogController::$blogcategoryModel is deprecated in APPPATH\Controllers\BlogController.php on line 14.
 1 SYSTEMPATH\CodeIgniter.php(913): App\Controllers\BlogController->__construct()
 2 SYSTEMPATH\CodeIgniter.php(493): CodeIgniter\CodeIgniter->createController()
 3 SYSTEMPATH\CodeIgniter.php(361): CodeIgniter\CodeIgniter->handleRequest(null, Object(Config\Cache), false)
 4 FCPATH\index.php(79): CodeIgniter\CodeIgniter->run()
WARNING - 2025-01-17 12:29:16 --> [DEPRECATED] Creation of dynamic property App\Controllers\BlogController::$blogModel is deprecated in APPPATH\Controllers\BlogController.php on line 15.
 1 SYSTEMPATH\CodeIgniter.php(913): App\Controllers\BlogController->__construct()
 2 SYSTEMPATH\CodeIgniter.php(493): CodeIgniter\CodeIgniter->createController()
 3 SYSTEMPATH\CodeIgniter.php(361): CodeIgniter\CodeIgniter->handleRequest(null, Object(Config\Cache), false)
 4 FCPATH\index.php(79): CodeIgniter\CodeIgniter->run()
WARNING - 2025-01-17 12:29:16 --> [DEPRECATED] Creation of dynamic property App\Controllers\BlogController::$citiesModel is deprecated in APPPATH\Controllers\BlogController.php on line 16.
 1 SYSTEMPATH\CodeIgniter.php(913): App\Controllers\BlogController->__construct()
 2 SYSTEMPATH\CodeIgniter.php(493): CodeIgniter\CodeIgniter->createController()
 3 SYSTEMPATH\CodeIgniter.php(361): CodeIgniter\CodeIgniter->handleRequest(null, Object(Config\Cache), false)
 4 FCPATH\index.php(79): CodeIgniter\CodeIgniter->run()
WARNING - 2025-01-17 12:29:16 --> [DEPRECATED] Creation of dynamic property App\Controllers\BlogController::$commentModel is deprecated in APPPATH\Controllers\BlogController.php on line 17.
 1 SYSTEMPATH\CodeIgniter.php(913): App\Controllers\BlogController->__construct()
 2 SYSTEMPATH\CodeIgniter.php(493): CodeIgniter\CodeIgniter->createController()
 3 SYSTEMPATH\CodeIgniter.php(361): CodeIgniter\CodeIgniter->handleRequest(null, Object(Config\Cache), false)
 4 FCPATH\index.php(79): CodeIgniter\CodeIgniter->run()
WARNING - 2025-01-17 12:29:16 --> [DEPRECATED] Creation of dynamic property App\Controllers\BlogController::$likesModel is deprecated in APPPATH\Controllers\BlogController.php on line 18.
 1 SYSTEMPATH\CodeIgniter.php(913): App\Controllers\BlogController->__construct()
 2 SYSTEMPATH\CodeIgniter.php(493): CodeIgniter\CodeIgniter->createController()
 3 SYSTEMPATH\CodeIgniter.php(361): CodeIgniter\CodeIgniter->handleRequest(null, Object(Config\Cache), false)
 4 FCPATH\index.php(79): CodeIgniter\CodeIgniter->run()
INFO - 2025-01-17 12:29:16 --> Session: Class initialized using 'CodeIgniter\Session\Handlers\FileHandler' driver.
WARNING - 2025-01-17 12:29:18 --> [DEPRECATED] Creation of dynamic property App\Controllers\ContactController::$citiesModel is deprecated in APPPATH\Controllers\ContactController.php on line 21.
 1 SYSTEMPATH\CodeIgniter.php(913): App\Controllers\ContactController->__construct()
 2 SYSTEMPATH\CodeIgniter.php(493): CodeIgniter\CodeIgniter->createController()
 3 SYSTEMPATH\CodeIgniter.php(361): CodeIgniter\CodeIgniter->handleRequest(null, Object(Config\Cache), false)
 4 FCPATH\index.php(79): CodeIgniter\CodeIgniter->run()
WARNING - 2025-01-17 12:29:18 --> [DEPRECATED] Creation of dynamic property App\Controllers\ContactController::$uttarakhandModel is deprecated in APPPATH\Controllers\ContactController.php on line 22.
 1 SYSTEMPATH\CodeIgniter.php(913): App\Controllers\ContactController->__construct()
 2 SYSTEMPATH\CodeIgniter.php(493): CodeIgniter\CodeIgniter->createController()
 3 SYSTEMPATH\CodeIgniter.php(361): CodeIgniter\CodeIgniter->handleRequest(null, Object(Config\Cache), false)
 4 FCPATH\index.php(79): CodeIgniter\CodeIgniter->run()
WARNING - 2025-01-17 12:29:18 --> [DEPRECATED] Creation of dynamic property App\Controllers\ContactController::$imageModel is deprecated in APPPATH\Controllers\ContactController.php on line 23.
 1 SYSTEMPATH\CodeIgniter.php(913): App\Controllers\ContactController->__construct()
 2 SYSTEMPATH\CodeIgniter.php(493): CodeIgniter\CodeIgniter->createController()
 3 SYSTEMPATH\CodeIgniter.php(361): CodeIgniter\CodeIgniter->handleRequest(null, Object(Config\Cache), false)
 4 FCPATH\index.php(79): CodeIgniter\CodeIgniter->run()
WARNING - 2025-01-17 12:29:18 --> [DEPRECATED] Creation of dynamic property App\Controllers\ContactController::$areaModel is deprecated in APPPATH\Controllers\ContactController.php on line 24.
 1 SYSTEMPATH\CodeIgniter.php(913): App\Controllers\ContactController->__construct()
 2 SYSTEMPATH\CodeIgniter.php(493): CodeIgniter\CodeIgniter->createController()
 3 SYSTEMPATH\CodeIgniter.php(361): CodeIgniter\CodeIgniter->handleRequest(null, Object(Config\Cache), false)
 4 FCPATH\index.php(79): CodeIgniter\CodeIgniter->run()
WARNING - 2025-01-17 12:29:18 --> [DEPRECATED] Creation of dynamic property App\Controllers\ContactController::$foodModel is deprecated in APPPATH\Controllers\ContactController.php on line 25.
 1 SYSTEMPATH\CodeIgniter.php(913): App\Controllers\ContactController->__construct()
 2 SYSTEMPATH\CodeIgniter.php(493): CodeIgniter\CodeIgniter->createController()
 3 SYSTEMPATH\CodeIgniter.php(361): CodeIgniter\CodeIgniter->handleRequest(null, Object(Config\Cache), false)
 4 FCPATH\index.php(79): CodeIgniter\CodeIgniter->run()
WARNING - 2025-01-17 12:29:18 --> [DEPRECATED] Creation of dynamic property App\Controllers\ContactController::$blogModel is deprecated in APPPATH\Controllers\ContactController.php on line 26.
 1 SYSTEMPATH\CodeIgniter.php(913): App\Controllers\ContactController->__construct()
 2 SYSTEMPATH\CodeIgniter.php(493): CodeIgniter\CodeIgniter->createController()
 3 SYSTEMPATH\CodeIgniter.php(361): CodeIgniter\CodeIgniter->handleRequest(null, Object(Config\Cache), false)
 4 FCPATH\index.php(79): CodeIgniter\CodeIgniter->run()
WARNING - 2025-01-17 12:29:18 --> [DEPRECATED] Creation of dynamic property App\Controllers\ContactController::$contactModel is deprecated in APPPATH\Controllers\ContactController.php on line 27.
 1 SYSTEMPATH\CodeIgniter.php(913): App\Controllers\ContactController->__construct()
 2 SYSTEMPATH\CodeIgniter.php(493): CodeIgniter\CodeIgniter->createController()
 3 SYSTEMPATH\CodeIgniter.php(361): CodeIgniter\CodeIgniter->handleRequest(null, Object(Config\Cache), false)
 4 FCPATH\index.php(79): CodeIgniter\CodeIgniter->run()
WARNING - 2025-01-17 12:29:18 --> [DEPRECATED] Creation of dynamic property App\Controllers\ContactController::$subscribersModel is deprecated in APPPATH\Controllers\ContactController.php on line 28.
 1 SYSTEMPATH\CodeIgniter.php(913): App\Controllers\ContactController->__construct()
 2 SYSTEMPATH\CodeIgniter.php(493): CodeIgniter\CodeIgniter->createController()
 3 SYSTEMPATH\CodeIgniter.php(361): CodeIgniter\CodeIgniter->handleRequest(null, Object(Config\Cache), false)
 4 FCPATH\index.php(79): CodeIgniter\CodeIgniter->run()
WARNING - 2025-01-17 12:29:18 --> [DEPRECATED] Creation of dynamic property App\Controllers\ContactController::$commentModel is deprecated in APPPATH\Controllers\ContactController.php on line 29.
 1 SYSTEMPATH\CodeIgniter.php(913): App\Controllers\ContactController->__construct()
 2 SYSTEMPATH\CodeIgniter.php(493): CodeIgniter\CodeIgniter->createController()
 3 SYSTEMPATH\CodeIgniter.php(361): CodeIgniter\CodeIgniter->handleRequest(null, Object(Config\Cache), false)
 4 FCPATH\index.php(79): CodeIgniter\CodeIgniter->run()
WARNING - 2025-01-17 12:29:18 --> [DEPRECATED] Creation of dynamic property App\Controllers\ContactController::$likesModel is deprecated in APPPATH\Controllers\ContactController.php on line 30.
 1 SYSTEMPATH\CodeIgniter.php(913): App\Controllers\ContactController->__construct()
 2 SYSTEMPATH\CodeIgniter.php(493): CodeIgniter\CodeIgniter->createController()
 3 SYSTEMPATH\CodeIgniter.php(361): CodeIgniter\CodeIgniter->handleRequest(null, Object(Config\Cache), false)
 4 FCPATH\index.php(79): CodeIgniter\CodeIgniter->run()
INFO - 2025-01-17 12:29:18 --> Session: Class initialized using 'CodeIgniter\Session\Handlers\FileHandler' driver.
WARNING - 2025-01-17 12:29:32 --> [DEPRECATED] Creation of dynamic property App\Controllers\DestinationController::$citiesModel is deprecated in APPPATH\Controllers\DestinationController.php on line 16.
 1 SYSTEMPATH\CodeIgniter.php(913): App\Controllers\DestinationController->__construct()
 2 SYSTEMPATH\CodeIgniter.php(493): CodeIgniter\CodeIgniter->createController()
 3 SYSTEMPATH\CodeIgniter.php(361): CodeIgniter\CodeIgniter->handleRequest(null, Object(Config\Cache), false)
 4 FCPATH\index.php(79): CodeIgniter\CodeIgniter->run()
WARNING - 2025-01-17 12:29:32 --> [DEPRECATED] Creation of dynamic property App\Controllers\DestinationController::$uttarakhandModel is deprecated in APPPATH\Controllers\DestinationController.php on line 17.
 1 SYSTEMPATH\CodeIgniter.php(913): App\Controllers\DestinationController->__construct()
 2 SYSTEMPATH\CodeIgniter.php(493): CodeIgniter\CodeIgniter->createController()
 3 SYSTEMPATH\CodeIgniter.php(361): CodeIgniter\CodeIgniter->handleRequest(null, Object(Config\Cache), false)
 4 FCPATH\index.php(79): CodeIgniter\CodeIgniter->run()
WARNING - 2025-01-17 12:29:32 --> [DEPRECATED] Creation of dynamic property App\Controllers\DestinationController::$imageModel is deprecated in APPPATH\Controllers\DestinationController.php on line 18.
 1 SYSTEMPATH\CodeIgniter.php(913): App\Controllers\DestinationController->__construct()
 2 SYSTEMPATH\CodeIgniter.php(493): CodeIgniter\CodeIgniter->createController()
 3 SYSTEMPATH\CodeIgniter.php(361): CodeIgniter\CodeIgniter->handleRequest(null, Object(Config\Cache), false)
 4 FCPATH\index.php(79): CodeIgniter\CodeIgniter->run()
WARNING - 2025-01-17 12:29:32 --> [DEPRECATED] Creation of dynamic property App\Controllers\DestinationController::$areaModel is deprecated in APPPATH\Controllers\DestinationController.php on line 19.
 1 SYSTEMPATH\CodeIgniter.php(913): App\Controllers\DestinationController->__construct()
 2 SYSTEMPATH\CodeIgniter.php(493): CodeIgniter\CodeIgniter->createController()
 3 SYSTEMPATH\CodeIgniter.php(361): CodeIgniter\CodeIgniter->handleRequest(null, Object(Config\Cache), false)
 4 FCPATH\index.php(79): CodeIgniter\CodeIgniter->run()
WARNING - 2025-01-17 12:29:32 --> [DEPRECATED] Creation of dynamic property App\Controllers\DestinationController::$foodModel is deprecated in APPPATH\Controllers\DestinationController.php on line 20.
 1 SYSTEMPATH\CodeIgniter.php(913): App\Controllers\DestinationController->__construct()
 2 SYSTEMPATH\CodeIgniter.php(493): CodeIgniter\CodeIgniter->createController()
 3 SYSTEMPATH\CodeIgniter.php(361): CodeIgniter\CodeIgniter->handleRequest(null, Object(Config\Cache), false)
 4 FCPATH\index.php(79): CodeIgniter\CodeIgniter->run()
WARNING - 2025-01-17 12:29:32 --> [DEPRECATED] Creation of dynamic property App\Controllers\DestinationController::$blogModel is deprecated in APPPATH\Controllers\DestinationController.php on line 21.
 1 SYSTEMPATH\CodeIgniter.php(913): App\Controllers\DestinationController->__construct()
 2 SYSTEMPATH\CodeIgniter.php(493): CodeIgniter\CodeIgniter->createController()
 3 SYSTEMPATH\CodeIgniter.php(361): CodeIgniter\CodeIgniter->handleRequest(null, Object(Config\Cache), false)
 4 FCPATH\index.php(79): CodeIgniter\CodeIgniter->run()
INFO - 2025-01-17 12:29:32 --> Session: Class initialized using 'CodeIgniter\Session\Handlers\FileHandler' driver.
WARNING - 2025-01-17 12:29:32 --> [DEPRECATED] Creation of dynamic property App\Controllers\HomeController::$citiesModel is deprecated in APPPATH\Controllers\HomeController.php on line 19.
 1 SYSTEMPATH\CodeIgniter.php(913): App\Controllers\HomeController->__construct()
 2 SYSTEMPATH\CodeIgniter.php(493): CodeIgniter\CodeIgniter->createController()
 3 SYSTEMPATH\CodeIgniter.php(361): CodeIgniter\CodeIgniter->handleRequest(null, Object(Config\Cache), false)
 4 FCPATH\index.php(79): CodeIgniter\CodeIgniter->run()
WARNING - 2025-01-17 12:29:32 --> [DEPRECATED] Creation of dynamic property App\Controllers\HomeController::$uttarakhandModel is deprecated in APPPATH\Controllers\HomeController.php on line 20.
 1 SYSTEMPATH\CodeIgniter.php(913): App\Controllers\HomeController->__construct()
 2 SYSTEMPATH\CodeIgniter.php(493): CodeIgniter\CodeIgniter->createController()
 3 SYSTEMPATH\CodeIgniter.php(361): CodeIgniter\CodeIgniter->handleRequest(null, Object(Config\Cache), false)
 4 FCPATH\index.php(79): CodeIgniter\CodeIgniter->run()
WARNING - 2025-01-17 12:29:32 --> [DEPRECATED] Creation of dynamic property App\Controllers\HomeController::$imageModel is deprecated in APPPATH\Controllers\HomeController.php on line 21.
 1 SYSTEMPATH\CodeIgniter.php(913): App\Controllers\HomeController->__construct()
 2 SYSTEMPATH\CodeIgniter.php(493): CodeIgniter\CodeIgniter->createController()
 3 SYSTEMPATH\CodeIgniter.php(361): CodeIgniter\CodeIgniter->handleRequest(null, Object(Config\Cache), false)
 4 FCPATH\index.php(79): CodeIgniter\CodeIgniter->run()
WARNING - 2025-01-17 12:29:32 --> [DEPRECATED] Creation of dynamic property App\Controllers\HomeController::$areaModel is deprecated in APPPATH\Controllers\HomeController.php on line 22.
 1 SYSTEMPATH\CodeIgniter.php(913): App\Controllers\HomeController->__construct()
 2 SYSTEMPATH\CodeIgniter.php(493): CodeIgniter\CodeIgniter->createController()
 3 SYSTEMPATH\CodeIgniter.php(361): CodeIgniter\CodeIgniter->handleRequest(null, Object(Config\Cache), false)
 4 FCPATH\index.php(79): CodeIgniter\CodeIgniter->run()
WARNING - 2025-01-17 12:29:32 --> [DEPRECATED] Creation of dynamic property App\Controllers\HomeController::$foodModel is deprecated in APPPATH\Controllers\HomeController.php on line 23.
 1 SYSTEMPATH\CodeIgniter.php(913): App\Controllers\HomeController->__construct()
 2 SYSTEMPATH\CodeIgniter.php(493): CodeIgniter\CodeIgniter->createController()
 3 SYSTEMPATH\CodeIgniter.php(361): CodeIgniter\CodeIgniter->handleRequest(null, Object(Config\Cache), false)
 4 FCPATH\index.php(79): CodeIgniter\CodeIgniter->run()
WARNING - 2025-01-17 12:29:32 --> [DEPRECATED] Creation of dynamic property App\Controllers\HomeController::$blogModel is deprecated in APPPATH\Controllers\HomeController.php on line 24.
 1 SYSTEMPATH\CodeIgniter.php(913): App\Controllers\HomeController->__construct()
 2 SYSTEMPATH\CodeIgniter.php(493): CodeIgniter\CodeIgniter->createController()
 3 SYSTEMPATH\CodeIgniter.php(361): CodeIgniter\CodeIgniter->handleRequest(null, Object(Config\Cache), false)
 4 FCPATH\index.php(79): CodeIgniter\CodeIgniter->run()
INFO - 2025-01-17 12:29:32 --> Session: Class initialized using 'CodeIgniter\Session\Handlers\FileHandler' driver.
CRITICAL - 2025-01-17 12:29:32 --> ErrorException: Trying to access array offset on value of type null
in APPPATH\Controllers\HomeController.php on line 80.
 1 APPPATH\Controllers\HomeController.php(80): CodeIgniter\Debug\Exceptions->errorHandler(2, 'Trying to access array offset on value of type null', 'C:\\xampp\\htdocs\\uttrakhand\\app\\Controllers\\HomeController.php', 80)
 2 SYSTEMPATH\CodeIgniter.php(941): App\Controllers\HomeController->page('images', 'bg_1.jpg')
 3 SYSTEMPATH\CodeIgniter.php(502): CodeIgniter\CodeIgniter->runController(Object(App\Controllers\HomeController))
 4 SYSTEMPATH\CodeIgniter.php(361): CodeIgniter\CodeIgniter->handleRequest(null, Object(Config\Cache), false)
 5 FCPATH\index.php(79): CodeIgniter\CodeIgniter->run()
WARNING - 2025-01-17 12:32:39 --> [DEPRECATED] Creation of dynamic property App\Controllers\DestinationController::$citiesModel is deprecated in APPPATH\Controllers\DestinationController.php on line 16.
 1 SYSTEMPATH\CodeIgniter.php(913): App\Controllers\DestinationController->__construct()
 2 SYSTEMPATH\CodeIgniter.php(493): CodeIgniter\CodeIgniter->createController()
 3 SYSTEMPATH\CodeIgniter.php(361): CodeIgniter\CodeIgniter->handleRequest(null, Object(Config\Cache), false)
 4 FCPATH\index.php(79): CodeIgniter\CodeIgniter->run()
WARNING - 2025-01-17 12:32:39 --> [DEPRECATED] Creation of dynamic property App\Controllers\DestinationController::$uttarakhandModel is deprecated in APPPATH\Controllers\DestinationController.php on line 17.
 1 SYSTEMPATH\CodeIgniter.php(913): App\Controllers\DestinationController->__construct()
 2 SYSTEMPATH\CodeIgniter.php(493): CodeIgniter\CodeIgniter->createController()
 3 SYSTEMPATH\CodeIgniter.php(361): CodeIgniter\CodeIgniter->handleRequest(null, Object(Config\Cache), false)
 4 FCPATH\index.php(79): CodeIgniter\CodeIgniter->run()
WARNING - 2025-01-17 12:32:39 --> [DEPRECATED] Creation of dynamic property App\Controllers\DestinationController::$imageModel is deprecated in APPPATH\Controllers\DestinationController.php on line 18.
 1 SYSTEMPATH\CodeIgniter.php(913): App\Controllers\DestinationController->__construct()
 2 SYSTEMPATH\CodeIgniter.php(493): CodeIgniter\CodeIgniter->createController()
 3 SYSTEMPATH\CodeIgniter.php(361): CodeIgniter\CodeIgniter->handleRequest(null, Object(Config\Cache), false)
 4 FCPATH\index.php(79): CodeIgniter\CodeIgniter->run()
WARNING - 2025-01-17 12:32:39 --> [DEPRECATED] Creation of dynamic property App\Controllers\DestinationController::$areaModel is deprecated in APPPATH\Controllers\DestinationController.php on line 19.
 1 SYSTEMPATH\CodeIgniter.php(913): App\Controllers\DestinationController->__construct()
 2 SYSTEMPATH\CodeIgniter.php(493): CodeIgniter\CodeIgniter->createController()
 3 SYSTEMPATH\CodeIgniter.php(361): CodeIgniter\CodeIgniter->handleRequest(null, Object(Config\Cache), false)
 4 FCPATH\index.php(79): CodeIgniter\CodeIgniter->run()
WARNING - 2025-01-17 12:32:39 --> [DEPRECATED] Creation of dynamic property App\Controllers\DestinationController::$foodModel is deprecated in APPPATH\Controllers\DestinationController.php on line 20.
 1 SYSTEMPATH\CodeIgniter.php(913): App\Controllers\DestinationController->__construct()
 2 SYSTEMPATH\CodeIgniter.php(493): CodeIgniter\CodeIgniter->createController()
 3 SYSTEMPATH\CodeIgniter.php(361): CodeIgniter\CodeIgniter->handleRequest(null, Object(Config\Cache), false)
 4 FCPATH\index.php(79): CodeIgniter\CodeIgniter->run()
WARNING - 2025-01-17 12:32:39 --> [DEPRECATED] Creation of dynamic property App\Controllers\DestinationController::$blogModel is deprecated in APPPATH\Controllers\DestinationController.php on line 21.
 1 SYSTEMPATH\CodeIgniter.php(913): App\Controllers\DestinationController->__construct()
 2 SYSTEMPATH\CodeIgniter.php(493): CodeIgniter\CodeIgniter->createController()
 3 SYSTEMPATH\CodeIgniter.php(361): CodeIgniter\CodeIgniter->handleRequest(null, Object(Config\Cache), false)
 4 FCPATH\index.php(79): CodeIgniter\CodeIgniter->run()
INFO - 2025-01-17 12:32:39 --> Session: Class initialized using 'CodeIgniter\Session\Handlers\FileHandler' driver.
WARNING - 2025-01-17 12:32:40 --> [DEPRECATED] Creation of dynamic property App\Controllers\HomeController::$citiesModel is deprecated in APPPATH\Controllers\HomeController.php on line 19.
 1 SYSTEMPATH\CodeIgniter.php(913): App\Controllers\HomeController->__construct()
 2 SYSTEMPATH\CodeIgniter.php(493): CodeIgniter\CodeIgniter->createController()
 3 SYSTEMPATH\CodeIgniter.php(361): CodeIgniter\CodeIgniter->handleRequest(null, Object(Config\Cache), false)
 4 FCPATH\index.php(79): CodeIgniter\CodeIgniter->run()
WARNING - 2025-01-17 12:32:40 --> [DEPRECATED] Creation of dynamic property App\Controllers\HomeController::$uttarakhandModel is deprecated in APPPATH\Controllers\HomeController.php on line 20.
 1 SYSTEMPATH\CodeIgniter.php(913): App\Controllers\HomeController->__construct()
 2 SYSTEMPATH\CodeIgniter.php(493): CodeIgniter\CodeIgniter->createController()
 3 SYSTEMPATH\CodeIgniter.php(361): CodeIgniter\CodeIgniter->handleRequest(null, Object(Config\Cache), false)
 4 FCPATH\index.php(79): CodeIgniter\CodeIgniter->run()
WARNING - 2025-01-17 12:32:40 --> [DEPRECATED] Creation of dynamic property App\Controllers\HomeController::$imageModel is deprecated in APPPATH\Controllers\HomeController.php on line 21.
 1 SYSTEMPATH\CodeIgniter.php(913): App\Controllers\HomeController->__construct()
 2 SYSTEMPATH\CodeIgniter.php(493): CodeIgniter\CodeIgniter->createController()
 3 SYSTEMPATH\CodeIgniter.php(361): CodeIgniter\CodeIgniter->handleRequest(null, Object(Config\Cache), false)
 4 FCPATH\index.php(79): CodeIgniter\CodeIgniter->run()
WARNING - 2025-01-17 12:32:40 --> [DEPRECATED] Creation of dynamic property App\Controllers\HomeController::$areaModel is deprecated in APPPATH\Controllers\HomeController.php on line 22.
 1 SYSTEMPATH\CodeIgniter.php(913): App\Controllers\HomeController->__construct()
 2 SYSTEMPATH\CodeIgniter.php(493): CodeIgniter\CodeIgniter->createController()
 3 SYSTEMPATH\CodeIgniter.php(361): CodeIgniter\CodeIgniter->handleRequest(null, Object(Config\Cache), false)
 4 FCPATH\index.php(79): CodeIgniter\CodeIgniter->run()
WARNING - 2025-01-17 12:32:40 --> [DEPRECATED] Creation of dynamic property App\Controllers\HomeController::$foodModel is deprecated in APPPATH\Controllers\HomeController.php on line 23.
 1 SYSTEMPATH\CodeIgniter.php(913): App\Controllers\HomeController->__construct()
 2 SYSTEMPATH\CodeIgniter.php(493): CodeIgniter\CodeIgniter->createController()
 3 SYSTEMPATH\CodeIgniter.php(361): CodeIgniter\CodeIgniter->handleRequest(null, Object(Config\Cache), false)
 4 FCPATH\index.php(79): CodeIgniter\CodeIgniter->run()
WARNING - 2025-01-17 12:32:40 --> [DEPRECATED] Creation of dynamic property App\Controllers\HomeController::$blogModel is deprecated in APPPATH\Controllers\HomeController.php on line 24.
 1 SYSTEMPATH\CodeIgniter.php(913): App\Controllers\HomeController->__construct()
 2 SYSTEMPATH\CodeIgniter.php(493): CodeIgniter\CodeIgniter->createController()
 3 SYSTEMPATH\CodeIgniter.php(361): CodeIgniter\CodeIgniter->handleRequest(null, Object(Config\Cache), false)
 4 FCPATH\index.php(79): CodeIgniter\CodeIgniter->run()
INFO - 2025-01-17 12:32:40 --> Session: Class initialized using 'CodeIgniter\Session\Handlers\FileHandler' driver.
CRITICAL - 2025-01-17 12:32:40 --> ErrorException: Trying to access array offset on value of type null
in APPPATH\Controllers\HomeController.php on line 80.
 1 APPPATH\Controllers\HomeController.php(80): CodeIgniter\Debug\Exceptions->errorHandler(2, 'Trying to access array offset on value of type null', 'C:\\xampp\\htdocs\\uttrakhand\\app\\Controllers\\HomeController.php', 80)
 2 SYSTEMPATH\CodeIgniter.php(941): App\Controllers\HomeController->page('images', 'bg_1.jpg')
 3 SYSTEMPATH\CodeIgniter.php(502): CodeIgniter\CodeIgniter->runController(Object(App\Controllers\HomeController))
 4 SYSTEMPATH\CodeIgniter.php(361): CodeIgniter\CodeIgniter->handleRequest(null, Object(Config\Cache), false)
 5 FCPATH\index.php(79): CodeIgniter\CodeIgniter->run()
WARNING - 2025-01-17 12:32:58 --> [DEPRECATED] Creation of dynamic property App\Controllers\ContactController::$citiesModel is deprecated in APPPATH\Controllers\ContactController.php on line 21.
 1 SYSTEMPATH\CodeIgniter.php(913): App\Controllers\ContactController->__construct()
 2 SYSTEMPATH\CodeIgniter.php(493): CodeIgniter\CodeIgniter->createController()
 3 SYSTEMPATH\CodeIgniter.php(361): CodeIgniter\CodeIgniter->handleRequest(null, Object(Config\Cache), false)
 4 FCPATH\index.php(79): CodeIgniter\CodeIgniter->run()
WARNING - 2025-01-17 12:32:58 --> [DEPRECATED] Creation of dynamic property App\Controllers\ContactController::$uttarakhandModel is deprecated in APPPATH\Controllers\ContactController.php on line 22.
 1 SYSTEMPATH\CodeIgniter.php(913): App\Controllers\ContactController->__construct()
 2 SYSTEMPATH\CodeIgniter.php(493): CodeIgniter\CodeIgniter->createController()
 3 SYSTEMPATH\CodeIgniter.php(361): CodeIgniter\CodeIgniter->handleRequest(null, Object(Config\Cache), false)
 4 FCPATH\index.php(79): CodeIgniter\CodeIgniter->run()
WARNING - 2025-01-17 12:32:58 --> [DEPRECATED] Creation of dynamic property App\Controllers\ContactController::$imageModel is deprecated in APPPATH\Controllers\ContactController.php on line 23.
 1 SYSTEMPATH\CodeIgniter.php(913): App\Controllers\ContactController->__construct()
 2 SYSTEMPATH\CodeIgniter.php(493): CodeIgniter\CodeIgniter->createController()
 3 SYSTEMPATH\CodeIgniter.php(361): CodeIgniter\CodeIgniter->handleRequest(null, Object(Config\Cache), false)
 4 FCPATH\index.php(79): CodeIgniter\CodeIgniter->run()
WARNING - 2025-01-17 12:32:58 --> [DEPRECATED] Creation of dynamic property App\Controllers\ContactController::$areaModel is deprecated in APPPATH\Controllers\ContactController.php on line 24.
 1 SYSTEMPATH\CodeIgniter.php(913): App\Controllers\ContactController->__construct()
 2 SYSTEMPATH\CodeIgniter.php(493): CodeIgniter\CodeIgniter->createController()
 3 SYSTEMPATH\CodeIgniter.php(361): CodeIgniter\CodeIgniter->handleRequest(null, Object(Config\Cache), false)
 4 FCPATH\index.php(79): CodeIgniter\CodeIgniter->run()
WARNING - 2025-01-17 12:32:58 --> [DEPRECATED] Creation of dynamic property App\Controllers\ContactController::$foodModel is deprecated in APPPATH\Controllers\ContactController.php on line 25.
 1 SYSTEMPATH\CodeIgniter.php(913): App\Controllers\ContactController->__construct()
 2 SYSTEMPATH\CodeIgniter.php(493): CodeIgniter\CodeIgniter->createController()
 3 SYSTEMPATH\CodeIgniter.php(361): CodeIgniter\CodeIgniter->handleRequest(null, Object(Config\Cache), false)
 4 FCPATH\index.php(79): CodeIgniter\CodeIgniter->run()
WARNING - 2025-01-17 12:32:58 --> [DEPRECATED] Creation of dynamic property App\Controllers\ContactController::$blogModel is deprecated in APPPATH\Controllers\ContactController.php on line 26.
 1 SYSTEMPATH\CodeIgniter.php(913): App\Controllers\ContactController->__construct()
 2 SYSTEMPATH\CodeIgniter.php(493): CodeIgniter\CodeIgniter->createController()
 3 SYSTEMPATH\CodeIgniter.php(361): CodeIgniter\CodeIgniter->handleRequest(null, Object(Config\Cache), false)
 4 FCPATH\index.php(79): CodeIgniter\CodeIgniter->run()
WARNING - 2025-01-17 12:32:58 --> [DEPRECATED] Creation of dynamic property App\Controllers\ContactController::$contactModel is deprecated in APPPATH\Controllers\ContactController.php on line 27.
 1 SYSTEMPATH\CodeIgniter.php(913): App\Controllers\ContactController->__construct()
 2 SYSTEMPATH\CodeIgniter.php(493): CodeIgniter\CodeIgniter->createController()
 3 SYSTEMPATH\CodeIgniter.php(361): CodeIgniter\CodeIgniter->handleRequest(null, Object(Config\Cache), false)
 4 FCPATH\index.php(79): CodeIgniter\CodeIgniter->run()
WARNING - 2025-01-17 12:32:58 --> [DEPRECATED] Creation of dynamic property App\Controllers\ContactController::$subscribersModel is deprecated in APPPATH\Controllers\ContactController.php on line 28.
 1 SYSTEMPATH\CodeIgniter.php(913): App\Controllers\ContactController->__construct()
 2 SYSTEMPATH\CodeIgniter.php(493): CodeIgniter\CodeIgniter->createController()
 3 SYSTEMPATH\CodeIgniter.php(361): CodeIgniter\CodeIgniter->handleRequest(null, Object(Config\Cache), false)
 4 FCPATH\index.php(79): CodeIgniter\CodeIgniter->run()
WARNING - 2025-01-17 12:32:58 --> [DEPRECATED] Creation of dynamic property App\Controllers\ContactController::$commentModel is deprecated in APPPATH\Controllers\ContactController.php on line 29.
 1 SYSTEMPATH\CodeIgniter.php(913): App\Controllers\ContactController->__construct()
 2 SYSTEMPATH\CodeIgniter.php(493): CodeIgniter\CodeIgniter->createController()
 3 SYSTEMPATH\CodeIgniter.php(361): CodeIgniter\CodeIgniter->handleRequest(null, Object(Config\Cache), false)
 4 FCPATH\index.php(79): CodeIgniter\CodeIgniter->run()
WARNING - 2025-01-17 12:32:58 --> [DEPRECATED] Creation of dynamic property App\Controllers\ContactController::$likesModel is deprecated in APPPATH\Controllers\ContactController.php on line 30.
 1 SYSTEMPATH\CodeIgniter.php(913): App\Controllers\ContactController->__construct()
 2 SYSTEMPATH\CodeIgniter.php(493): CodeIgniter\CodeIgniter->createController()
 3 SYSTEMPATH\CodeIgniter.php(361): CodeIgniter\CodeIgniter->handleRequest(null, Object(Config\Cache), false)
 4 FCPATH\index.php(79): CodeIgniter\CodeIgniter->run()
INFO - 2025-01-17 12:32:58 --> Session: Class initialized using 'CodeIgniter\Session\Handlers\FileHandler' driver.
WARNING - 2025-01-17 12:33:29 --> [DEPRECATED] Creation of dynamic property App\Controllers\ContactController::$citiesModel is deprecated in APPPATH\Controllers\ContactController.php on line 21.
 1 SYSTEMPATH\CodeIgniter.php(913): App\Controllers\ContactController->__construct()
 2 SYSTEMPATH\CodeIgniter.php(493): CodeIgniter\CodeIgniter->createController()
 3 SYSTEMPATH\CodeIgniter.php(361): CodeIgniter\CodeIgniter->handleRequest(null, Object(Config\Cache), false)
 4 FCPATH\index.php(79): CodeIgniter\CodeIgniter->run()
WARNING - 2025-01-17 12:33:29 --> [DEPRECATED] Creation of dynamic property App\Controllers\ContactController::$uttarakhandModel is deprecated in APPPATH\Controllers\ContactController.php on line 22.
 1 SYSTEMPATH\CodeIgniter.php(913): App\Controllers\ContactController->__construct()
 2 SYSTEMPATH\CodeIgniter.php(493): CodeIgniter\CodeIgniter->createController()
 3 SYSTEMPATH\CodeIgniter.php(361): CodeIgniter\CodeIgniter->handleRequest(null, Object(Config\Cache), false)
 4 FCPATH\index.php(79): CodeIgniter\CodeIgniter->run()
WARNING - 2025-01-17 12:33:29 --> [DEPRECATED] Creation of dynamic property App\Controllers\ContactController::$imageModel is deprecated in APPPATH\Controllers\ContactController.php on line 23.
 1 SYSTEMPATH\CodeIgniter.php(913): App\Controllers\ContactController->__construct()
 2 SYSTEMPATH\CodeIgniter.php(493): CodeIgniter\CodeIgniter->createController()
 3 SYSTEMPATH\CodeIgniter.php(361): CodeIgniter\CodeIgniter->handleRequest(null, Object(Config\Cache), false)
 4 FCPATH\index.php(79): CodeIgniter\CodeIgniter->run()
WARNING - 2025-01-17 12:33:29 --> [DEPRECATED] Creation of dynamic property App\Controllers\ContactController::$areaModel is deprecated in APPPATH\Controllers\ContactController.php on line 24.
 1 SYSTEMPATH\CodeIgniter.php(913): App\Controllers\ContactController->__construct()
 2 SYSTEMPATH\CodeIgniter.php(493): CodeIgniter\CodeIgniter->createController()
 3 SYSTEMPATH\CodeIgniter.php(361): CodeIgniter\CodeIgniter->handleRequest(null, Object(Config\Cache), false)
 4 FCPATH\index.php(79): CodeIgniter\CodeIgniter->run()
WARNING - 2025-01-17 12:33:29 --> [DEPRECATED] Creation of dynamic property App\Controllers\ContactController::$foodModel is deprecated in APPPATH\Controllers\ContactController.php on line 25.
 1 SYSTEMPATH\CodeIgniter.php(913): App\Controllers\ContactController->__construct()
 2 SYSTEMPATH\CodeIgniter.php(493): CodeIgniter\CodeIgniter->createController()
 3 SYSTEMPATH\CodeIgniter.php(361): CodeIgniter\CodeIgniter->handleRequest(null, Object(Config\Cache), false)
 4 FCPATH\index.php(79): CodeIgniter\CodeIgniter->run()
WARNING - 2025-01-17 12:33:29 --> [DEPRECATED] Creation of dynamic property App\Controllers\ContactController::$blogModel is deprecated in APPPATH\Controllers\ContactController.php on line 26.
 1 SYSTEMPATH\CodeIgniter.php(913): App\Controllers\ContactController->__construct()
 2 SYSTEMPATH\CodeIgniter.php(493): CodeIgniter\CodeIgniter->createController()
 3 SYSTEMPATH\CodeIgniter.php(361): CodeIgniter\CodeIgniter->handleRequest(null, Object(Config\Cache), false)
 4 FCPATH\index.php(79): CodeIgniter\CodeIgniter->run()
WARNING - 2025-01-17 12:33:29 --> [DEPRECATED] Creation of dynamic property App\Controllers\ContactController::$contactModel is deprecated in APPPATH\Controllers\ContactController.php on line 27.
 1 SYSTEMPATH\CodeIgniter.php(913): App\Controllers\ContactController->__construct()
 2 SYSTEMPATH\CodeIgniter.php(493): CodeIgniter\CodeIgniter->createController()
 3 SYSTEMPATH\CodeIgniter.php(361): CodeIgniter\CodeIgniter->handleRequest(null, Object(Config\Cache), false)
 4 FCPATH\index.php(79): CodeIgniter\CodeIgniter->run()
WARNING - 2025-01-17 12:33:29 --> [DEPRECATED] Creation of dynamic property App\Controllers\ContactController::$subscribersModel is deprecated in APPPATH\Controllers\ContactController.php on line 28.
 1 SYSTEMPATH\CodeIgniter.php(913): App\Controllers\ContactController->__construct()
 2 SYSTEMPATH\CodeIgniter.php(493): CodeIgniter\CodeIgniter->createController()
 3 SYSTEMPATH\CodeIgniter.php(361): CodeIgniter\CodeIgniter->handleRequest(null, Object(Config\Cache), false)
 4 FCPATH\index.php(79): CodeIgniter\CodeIgniter->run()
WARNING - 2025-01-17 12:33:29 --> [DEPRECATED] Creation of dynamic property App\Controllers\ContactController::$commentModel is deprecated in APPPATH\Controllers\ContactController.php on line 29.
 1 SYSTEMPATH\CodeIgniter.php(913): App\Controllers\ContactController->__construct()
 2 SYSTEMPATH\CodeIgniter.php(493): CodeIgniter\CodeIgniter->createController()
 3 SYSTEMPATH\CodeIgniter.php(361): CodeIgniter\CodeIgniter->handleRequest(null, Object(Config\Cache), false)
 4 FCPATH\index.php(79): CodeIgniter\CodeIgniter->run()
WARNING - 2025-01-17 12:33:29 --> [DEPRECATED] Creation of dynamic property App\Controllers\ContactController::$likesModel is deprecated in APPPATH\Controllers\ContactController.php on line 30.
 1 SYSTEMPATH\CodeIgniter.php(913): App\Controllers\ContactController->__construct()
 2 SYSTEMPATH\CodeIgniter.php(493): CodeIgniter\CodeIgniter->createController()
 3 SYSTEMPATH\CodeIgniter.php(361): CodeIgniter\CodeIgniter->handleRequest(null, Object(Config\Cache), false)
 4 FCPATH\index.php(79): CodeIgniter\CodeIgniter->run()
INFO - 2025-01-17 12:33:29 --> Session: Class initialized using 'CodeIgniter\Session\Handlers\FileHandler' driver.
WARNING - 2025-01-17 12:33:37 --> [DEPRECATED] Creation of dynamic property App\Controllers\PlacesController::$citiesModel is deprecated in APPPATH\Controllers\PlacesController.php on line 19.
 1 SYSTEMPATH\CodeIgniter.php(913): App\Controllers\PlacesController->__construct()
 2 SYSTEMPATH\CodeIgniter.php(493): CodeIgniter\CodeIgniter->createController()
 3 SYSTEMPATH\CodeIgniter.php(361): CodeIgniter\CodeIgniter->handleRequest(null, Object(Config\Cache), false)
 4 FCPATH\index.php(79): CodeIgniter\CodeIgniter->run()
WARNING - 2025-01-17 12:33:37 --> [DEPRECATED] Creation of dynamic property App\Controllers\PlacesController::$uttarakhandModel is deprecated in APPPATH\Controllers\PlacesController.php on line 20.
 1 SYSTEMPATH\CodeIgniter.php(913): App\Controllers\PlacesController->__construct()
 2 SYSTEMPATH\CodeIgniter.php(493): CodeIgniter\CodeIgniter->createController()
 3 SYSTEMPATH\CodeIgniter.php(361): CodeIgniter\CodeIgniter->handleRequest(null, Object(Config\Cache), false)
 4 FCPATH\index.php(79): CodeIgniter\CodeIgniter->run()
WARNING - 2025-01-17 12:33:37 --> [DEPRECATED] Creation of dynamic property App\Controllers\PlacesController::$imageModel is deprecated in APPPATH\Controllers\PlacesController.php on line 21.
 1 SYSTEMPATH\CodeIgniter.php(913): App\Controllers\PlacesController->__construct()
 2 SYSTEMPATH\CodeIgniter.php(493): CodeIgniter\CodeIgniter->createController()
 3 SYSTEMPATH\CodeIgniter.php(361): CodeIgniter\CodeIgniter->handleRequest(null, Object(Config\Cache), false)
 4 FCPATH\index.php(79): CodeIgniter\CodeIgniter->run()
WARNING - 2025-01-17 12:33:37 --> [DEPRECATED] Creation of dynamic property App\Controllers\PlacesController::$areaModel is deprecated in APPPATH\Controllers\PlacesController.php on line 22.
 1 SYSTEMPATH\CodeIgniter.php(913): App\Controllers\PlacesController->__construct()
 2 SYSTEMPATH\CodeIgniter.php(493): CodeIgniter\CodeIgniter->createController()
 3 SYSTEMPATH\CodeIgniter.php(361): CodeIgniter\CodeIgniter->handleRequest(null, Object(Config\Cache), false)
 4 FCPATH\index.php(79): CodeIgniter\CodeIgniter->run()
WARNING - 2025-01-17 12:33:37 --> [DEPRECATED] Creation of dynamic property App\Controllers\PlacesController::$foodModel is deprecated in APPPATH\Controllers\PlacesController.php on line 23.
 1 SYSTEMPATH\CodeIgniter.php(913): App\Controllers\PlacesController->__construct()
 2 SYSTEMPATH\CodeIgniter.php(493): CodeIgniter\CodeIgniter->createController()
 3 SYSTEMPATH\CodeIgniter.php(361): CodeIgniter\CodeIgniter->handleRequest(null, Object(Config\Cache), false)
 4 FCPATH\index.php(79): CodeIgniter\CodeIgniter->run()
WARNING - 2025-01-17 12:33:37 --> [DEPRECATED] Creation of dynamic property App\Controllers\PlacesController::$blogModel is deprecated in APPPATH\Controllers\PlacesController.php on line 24.
 1 SYSTEMPATH\CodeIgniter.php(913): App\Controllers\PlacesController->__construct()
 2 SYSTEMPATH\CodeIgniter.php(493): CodeIgniter\CodeIgniter->createController()
 3 SYSTEMPATH\CodeIgniter.php(361): CodeIgniter\CodeIgniter->handleRequest(null, Object(Config\Cache), false)
 4 FCPATH\index.php(79): CodeIgniter\CodeIgniter->run()
INFO - 2025-01-17 12:33:37 --> Session: Class initialized using 'CodeIgniter\Session\Handlers\FileHandler' driver.
WARNING - 2025-01-17 12:33:37 --> [DEPRECATED] Creation of dynamic property App\Controllers\HomeController::$citiesModel is deprecated in APPPATH\Controllers\HomeController.php on line 19.
 1 SYSTEMPATH\CodeIgniter.php(913): App\Controllers\HomeController->__construct()
 2 SYSTEMPATH\CodeIgniter.php(493): CodeIgniter\CodeIgniter->createController()
 3 SYSTEMPATH\CodeIgniter.php(361): CodeIgniter\CodeIgniter->handleRequest(null, Object(Config\Cache), false)
 4 FCPATH\index.php(79): CodeIgniter\CodeIgniter->run()
WARNING - 2025-01-17 12:33:37 --> [DEPRECATED] Creation of dynamic property App\Controllers\HomeController::$uttarakhandModel is deprecated in APPPATH\Controllers\HomeController.php on line 20.
 1 SYSTEMPATH\CodeIgniter.php(913): App\Controllers\HomeController->__construct()
 2 SYSTEMPATH\CodeIgniter.php(493): CodeIgniter\CodeIgniter->createController()
 3 SYSTEMPATH\CodeIgniter.php(361): CodeIgniter\CodeIgniter->handleRequest(null, Object(Config\Cache), false)
 4 FCPATH\index.php(79): CodeIgniter\CodeIgniter->run()
WARNING - 2025-01-17 12:33:37 --> [DEPRECATED] Creation of dynamic property App\Controllers\HomeController::$imageModel is deprecated in APPPATH\Controllers\HomeController.php on line 21.
 1 SYSTEMPATH\CodeIgniter.php(913): App\Controllers\HomeController->__construct()
 2 SYSTEMPATH\CodeIgniter.php(493): CodeIgniter\CodeIgniter->createController()
 3 SYSTEMPATH\CodeIgniter.php(361): CodeIgniter\CodeIgniter->handleRequest(null, Object(Config\Cache), false)
 4 FCPATH\index.php(79): CodeIgniter\CodeIgniter->run()
WARNING - 2025-01-17 12:33:37 --> [DEPRECATED] Creation of dynamic property App\Controllers\HomeController::$areaModel is deprecated in APPPATH\Controllers\HomeController.php on line 22.
 1 SYSTEMPATH\CodeIgniter.php(913): App\Controllers\HomeController->__construct()
 2 SYSTEMPATH\CodeIgniter.php(493): CodeIgniter\CodeIgniter->createController()
 3 SYSTEMPATH\CodeIgniter.php(361): CodeIgniter\CodeIgniter->handleRequest(null, Object(Config\Cache), false)
 4 FCPATH\index.php(79): CodeIgniter\CodeIgniter->run()
WARNING - 2025-01-17 12:33:37 --> [DEPRECATED] Creation of dynamic property App\Controllers\HomeController::$foodModel is deprecated in APPPATH\Controllers\HomeController.php on line 23.
 1 SYSTEMPATH\CodeIgniter.php(913): App\Controllers\HomeController->__construct()
 2 SYSTEMPATH\CodeIgniter.php(493): CodeIgniter\CodeIgniter->createController()
 3 SYSTEMPATH\CodeIgniter.php(361): CodeIgniter\CodeIgniter->handleRequest(null, Object(Config\Cache), false)
 4 FCPATH\index.php(79): CodeIgniter\CodeIgniter->run()
WARNING - 2025-01-17 12:33:37 --> [DEPRECATED] Creation of dynamic property App\Controllers\HomeController::$blogModel is deprecated in APPPATH\Controllers\HomeController.php on line 24.
 1 SYSTEMPATH\CodeIgniter.php(913): App\Controllers\HomeController->__construct()
 2 SYSTEMPATH\CodeIgniter.php(493): CodeIgniter\CodeIgniter->createController()
 3 SYSTEMPATH\CodeIgniter.php(361): CodeIgniter\CodeIgniter->handleRequest(null, Object(Config\Cache), false)
 4 FCPATH\index.php(79): CodeIgniter\CodeIgniter->run()
INFO - 2025-01-17 12:33:37 --> Session: Class initialized using 'CodeIgniter\Session\Handlers\FileHandler' driver.
CRITICAL - 2025-01-17 12:33:37 --> ErrorException: Trying to access array offset on value of type null
in APPPATH\Controllers\HomeController.php on line 80.
 1 APPPATH\Controllers\HomeController.php(80): CodeIgniter\Debug\Exceptions->errorHandler(2, 'Trying to access array offset on value of type null', 'C:\\xampp\\htdocs\\uttrakhand\\app\\Controllers\\HomeController.php', 80)
 2 SYSTEMPATH\CodeIgniter.php(941): App\Controllers\HomeController->page('uploads', 'no_image.jpg')
 3 SYSTEMPATH\CodeIgniter.php(502): CodeIgniter\CodeIgniter->runController(Object(App\Controllers\HomeController))
 4 SYSTEMPATH\CodeIgniter.php(361): CodeIgniter\CodeIgniter->handleRequest(null, Object(Config\Cache), false)
 5 FCPATH\index.php(79): CodeIgniter\CodeIgniter->run()
WARNING - 2025-01-17 12:33:41 --> [DEPRECATED] Creation of dynamic property App\Controllers\DestinationController::$citiesModel is deprecated in APPPATH\Controllers\DestinationController.php on line 16.
 1 SYSTEMPATH\CodeIgniter.php(913): App\Controllers\DestinationController->__construct()
 2 SYSTEMPATH\CodeIgniter.php(493): CodeIgniter\CodeIgniter->createController()
 3 SYSTEMPATH\CodeIgniter.php(361): CodeIgniter\CodeIgniter->handleRequest(null, Object(Config\Cache), false)
 4 FCPATH\index.php(79): CodeIgniter\CodeIgniter->run()
WARNING - 2025-01-17 12:33:41 --> [DEPRECATED] Creation of dynamic property App\Controllers\DestinationController::$uttarakhandModel is deprecated in APPPATH\Controllers\DestinationController.php on line 17.
 1 SYSTEMPATH\CodeIgniter.php(913): App\Controllers\DestinationController->__construct()
 2 SYSTEMPATH\CodeIgniter.php(493): CodeIgniter\CodeIgniter->createController()
 3 SYSTEMPATH\CodeIgniter.php(361): CodeIgniter\CodeIgniter->handleRequest(null, Object(Config\Cache), false)
 4 FCPATH\index.php(79): CodeIgniter\CodeIgniter->run()
WARNING - 2025-01-17 12:33:41 --> [DEPRECATED] Creation of dynamic property App\Controllers\DestinationController::$imageModel is deprecated in APPPATH\Controllers\DestinationController.php on line 18.
 1 SYSTEMPATH\CodeIgniter.php(913): App\Controllers\DestinationController->__construct()
 2 SYSTEMPATH\CodeIgniter.php(493): CodeIgniter\CodeIgniter->createController()
 3 SYSTEMPATH\CodeIgniter.php(361): CodeIgniter\CodeIgniter->handleRequest(null, Object(Config\Cache), false)
 4 FCPATH\index.php(79): CodeIgniter\CodeIgniter->run()
WARNING - 2025-01-17 12:33:41 --> [DEPRECATED] Creation of dynamic property App\Controllers\DestinationController::$areaModel is deprecated in APPPATH\Controllers\DestinationController.php on line 19.
 1 SYSTEMPATH\CodeIgniter.php(913): App\Controllers\DestinationController->__construct()
 2 SYSTEMPATH\CodeIgniter.php(493): CodeIgniter\CodeIgniter->createController()
 3 SYSTEMPATH\CodeIgniter.php(361): CodeIgniter\CodeIgniter->handleRequest(null, Object(Config\Cache), false)
 4 FCPATH\index.php(79): CodeIgniter\CodeIgniter->run()
WARNING - 2025-01-17 12:33:41 --> [DEPRECATED] Creation of dynamic property App\Controllers\DestinationController::$foodModel is deprecated in APPPATH\Controllers\DestinationController.php on line 20.
 1 SYSTEMPATH\CodeIgniter.php(913): App\Controllers\DestinationController->__construct()
 2 SYSTEMPATH\CodeIgniter.php(493): CodeIgniter\CodeIgniter->createController()
 3 SYSTEMPATH\CodeIgniter.php(361): CodeIgniter\CodeIgniter->handleRequest(null, Object(Config\Cache), false)
 4 FCPATH\index.php(79): CodeIgniter\CodeIgniter->run()
WARNING - 2025-01-17 12:33:41 --> [DEPRECATED] Creation of dynamic property App\Controllers\DestinationController::$blogModel is deprecated in APPPATH\Controllers\DestinationController.php on line 21.
 1 SYSTEMPATH\CodeIgniter.php(913): App\Controllers\DestinationController->__construct()
 2 SYSTEMPATH\CodeIgniter.php(493): CodeIgniter\CodeIgniter->createController()
 3 SYSTEMPATH\CodeIgniter.php(361): CodeIgniter\CodeIgniter->handleRequest(null, Object(Config\Cache), false)
 4 FCPATH\index.php(79): CodeIgniter\CodeIgniter->run()
INFO - 2025-01-17 12:33:41 --> Session: Class initialized using 'CodeIgniter\Session\Handlers\FileHandler' driver.
WARNING - 2025-01-17 12:33:41 --> [DEPRECATED] Creation of dynamic property App\Controllers\HomeController::$citiesModel is deprecated in APPPATH\Controllers\HomeController.php on line 19.
 1 SYSTEMPATH\CodeIgniter.php(913): App\Controllers\HomeController->__construct()
 2 SYSTEMPATH\CodeIgniter.php(493): CodeIgniter\CodeIgniter->createController()
 3 SYSTEMPATH\CodeIgniter.php(361): CodeIgniter\CodeIgniter->handleRequest(null, Object(Config\Cache), false)
 4 FCPATH\index.php(79): CodeIgniter\CodeIgniter->run()
WARNING - 2025-01-17 12:33:41 --> [DEPRECATED] Creation of dynamic property App\Controllers\HomeController::$uttarakhandModel is deprecated in APPPATH\Controllers\HomeController.php on line 20.
 1 SYSTEMPATH\CodeIgniter.php(913): App\Controllers\HomeController->__construct()
 2 SYSTEMPATH\CodeIgniter.php(493): CodeIgniter\CodeIgniter->createController()
 3 SYSTEMPATH\CodeIgniter.php(361): CodeIgniter\CodeIgniter->handleRequest(null, Object(Config\Cache), false)
 4 FCPATH\index.php(79): CodeIgniter\CodeIgniter->run()
WARNING - 2025-01-17 12:33:41 --> [DEPRECATED] Creation of dynamic property App\Controllers\HomeController::$imageModel is deprecated in APPPATH\Controllers\HomeController.php on line 21.
 1 SYSTEMPATH\CodeIgniter.php(913): App\Controllers\HomeController->__construct()
 2 SYSTEMPATH\CodeIgniter.php(493): CodeIgniter\CodeIgniter->createController()
 3 SYSTEMPATH\CodeIgniter.php(361): CodeIgniter\CodeIgniter->handleRequest(null, Object(Config\Cache), false)
 4 FCPATH\index.php(79): CodeIgniter\CodeIgniter->run()
WARNING - 2025-01-17 12:33:41 --> [DEPRECATED] Creation of dynamic property App\Controllers\HomeController::$areaModel is deprecated in APPPATH\Controllers\HomeController.php on line 22.
 1 SYSTEMPATH\CodeIgniter.php(913): App\Controllers\HomeController->__construct()
 2 SYSTEMPATH\CodeIgniter.php(493): CodeIgniter\CodeIgniter->createController()
 3 SYSTEMPATH\CodeIgniter.php(361): CodeIgniter\CodeIgniter->handleRequest(null, Object(Config\Cache), false)
 4 FCPATH\index.php(79): CodeIgniter\CodeIgniter->run()
WARNING - 2025-01-17 12:33:41 --> [DEPRECATED] Creation of dynamic property App\Controllers\HomeController::$foodModel is deprecated in APPPATH\Controllers\HomeController.php on line 23.
 1 SYSTEMPATH\CodeIgniter.php(913): App\Controllers\HomeController->__construct()
 2 SYSTEMPATH\CodeIgniter.php(493): CodeIgniter\CodeIgniter->createController()
 3 SYSTEMPATH\CodeIgniter.php(361): CodeIgniter\CodeIgniter->handleRequest(null, Object(Config\Cache), false)
 4 FCPATH\index.php(79): CodeIgniter\CodeIgniter->run()
WARNING - 2025-01-17 12:33:41 --> [DEPRECATED] Creation of dynamic property App\Controllers\HomeController::$blogModel is deprecated in APPPATH\Controllers\HomeController.php on line 24.
 1 SYSTEMPATH\CodeIgniter.php(913): App\Controllers\HomeController->__construct()
 2 SYSTEMPATH\CodeIgniter.php(493): CodeIgniter\CodeIgniter->createController()
 3 SYSTEMPATH\CodeIgniter.php(361): CodeIgniter\CodeIgniter->handleRequest(null, Object(Config\Cache), false)
 4 FCPATH\index.php(79): CodeIgniter\CodeIgniter->run()
INFO - 2025-01-17 12:33:41 --> Session: Class initialized using 'CodeIgniter\Session\Handlers\FileHandler' driver.
CRITICAL - 2025-01-17 12:33:41 --> ErrorException: Trying to access array offset on value of type null
in APPPATH\Controllers\HomeController.php on line 80.
 1 APPPATH\Controllers\HomeController.php(80): CodeIgniter\Debug\Exceptions->errorHandler(2, 'Trying to access array offset on value of type null', 'C:\\xampp\\htdocs\\uttrakhand\\app\\Controllers\\HomeController.php', 80)
 2 SYSTEMPATH\CodeIgniter.php(941): App\Controllers\HomeController->page('images', 'bg_1.jpg')
 3 SYSTEMPATH\CodeIgniter.php(502): CodeIgniter\CodeIgniter->runController(Object(App\Controllers\HomeController))
 4 SYSTEMPATH\CodeIgniter.php(361): CodeIgniter\CodeIgniter->handleRequest(null, Object(Config\Cache), false)
 5 FCPATH\index.php(79): CodeIgniter\CodeIgniter->run()
WARNING - 2025-01-17 12:33:46 --> [DEPRECATED] Creation of dynamic property App\Controllers\DestinationController::$citiesModel is deprecated in APPPATH\Controllers\DestinationController.php on line 16.
 1 SYSTEMPATH\CodeIgniter.php(913): App\Controllers\DestinationController->__construct()
 2 SYSTEMPATH\CodeIgniter.php(493): CodeIgniter\CodeIgniter->createController()
 3 SYSTEMPATH\CodeIgniter.php(361): CodeIgniter\CodeIgniter->handleRequest(null, Object(Config\Cache), false)
 4 FCPATH\index.php(79): CodeIgniter\CodeIgniter->run()
WARNING - 2025-01-17 12:33:46 --> [DEPRECATED] Creation of dynamic property App\Controllers\DestinationController::$uttarakhandModel is deprecated in APPPATH\Controllers\DestinationController.php on line 17.
 1 SYSTEMPATH\CodeIgniter.php(913): App\Controllers\DestinationController->__construct()
 2 SYSTEMPATH\CodeIgniter.php(493): CodeIgniter\CodeIgniter->createController()
 3 SYSTEMPATH\CodeIgniter.php(361): CodeIgniter\CodeIgniter->handleRequest(null, Object(Config\Cache), false)
 4 FCPATH\index.php(79): CodeIgniter\CodeIgniter->run()
WARNING - 2025-01-17 12:33:46 --> [DEPRECATED] Creation of dynamic property App\Controllers\DestinationController::$imageModel is deprecated in APPPATH\Controllers\DestinationController.php on line 18.
 1 SYSTEMPATH\CodeIgniter.php(913): App\Controllers\DestinationController->__construct()
 2 SYSTEMPATH\CodeIgniter.php(493): CodeIgniter\CodeIgniter->createController()
 3 SYSTEMPATH\CodeIgniter.php(361): CodeIgniter\CodeIgniter->handleRequest(null, Object(Config\Cache), false)
 4 FCPATH\index.php(79): CodeIgniter\CodeIgniter->run()
WARNING - 2025-01-17 12:33:46 --> [DEPRECATED] Creation of dynamic property App\Controllers\DestinationController::$areaModel is deprecated in APPPATH\Controllers\DestinationController.php on line 19.
 1 SYSTEMPATH\CodeIgniter.php(913): App\Controllers\DestinationController->__construct()
 2 SYSTEMPATH\CodeIgniter.php(493): CodeIgniter\CodeIgniter->createController()
 3 SYSTEMPATH\CodeIgniter.php(361): CodeIgniter\CodeIgniter->handleRequest(null, Object(Config\Cache), false)
 4 FCPATH\index.php(79): CodeIgniter\CodeIgniter->run()
WARNING - 2025-01-17 12:33:46 --> [DEPRECATED] Creation of dynamic property App\Controllers\DestinationController::$foodModel is deprecated in APPPATH\Controllers\DestinationController.php on line 20.
 1 SYSTEMPATH\CodeIgniter.php(913): App\Controllers\DestinationController->__construct()
 2 SYSTEMPATH\CodeIgniter.php(493): CodeIgniter\CodeIgniter->createController()
 3 SYSTEMPATH\CodeIgniter.php(361): CodeIgniter\CodeIgniter->handleRequest(null, Object(Config\Cache), false)
 4 FCPATH\index.php(79): CodeIgniter\CodeIgniter->run()
WARNING - 2025-01-17 12:33:46 --> [DEPRECATED] Creation of dynamic property App\Controllers\DestinationController::$blogModel is deprecated in APPPATH\Controllers\DestinationController.php on line 21.
 1 SYSTEMPATH\CodeIgniter.php(913): App\Controllers\DestinationController->__construct()
 2 SYSTEMPATH\CodeIgniter.php(493): CodeIgniter\CodeIgniter->createController()
 3 SYSTEMPATH\CodeIgniter.php(361): CodeIgniter\CodeIgniter->handleRequest(null, Object(Config\Cache), false)
 4 FCPATH\index.php(79): CodeIgniter\CodeIgniter->run()
INFO - 2025-01-17 12:33:46 --> Session: Class initialized using 'CodeIgniter\Session\Handlers\FileHandler' driver.
WARNING - 2025-01-17 12:33:46 --> [DEPRECATED] Creation of dynamic property App\Controllers\HomeController::$citiesModel is deprecated in APPPATH\Controllers\HomeController.php on line 19.
 1 SYSTEMPATH\CodeIgniter.php(913): App\Controllers\HomeController->__construct()
 2 SYSTEMPATH\CodeIgniter.php(493): CodeIgniter\CodeIgniter->createController()
 3 SYSTEMPATH\CodeIgniter.php(361): CodeIgniter\CodeIgniter->handleRequest(null, Object(Config\Cache), false)
 4 FCPATH\index.php(79): CodeIgniter\CodeIgniter->run()
WARNING - 2025-01-17 12:33:46 --> [DEPRECATED] Creation of dynamic property App\Controllers\HomeController::$uttarakhandModel is deprecated in APPPATH\Controllers\HomeController.php on line 20.
 1 SYSTEMPATH\CodeIgniter.php(913): App\Controllers\HomeController->__construct()
 2 SYSTEMPATH\CodeIgniter.php(493): CodeIgniter\CodeIgniter->createController()
 3 SYSTEMPATH\CodeIgniter.php(361): CodeIgniter\CodeIgniter->handleRequest(null, Object(Config\Cache), false)
 4 FCPATH\index.php(79): CodeIgniter\CodeIgniter->run()
WARNING - 2025-01-17 12:33:46 --> [DEPRECATED] Creation of dynamic property App\Controllers\HomeController::$imageModel is deprecated in APPPATH\Controllers\HomeController.php on line 21.
 1 SYSTEMPATH\CodeIgniter.php(913): App\Controllers\HomeController->__construct()
 2 SYSTEMPATH\CodeIgniter.php(493): CodeIgniter\CodeIgniter->createController()
 3 SYSTEMPATH\CodeIgniter.php(361): CodeIgniter\CodeIgniter->handleRequest(null, Object(Config\Cache), false)
 4 FCPATH\index.php(79): CodeIgniter\CodeIgniter->run()
WARNING - 2025-01-17 12:33:46 --> [DEPRECATED] Creation of dynamic property App\Controllers\HomeController::$areaModel is deprecated in APPPATH\Controllers\HomeController.php on line 22.
 1 SYSTEMPATH\CodeIgniter.php(913): App\Controllers\HomeController->__construct()
 2 SYSTEMPATH\CodeIgniter.php(493): CodeIgniter\CodeIgniter->createController()
 3 SYSTEMPATH\CodeIgniter.php(361): CodeIgniter\CodeIgniter->handleRequest(null, Object(Config\Cache), false)
 4 FCPATH\index.php(79): CodeIgniter\CodeIgniter->run()
WARNING - 2025-01-17 12:33:46 --> [DEPRECATED] Creation of dynamic property App\Controllers\HomeController::$foodModel is deprecated in APPPATH\Controllers\HomeController.php on line 23.
 1 SYSTEMPATH\CodeIgniter.php(913): App\Controllers\HomeController->__construct()
 2 SYSTEMPATH\CodeIgniter.php(493): CodeIgniter\CodeIgniter->createController()
 3 SYSTEMPATH\CodeIgniter.php(361): CodeIgniter\CodeIgniter->handleRequest(null, Object(Config\Cache), false)
 4 FCPATH\index.php(79): CodeIgniter\CodeIgniter->run()
WARNING - 2025-01-17 12:33:46 --> [DEPRECATED] Creation of dynamic property App\Controllers\HomeController::$blogModel is deprecated in APPPATH\Controllers\HomeController.php on line 24.
 1 SYSTEMPATH\CodeIgniter.php(913): App\Controllers\HomeController->__construct()
 2 SYSTEMPATH\CodeIgniter.php(493): CodeIgniter\CodeIgniter->createController()
 3 SYSTEMPATH\CodeIgniter.php(361): CodeIgniter\CodeIgniter->handleRequest(null, Object(Config\Cache), false)
 4 FCPATH\index.php(79): CodeIgniter\CodeIgniter->run()
INFO - 2025-01-17 12:33:46 --> Session: Class initialized using 'CodeIgniter\Session\Handlers\FileHandler' driver.
CRITICAL - 2025-01-17 12:33:46 --> ErrorException: Trying to access array offset on value of type null
in APPPATH\Controllers\HomeController.php on line 80.
 1 APPPATH\Controllers\HomeController.php(80): CodeIgniter\Debug\Exceptions->errorHandler(2, 'Trying to access array offset on value of type null', 'C:\\xampp\\htdocs\\uttrakhand\\app\\Controllers\\HomeController.php', 80)
 2 SYSTEMPATH\CodeIgniter.php(941): App\Controllers\HomeController->page('images', 'bg_1.jpg')
 3 SYSTEMPATH\CodeIgniter.php(502): CodeIgniter\CodeIgniter->runController(Object(App\Controllers\HomeController))
 4 SYSTEMPATH\CodeIgniter.php(361): CodeIgniter\CodeIgniter->handleRequest(null, Object(Config\Cache), false)
 5 FCPATH\index.php(79): CodeIgniter\CodeIgniter->run()
WARNING - 2025-01-17 12:34:32 --> [DEPRECATED] Creation of dynamic property App\Controllers\DestinationController::$citiesModel is deprecated in APPPATH\Controllers\DestinationController.php on line 16.
 1 SYSTEMPATH\CodeIgniter.php(913): App\Controllers\DestinationController->__construct()
 2 SYSTEMPATH\CodeIgniter.php(493): CodeIgniter\CodeIgniter->createController()
 3 SYSTEMPATH\CodeIgniter.php(361): CodeIgniter\CodeIgniter->handleRequest(null, Object(Config\Cache), false)
 4 FCPATH\index.php(79): CodeIgniter\CodeIgniter->run()
WARNING - 2025-01-17 12:34:32 --> [DEPRECATED] Creation of dynamic property App\Controllers\DestinationController::$uttarakhandModel is deprecated in APPPATH\Controllers\DestinationController.php on line 17.
 1 SYSTEMPATH\CodeIgniter.php(913): App\Controllers\DestinationController->__construct()
 2 SYSTEMPATH\CodeIgniter.php(493): CodeIgniter\CodeIgniter->createController()
 3 SYSTEMPATH\CodeIgniter.php(361): CodeIgniter\CodeIgniter->handleRequest(null, Object(Config\Cache), false)
 4 FCPATH\index.php(79): CodeIgniter\CodeIgniter->run()
WARNING - 2025-01-17 12:34:32 --> [DEPRECATED] Creation of dynamic property App\Controllers\DestinationController::$imageModel is deprecated in APPPATH\Controllers\DestinationController.php on line 18.
 1 SYSTEMPATH\CodeIgniter.php(913): App\Controllers\DestinationController->__construct()
 2 SYSTEMPATH\CodeIgniter.php(493): CodeIgniter\CodeIgniter->createController()
 3 SYSTEMPATH\CodeIgniter.php(361): CodeIgniter\CodeIgniter->handleRequest(null, Object(Config\Cache), false)
 4 FCPATH\index.php(79): CodeIgniter\CodeIgniter->run()
WARNING - 2025-01-17 12:34:32 --> [DEPRECATED] Creation of dynamic property App\Controllers\DestinationController::$areaModel is deprecated in APPPATH\Controllers\DestinationController.php on line 19.
 1 SYSTEMPATH\CodeIgniter.php(913): App\Controllers\DestinationController->__construct()
 2 SYSTEMPATH\CodeIgniter.php(493): CodeIgniter\CodeIgniter->createController()
 3 SYSTEMPATH\CodeIgniter.php(361): CodeIgniter\CodeIgniter->handleRequest(null, Object(Config\Cache), false)
 4 FCPATH\index.php(79): CodeIgniter\CodeIgniter->run()
WARNING - 2025-01-17 12:34:32 --> [DEPRECATED] Creation of dynamic property App\Controllers\DestinationController::$foodModel is deprecated in APPPATH\Controllers\DestinationController.php on line 20.
 1 SYSTEMPATH\CodeIgniter.php(913): App\Controllers\DestinationController->__construct()
 2 SYSTEMPATH\CodeIgniter.php(493): CodeIgniter\CodeIgniter->createController()
 3 SYSTEMPATH\CodeIgniter.php(361): CodeIgniter\CodeIgniter->handleRequest(null, Object(Config\Cache), false)
 4 FCPATH\index.php(79): CodeIgniter\CodeIgniter->run()
WARNING - 2025-01-17 12:34:32 --> [DEPRECATED] Creation of dynamic property App\Controllers\DestinationController::$blogModel is deprecated in APPPATH\Controllers\DestinationController.php on line 21.
 1 SYSTEMPATH\CodeIgniter.php(913): App\Controllers\DestinationController->__construct()
 2 SYSTEMPATH\CodeIgniter.php(493): CodeIgniter\CodeIgniter->createController()
 3 SYSTEMPATH\CodeIgniter.php(361): CodeIgniter\CodeIgniter->handleRequest(null, Object(Config\Cache), false)
 4 FCPATH\index.php(79): CodeIgniter\CodeIgniter->run()
INFO - 2025-01-17 12:34:32 --> Session: Class initialized using 'CodeIgniter\Session\Handlers\FileHandler' driver.
WARNING - 2025-01-17 12:35:42 --> [DEPRECATED] Creation of dynamic property App\Controllers\DestinationController::$citiesModel is deprecated in APPPATH\Controllers\DestinationController.php on line 16.
 1 SYSTEMPATH\CodeIgniter.php(913): App\Controllers\DestinationController->__construct()
 2 SYSTEMPATH\CodeIgniter.php(493): CodeIgniter\CodeIgniter->createController()
 3 SYSTEMPATH\CodeIgniter.php(361): CodeIgniter\CodeIgniter->handleRequest(null, Object(Config\Cache), false)
 4 FCPATH\index.php(79): CodeIgniter\CodeIgniter->run()
WARNING - 2025-01-17 12:35:42 --> [DEPRECATED] Creation of dynamic property App\Controllers\DestinationController::$uttarakhandModel is deprecated in APPPATH\Controllers\DestinationController.php on line 17.
 1 SYSTEMPATH\CodeIgniter.php(913): App\Controllers\DestinationController->__construct()
 2 SYSTEMPATH\CodeIgniter.php(493): CodeIgniter\CodeIgniter->createController()
 3 SYSTEMPATH\CodeIgniter.php(361): CodeIgniter\CodeIgniter->handleRequest(null, Object(Config\Cache), false)
 4 FCPATH\index.php(79): CodeIgniter\CodeIgniter->run()
WARNING - 2025-01-17 12:35:42 --> [DEPRECATED] Creation of dynamic property App\Controllers\DestinationController::$imageModel is deprecated in APPPATH\Controllers\DestinationController.php on line 18.
 1 SYSTEMPATH\CodeIgniter.php(913): App\Controllers\DestinationController->__construct()
 2 SYSTEMPATH\CodeIgniter.php(493): CodeIgniter\CodeIgniter->createController()
 3 SYSTEMPATH\CodeIgniter.php(361): CodeIgniter\CodeIgniter->handleRequest(null, Object(Config\Cache), false)
 4 FCPATH\index.php(79): CodeIgniter\CodeIgniter->run()
WARNING - 2025-01-17 12:35:42 --> [DEPRECATED] Creation of dynamic property App\Controllers\DestinationController::$areaModel is deprecated in APPPATH\Controllers\DestinationController.php on line 19.
 1 SYSTEMPATH\CodeIgniter.php(913): App\Controllers\DestinationController->__construct()
 2 SYSTEMPATH\CodeIgniter.php(493): CodeIgniter\CodeIgniter->createController()
 3 SYSTEMPATH\CodeIgniter.php(361): CodeIgniter\CodeIgniter->handleRequest(null, Object(Config\Cache), false)
 4 FCPATH\index.php(79): CodeIgniter\CodeIgniter->run()
WARNING - 2025-01-17 12:35:42 --> [DEPRECATED] Creation of dynamic property App\Controllers\DestinationController::$foodModel is deprecated in APPPATH\Controllers\DestinationController.php on line 20.
 1 SYSTEMPATH\CodeIgniter.php(913): App\Controllers\DestinationController->__construct()
 2 SYSTEMPATH\CodeIgniter.php(493): CodeIgniter\CodeIgniter->createController()
 3 SYSTEMPATH\CodeIgniter.php(361): CodeIgniter\CodeIgniter->handleRequest(null, Object(Config\Cache), false)
 4 FCPATH\index.php(79): CodeIgniter\CodeIgniter->run()
WARNING - 2025-01-17 12:35:42 --> [DEPRECATED] Creation of dynamic property App\Controllers\DestinationController::$blogModel is deprecated in APPPATH\Controllers\DestinationController.php on line 21.
 1 SYSTEMPATH\CodeIgniter.php(913): App\Controllers\DestinationController->__construct()
 2 SYSTEMPATH\CodeIgniter.php(493): CodeIgniter\CodeIgniter->createController()
 3 SYSTEMPATH\CodeIgniter.php(361): CodeIgniter\CodeIgniter->handleRequest(null, Object(Config\Cache), false)
 4 FCPATH\index.php(79): CodeIgniter\CodeIgniter->run()
INFO - 2025-01-17 12:35:42 --> Session: Class initialized using 'CodeIgniter\Session\Handlers\FileHandler' driver.
WARNING - 2025-01-17 12:36:17 --> [DEPRECATED] Creation of dynamic property App\Controllers\DestinationController::$citiesModel is deprecated in APPPATH\Controllers\DestinationController.php on line 16.
 1 SYSTEMPATH\CodeIgniter.php(913): App\Controllers\DestinationController->__construct()
 2 SYSTEMPATH\CodeIgniter.php(493): CodeIgniter\CodeIgniter->createController()
 3 SYSTEMPATH\CodeIgniter.php(361): CodeIgniter\CodeIgniter->handleRequest(null, Object(Config\Cache), false)
 4 FCPATH\index.php(79): CodeIgniter\CodeIgniter->run()
WARNING - 2025-01-17 12:36:17 --> [DEPRECATED] Creation of dynamic property App\Controllers\DestinationController::$uttarakhandModel is deprecated in APPPATH\Controllers\DestinationController.php on line 17.
 1 SYSTEMPATH\CodeIgniter.php(913): App\Controllers\DestinationController->__construct()
 2 SYSTEMPATH\CodeIgniter.php(493): CodeIgniter\CodeIgniter->createController()
 3 SYSTEMPATH\CodeIgniter.php(361): CodeIgniter\CodeIgniter->handleRequest(null, Object(Config\Cache), false)
 4 FCPATH\index.php(79): CodeIgniter\CodeIgniter->run()
WARNING - 2025-01-17 12:36:17 --> [DEPRECATED] Creation of dynamic property App\Controllers\DestinationController::$imageModel is deprecated in APPPATH\Controllers\DestinationController.php on line 18.
 1 SYSTEMPATH\CodeIgniter.php(913): App\Controllers\DestinationController->__construct()
 2 SYSTEMPATH\CodeIgniter.php(493): CodeIgniter\CodeIgniter->createController()
 3 SYSTEMPATH\CodeIgniter.php(361): CodeIgniter\CodeIgniter->handleRequest(null, Object(Config\Cache), false)
 4 FCPATH\index.php(79): CodeIgniter\CodeIgniter->run()
WARNING - 2025-01-17 12:36:17 --> [DEPRECATED] Creation of dynamic property App\Controllers\DestinationController::$areaModel is deprecated in APPPATH\Controllers\DestinationController.php on line 19.
 1 SYSTEMPATH\CodeIgniter.php(913): App\Controllers\DestinationController->__construct()
 2 SYSTEMPATH\CodeIgniter.php(493): CodeIgniter\CodeIgniter->createController()
 3 SYSTEMPATH\CodeIgniter.php(361): CodeIgniter\CodeIgniter->handleRequest(null, Object(Config\Cache), false)
 4 FCPATH\index.php(79): CodeIgniter\CodeIgniter->run()
WARNING - 2025-01-17 12:36:17 --> [DEPRECATED] Creation of dynamic property App\Controllers\DestinationController::$foodModel is deprecated in APPPATH\Controllers\DestinationController.php on line 20.
 1 SYSTEMPATH\CodeIgniter.php(913): App\Controllers\DestinationController->__construct()
 2 SYSTEMPATH\CodeIgniter.php(493): CodeIgniter\CodeIgniter->createController()
 3 SYSTEMPATH\CodeIgniter.php(361): CodeIgniter\CodeIgniter->handleRequest(null, Object(Config\Cache), false)
 4 FCPATH\index.php(79): CodeIgniter\CodeIgniter->run()
WARNING - 2025-01-17 12:36:17 --> [DEPRECATED] Creation of dynamic property App\Controllers\DestinationController::$blogModel is deprecated in APPPATH\Controllers\DestinationController.php on line 21.
 1 SYSTEMPATH\CodeIgniter.php(913): App\Controllers\DestinationController->__construct()
 2 SYSTEMPATH\CodeIgniter.php(493): CodeIgniter\CodeIgniter->createController()
 3 SYSTEMPATH\CodeIgniter.php(361): CodeIgniter\CodeIgniter->handleRequest(null, Object(Config\Cache), false)
 4 FCPATH\index.php(79): CodeIgniter\CodeIgniter->run()
INFO - 2025-01-17 12:36:17 --> Session: Class initialized using 'CodeIgniter\Session\Handlers\FileHandler' driver.
WARNING - 2025-01-17 12:36:18 --> [DEPRECATED] Creation of dynamic property App\Controllers\HomeController::$citiesModel is deprecated in APPPATH\Controllers\HomeController.php on line 19.
 1 SYSTEMPATH\CodeIgniter.php(913): App\Controllers\HomeController->__construct()
 2 SYSTEMPATH\CodeIgniter.php(493): CodeIgniter\CodeIgniter->createController()
 3 SYSTEMPATH\CodeIgniter.php(361): CodeIgniter\CodeIgniter->handleRequest(null, Object(Config\Cache), false)
 4 FCPATH\index.php(79): CodeIgniter\CodeIgniter->run()
WARNING - 2025-01-17 12:36:18 --> [DEPRECATED] Creation of dynamic property App\Controllers\HomeController::$uttarakhandModel is deprecated in APPPATH\Controllers\HomeController.php on line 20.
 1 SYSTEMPATH\CodeIgniter.php(913): App\Controllers\HomeController->__construct()
 2 SYSTEMPATH\CodeIgniter.php(493): CodeIgniter\CodeIgniter->createController()
 3 SYSTEMPATH\CodeIgniter.php(361): CodeIgniter\CodeIgniter->handleRequest(null, Object(Config\Cache), false)
 4 FCPATH\index.php(79): CodeIgniter\CodeIgniter->run()
WARNING - 2025-01-17 12:36:18 --> [DEPRECATED] Creation of dynamic property App\Controllers\HomeController::$imageModel is deprecated in APPPATH\Controllers\HomeController.php on line 21.
 1 SYSTEMPATH\CodeIgniter.php(913): App\Controllers\HomeController->__construct()
 2 SYSTEMPATH\CodeIgniter.php(493): CodeIgniter\CodeIgniter->createController()
 3 SYSTEMPATH\CodeIgniter.php(361): CodeIgniter\CodeIgniter->handleRequest(null, Object(Config\Cache), false)
 4 FCPATH\index.php(79): CodeIgniter\CodeIgniter->run()
WARNING - 2025-01-17 12:36:18 --> [DEPRECATED] Creation of dynamic property App\Controllers\HomeController::$areaModel is deprecated in APPPATH\Controllers\HomeController.php on line 22.
 1 SYSTEMPATH\CodeIgniter.php(913): App\Controllers\HomeController->__construct()
 2 SYSTEMPATH\CodeIgniter.php(493): CodeIgniter\CodeIgniter->createController()
 3 SYSTEMPATH\CodeIgniter.php(361): CodeIgniter\CodeIgniter->handleRequest(null, Object(Config\Cache), false)
 4 FCPATH\index.php(79): CodeIgniter\CodeIgniter->run()
WARNING - 2025-01-17 12:36:18 --> [DEPRECATED] Creation of dynamic property App\Controllers\HomeController::$foodModel is deprecated in APPPATH\Controllers\HomeController.php on line 23.
 1 SYSTEMPATH\CodeIgniter.php(913): App\Controllers\HomeController->__construct()
 2 SYSTEMPATH\CodeIgniter.php(493): CodeIgniter\CodeIgniter->createController()
 3 SYSTEMPATH\CodeIgniter.php(361): CodeIgniter\CodeIgniter->handleRequest(null, Object(Config\Cache), false)
 4 FCPATH\index.php(79): CodeIgniter\CodeIgniter->run()
WARNING - 2025-01-17 12:36:18 --> [DEPRECATED] Creation of dynamic property App\Controllers\HomeController::$blogModel is deprecated in APPPATH\Controllers\HomeController.php on line 24.
 1 SYSTEMPATH\CodeIgniter.php(913): App\Controllers\HomeController->__construct()
 2 SYSTEMPATH\CodeIgniter.php(493): CodeIgniter\CodeIgniter->createController()
 3 SYSTEMPATH\CodeIgniter.php(361): CodeIgniter\CodeIgniter->handleRequest(null, Object(Config\Cache), false)
 4 FCPATH\index.php(79): CodeIgniter\CodeIgniter->run()
INFO - 2025-01-17 12:36:18 --> Session: Class initialized using 'CodeIgniter\Session\Handlers\FileHandler' driver.
CRITICAL - 2025-01-17 12:36:18 --> ErrorException: Trying to access array offset on value of type null
in APPPATH\Controllers\HomeController.php on line 80.
 1 APPPATH\Controllers\HomeController.php(80): CodeIgniter\Debug\Exceptions->errorHandler(2, 'Trying to access array offset on value of type null', 'C:\\xampp\\htdocs\\uttrakhand\\app\\Controllers\\HomeController.php', 80)
 2 SYSTEMPATH\CodeIgniter.php(941): App\Controllers\HomeController->page('images', 'bg_1.jpg')
 3 SYSTEMPATH\CodeIgniter.php(502): CodeIgniter\CodeIgniter->runController(Object(App\Controllers\HomeController))
 4 SYSTEMPATH\CodeIgniter.php(361): CodeIgniter\CodeIgniter->handleRequest(null, Object(Config\Cache), false)
 5 FCPATH\index.php(79): CodeIgniter\CodeIgniter->run()
WARNING - 2025-01-17 12:36:28 --> [DEPRECATED] Creation of dynamic property App\Controllers\DestinationController::$citiesModel is deprecated in APPPATH\Controllers\DestinationController.php on line 16.
 1 SYSTEMPATH\CodeIgniter.php(913): App\Controllers\DestinationController->__construct()
 2 SYSTEMPATH\CodeIgniter.php(493): CodeIgniter\CodeIgniter->createController()
 3 SYSTEMPATH\CodeIgniter.php(361): CodeIgniter\CodeIgniter->handleRequest(null, Object(Config\Cache), false)
 4 FCPATH\index.php(79): CodeIgniter\CodeIgniter->run()
WARNING - 2025-01-17 12:36:28 --> [DEPRECATED] Creation of dynamic property App\Controllers\DestinationController::$uttarakhandModel is deprecated in APPPATH\Controllers\DestinationController.php on line 17.
 1 SYSTEMPATH\CodeIgniter.php(913): App\Controllers\DestinationController->__construct()
 2 SYSTEMPATH\CodeIgniter.php(493): CodeIgniter\CodeIgniter->createController()
 3 SYSTEMPATH\CodeIgniter.php(361): CodeIgniter\CodeIgniter->handleRequest(null, Object(Config\Cache), false)
 4 FCPATH\index.php(79): CodeIgniter\CodeIgniter->run()
WARNING - 2025-01-17 12:36:28 --> [DEPRECATED] Creation of dynamic property App\Controllers\DestinationController::$imageModel is deprecated in APPPATH\Controllers\DestinationController.php on line 18.
 1 SYSTEMPATH\CodeIgniter.php(913): App\Controllers\DestinationController->__construct()
 2 SYSTEMPATH\CodeIgniter.php(493): CodeIgniter\CodeIgniter->createController()
 3 SYSTEMPATH\CodeIgniter.php(361): CodeIgniter\CodeIgniter->handleRequest(null, Object(Config\Cache), false)
 4 FCPATH\index.php(79): CodeIgniter\CodeIgniter->run()
WARNING - 2025-01-17 12:36:28 --> [DEPRECATED] Creation of dynamic property App\Controllers\DestinationController::$areaModel is deprecated in APPPATH\Controllers\DestinationController.php on line 19.
 1 SYSTEMPATH\CodeIgniter.php(913): App\Controllers\DestinationController->__construct()
 2 SYSTEMPATH\CodeIgniter.php(493): CodeIgniter\CodeIgniter->createController()
 3 SYSTEMPATH\CodeIgniter.php(361): CodeIgniter\CodeIgniter->handleRequest(null, Object(Config\Cache), false)
 4 FCPATH\index.php(79): CodeIgniter\CodeIgniter->run()
WARNING - 2025-01-17 12:36:28 --> [DEPRECATED] Creation of dynamic property App\Controllers\DestinationController::$foodModel is deprecated in APPPATH\Controllers\DestinationController.php on line 20.
 1 SYSTEMPATH\CodeIgniter.php(913): App\Controllers\DestinationController->__construct()
 2 SYSTEMPATH\CodeIgniter.php(493): CodeIgniter\CodeIgniter->createController()
 3 SYSTEMPATH\CodeIgniter.php(361): CodeIgniter\CodeIgniter->handleRequest(null, Object(Config\Cache), false)
 4 FCPATH\index.php(79): CodeIgniter\CodeIgniter->run()
WARNING - 2025-01-17 12:36:28 --> [DEPRECATED] Creation of dynamic property App\Controllers\DestinationController::$blogModel is deprecated in APPPATH\Controllers\DestinationController.php on line 21.
 1 SYSTEMPATH\CodeIgniter.php(913): App\Controllers\DestinationController->__construct()
 2 SYSTEMPATH\CodeIgniter.php(493): CodeIgniter\CodeIgniter->createController()
 3 SYSTEMPATH\CodeIgniter.php(361): CodeIgniter\CodeIgniter->handleRequest(null, Object(Config\Cache), false)
 4 FCPATH\index.php(79): CodeIgniter\CodeIgniter->run()
INFO - 2025-01-17 12:36:28 --> Session: Class initialized using 'CodeIgniter\Session\Handlers\FileHandler' driver.
WARNING - 2025-01-17 12:36:28 --> [DEPRECATED] Creation of dynamic property App\Controllers\HomeController::$citiesModel is deprecated in APPPATH\Controllers\HomeController.php on line 19.
 1 SYSTEMPATH\CodeIgniter.php(913): App\Controllers\HomeController->__construct()
 2 SYSTEMPATH\CodeIgniter.php(493): CodeIgniter\CodeIgniter->createController()
 3 SYSTEMPATH\CodeIgniter.php(361): CodeIgniter\CodeIgniter->handleRequest(null, Object(Config\Cache), false)
 4 FCPATH\index.php(79): CodeIgniter\CodeIgniter->run()
WARNING - 2025-01-17 12:36:28 --> [DEPRECATED] Creation of dynamic property App\Controllers\HomeController::$uttarakhandModel is deprecated in APPPATH\Controllers\HomeController.php on line 20.
 1 SYSTEMPATH\CodeIgniter.php(913): App\Controllers\HomeController->__construct()
 2 SYSTEMPATH\CodeIgniter.php(493): CodeIgniter\CodeIgniter->createController()
 3 SYSTEMPATH\CodeIgniter.php(361): CodeIgniter\CodeIgniter->handleRequest(null, Object(Config\Cache), false)
 4 FCPATH\index.php(79): CodeIgniter\CodeIgniter->run()
WARNING - 2025-01-17 12:36:28 --> [DEPRECATED] Creation of dynamic property App\Controllers\HomeController::$imageModel is deprecated in APPPATH\Controllers\HomeController.php on line 21.
 1 SYSTEMPATH\CodeIgniter.php(913): App\Controllers\HomeController->__construct()
 2 SYSTEMPATH\CodeIgniter.php(493): CodeIgniter\CodeIgniter->createController()
 3 SYSTEMPATH\CodeIgniter.php(361): CodeIgniter\CodeIgniter->handleRequest(null, Object(Config\Cache), false)
 4 FCPATH\index.php(79): CodeIgniter\CodeIgniter->run()
WARNING - 2025-01-17 12:36:28 --> [DEPRECATED] Creation of dynamic property App\Controllers\HomeController::$areaModel is deprecated in APPPATH\Controllers\HomeController.php on line 22.
 1 SYSTEMPATH\CodeIgniter.php(913): App\Controllers\HomeController->__construct()
 2 SYSTEMPATH\CodeIgniter.php(493): CodeIgniter\CodeIgniter->createController()
 3 SYSTEMPATH\CodeIgniter.php(361): CodeIgniter\CodeIgniter->handleRequest(null, Object(Config\Cache), false)
 4 FCPATH\index.php(79): CodeIgniter\CodeIgniter->run()
WARNING - 2025-01-17 12:36:28 --> [DEPRECATED] Creation of dynamic property App\Controllers\HomeController::$foodModel is deprecated in APPPATH\Controllers\HomeController.php on line 23.
 1 SYSTEMPATH\CodeIgniter.php(913): App\Controllers\HomeController->__construct()
 2 SYSTEMPATH\CodeIgniter.php(493): CodeIgniter\CodeIgniter->createController()
 3 SYSTEMPATH\CodeIgniter.php(361): CodeIgniter\CodeIgniter->handleRequest(null, Object(Config\Cache), false)
 4 FCPATH\index.php(79): CodeIgniter\CodeIgniter->run()
WARNING - 2025-01-17 12:36:28 --> [DEPRECATED] Creation of dynamic property App\Controllers\HomeController::$blogModel is deprecated in APPPATH\Controllers\HomeController.php on line 24.
 1 SYSTEMPATH\CodeIgniter.php(913): App\Controllers\HomeController->__construct()
 2 SYSTEMPATH\CodeIgniter.php(493): CodeIgniter\CodeIgniter->createController()
 3 SYSTEMPATH\CodeIgniter.php(361): CodeIgniter\CodeIgniter->handleRequest(null, Object(Config\Cache), false)
 4 FCPATH\index.php(79): CodeIgniter\CodeIgniter->run()
INFO - 2025-01-17 12:36:28 --> Session: Class initialized using 'CodeIgniter\Session\Handlers\FileHandler' driver.
CRITICAL - 2025-01-17 12:36:28 --> ErrorException: Trying to access array offset on value of type null
in APPPATH\Controllers\HomeController.php on line 80.
 1 APPPATH\Controllers\HomeController.php(80): CodeIgniter\Debug\Exceptions->errorHandler(2, 'Trying to access array offset on value of type null', 'C:\\xampp\\htdocs\\uttrakhand\\app\\Controllers\\HomeController.php', 80)
 2 SYSTEMPATH\CodeIgniter.php(941): App\Controllers\HomeController->page('images', 'bg_1.jpg')
 3 SYSTEMPATH\CodeIgniter.php(502): CodeIgniter\CodeIgniter->runController(Object(App\Controllers\HomeController))
 4 SYSTEMPATH\CodeIgniter.php(361): CodeIgniter\CodeIgniter->handleRequest(null, Object(Config\Cache), false)
 5 FCPATH\index.php(79): CodeIgniter\CodeIgniter->run()
WARNING - 2025-01-17 12:36:58 --> [DEPRECATED] Creation of dynamic property App\Controllers\DestinationController::$citiesModel is deprecated in APPPATH\Controllers\DestinationController.php on line 16.
 1 SYSTEMPATH\CodeIgniter.php(913): App\Controllers\DestinationController->__construct()
 2 SYSTEMPATH\CodeIgniter.php(493): CodeIgniter\CodeIgniter->createController()
 3 SYSTEMPATH\CodeIgniter.php(361): CodeIgniter\CodeIgniter->handleRequest(null, Object(Config\Cache), false)
 4 FCPATH\index.php(79): CodeIgniter\CodeIgniter->run()
WARNING - 2025-01-17 12:36:58 --> [DEPRECATED] Creation of dynamic property App\Controllers\DestinationController::$uttarakhandModel is deprecated in APPPATH\Controllers\DestinationController.php on line 17.
 1 SYSTEMPATH\CodeIgniter.php(913): App\Controllers\DestinationController->__construct()
 2 SYSTEMPATH\CodeIgniter.php(493): CodeIgniter\CodeIgniter->createController()
 3 SYSTEMPATH\CodeIgniter.php(361): CodeIgniter\CodeIgniter->handleRequest(null, Object(Config\Cache), false)
 4 FCPATH\index.php(79): CodeIgniter\CodeIgniter->run()
WARNING - 2025-01-17 12:36:58 --> [DEPRECATED] Creation of dynamic property App\Controllers\DestinationController::$imageModel is deprecated in APPPATH\Controllers\DestinationController.php on line 18.
 1 SYSTEMPATH\CodeIgniter.php(913): App\Controllers\DestinationController->__construct()
 2 SYSTEMPATH\CodeIgniter.php(493): CodeIgniter\CodeIgniter->createController()
 3 SYSTEMPATH\CodeIgniter.php(361): CodeIgniter\CodeIgniter->handleRequest(null, Object(Config\Cache), false)
 4 FCPATH\index.php(79): CodeIgniter\CodeIgniter->run()
WARNING - 2025-01-17 12:36:58 --> [DEPRECATED] Creation of dynamic property App\Controllers\DestinationController::$areaModel is deprecated in APPPATH\Controllers\DestinationController.php on line 19.
 1 SYSTEMPATH\CodeIgniter.php(913): App\Controllers\DestinationController->__construct()
 2 SYSTEMPATH\CodeIgniter.php(493): CodeIgniter\CodeIgniter->createController()
 3 SYSTEMPATH\CodeIgniter.php(361): CodeIgniter\CodeIgniter->handleRequest(null, Object(Config\Cache), false)
 4 FCPATH\index.php(79): CodeIgniter\CodeIgniter->run()
WARNING - 2025-01-17 12:36:58 --> [DEPRECATED] Creation of dynamic property App\Controllers\DestinationController::$foodModel is deprecated in APPPATH\Controllers\DestinationController.php on line 20.
 1 SYSTEMPATH\CodeIgniter.php(913): App\Controllers\DestinationController->__construct()
 2 SYSTEMPATH\CodeIgniter.php(493): CodeIgniter\CodeIgniter->createController()
 3 SYSTEMPATH\CodeIgniter.php(361): CodeIgniter\CodeIgniter->handleRequest(null, Object(Config\Cache), false)
 4 FCPATH\index.php(79): CodeIgniter\CodeIgniter->run()
WARNING - 2025-01-17 12:36:58 --> [DEPRECATED] Creation of dynamic property App\Controllers\DestinationController::$blogModel is deprecated in APPPATH\Controllers\DestinationController.php on line 21.
 1 SYSTEMPATH\CodeIgniter.php(913): App\Controllers\DestinationController->__construct()
 2 SYSTEMPATH\CodeIgniter.php(493): CodeIgniter\CodeIgniter->createController()
 3 SYSTEMPATH\CodeIgniter.php(361): CodeIgniter\CodeIgniter->handleRequest(null, Object(Config\Cache), false)
 4 FCPATH\index.php(79): CodeIgniter\CodeIgniter->run()
INFO - 2025-01-17 12:36:58 --> Session: Class initialized using 'CodeIgniter\Session\Handlers\FileHandler' driver.
WARNING - 2025-01-17 12:36:59 --> [DEPRECATED] Creation of dynamic property App\Controllers\HomeController::$citiesModel is deprecated in APPPATH\Controllers\HomeController.php on line 19.
 1 SYSTEMPATH\CodeIgniter.php(913): App\Controllers\HomeController->__construct()
 2 SYSTEMPATH\CodeIgniter.php(493): CodeIgniter\CodeIgniter->createController()
 3 SYSTEMPATH\CodeIgniter.php(361): CodeIgniter\CodeIgniter->handleRequest(null, Object(Config\Cache), false)
 4 FCPATH\index.php(79): CodeIgniter\CodeIgniter->run()
WARNING - 2025-01-17 12:36:59 --> [DEPRECATED] Creation of dynamic property App\Controllers\HomeController::$uttarakhandModel is deprecated in APPPATH\Controllers\HomeController.php on line 20.
 1 SYSTEMPATH\CodeIgniter.php(913): App\Controllers\HomeController->__construct()
 2 SYSTEMPATH\CodeIgniter.php(493): CodeIgniter\CodeIgniter->createController()
 3 SYSTEMPATH\CodeIgniter.php(361): CodeIgniter\CodeIgniter->handleRequest(null, Object(Config\Cache), false)
 4 FCPATH\index.php(79): CodeIgniter\CodeIgniter->run()
WARNING - 2025-01-17 12:36:59 --> [DEPRECATED] Creation of dynamic property App\Controllers\HomeController::$imageModel is deprecated in APPPATH\Controllers\HomeController.php on line 21.
 1 SYSTEMPATH\CodeIgniter.php(913): App\Controllers\HomeController->__construct()
 2 SYSTEMPATH\CodeIgniter.php(493): CodeIgniter\CodeIgniter->createController()
 3 SYSTEMPATH\CodeIgniter.php(361): CodeIgniter\CodeIgniter->handleRequest(null, Object(Config\Cache), false)
 4 FCPATH\index.php(79): CodeIgniter\CodeIgniter->run()
WARNING - 2025-01-17 12:36:59 --> [DEPRECATED] Creation of dynamic property App\Controllers\HomeController::$areaModel is deprecated in APPPATH\Controllers\HomeController.php on line 22.
 1 SYSTEMPATH\CodeIgniter.php(913): App\Controllers\HomeController->__construct()
 2 SYSTEMPATH\CodeIgniter.php(493): CodeIgniter\CodeIgniter->createController()
 3 SYSTEMPATH\CodeIgniter.php(361): CodeIgniter\CodeIgniter->handleRequest(null, Object(Config\Cache), false)
 4 FCPATH\index.php(79): CodeIgniter\CodeIgniter->run()
WARNING - 2025-01-17 12:36:59 --> [DEPRECATED] Creation of dynamic property App\Controllers\HomeController::$foodModel is deprecated in APPPATH\Controllers\HomeController.php on line 23.
 1 SYSTEMPATH\CodeIgniter.php(913): App\Controllers\HomeController->__construct()
 2 SYSTEMPATH\CodeIgniter.php(493): CodeIgniter\CodeIgniter->createController()
 3 SYSTEMPATH\CodeIgniter.php(361): CodeIgniter\CodeIgniter->handleRequest(null, Object(Config\Cache), false)
 4 FCPATH\index.php(79): CodeIgniter\CodeIgniter->run()
WARNING - 2025-01-17 12:36:59 --> [DEPRECATED] Creation of dynamic property App\Controllers\HomeController::$blogModel is deprecated in APPPATH\Controllers\HomeController.php on line 24.
 1 SYSTEMPATH\CodeIgniter.php(913): App\Controllers\HomeController->__construct()
 2 SYSTEMPATH\CodeIgniter.php(493): CodeIgniter\CodeIgniter->createController()
 3 SYSTEMPATH\CodeIgniter.php(361): CodeIgniter\CodeIgniter->handleRequest(null, Object(Config\Cache), false)
 4 FCPATH\index.php(79): CodeIgniter\CodeIgniter->run()
INFO - 2025-01-17 12:36:59 --> Session: Class initialized using 'CodeIgniter\Session\Handlers\FileHandler' driver.
CRITICAL - 2025-01-17 12:36:59 --> ErrorException: Trying to access array offset on value of type null
in APPPATH\Controllers\HomeController.php on line 80.
 1 APPPATH\Controllers\HomeController.php(80): CodeIgniter\Debug\Exceptions->errorHandler(2, 'Trying to access array offset on value of type null', 'C:\\xampp\\htdocs\\uttrakhand\\app\\Controllers\\HomeController.php', 80)
 2 SYSTEMPATH\CodeIgniter.php(941): App\Controllers\HomeController->page('images', 'bg_1.jpg')
 3 SYSTEMPATH\CodeIgniter.php(502): CodeIgniter\CodeIgniter->runController(Object(App\Controllers\HomeController))
 4 SYSTEMPATH\CodeIgniter.php(361): CodeIgniter\CodeIgniter->handleRequest(null, Object(Config\Cache), false)
 5 FCPATH\index.php(79): CodeIgniter\CodeIgniter->run()
WARNING - 2025-01-17 12:42:55 --> [DEPRECATED] Creation of dynamic property App\Controllers\DestinationController::$citiesModel is deprecated in APPPATH\Controllers\DestinationController.php on line 16.
 1 SYSTEMPATH\CodeIgniter.php(913): App\Controllers\DestinationController->__construct()
 2 SYSTEMPATH\CodeIgniter.php(493): CodeIgniter\CodeIgniter->createController()
 3 SYSTEMPATH\CodeIgniter.php(361): CodeIgniter\CodeIgniter->handleRequest(null, Object(Config\Cache), false)
 4 FCPATH\index.php(79): CodeIgniter\CodeIgniter->run()
WARNING - 2025-01-17 12:42:55 --> [DEPRECATED] Creation of dynamic property App\Controllers\DestinationController::$uttarakhandModel is deprecated in APPPATH\Controllers\DestinationController.php on line 17.
 1 SYSTEMPATH\CodeIgniter.php(913): App\Controllers\DestinationController->__construct()
 2 SYSTEMPATH\CodeIgniter.php(493): CodeIgniter\CodeIgniter->createController()
 3 SYSTEMPATH\CodeIgniter.php(361): CodeIgniter\CodeIgniter->handleRequest(null, Object(Config\Cache), false)
 4 FCPATH\index.php(79): CodeIgniter\CodeIgniter->run()
WARNING - 2025-01-17 12:42:55 --> [DEPRECATED] Creation of dynamic property App\Controllers\DestinationController::$imageModel is deprecated in APPPATH\Controllers\DestinationController.php on line 18.
 1 SYSTEMPATH\CodeIgniter.php(913): App\Controllers\DestinationController->__construct()
 2 SYSTEMPATH\CodeIgniter.php(493): CodeIgniter\CodeIgniter->createController()
 3 SYSTEMPATH\CodeIgniter.php(361): CodeIgniter\CodeIgniter->handleRequest(null, Object(Config\Cache), false)
 4 FCPATH\index.php(79): CodeIgniter\CodeIgniter->run()
WARNING - 2025-01-17 12:42:55 --> [DEPRECATED] Creation of dynamic property App\Controllers\DestinationController::$areaModel is deprecated in APPPATH\Controllers\DestinationController.php on line 19.
 1 SYSTEMPATH\CodeIgniter.php(913): App\Controllers\DestinationController->__construct()
 2 SYSTEMPATH\CodeIgniter.php(493): CodeIgniter\CodeIgniter->createController()
 3 SYSTEMPATH\CodeIgniter.php(361): CodeIgniter\CodeIgniter->handleRequest(null, Object(Config\Cache), false)
 4 FCPATH\index.php(79): CodeIgniter\CodeIgniter->run()
WARNING - 2025-01-17 12:42:55 --> [DEPRECATED] Creation of dynamic property App\Controllers\DestinationController::$foodModel is deprecated in APPPATH\Controllers\DestinationController.php on line 20.
 1 SYSTEMPATH\CodeIgniter.php(913): App\Controllers\DestinationController->__construct()
 2 SYSTEMPATH\CodeIgniter.php(493): CodeIgniter\CodeIgniter->createController()
 3 SYSTEMPATH\CodeIgniter.php(361): CodeIgniter\CodeIgniter->handleRequest(null, Object(Config\Cache), false)
 4 FCPATH\index.php(79): CodeIgniter\CodeIgniter->run()
WARNING - 2025-01-17 12:42:55 --> [DEPRECATED] Creation of dynamic property App\Controllers\DestinationController::$blogModel is deprecated in APPPATH\Controllers\DestinationController.php on line 21.
 1 SYSTEMPATH\CodeIgniter.php(913): App\Controllers\DestinationController->__construct()
 2 SYSTEMPATH\CodeIgniter.php(493): CodeIgniter\CodeIgniter->createController()
 3 SYSTEMPATH\CodeIgniter.php(361): CodeIgniter\CodeIgniter->handleRequest(null, Object(Config\Cache), false)
 4 FCPATH\index.php(79): CodeIgniter\CodeIgniter->run()
INFO - 2025-01-17 12:42:55 --> Session: Class initialized using 'CodeIgniter\Session\Handlers\FileHandler' driver.
WARNING - 2025-01-17 12:54:04 --> [DEPRECATED] Creation of dynamic property App\Controllers\HomeController::$citiesModel is deprecated in APPPATH\Controllers\HomeController.php on line 19.
 1 SYSTEMPATH\CodeIgniter.php(913): App\Controllers\HomeController->__construct()
 2 SYSTEMPATH\CodeIgniter.php(493): CodeIgniter\CodeIgniter->createController()
 3 SYSTEMPATH\CodeIgniter.php(361): CodeIgniter\CodeIgniter->handleRequest(null, Object(Config\Cache), false)
 4 FCPATH\index.php(79): CodeIgniter\CodeIgniter->run()
WARNING - 2025-01-17 12:54:04 --> [DEPRECATED] Creation of dynamic property App\Controllers\HomeController::$uttarakhandModel is deprecated in APPPATH\Controllers\HomeController.php on line 20.
 1 SYSTEMPATH\CodeIgniter.php(913): App\Controllers\HomeController->__construct()
 2 SYSTEMPATH\CodeIgniter.php(493): CodeIgniter\CodeIgniter->createController()
 3 SYSTEMPATH\CodeIgniter.php(361): CodeIgniter\CodeIgniter->handleRequest(null, Object(Config\Cache), false)
 4 FCPATH\index.php(79): CodeIgniter\CodeIgniter->run()
WARNING - 2025-01-17 12:54:04 --> [DEPRECATED] Creation of dynamic property App\Controllers\HomeController::$imageModel is deprecated in APPPATH\Controllers\HomeController.php on line 21.
 1 SYSTEMPATH\CodeIgniter.php(913): App\Controllers\HomeController->__construct()
 2 SYSTEMPATH\CodeIgniter.php(493): CodeIgniter\CodeIgniter->createController()
 3 SYSTEMPATH\CodeIgniter.php(361): CodeIgniter\CodeIgniter->handleRequest(null, Object(Config\Cache), false)
 4 FCPATH\index.php(79): CodeIgniter\CodeIgniter->run()
WARNING - 2025-01-17 12:54:04 --> [DEPRECATED] Creation of dynamic property App\Controllers\HomeController::$areaModel is deprecated in APPPATH\Controllers\HomeController.php on line 22.
 1 SYSTEMPATH\CodeIgniter.php(913): App\Controllers\HomeController->__construct()
 2 SYSTEMPATH\CodeIgniter.php(493): CodeIgniter\CodeIgniter->createController()
 3 SYSTEMPATH\CodeIgniter.php(361): CodeIgniter\CodeIgniter->handleRequest(null, Object(Config\Cache), false)
 4 FCPATH\index.php(79): CodeIgniter\CodeIgniter->run()
WARNING - 2025-01-17 12:54:04 --> [DEPRECATED] Creation of dynamic property App\Controllers\HomeController::$foodModel is deprecated in APPPATH\Controllers\HomeController.php on line 23.
 1 SYSTEMPATH\CodeIgniter.php(913): App\Controllers\HomeController->__construct()
 2 SYSTEMPATH\CodeIgniter.php(493): CodeIgniter\CodeIgniter->createController()
 3 SYSTEMPATH\CodeIgniter.php(361): CodeIgniter\CodeIgniter->handleRequest(null, Object(Config\Cache), false)
 4 FCPATH\index.php(79): CodeIgniter\CodeIgniter->run()
WARNING - 2025-01-17 12:54:04 --> [DEPRECATED] Creation of dynamic property App\Controllers\HomeController::$blogModel is deprecated in APPPATH\Controllers\HomeController.php on line 24.
 1 SYSTEMPATH\CodeIgniter.php(913): App\Controllers\HomeController->__construct()
 2 SYSTEMPATH\CodeIgniter.php(493): CodeIgniter\CodeIgniter->createController()
 3 SYSTEMPATH\CodeIgniter.php(361): CodeIgniter\CodeIgniter->handleRequest(null, Object(Config\Cache), false)
 4 FCPATH\index.php(79): CodeIgniter\CodeIgniter->run()
INFO - 2025-01-17 12:54:04 --> Session: Class initialized using 'CodeIgniter\Session\Handlers\FileHandler' driver.
WARNING - 2025-01-17 12:54:05 --> [DEPRECATED] Creation of dynamic property App\Controllers\AboutController::$citiesModel is deprecated in APPPATH\Controllers\AboutController.php on line 16.
 1 SYSTEMPATH\CodeIgniter.php(913): App\Controllers\AboutController->__construct()
 2 SYSTEMPATH\CodeIgniter.php(493): CodeIgniter\CodeIgniter->createController()
 3 SYSTEMPATH\CodeIgniter.php(361): CodeIgniter\CodeIgniter->handleRequest(null, Object(Config\Cache), false)
 4 FCPATH\index.php(79): CodeIgniter\CodeIgniter->run()
WARNING - 2025-01-17 12:54:05 --> [DEPRECATED] Creation of dynamic property App\Controllers\AboutController::$uttarakhandModel is deprecated in APPPATH\Controllers\AboutController.php on line 17.
 1 SYSTEMPATH\CodeIgniter.php(913): App\Controllers\AboutController->__construct()
 2 SYSTEMPATH\CodeIgniter.php(493): CodeIgniter\CodeIgniter->createController()
 3 SYSTEMPATH\CodeIgniter.php(361): CodeIgniter\CodeIgniter->handleRequest(null, Object(Config\Cache), false)
 4 FCPATH\index.php(79): CodeIgniter\CodeIgniter->run()
WARNING - 2025-01-17 12:54:05 --> [DEPRECATED] Creation of dynamic property App\Controllers\AboutController::$imageModel is deprecated in APPPATH\Controllers\AboutController.php on line 18.
 1 SYSTEMPATH\CodeIgniter.php(913): App\Controllers\AboutController->__construct()
 2 SYSTEMPATH\CodeIgniter.php(493): CodeIgniter\CodeIgniter->createController()
 3 SYSTEMPATH\CodeIgniter.php(361): CodeIgniter\CodeIgniter->handleRequest(null, Object(Config\Cache), false)
 4 FCPATH\index.php(79): CodeIgniter\CodeIgniter->run()
WARNING - 2025-01-17 12:54:05 --> [DEPRECATED] Creation of dynamic property App\Controllers\AboutController::$areaModel is deprecated in APPPATH\Controllers\AboutController.php on line 19.
 1 SYSTEMPATH\CodeIgniter.php(913): App\Controllers\AboutController->__construct()
 2 SYSTEMPATH\CodeIgniter.php(493): CodeIgniter\CodeIgniter->createController()
 3 SYSTEMPATH\CodeIgniter.php(361): CodeIgniter\CodeIgniter->handleRequest(null, Object(Config\Cache), false)
 4 FCPATH\index.php(79): CodeIgniter\CodeIgniter->run()
WARNING - 2025-01-17 12:54:05 --> [DEPRECATED] Creation of dynamic property App\Controllers\AboutController::$foodModel is deprecated in APPPATH\Controllers\AboutController.php on line 20.
 1 SYSTEMPATH\CodeIgniter.php(913): App\Controllers\AboutController->__construct()
 2 SYSTEMPATH\CodeIgniter.php(493): CodeIgniter\CodeIgniter->createController()
 3 SYSTEMPATH\CodeIgniter.php(361): CodeIgniter\CodeIgniter->handleRequest(null, Object(Config\Cache), false)
 4 FCPATH\index.php(79): CodeIgniter\CodeIgniter->run()
WARNING - 2025-01-17 12:54:05 --> [DEPRECATED] Creation of dynamic property App\Controllers\AboutController::$blogModel is deprecated in APPPATH\Controllers\AboutController.php on line 21.
 1 SYSTEMPATH\CodeIgniter.php(913): App\Controllers\AboutController->__construct()
 2 SYSTEMPATH\CodeIgniter.php(493): CodeIgniter\CodeIgniter->createController()
 3 SYSTEMPATH\CodeIgniter.php(361): CodeIgniter\CodeIgniter->handleRequest(null, Object(Config\Cache), false)
 4 FCPATH\index.php(79): CodeIgniter\CodeIgniter->run()
INFO - 2025-01-17 12:54:05 --> Session: Class initialized using 'CodeIgniter\Session\Handlers\FileHandler' driver.
WARNING - 2025-01-17 12:54:06 --> [DEPRECATED] Creation of dynamic property App\Controllers\DestinationController::$citiesModel is deprecated in APPPATH\Controllers\DestinationController.php on line 16.
 1 SYSTEMPATH\CodeIgniter.php(913): App\Controllers\DestinationController->__construct()
 2 SYSTEMPATH\CodeIgniter.php(493): CodeIgniter\CodeIgniter->createController()
 3 SYSTEMPATH\CodeIgniter.php(361): CodeIgniter\CodeIgniter->handleRequest(null, Object(Config\Cache), false)
 4 FCPATH\index.php(79): CodeIgniter\CodeIgniter->run()
WARNING - 2025-01-17 12:54:06 --> [DEPRECATED] Creation of dynamic property App\Controllers\DestinationController::$uttarakhandModel is deprecated in APPPATH\Controllers\DestinationController.php on line 17.
 1 SYSTEMPATH\CodeIgniter.php(913): App\Controllers\DestinationController->__construct()
 2 SYSTEMPATH\CodeIgniter.php(493): CodeIgniter\CodeIgniter->createController()
 3 SYSTEMPATH\CodeIgniter.php(361): CodeIgniter\CodeIgniter->handleRequest(null, Object(Config\Cache), false)
 4 FCPATH\index.php(79): CodeIgniter\CodeIgniter->run()
WARNING - 2025-01-17 12:54:06 --> [DEPRECATED] Creation of dynamic property App\Controllers\DestinationController::$imageModel is deprecated in APPPATH\Controllers\DestinationController.php on line 18.
 1 SYSTEMPATH\CodeIgniter.php(913): App\Controllers\DestinationController->__construct()
 2 SYSTEMPATH\CodeIgniter.php(493): CodeIgniter\CodeIgniter->createController()
 3 SYSTEMPATH\CodeIgniter.php(361): CodeIgniter\CodeIgniter->handleRequest(null, Object(Config\Cache), false)
 4 FCPATH\index.php(79): CodeIgniter\CodeIgniter->run()
WARNING - 2025-01-17 12:54:06 --> [DEPRECATED] Creation of dynamic property App\Controllers\DestinationController::$areaModel is deprecated in APPPATH\Controllers\DestinationController.php on line 19.
 1 SYSTEMPATH\CodeIgniter.php(913): App\Controllers\DestinationController->__construct()
 2 SYSTEMPATH\CodeIgniter.php(493): CodeIgniter\CodeIgniter->createController()
 3 SYSTEMPATH\CodeIgniter.php(361): CodeIgniter\CodeIgniter->handleRequest(null, Object(Config\Cache), false)
 4 FCPATH\index.php(79): CodeIgniter\CodeIgniter->run()
WARNING - 2025-01-17 12:54:06 --> [DEPRECATED] Creation of dynamic property App\Controllers\DestinationController::$foodModel is deprecated in APPPATH\Controllers\DestinationController.php on line 20.
 1 SYSTEMPATH\CodeIgniter.php(913): App\Controllers\DestinationController->__construct()
 2 SYSTEMPATH\CodeIgniter.php(493): CodeIgniter\CodeIgniter->createController()
 3 SYSTEMPATH\CodeIgniter.php(361): CodeIgniter\CodeIgniter->handleRequest(null, Object(Config\Cache), false)
 4 FCPATH\index.php(79): CodeIgniter\CodeIgniter->run()
WARNING - 2025-01-17 12:54:06 --> [DEPRECATED] Creation of dynamic property App\Controllers\DestinationController::$blogModel is deprecated in APPPATH\Controllers\DestinationController.php on line 21.
 1 SYSTEMPATH\CodeIgniter.php(913): App\Controllers\DestinationController->__construct()
 2 SYSTEMPATH\CodeIgniter.php(493): CodeIgniter\CodeIgniter->createController()
 3 SYSTEMPATH\CodeIgniter.php(361): CodeIgniter\CodeIgniter->handleRequest(null, Object(Config\Cache), false)
 4 FCPATH\index.php(79): CodeIgniter\CodeIgniter->run()
INFO - 2025-01-17 12:54:06 --> Session: Class initialized using 'CodeIgniter\Session\Handlers\FileHandler' driver.
WARNING - 2025-01-17 12:54:06 --> [DEPRECATED] Creation of dynamic property App\Controllers\HomeController::$citiesModel is deprecated in APPPATH\Controllers\HomeController.php on line 19.
 1 SYSTEMPATH\CodeIgniter.php(913): App\Controllers\HomeController->__construct()
 2 SYSTEMPATH\CodeIgniter.php(493): CodeIgniter\CodeIgniter->createController()
 3 SYSTEMPATH\CodeIgniter.php(361): CodeIgniter\CodeIgniter->handleRequest(null, Object(Config\Cache), false)
 4 FCPATH\index.php(79): CodeIgniter\CodeIgniter->run()
WARNING - 2025-01-17 12:54:06 --> [DEPRECATED] Creation of dynamic property App\Controllers\HomeController::$uttarakhandModel is deprecated in APPPATH\Controllers\HomeController.php on line 20.
 1 SYSTEMPATH\CodeIgniter.php(913): App\Controllers\HomeController->__construct()
 2 SYSTEMPATH\CodeIgniter.php(493): CodeIgniter\CodeIgniter->createController()
 3 SYSTEMPATH\CodeIgniter.php(361): CodeIgniter\CodeIgniter->handleRequest(null, Object(Config\Cache), false)
 4 FCPATH\index.php(79): CodeIgniter\CodeIgniter->run()
WARNING - 2025-01-17 12:54:06 --> [DEPRECATED] Creation of dynamic property App\Controllers\HomeController::$imageModel is deprecated in APPPATH\Controllers\HomeController.php on line 21.
 1 SYSTEMPATH\CodeIgniter.php(913): App\Controllers\HomeController->__construct()
 2 SYSTEMPATH\CodeIgniter.php(493): CodeIgniter\CodeIgniter->createController()
 3 SYSTEMPATH\CodeIgniter.php(361): CodeIgniter\CodeIgniter->handleRequest(null, Object(Config\Cache), false)
 4 FCPATH\index.php(79): CodeIgniter\CodeIgniter->run()
WARNING - 2025-01-17 12:54:06 --> [DEPRECATED] Creation of dynamic property App\Controllers\HomeController::$areaModel is deprecated in APPPATH\Controllers\HomeController.php on line 22.
 1 SYSTEMPATH\CodeIgniter.php(913): App\Controllers\HomeController->__construct()
 2 SYSTEMPATH\CodeIgniter.php(493): CodeIgniter\CodeIgniter->createController()
 3 SYSTEMPATH\CodeIgniter.php(361): CodeIgniter\CodeIgniter->handleRequest(null, Object(Config\Cache), false)
 4 FCPATH\index.php(79): CodeIgniter\CodeIgniter->run()
WARNING - 2025-01-17 12:54:07 --> [DEPRECATED] Creation of dynamic property App\Controllers\HomeController::$foodModel is deprecated in APPPATH\Controllers\HomeController.php on line 23.
 1 SYSTEMPATH\CodeIgniter.php(913): App\Controllers\HomeController->__construct()
 2 SYSTEMPATH\CodeIgniter.php(493): CodeIgniter\CodeIgniter->createController()
 3 SYSTEMPATH\CodeIgniter.php(361): CodeIgniter\CodeIgniter->handleRequest(null, Object(Config\Cache), false)
 4 FCPATH\index.php(79): CodeIgniter\CodeIgniter->run()
WARNING - 2025-01-17 12:54:07 --> [DEPRECATED] Creation of dynamic property App\Controllers\HomeController::$blogModel is deprecated in APPPATH\Controllers\HomeController.php on line 24.
 1 SYSTEMPATH\CodeIgniter.php(913): App\Controllers\HomeController->__construct()
 2 SYSTEMPATH\CodeIgniter.php(493): CodeIgniter\CodeIgniter->createController()
 3 SYSTEMPATH\CodeIgniter.php(361): CodeIgniter\CodeIgniter->handleRequest(null, Object(Config\Cache), false)
 4 FCPATH\index.php(79): CodeIgniter\CodeIgniter->run()
INFO - 2025-01-17 12:54:07 --> Session: Class initialized using 'CodeIgniter\Session\Handlers\FileHandler' driver.
CRITICAL - 2025-01-17 12:54:07 --> ErrorException: Trying to access array offset on value of type null
in APPPATH\Controllers\HomeController.php on line 80.
 1 APPPATH\Controllers\HomeController.php(80): CodeIgniter\Debug\Exceptions->errorHandler(2, 'Trying to access array offset on value of type null', 'C:\\xampp\\htdocs\\uttrakhand\\app\\Controllers\\HomeController.php', 80)
 2 SYSTEMPATH\CodeIgniter.php(941): App\Controllers\HomeController->page('images', 'bg_2.jpg')
 3 SYSTEMPATH\CodeIgniter.php(502): CodeIgniter\CodeIgniter->runController(Object(App\Controllers\HomeController))
 4 SYSTEMPATH\CodeIgniter.php(361): CodeIgniter\CodeIgniter->handleRequest(null, Object(Config\Cache), false)
 5 FCPATH\index.php(79): CodeIgniter\CodeIgniter->run()
WARNING - 2025-01-17 12:54:08 --> [DEPRECATED] Creation of dynamic property App\Controllers\DestinationController::$citiesModel is deprecated in APPPATH\Controllers\DestinationController.php on line 16.
 1 SYSTEMPATH\CodeIgniter.php(913): App\Controllers\DestinationController->__construct()
 2 SYSTEMPATH\CodeIgniter.php(493): CodeIgniter\CodeIgniter->createController()
 3 SYSTEMPATH\CodeIgniter.php(361): CodeIgniter\CodeIgniter->handleRequest(null, Object(Config\Cache), false)
 4 FCPATH\index.php(79): CodeIgniter\CodeIgniter->run()
WARNING - 2025-01-17 12:54:08 --> [DEPRECATED] Creation of dynamic property App\Controllers\DestinationController::$uttarakhandModel is deprecated in APPPATH\Controllers\DestinationController.php on line 17.
 1 SYSTEMPATH\CodeIgniter.php(913): App\Controllers\DestinationController->__construct()
 2 SYSTEMPATH\CodeIgniter.php(493): CodeIgniter\CodeIgniter->createController()
 3 SYSTEMPATH\CodeIgniter.php(361): CodeIgniter\CodeIgniter->handleRequest(null, Object(Config\Cache), false)
 4 FCPATH\index.php(79): CodeIgniter\CodeIgniter->run()
WARNING - 2025-01-17 12:54:08 --> [DEPRECATED] Creation of dynamic property App\Controllers\DestinationController::$imageModel is deprecated in APPPATH\Controllers\DestinationController.php on line 18.
 1 SYSTEMPATH\CodeIgniter.php(913): App\Controllers\DestinationController->__construct()
 2 SYSTEMPATH\CodeIgniter.php(493): CodeIgniter\CodeIgniter->createController()
 3 SYSTEMPATH\CodeIgniter.php(361): CodeIgniter\CodeIgniter->handleRequest(null, Object(Config\Cache), false)
 4 FCPATH\index.php(79): CodeIgniter\CodeIgniter->run()
WARNING - 2025-01-17 12:54:08 --> [DEPRECATED] Creation of dynamic property App\Controllers\DestinationController::$areaModel is deprecated in APPPATH\Controllers\DestinationController.php on line 19.
 1 SYSTEMPATH\CodeIgniter.php(913): App\Controllers\DestinationController->__construct()
 2 SYSTEMPATH\CodeIgniter.php(493): CodeIgniter\CodeIgniter->createController()
 3 SYSTEMPATH\CodeIgniter.php(361): CodeIgniter\CodeIgniter->handleRequest(null, Object(Config\Cache), false)
 4 FCPATH\index.php(79): CodeIgniter\CodeIgniter->run()
WARNING - 2025-01-17 12:54:08 --> [DEPRECATED] Creation of dynamic property App\Controllers\DestinationController::$foodModel is deprecated in APPPATH\Controllers\DestinationController.php on line 20.
 1 SYSTEMPATH\CodeIgniter.php(913): App\Controllers\DestinationController->__construct()
 2 SYSTEMPATH\CodeIgniter.php(493): CodeIgniter\CodeIgniter->createController()
 3 SYSTEMPATH\CodeIgniter.php(361): CodeIgniter\CodeIgniter->handleRequest(null, Object(Config\Cache), false)
 4 FCPATH\index.php(79): CodeIgniter\CodeIgniter->run()
WARNING - 2025-01-17 12:54:08 --> [DEPRECATED] Creation of dynamic property App\Controllers\DestinationController::$blogModel is deprecated in APPPATH\Controllers\DestinationController.php on line 21.
 1 SYSTEMPATH\CodeIgniter.php(913): App\Controllers\DestinationController->__construct()
 2 SYSTEMPATH\CodeIgniter.php(493): CodeIgniter\CodeIgniter->createController()
 3 SYSTEMPATH\CodeIgniter.php(361): CodeIgniter\CodeIgniter->handleRequest(null, Object(Config\Cache), false)
 4 FCPATH\index.php(79): CodeIgniter\CodeIgniter->run()
INFO - 2025-01-17 12:54:08 --> Session: Class initialized using 'CodeIgniter\Session\Handlers\FileHandler' driver.
WARNING - 2025-01-17 12:54:09 --> [DEPRECATED] Creation of dynamic property App\Controllers\DestinationController::$citiesModel is deprecated in APPPATH\Controllers\DestinationController.php on line 16.
 1 SYSTEMPATH\CodeIgniter.php(913): App\Controllers\DestinationController->__construct()
 2 SYSTEMPATH\CodeIgniter.php(493): CodeIgniter\CodeIgniter->createController()
 3 SYSTEMPATH\CodeIgniter.php(361): CodeIgniter\CodeIgniter->handleRequest(null, Object(Config\Cache), false)
 4 FCPATH\index.php(79): CodeIgniter\CodeIgniter->run()
WARNING - 2025-01-17 12:54:09 --> [DEPRECATED] Creation of dynamic property App\Controllers\DestinationController::$uttarakhandModel is deprecated in APPPATH\Controllers\DestinationController.php on line 17.
 1 SYSTEMPATH\CodeIgniter.php(913): App\Controllers\DestinationController->__construct()
 2 SYSTEMPATH\CodeIgniter.php(493): CodeIgniter\CodeIgniter->createController()
 3 SYSTEMPATH\CodeIgniter.php(361): CodeIgniter\CodeIgniter->handleRequest(null, Object(Config\Cache), false)
 4 FCPATH\index.php(79): CodeIgniter\CodeIgniter->run()
WARNING - 2025-01-17 12:54:09 --> [DEPRECATED] Creation of dynamic property App\Controllers\DestinationController::$imageModel is deprecated in APPPATH\Controllers\DestinationController.php on line 18.
 1 SYSTEMPATH\CodeIgniter.php(913): App\Controllers\DestinationController->__construct()
 2 SYSTEMPATH\CodeIgniter.php(493): CodeIgniter\CodeIgniter->createController()
 3 SYSTEMPATH\CodeIgniter.php(361): CodeIgniter\CodeIgniter->handleRequest(null, Object(Config\Cache), false)
 4 FCPATH\index.php(79): CodeIgniter\CodeIgniter->run()
WARNING - 2025-01-17 12:54:09 --> [DEPRECATED] Creation of dynamic property App\Controllers\DestinationController::$areaModel is deprecated in APPPATH\Controllers\DestinationController.php on line 19.
 1 SYSTEMPATH\CodeIgniter.php(913): App\Controllers\DestinationController->__construct()
 2 SYSTEMPATH\CodeIgniter.php(493): CodeIgniter\CodeIgniter->createController()
 3 SYSTEMPATH\CodeIgniter.php(361): CodeIgniter\CodeIgniter->handleRequest(null, Object(Config\Cache), false)
 4 FCPATH\index.php(79): CodeIgniter\CodeIgniter->run()
WARNING - 2025-01-17 12:54:09 --> [DEPRECATED] Creation of dynamic property App\Controllers\DestinationController::$foodModel is deprecated in APPPATH\Controllers\DestinationController.php on line 20.
 1 SYSTEMPATH\CodeIgniter.php(913): App\Controllers\DestinationController->__construct()
 2 SYSTEMPATH\CodeIgniter.php(493): CodeIgniter\CodeIgniter->createController()
 3 SYSTEMPATH\CodeIgniter.php(361): CodeIgniter\CodeIgniter->handleRequest(null, Object(Config\Cache), false)
 4 FCPATH\index.php(79): CodeIgniter\CodeIgniter->run()
WARNING - 2025-01-17 12:54:09 --> [DEPRECATED] Creation of dynamic property App\Controllers\DestinationController::$blogModel is deprecated in APPPATH\Controllers\DestinationController.php on line 21.
 1 SYSTEMPATH\CodeIgniter.php(913): App\Controllers\DestinationController->__construct()
 2 SYSTEMPATH\CodeIgniter.php(493): CodeIgniter\CodeIgniter->createController()
 3 SYSTEMPATH\CodeIgniter.php(361): CodeIgniter\CodeIgniter->handleRequest(null, Object(Config\Cache), false)
 4 FCPATH\index.php(79): CodeIgniter\CodeIgniter->run()
INFO - 2025-01-17 12:54:09 --> Session: Class initialized using 'CodeIgniter\Session\Handlers\FileHandler' driver.
WARNING - 2025-01-17 12:54:09 --> [DEPRECATED] Creation of dynamic property App\Controllers\HomeController::$citiesModel is deprecated in APPPATH\Controllers\HomeController.php on line 19.
 1 SYSTEMPATH\CodeIgniter.php(913): App\Controllers\HomeController->__construct()
 2 SYSTEMPATH\CodeIgniter.php(493): CodeIgniter\CodeIgniter->createController()
 3 SYSTEMPATH\CodeIgniter.php(361): CodeIgniter\CodeIgniter->handleRequest(null, Object(Config\Cache), false)
 4 FCPATH\index.php(79): CodeIgniter\CodeIgniter->run()
WARNING - 2025-01-17 12:54:09 --> [DEPRECATED] Creation of dynamic property App\Controllers\HomeController::$uttarakhandModel is deprecated in APPPATH\Controllers\HomeController.php on line 20.
 1 SYSTEMPATH\CodeIgniter.php(913): App\Controllers\HomeController->__construct()
 2 SYSTEMPATH\CodeIgniter.php(493): CodeIgniter\CodeIgniter->createController()
 3 SYSTEMPATH\CodeIgniter.php(361): CodeIgniter\CodeIgniter->handleRequest(null, Object(Config\Cache), false)
 4 FCPATH\index.php(79): CodeIgniter\CodeIgniter->run()
WARNING - 2025-01-17 12:54:09 --> [DEPRECATED] Creation of dynamic property App\Controllers\HomeController::$imageModel is deprecated in APPPATH\Controllers\HomeController.php on line 21.
 1 SYSTEMPATH\CodeIgniter.php(913): App\Controllers\HomeController->__construct()
 2 SYSTEMPATH\CodeIgniter.php(493): CodeIgniter\CodeIgniter->createController()
 3 SYSTEMPATH\CodeIgniter.php(361): CodeIgniter\CodeIgniter->handleRequest(null, Object(Config\Cache), false)
 4 FCPATH\index.php(79): CodeIgniter\CodeIgniter->run()
WARNING - 2025-01-17 12:54:09 --> [DEPRECATED] Creation of dynamic property App\Controllers\HomeController::$areaModel is deprecated in APPPATH\Controllers\HomeController.php on line 22.
 1 SYSTEMPATH\CodeIgniter.php(913): App\Controllers\HomeController->__construct()
 2 SYSTEMPATH\CodeIgniter.php(493): CodeIgniter\CodeIgniter->createController()
 3 SYSTEMPATH\CodeIgniter.php(361): CodeIgniter\CodeIgniter->handleRequest(null, Object(Config\Cache), false)
 4 FCPATH\index.php(79): CodeIgniter\CodeIgniter->run()
WARNING - 2025-01-17 12:54:09 --> [DEPRECATED] Creation of dynamic property App\Controllers\HomeController::$foodModel is deprecated in APPPATH\Controllers\HomeController.php on line 23.
 1 SYSTEMPATH\CodeIgniter.php(913): App\Controllers\HomeController->__construct()
 2 SYSTEMPATH\CodeIgniter.php(493): CodeIgniter\CodeIgniter->createController()
 3 SYSTEMPATH\CodeIgniter.php(361): CodeIgniter\CodeIgniter->handleRequest(null, Object(Config\Cache), false)
 4 FCPATH\index.php(79): CodeIgniter\CodeIgniter->run()
WARNING - 2025-01-17 12:54:09 --> [DEPRECATED] Creation of dynamic property App\Controllers\HomeController::$blogModel is deprecated in APPPATH\Controllers\HomeController.php on line 24.
 1 SYSTEMPATH\CodeIgniter.php(913): App\Controllers\HomeController->__construct()
 2 SYSTEMPATH\CodeIgniter.php(493): CodeIgniter\CodeIgniter->createController()
 3 SYSTEMPATH\CodeIgniter.php(361): CodeIgniter\CodeIgniter->handleRequest(null, Object(Config\Cache), false)
 4 FCPATH\index.php(79): CodeIgniter\CodeIgniter->run()
INFO - 2025-01-17 12:54:09 --> Session: Class initialized using 'CodeIgniter\Session\Handlers\FileHandler' driver.
CRITICAL - 2025-01-17 12:54:10 --> ErrorException: Trying to access array offset on value of type null
in APPPATH\Controllers\HomeController.php on line 80.
 1 APPPATH\Controllers\HomeController.php(80): CodeIgniter\Debug\Exceptions->errorHandler(2, 'Trying to access array offset on value of type null', 'C:\\xampp\\htdocs\\uttrakhand\\app\\Controllers\\HomeController.php', 80)
 2 SYSTEMPATH\CodeIgniter.php(941): App\Controllers\HomeController->page('images', 'bg_2.jpg')
 3 SYSTEMPATH\CodeIgniter.php(502): CodeIgniter\CodeIgniter->runController(Object(App\Controllers\HomeController))
 4 SYSTEMPATH\CodeIgniter.php(361): CodeIgniter\CodeIgniter->handleRequest(null, Object(Config\Cache), false)
 5 FCPATH\index.php(79): CodeIgniter\CodeIgniter->run()
WARNING - 2025-01-17 13:06:06 --> [DEPRECATED] Creation of dynamic property App\Controllers\DestinationController::$citiesModel is deprecated in APPPATH\Controllers\DestinationController.php on line 16.
 1 SYSTEMPATH\CodeIgniter.php(913): App\Controllers\DestinationController->__construct()
 2 SYSTEMPATH\CodeIgniter.php(493): CodeIgniter\CodeIgniter->createController()
 3 SYSTEMPATH\CodeIgniter.php(361): CodeIgniter\CodeIgniter->handleRequest(null, Object(Config\Cache), false)
 4 FCPATH\index.php(79): CodeIgniter\CodeIgniter->run()
WARNING - 2025-01-17 13:06:06 --> [DEPRECATED] Creation of dynamic property App\Controllers\DestinationController::$uttarakhandModel is deprecated in APPPATH\Controllers\DestinationController.php on line 17.
 1 SYSTEMPATH\CodeIgniter.php(913): App\Controllers\DestinationController->__construct()
 2 SYSTEMPATH\CodeIgniter.php(493): CodeIgniter\CodeIgniter->createController()
 3 SYSTEMPATH\CodeIgniter.php(361): CodeIgniter\CodeIgniter->handleRequest(null, Object(Config\Cache), false)
 4 FCPATH\index.php(79): CodeIgniter\CodeIgniter->run()
WARNING - 2025-01-17 13:06:06 --> [DEPRECATED] Creation of dynamic property App\Controllers\DestinationController::$imageModel is deprecated in APPPATH\Controllers\DestinationController.php on line 18.
 1 SYSTEMPATH\CodeIgniter.php(913): App\Controllers\DestinationController->__construct()
 2 SYSTEMPATH\CodeIgniter.php(493): CodeIgniter\CodeIgniter->createController()
 3 SYSTEMPATH\CodeIgniter.php(361): CodeIgniter\CodeIgniter->handleRequest(null, Object(Config\Cache), false)
 4 FCPATH\index.php(79): CodeIgniter\CodeIgniter->run()
WARNING - 2025-01-17 13:06:06 --> [DEPRECATED] Creation of dynamic property App\Controllers\DestinationController::$areaModel is deprecated in APPPATH\Controllers\DestinationController.php on line 19.
 1 SYSTEMPATH\CodeIgniter.php(913): App\Controllers\DestinationController->__construct()
 2 SYSTEMPATH\CodeIgniter.php(493): CodeIgniter\CodeIgniter->createController()
 3 SYSTEMPATH\CodeIgniter.php(361): CodeIgniter\CodeIgniter->handleRequest(null, Object(Config\Cache), false)
 4 FCPATH\index.php(79): CodeIgniter\CodeIgniter->run()
WARNING - 2025-01-17 13:06:06 --> [DEPRECATED] Creation of dynamic property App\Controllers\DestinationController::$foodModel is deprecated in APPPATH\Controllers\DestinationController.php on line 20.
 1 SYSTEMPATH\CodeIgniter.php(913): App\Controllers\DestinationController->__construct()
 2 SYSTEMPATH\CodeIgniter.php(493): CodeIgniter\CodeIgniter->createController()
 3 SYSTEMPATH\CodeIgniter.php(361): CodeIgniter\CodeIgniter->handleRequest(null, Object(Config\Cache), false)
 4 FCPATH\index.php(79): CodeIgniter\CodeIgniter->run()
WARNING - 2025-01-17 13:06:06 --> [DEPRECATED] Creation of dynamic property App\Controllers\DestinationController::$blogModel is deprecated in APPPATH\Controllers\DestinationController.php on line 21.
 1 SYSTEMPATH\CodeIgniter.php(913): App\Controllers\DestinationController->__construct()
 2 SYSTEMPATH\CodeIgniter.php(493): CodeIgniter\CodeIgniter->createController()
 3 SYSTEMPATH\CodeIgniter.php(361): CodeIgniter\CodeIgniter->handleRequest(null, Object(Config\Cache), false)
 4 FCPATH\index.php(79): CodeIgniter\CodeIgniter->run()
INFO - 2025-01-17 13:06:06 --> Session: Class initialized using 'CodeIgniter\Session\Handlers\FileHandler' driver.
WARNING - 2025-01-17 13:07:35 --> [DEPRECATED] Creation of dynamic property App\Controllers\DestinationController::$citiesModel is deprecated in APPPATH\Controllers\DestinationController.php on line 16.
 1 SYSTEMPATH\CodeIgniter.php(913): App\Controllers\DestinationController->__construct()
 2 SYSTEMPATH\CodeIgniter.php(493): CodeIgniter\CodeIgniter->createController()
 3 SYSTEMPATH\CodeIgniter.php(361): CodeIgniter\CodeIgniter->handleRequest(null, Object(Config\Cache), false)
 4 FCPATH\index.php(79): CodeIgniter\CodeIgniter->run()
WARNING - 2025-01-17 13:07:35 --> [DEPRECATED] Creation of dynamic property App\Controllers\DestinationController::$uttarakhandModel is deprecated in APPPATH\Controllers\DestinationController.php on line 17.
 1 SYSTEMPATH\CodeIgniter.php(913): App\Controllers\DestinationController->__construct()
 2 SYSTEMPATH\CodeIgniter.php(493): CodeIgniter\CodeIgniter->createController()
 3 SYSTEMPATH\CodeIgniter.php(361): CodeIgniter\CodeIgniter->handleRequest(null, Object(Config\Cache), false)
 4 FCPATH\index.php(79): CodeIgniter\CodeIgniter->run()
WARNING - 2025-01-17 13:07:35 --> [DEPRECATED] Creation of dynamic property App\Controllers\DestinationController::$imageModel is deprecated in APPPATH\Controllers\DestinationController.php on line 18.
 1 SYSTEMPATH\CodeIgniter.php(913): App\Controllers\DestinationController->__construct()
 2 SYSTEMPATH\CodeIgniter.php(493): CodeIgniter\CodeIgniter->createController()
 3 SYSTEMPATH\CodeIgniter.php(361): CodeIgniter\CodeIgniter->handleRequest(null, Object(Config\Cache), false)
 4 FCPATH\index.php(79): CodeIgniter\CodeIgniter->run()
WARNING - 2025-01-17 13:07:35 --> [DEPRECATED] Creation of dynamic property App\Controllers\DestinationController::$areaModel is deprecated in APPPATH\Controllers\DestinationController.php on line 19.
 1 SYSTEMPATH\CodeIgniter.php(913): App\Controllers\DestinationController->__construct()
 2 SYSTEMPATH\CodeIgniter.php(493): CodeIgniter\CodeIgniter->createController()
 3 SYSTEMPATH\CodeIgniter.php(361): CodeIgniter\CodeIgniter->handleRequest(null, Object(Config\Cache), false)
 4 FCPATH\index.php(79): CodeIgniter\CodeIgniter->run()
WARNING - 2025-01-17 13:07:35 --> [DEPRECATED] Creation of dynamic property App\Controllers\DestinationController::$foodModel is deprecated in APPPATH\Controllers\DestinationController.php on line 20.
 1 SYSTEMPATH\CodeIgniter.php(913): App\Controllers\DestinationController->__construct()
 2 SYSTEMPATH\CodeIgniter.php(493): CodeIgniter\CodeIgniter->createController()
 3 SYSTEMPATH\CodeIgniter.php(361): CodeIgniter\CodeIgniter->handleRequest(null, Object(Config\Cache), false)
 4 FCPATH\index.php(79): CodeIgniter\CodeIgniter->run()
WARNING - 2025-01-17 13:07:35 --> [DEPRECATED] Creation of dynamic property App\Controllers\DestinationController::$blogModel is deprecated in APPPATH\Controllers\DestinationController.php on line 21.
 1 SYSTEMPATH\CodeIgniter.php(913): App\Controllers\DestinationController->__construct()
 2 SYSTEMPATH\CodeIgniter.php(493): CodeIgniter\CodeIgniter->createController()
 3 SYSTEMPATH\CodeIgniter.php(361): CodeIgniter\CodeIgniter->handleRequest(null, Object(Config\Cache), false)
 4 FCPATH\index.php(79): CodeIgniter\CodeIgniter->run()
INFO - 2025-01-17 13:07:35 --> Session: Class initialized using 'CodeIgniter\Session\Handlers\FileHandler' driver.
WARNING - 2025-01-17 13:07:36 --> [DEPRECATED] Creation of dynamic property App\Controllers\DestinationController::$citiesModel is deprecated in APPPATH\Controllers\DestinationController.php on line 16.
 1 SYSTEMPATH\CodeIgniter.php(913): App\Controllers\DestinationController->__construct()
 2 SYSTEMPATH\CodeIgniter.php(493): CodeIgniter\CodeIgniter->createController()
 3 SYSTEMPATH\CodeIgniter.php(361): CodeIgniter\CodeIgniter->handleRequest(null, Object(Config\Cache), false)
 4 FCPATH\index.php(79): CodeIgniter\CodeIgniter->run()
WARNING - 2025-01-17 13:07:36 --> [DEPRECATED] Creation of dynamic property App\Controllers\DestinationController::$uttarakhandModel is deprecated in APPPATH\Controllers\DestinationController.php on line 17.
 1 SYSTEMPATH\CodeIgniter.php(913): App\Controllers\DestinationController->__construct()
 2 SYSTEMPATH\CodeIgniter.php(493): CodeIgniter\CodeIgniter->createController()
 3 SYSTEMPATH\CodeIgniter.php(361): CodeIgniter\CodeIgniter->handleRequest(null, Object(Config\Cache), false)
 4 FCPATH\index.php(79): CodeIgniter\CodeIgniter->run()
WARNING - 2025-01-17 13:07:36 --> [DEPRECATED] Creation of dynamic property App\Controllers\DestinationController::$imageModel is deprecated in APPPATH\Controllers\DestinationController.php on line 18.
 1 SYSTEMPATH\CodeIgniter.php(913): App\Controllers\DestinationController->__construct()
 2 SYSTEMPATH\CodeIgniter.php(493): CodeIgniter\CodeIgniter->createController()
 3 SYSTEMPATH\CodeIgniter.php(361): CodeIgniter\CodeIgniter->handleRequest(null, Object(Config\Cache), false)
 4 FCPATH\index.php(79): CodeIgniter\CodeIgniter->run()
WARNING - 2025-01-17 13:07:36 --> [DEPRECATED] Creation of dynamic property App\Controllers\DestinationController::$areaModel is deprecated in APPPATH\Controllers\DestinationController.php on line 19.
 1 SYSTEMPATH\CodeIgniter.php(913): App\Controllers\DestinationController->__construct()
 2 SYSTEMPATH\CodeIgniter.php(493): CodeIgniter\CodeIgniter->createController()
 3 SYSTEMPATH\CodeIgniter.php(361): CodeIgniter\CodeIgniter->handleRequest(null, Object(Config\Cache), false)
 4 FCPATH\index.php(79): CodeIgniter\CodeIgniter->run()
WARNING - 2025-01-17 13:07:36 --> [DEPRECATED] Creation of dynamic property App\Controllers\DestinationController::$foodModel is deprecated in APPPATH\Controllers\DestinationController.php on line 20.
 1 SYSTEMPATH\CodeIgniter.php(913): App\Controllers\DestinationController->__construct()
 2 SYSTEMPATH\CodeIgniter.php(493): CodeIgniter\CodeIgniter->createController()
 3 SYSTEMPATH\CodeIgniter.php(361): CodeIgniter\CodeIgniter->handleRequest(null, Object(Config\Cache), false)
 4 FCPATH\index.php(79): CodeIgniter\CodeIgniter->run()
WARNING - 2025-01-17 13:07:36 --> [DEPRECATED] Creation of dynamic property App\Controllers\DestinationController::$blogModel is deprecated in APPPATH\Controllers\DestinationController.php on line 21.
 1 SYSTEMPATH\CodeIgniter.php(913): App\Controllers\DestinationController->__construct()
 2 SYSTEMPATH\CodeIgniter.php(493): CodeIgniter\CodeIgniter->createController()
 3 SYSTEMPATH\CodeIgniter.php(361): CodeIgniter\CodeIgniter->handleRequest(null, Object(Config\Cache), false)
 4 FCPATH\index.php(79): CodeIgniter\CodeIgniter->run()
INFO - 2025-01-17 13:07:36 --> Session: Class initialized using 'CodeIgniter\Session\Handlers\FileHandler' driver.
WARNING - 2025-01-17 13:07:36 --> [DEPRECATED] Creation of dynamic property App\Controllers\DestinationController::$citiesModel is deprecated in APPPATH\Controllers\DestinationController.php on line 16.
 1 SYSTEMPATH\CodeIgniter.php(913): App\Controllers\DestinationController->__construct()
 2 SYSTEMPATH\CodeIgniter.php(493): CodeIgniter\CodeIgniter->createController()
 3 SYSTEMPATH\CodeIgniter.php(361): CodeIgniter\CodeIgniter->handleRequest(null, Object(Config\Cache), false)
 4 FCPATH\index.php(79): CodeIgniter\CodeIgniter->run()
WARNING - 2025-01-17 13:07:36 --> [DEPRECATED] Creation of dynamic property App\Controllers\DestinationController::$uttarakhandModel is deprecated in APPPATH\Controllers\DestinationController.php on line 17.
 1 SYSTEMPATH\CodeIgniter.php(913): App\Controllers\DestinationController->__construct()
 2 SYSTEMPATH\CodeIgniter.php(493): CodeIgniter\CodeIgniter->createController()
 3 SYSTEMPATH\CodeIgniter.php(361): CodeIgniter\CodeIgniter->handleRequest(null, Object(Config\Cache), false)
 4 FCPATH\index.php(79): CodeIgniter\CodeIgniter->run()
WARNING - 2025-01-17 13:07:36 --> [DEPRECATED] Creation of dynamic property App\Controllers\DestinationController::$imageModel is deprecated in APPPATH\Controllers\DestinationController.php on line 18.
 1 SYSTEMPATH\CodeIgniter.php(913): App\Controllers\DestinationController->__construct()
 2 SYSTEMPATH\CodeIgniter.php(493): CodeIgniter\CodeIgniter->createController()
 3 SYSTEMPATH\CodeIgniter.php(361): CodeIgniter\CodeIgniter->handleRequest(null, Object(Config\Cache), false)
 4 FCPATH\index.php(79): CodeIgniter\CodeIgniter->run()
WARNING - 2025-01-17 13:07:36 --> [DEPRECATED] Creation of dynamic property App\Controllers\DestinationController::$areaModel is deprecated in APPPATH\Controllers\DestinationController.php on line 19.
 1 SYSTEMPATH\CodeIgniter.php(913): App\Controllers\DestinationController->__construct()
 2 SYSTEMPATH\CodeIgniter.php(493): CodeIgniter\CodeIgniter->createController()
 3 SYSTEMPATH\CodeIgniter.php(361): CodeIgniter\CodeIgniter->handleRequest(null, Object(Config\Cache), false)
 4 FCPATH\index.php(79): CodeIgniter\CodeIgniter->run()
WARNING - 2025-01-17 13:07:36 --> [DEPRECATED] Creation of dynamic property App\Controllers\DestinationController::$foodModel is deprecated in APPPATH\Controllers\DestinationController.php on line 20.
 1 SYSTEMPATH\CodeIgniter.php(913): App\Controllers\DestinationController->__construct()
 2 SYSTEMPATH\CodeIgniter.php(493): CodeIgniter\CodeIgniter->createController()
 3 SYSTEMPATH\CodeIgniter.php(361): CodeIgniter\CodeIgniter->handleRequest(null, Object(Config\Cache), false)
 4 FCPATH\index.php(79): CodeIgniter\CodeIgniter->run()
WARNING - 2025-01-17 13:07:36 --> [DEPRECATED] Creation of dynamic property App\Controllers\DestinationController::$blogModel is deprecated in APPPATH\Controllers\DestinationController.php on line 21.
 1 SYSTEMPATH\CodeIgniter.php(913): App\Controllers\DestinationController->__construct()
 2 SYSTEMPATH\CodeIgniter.php(493): CodeIgniter\CodeIgniter->createController()
 3 SYSTEMPATH\CodeIgniter.php(361): CodeIgniter\CodeIgniter->handleRequest(null, Object(Config\Cache), false)
 4 FCPATH\index.php(79): CodeIgniter\CodeIgniter->run()
INFO - 2025-01-17 13:07:36 --> Session: Class initialized using 'CodeIgniter\Session\Handlers\FileHandler' driver.
WARNING - 2025-01-17 13:11:52 --> [DEPRECATED] Creation of dynamic property App\Controllers\DestinationController::$citiesModel is deprecated in APPPATH\Controllers\DestinationController.php on line 16.
 1 SYSTEMPATH\CodeIgniter.php(913): App\Controllers\DestinationController->__construct()
 2 SYSTEMPATH\CodeIgniter.php(493): CodeIgniter\CodeIgniter->createController()
 3 SYSTEMPATH\CodeIgniter.php(361): CodeIgniter\CodeIgniter->handleRequest(null, Object(Config\Cache), false)
 4 FCPATH\index.php(79): CodeIgniter\CodeIgniter->run()
WARNING - 2025-01-17 13:11:52 --> [DEPRECATED] Creation of dynamic property App\Controllers\DestinationController::$uttarakhandModel is deprecated in APPPATH\Controllers\DestinationController.php on line 17.
 1 SYSTEMPATH\CodeIgniter.php(913): App\Controllers\DestinationController->__construct()
 2 SYSTEMPATH\CodeIgniter.php(493): CodeIgniter\CodeIgniter->createController()
 3 SYSTEMPATH\CodeIgniter.php(361): CodeIgniter\CodeIgniter->handleRequest(null, Object(Config\Cache), false)
 4 FCPATH\index.php(79): CodeIgniter\CodeIgniter->run()
WARNING - 2025-01-17 13:11:52 --> [DEPRECATED] Creation of dynamic property App\Controllers\DestinationController::$imageModel is deprecated in APPPATH\Controllers\DestinationController.php on line 18.
 1 SYSTEMPATH\CodeIgniter.php(913): App\Controllers\DestinationController->__construct()
 2 SYSTEMPATH\CodeIgniter.php(493): CodeIgniter\CodeIgniter->createController()
 3 SYSTEMPATH\CodeIgniter.php(361): CodeIgniter\CodeIgniter->handleRequest(null, Object(Config\Cache), false)
 4 FCPATH\index.php(79): CodeIgniter\CodeIgniter->run()
WARNING - 2025-01-17 13:11:52 --> [DEPRECATED] Creation of dynamic property App\Controllers\DestinationController::$areaModel is deprecated in APPPATH\Controllers\DestinationController.php on line 19.
 1 SYSTEMPATH\CodeIgniter.php(913): App\Controllers\DestinationController->__construct()
 2 SYSTEMPATH\CodeIgniter.php(493): CodeIgniter\CodeIgniter->createController()
 3 SYSTEMPATH\CodeIgniter.php(361): CodeIgniter\CodeIgniter->handleRequest(null, Object(Config\Cache), false)
 4 FCPATH\index.php(79): CodeIgniter\CodeIgniter->run()
WARNING - 2025-01-17 13:11:52 --> [DEPRECATED] Creation of dynamic property App\Controllers\DestinationController::$foodModel is deprecated in APPPATH\Controllers\DestinationController.php on line 20.
 1 SYSTEMPATH\CodeIgniter.php(913): App\Controllers\DestinationController->__construct()
 2 SYSTEMPATH\CodeIgniter.php(493): CodeIgniter\CodeIgniter->createController()
 3 SYSTEMPATH\CodeIgniter.php(361): CodeIgniter\CodeIgniter->handleRequest(null, Object(Config\Cache), false)
 4 FCPATH\index.php(79): CodeIgniter\CodeIgniter->run()
WARNING - 2025-01-17 13:11:52 --> [DEPRECATED] Creation of dynamic property App\Controllers\DestinationController::$blogModel is deprecated in APPPATH\Controllers\DestinationController.php on line 21.
 1 SYSTEMPATH\CodeIgniter.php(913): App\Controllers\DestinationController->__construct()
 2 SYSTEMPATH\CodeIgniter.php(493): CodeIgniter\CodeIgniter->createController()
 3 SYSTEMPATH\CodeIgniter.php(361): CodeIgniter\CodeIgniter->handleRequest(null, Object(Config\Cache), false)
 4 FCPATH\index.php(79): CodeIgniter\CodeIgniter->run()
INFO - 2025-01-17 13:11:52 --> Session: Class initialized using 'CodeIgniter\Session\Handlers\FileHandler' driver.
WARNING - 2025-01-17 13:12:53 --> [DEPRECATED] Creation of dynamic property App\Controllers\DestinationController::$citiesModel is deprecated in APPPATH\Controllers\DestinationController.php on line 16.
 1 SYSTEMPATH\CodeIgniter.php(913): App\Controllers\DestinationController->__construct()
 2 SYSTEMPATH\CodeIgniter.php(493): CodeIgniter\CodeIgniter->createController()
 3 SYSTEMPATH\CodeIgniter.php(361): CodeIgniter\CodeIgniter->handleRequest(null, Object(Config\Cache), false)
 4 FCPATH\index.php(79): CodeIgniter\CodeIgniter->run()
WARNING - 2025-01-17 13:12:53 --> [DEPRECATED] Creation of dynamic property App\Controllers\DestinationController::$uttarakhandModel is deprecated in APPPATH\Controllers\DestinationController.php on line 17.
 1 SYSTEMPATH\CodeIgniter.php(913): App\Controllers\DestinationController->__construct()
 2 SYSTEMPATH\CodeIgniter.php(493): CodeIgniter\CodeIgniter->createController()
 3 SYSTEMPATH\CodeIgniter.php(361): CodeIgniter\CodeIgniter->handleRequest(null, Object(Config\Cache), false)
 4 FCPATH\index.php(79): CodeIgniter\CodeIgniter->run()
WARNING - 2025-01-17 13:12:53 --> [DEPRECATED] Creation of dynamic property App\Controllers\DestinationController::$imageModel is deprecated in APPPATH\Controllers\DestinationController.php on line 18.
 1 SYSTEMPATH\CodeIgniter.php(913): App\Controllers\DestinationController->__construct()
 2 SYSTEMPATH\CodeIgniter.php(493): CodeIgniter\CodeIgniter->createController()
 3 SYSTEMPATH\CodeIgniter.php(361): CodeIgniter\CodeIgniter->handleRequest(null, Object(Config\Cache), false)
 4 FCPATH\index.php(79): CodeIgniter\CodeIgniter->run()
WARNING - 2025-01-17 13:12:53 --> [DEPRECATED] Creation of dynamic property App\Controllers\DestinationController::$areaModel is deprecated in APPPATH\Controllers\DestinationController.php on line 19.
 1 SYSTEMPATH\CodeIgniter.php(913): App\Controllers\DestinationController->__construct()
 2 SYSTEMPATH\CodeIgniter.php(493): CodeIgniter\CodeIgniter->createController()
 3 SYSTEMPATH\CodeIgniter.php(361): CodeIgniter\CodeIgniter->handleRequest(null, Object(Config\Cache), false)
 4 FCPATH\index.php(79): CodeIgniter\CodeIgniter->run()
WARNING - 2025-01-17 13:12:53 --> [DEPRECATED] Creation of dynamic property App\Controllers\DestinationController::$foodModel is deprecated in APPPATH\Controllers\DestinationController.php on line 20.
 1 SYSTEMPATH\CodeIgniter.php(913): App\Controllers\DestinationController->__construct()
 2 SYSTEMPATH\CodeIgniter.php(493): CodeIgniter\CodeIgniter->createController()
 3 SYSTEMPATH\CodeIgniter.php(361): CodeIgniter\CodeIgniter->handleRequest(null, Object(Config\Cache), false)
 4 FCPATH\index.php(79): CodeIgniter\CodeIgniter->run()
WARNING - 2025-01-17 13:12:53 --> [DEPRECATED] Creation of dynamic property App\Controllers\DestinationController::$blogModel is deprecated in APPPATH\Controllers\DestinationController.php on line 21.
 1 SYSTEMPATH\CodeIgniter.php(913): App\Controllers\DestinationController->__construct()
 2 SYSTEMPATH\CodeIgniter.php(493): CodeIgniter\CodeIgniter->createController()
 3 SYSTEMPATH\CodeIgniter.php(361): CodeIgniter\CodeIgniter->handleRequest(null, Object(Config\Cache), false)
 4 FCPATH\index.php(79): CodeIgniter\CodeIgniter->run()
INFO - 2025-01-17 13:12:53 --> Session: Class initialized using 'CodeIgniter\Session\Handlers\FileHandler' driver.
WARNING - 2025-01-17 13:14:32 --> [DEPRECATED] Creation of dynamic property App\Controllers\DestinationController::$citiesModel is deprecated in APPPATH\Controllers\DestinationController.php on line 16.
 1 SYSTEMPATH\CodeIgniter.php(913): App\Controllers\DestinationController->__construct()
 2 SYSTEMPATH\CodeIgniter.php(493): CodeIgniter\CodeIgniter->createController()
 3 SYSTEMPATH\CodeIgniter.php(361): CodeIgniter\CodeIgniter->handleRequest(null, Object(Config\Cache), false)
 4 FCPATH\index.php(79): CodeIgniter\CodeIgniter->run()
WARNING - 2025-01-17 13:14:32 --> [DEPRECATED] Creation of dynamic property App\Controllers\DestinationController::$uttarakhandModel is deprecated in APPPATH\Controllers\DestinationController.php on line 17.
 1 SYSTEMPATH\CodeIgniter.php(913): App\Controllers\DestinationController->__construct()
 2 SYSTEMPATH\CodeIgniter.php(493): CodeIgniter\CodeIgniter->createController()
 3 SYSTEMPATH\CodeIgniter.php(361): CodeIgniter\CodeIgniter->handleRequest(null, Object(Config\Cache), false)
 4 FCPATH\index.php(79): CodeIgniter\CodeIgniter->run()
WARNING - 2025-01-17 13:14:32 --> [DEPRECATED] Creation of dynamic property App\Controllers\DestinationController::$imageModel is deprecated in APPPATH\Controllers\DestinationController.php on line 18.
 1 SYSTEMPATH\CodeIgniter.php(913): App\Controllers\DestinationController->__construct()
 2 SYSTEMPATH\CodeIgniter.php(493): CodeIgniter\CodeIgniter->createController()
 3 SYSTEMPATH\CodeIgniter.php(361): CodeIgniter\CodeIgniter->handleRequest(null, Object(Config\Cache), false)
 4 FCPATH\index.php(79): CodeIgniter\CodeIgniter->run()
WARNING - 2025-01-17 13:14:32 --> [DEPRECATED] Creation of dynamic property App\Controllers\DestinationController::$areaModel is deprecated in APPPATH\Controllers\DestinationController.php on line 19.
 1 SYSTEMPATH\CodeIgniter.php(913): App\Controllers\DestinationController->__construct()
 2 SYSTEMPATH\CodeIgniter.php(493): CodeIgniter\CodeIgniter->createController()
 3 SYSTEMPATH\CodeIgniter.php(361): CodeIgniter\CodeIgniter->handleRequest(null, Object(Config\Cache), false)
 4 FCPATH\index.php(79): CodeIgniter\CodeIgniter->run()
WARNING - 2025-01-17 13:14:32 --> [DEPRECATED] Creation of dynamic property App\Controllers\DestinationController::$foodModel is deprecated in APPPATH\Controllers\DestinationController.php on line 20.
 1 SYSTEMPATH\CodeIgniter.php(913): App\Controllers\DestinationController->__construct()
 2 SYSTEMPATH\CodeIgniter.php(493): CodeIgniter\CodeIgniter->createController()
 3 SYSTEMPATH\CodeIgniter.php(361): CodeIgniter\CodeIgniter->handleRequest(null, Object(Config\Cache), false)
 4 FCPATH\index.php(79): CodeIgniter\CodeIgniter->run()
WARNING - 2025-01-17 13:14:32 --> [DEPRECATED] Creation of dynamic property App\Controllers\DestinationController::$blogModel is deprecated in APPPATH\Controllers\DestinationController.php on line 21.
 1 SYSTEMPATH\CodeIgniter.php(913): App\Controllers\DestinationController->__construct()
 2 SYSTEMPATH\CodeIgniter.php(493): CodeIgniter\CodeIgniter->createController()
 3 SYSTEMPATH\CodeIgniter.php(361): CodeIgniter\CodeIgniter->handleRequest(null, Object(Config\Cache), false)
 4 FCPATH\index.php(79): CodeIgniter\CodeIgniter->run()
INFO - 2025-01-17 13:14:32 --> Session: Class initialized using 'CodeIgniter\Session\Handlers\FileHandler' driver.
WARNING - 2025-01-17 13:15:36 --> [DEPRECATED] Creation of dynamic property App\Controllers\DestinationController::$citiesModel is deprecated in APPPATH\Controllers\DestinationController.php on line 16.
 1 SYSTEMPATH\CodeIgniter.php(913): App\Controllers\DestinationController->__construct()
 2 SYSTEMPATH\CodeIgniter.php(493): CodeIgniter\CodeIgniter->createController()
 3 SYSTEMPATH\CodeIgniter.php(361): CodeIgniter\CodeIgniter->handleRequest(null, Object(Config\Cache), false)
 4 FCPATH\index.php(79): CodeIgniter\CodeIgniter->run()
WARNING - 2025-01-17 13:15:36 --> [DEPRECATED] Creation of dynamic property App\Controllers\DestinationController::$uttarakhandModel is deprecated in APPPATH\Controllers\DestinationController.php on line 17.
 1 SYSTEMPATH\CodeIgniter.php(913): App\Controllers\DestinationController->__construct()
 2 SYSTEMPATH\CodeIgniter.php(493): CodeIgniter\CodeIgniter->createController()
 3 SYSTEMPATH\CodeIgniter.php(361): CodeIgniter\CodeIgniter->handleRequest(null, Object(Config\Cache), false)
 4 FCPATH\index.php(79): CodeIgniter\CodeIgniter->run()
WARNING - 2025-01-17 13:15:36 --> [DEPRECATED] Creation of dynamic property App\Controllers\DestinationController::$imageModel is deprecated in APPPATH\Controllers\DestinationController.php on line 18.
 1 SYSTEMPATH\CodeIgniter.php(913): App\Controllers\DestinationController->__construct()
 2 SYSTEMPATH\CodeIgniter.php(493): CodeIgniter\CodeIgniter->createController()
 3 SYSTEMPATH\CodeIgniter.php(361): CodeIgniter\CodeIgniter->handleRequest(null, Object(Config\Cache), false)
 4 FCPATH\index.php(79): CodeIgniter\CodeIgniter->run()
WARNING - 2025-01-17 13:15:36 --> [DEPRECATED] Creation of dynamic property App\Controllers\DestinationController::$areaModel is deprecated in APPPATH\Controllers\DestinationController.php on line 19.
 1 SYSTEMPATH\CodeIgniter.php(913): App\Controllers\DestinationController->__construct()
 2 SYSTEMPATH\CodeIgniter.php(493): CodeIgniter\CodeIgniter->createController()
 3 SYSTEMPATH\CodeIgniter.php(361): CodeIgniter\CodeIgniter->handleRequest(null, Object(Config\Cache), false)
 4 FCPATH\index.php(79): CodeIgniter\CodeIgniter->run()
WARNING - 2025-01-17 13:15:36 --> [DEPRECATED] Creation of dynamic property App\Controllers\DestinationController::$foodModel is deprecated in APPPATH\Controllers\DestinationController.php on line 20.
 1 SYSTEMPATH\CodeIgniter.php(913): App\Controllers\DestinationController->__construct()
 2 SYSTEMPATH\CodeIgniter.php(493): CodeIgniter\CodeIgniter->createController()
 3 SYSTEMPATH\CodeIgniter.php(361): CodeIgniter\CodeIgniter->handleRequest(null, Object(Config\Cache), false)
 4 FCPATH\index.php(79): CodeIgniter\CodeIgniter->run()
WARNING - 2025-01-17 13:15:36 --> [DEPRECATED] Creation of dynamic property App\Controllers\DestinationController::$blogModel is deprecated in APPPATH\Controllers\DestinationController.php on line 21.
 1 SYSTEMPATH\CodeIgniter.php(913): App\Controllers\DestinationController->__construct()
 2 SYSTEMPATH\CodeIgniter.php(493): CodeIgniter\CodeIgniter->createController()
 3 SYSTEMPATH\CodeIgniter.php(361): CodeIgniter\CodeIgniter->handleRequest(null, Object(Config\Cache), false)
 4 FCPATH\index.php(79): CodeIgniter\CodeIgniter->run()
INFO - 2025-01-17 13:15:36 --> Session: Class initialized using 'CodeIgniter\Session\Handlers\FileHandler' driver.
WARNING - 2025-01-17 13:15:50 --> [DEPRECATED] Creation of dynamic property App\Controllers\DestinationController::$citiesModel is deprecated in APPPATH\Controllers\DestinationController.php on line 16.
 1 SYSTEMPATH\CodeIgniter.php(913): App\Controllers\DestinationController->__construct()
 2 SYSTEMPATH\CodeIgniter.php(493): CodeIgniter\CodeIgniter->createController()
 3 SYSTEMPATH\CodeIgniter.php(361): CodeIgniter\CodeIgniter->handleRequest(null, Object(Config\Cache), false)
 4 FCPATH\index.php(79): CodeIgniter\CodeIgniter->run()
WARNING - 2025-01-17 13:15:50 --> [DEPRECATED] Creation of dynamic property App\Controllers\DestinationController::$uttarakhandModel is deprecated in APPPATH\Controllers\DestinationController.php on line 17.
 1 SYSTEMPATH\CodeIgniter.php(913): App\Controllers\DestinationController->__construct()
 2 SYSTEMPATH\CodeIgniter.php(493): CodeIgniter\CodeIgniter->createController()
 3 SYSTEMPATH\CodeIgniter.php(361): CodeIgniter\CodeIgniter->handleRequest(null, Object(Config\Cache), false)
 4 FCPATH\index.php(79): CodeIgniter\CodeIgniter->run()
WARNING - 2025-01-17 13:15:50 --> [DEPRECATED] Creation of dynamic property App\Controllers\DestinationController::$imageModel is deprecated in APPPATH\Controllers\DestinationController.php on line 18.
 1 SYSTEMPATH\CodeIgniter.php(913): App\Controllers\DestinationController->__construct()
 2 SYSTEMPATH\CodeIgniter.php(493): CodeIgniter\CodeIgniter->createController()
 3 SYSTEMPATH\CodeIgniter.php(361): CodeIgniter\CodeIgniter->handleRequest(null, Object(Config\Cache), false)
 4 FCPATH\index.php(79): CodeIgniter\CodeIgniter->run()
WARNING - 2025-01-17 13:15:50 --> [DEPRECATED] Creation of dynamic property App\Controllers\DestinationController::$areaModel is deprecated in APPPATH\Controllers\DestinationController.php on line 19.
 1 SYSTEMPATH\CodeIgniter.php(913): App\Controllers\DestinationController->__construct()
 2 SYSTEMPATH\CodeIgniter.php(493): CodeIgniter\CodeIgniter->createController()
 3 SYSTEMPATH\CodeIgniter.php(361): CodeIgniter\CodeIgniter->handleRequest(null, Object(Config\Cache), false)
 4 FCPATH\index.php(79): CodeIgniter\CodeIgniter->run()
WARNING - 2025-01-17 13:15:50 --> [DEPRECATED] Creation of dynamic property App\Controllers\DestinationController::$foodModel is deprecated in APPPATH\Controllers\DestinationController.php on line 20.
 1 SYSTEMPATH\CodeIgniter.php(913): App\Controllers\DestinationController->__construct()
 2 SYSTEMPATH\CodeIgniter.php(493): CodeIgniter\CodeIgniter->createController()
 3 SYSTEMPATH\CodeIgniter.php(361): CodeIgniter\CodeIgniter->handleRequest(null, Object(Config\Cache), false)
 4 FCPATH\index.php(79): CodeIgniter\CodeIgniter->run()
WARNING - 2025-01-17 13:15:50 --> [DEPRECATED] Creation of dynamic property App\Controllers\DestinationController::$blogModel is deprecated in APPPATH\Controllers\DestinationController.php on line 21.
 1 SYSTEMPATH\CodeIgniter.php(913): App\Controllers\DestinationController->__construct()
 2 SYSTEMPATH\CodeIgniter.php(493): CodeIgniter\CodeIgniter->createController()
 3 SYSTEMPATH\CodeIgniter.php(361): CodeIgniter\CodeIgniter->handleRequest(null, Object(Config\Cache), false)
 4 FCPATH\index.php(79): CodeIgniter\CodeIgniter->run()
INFO - 2025-01-17 13:15:50 --> Session: Class initialized using 'CodeIgniter\Session\Handlers\FileHandler' driver.
WARNING - 2025-01-17 13:18:56 --> [DEPRECATED] Creation of dynamic property App\Controllers\HomeController::$citiesModel is deprecated in APPPATH\Controllers\HomeController.php on line 19.
 1 SYSTEMPATH\CodeIgniter.php(913): App\Controllers\HomeController->__construct()
 2 SYSTEMPATH\CodeIgniter.php(493): CodeIgniter\CodeIgniter->createController()
 3 SYSTEMPATH\CodeIgniter.php(361): CodeIgniter\CodeIgniter->handleRequest(null, Object(Config\Cache), false)
 4 FCPATH\index.php(79): CodeIgniter\CodeIgniter->run()
WARNING - 2025-01-17 13:18:56 --> [DEPRECATED] Creation of dynamic property App\Controllers\HomeController::$uttarakhandModel is deprecated in APPPATH\Controllers\HomeController.php on line 20.
 1 SYSTEMPATH\CodeIgniter.php(913): App\Controllers\HomeController->__construct()
 2 SYSTEMPATH\CodeIgniter.php(493): CodeIgniter\CodeIgniter->createController()
 3 SYSTEMPATH\CodeIgniter.php(361): CodeIgniter\CodeIgniter->handleRequest(null, Object(Config\Cache), false)
 4 FCPATH\index.php(79): CodeIgniter\CodeIgniter->run()
WARNING - 2025-01-17 13:18:56 --> [DEPRECATED] Creation of dynamic property App\Controllers\HomeController::$imageModel is deprecated in APPPATH\Controllers\HomeController.php on line 21.
 1 SYSTEMPATH\CodeIgniter.php(913): App\Controllers\HomeController->__construct()
 2 SYSTEMPATH\CodeIgniter.php(493): CodeIgniter\CodeIgniter->createController()
 3 SYSTEMPATH\CodeIgniter.php(361): CodeIgniter\CodeIgniter->handleRequest(null, Object(Config\Cache), false)
 4 FCPATH\index.php(79): CodeIgniter\CodeIgniter->run()
WARNING - 2025-01-17 13:18:56 --> [DEPRECATED] Creation of dynamic property App\Controllers\HomeController::$areaModel is deprecated in APPPATH\Controllers\HomeController.php on line 22.
 1 SYSTEMPATH\CodeIgniter.php(913): App\Controllers\HomeController->__construct()
 2 SYSTEMPATH\CodeIgniter.php(493): CodeIgniter\CodeIgniter->createController()
 3 SYSTEMPATH\CodeIgniter.php(361): CodeIgniter\CodeIgniter->handleRequest(null, Object(Config\Cache), false)
 4 FCPATH\index.php(79): CodeIgniter\CodeIgniter->run()
WARNING - 2025-01-17 13:18:56 --> [DEPRECATED] Creation of dynamic property App\Controllers\HomeController::$foodModel is deprecated in APPPATH\Controllers\HomeController.php on line 23.
 1 SYSTEMPATH\CodeIgniter.php(913): App\Controllers\HomeController->__construct()
 2 SYSTEMPATH\CodeIgniter.php(493): CodeIgniter\CodeIgniter->createController()
 3 SYSTEMPATH\CodeIgniter.php(361): CodeIgniter\CodeIgniter->handleRequest(null, Object(Config\Cache), false)
 4 FCPATH\index.php(79): CodeIgniter\CodeIgniter->run()
WARNING - 2025-01-17 13:18:56 --> [DEPRECATED] Creation of dynamic property App\Controllers\HomeController::$blogModel is deprecated in APPPATH\Controllers\HomeController.php on line 24.
 1 SYSTEMPATH\CodeIgniter.php(913): App\Controllers\HomeController->__construct()
 2 SYSTEMPATH\CodeIgniter.php(493): CodeIgniter\CodeIgniter->createController()
 3 SYSTEMPATH\CodeIgniter.php(361): CodeIgniter\CodeIgniter->handleRequest(null, Object(Config\Cache), false)
 4 FCPATH\index.php(79): CodeIgniter\CodeIgniter->run()
INFO - 2025-01-17 13:18:56 --> Session: Class initialized using 'CodeIgniter\Session\Handlers\FileHandler' driver.
WARNING - 2025-01-17 13:18:57 --> [DEPRECATED] Creation of dynamic property App\Controllers\HomeController::$citiesModel is deprecated in APPPATH\Controllers\HomeController.php on line 19.
 1 SYSTEMPATH\CodeIgniter.php(913): App\Controllers\HomeController->__construct()
 2 SYSTEMPATH\CodeIgniter.php(493): CodeIgniter\CodeIgniter->createController()
 3 SYSTEMPATH\CodeIgniter.php(361): CodeIgniter\CodeIgniter->handleRequest(null, Object(Config\Cache), false)
 4 FCPATH\index.php(79): CodeIgniter\CodeIgniter->run()
WARNING - 2025-01-17 13:18:57 --> [DEPRECATED] Creation of dynamic property App\Controllers\HomeController::$uttarakhandModel is deprecated in APPPATH\Controllers\HomeController.php on line 20.
 1 SYSTEMPATH\CodeIgniter.php(913): App\Controllers\HomeController->__construct()
 2 SYSTEMPATH\CodeIgniter.php(493): CodeIgniter\CodeIgniter->createController()
 3 SYSTEMPATH\CodeIgniter.php(361): CodeIgniter\CodeIgniter->handleRequest(null, Object(Config\Cache), false)
 4 FCPATH\index.php(79): CodeIgniter\CodeIgniter->run()
WARNING - 2025-01-17 13:18:57 --> [DEPRECATED] Creation of dynamic property App\Controllers\HomeController::$imageModel is deprecated in APPPATH\Controllers\HomeController.php on line 21.
 1 SYSTEMPATH\CodeIgniter.php(913): App\Controllers\HomeController->__construct()
 2 SYSTEMPATH\CodeIgniter.php(493): CodeIgniter\CodeIgniter->createController()
 3 SYSTEMPATH\CodeIgniter.php(361): CodeIgniter\CodeIgniter->handleRequest(null, Object(Config\Cache), false)
 4 FCPATH\index.php(79): CodeIgniter\CodeIgniter->run()
WARNING - 2025-01-17 13:18:57 --> [DEPRECATED] Creation of dynamic property App\Controllers\HomeController::$areaModel is deprecated in APPPATH\Controllers\HomeController.php on line 22.
 1 SYSTEMPATH\CodeIgniter.php(913): App\Controllers\HomeController->__construct()
 2 SYSTEMPATH\CodeIgniter.php(493): CodeIgniter\CodeIgniter->createController()
 3 SYSTEMPATH\CodeIgniter.php(361): CodeIgniter\CodeIgniter->handleRequest(null, Object(Config\Cache), false)
 4 FCPATH\index.php(79): CodeIgniter\CodeIgniter->run()
WARNING - 2025-01-17 13:18:57 --> [DEPRECATED] Creation of dynamic property App\Controllers\HomeController::$foodModel is deprecated in APPPATH\Controllers\HomeController.php on line 23.
 1 SYSTEMPATH\CodeIgniter.php(913): App\Controllers\HomeController->__construct()
 2 SYSTEMPATH\CodeIgniter.php(493): CodeIgniter\CodeIgniter->createController()
 3 SYSTEMPATH\CodeIgniter.php(361): CodeIgniter\CodeIgniter->handleRequest(null, Object(Config\Cache), false)
 4 FCPATH\index.php(79): CodeIgniter\CodeIgniter->run()
WARNING - 2025-01-17 13:18:57 --> [DEPRECATED] Creation of dynamic property App\Controllers\HomeController::$blogModel is deprecated in APPPATH\Controllers\HomeController.php on line 24.
 1 SYSTEMPATH\CodeIgniter.php(913): App\Controllers\HomeController->__construct()
 2 SYSTEMPATH\CodeIgniter.php(493): CodeIgniter\CodeIgniter->createController()
 3 SYSTEMPATH\CodeIgniter.php(361): CodeIgniter\CodeIgniter->handleRequest(null, Object(Config\Cache), false)
 4 FCPATH\index.php(79): CodeIgniter\CodeIgniter->run()
INFO - 2025-01-17 13:18:57 --> Session: Class initialized using 'CodeIgniter\Session\Handlers\FileHandler' driver.
CRITICAL - 2025-01-17 13:18:57 --> ErrorException: Trying to access array offset on value of type null
in APPPATH\Controllers\HomeController.php on line 80.
 1 APPPATH\Controllers\HomeController.php(80): CodeIgniter\Debug\Exceptions->errorHandler(2, 'Trying to access array offset on value of type null', 'C:\\xampp\\htdocs\\uttrakhand\\app\\Controllers\\HomeController.php', 80)
 2 SYSTEMPATH\CodeIgniter.php(941): App\Controllers\HomeController->page('uploads', 'no_image.jpg')
 3 SYSTEMPATH\CodeIgniter.php(502): CodeIgniter\CodeIgniter->runController(Object(App\Controllers\HomeController))
 4 SYSTEMPATH\CodeIgniter.php(361): CodeIgniter\CodeIgniter->handleRequest(null, Object(Config\Cache), false)
 5 FCPATH\index.php(79): CodeIgniter\CodeIgniter->run()
WARNING - 2025-01-17 13:22:12 --> [DEPRECATED] Creation of dynamic property App\Controllers\HomeController::$citiesModel is deprecated in APPPATH\Controllers\HomeController.php on line 19.
 1 SYSTEMPATH\CodeIgniter.php(913): App\Controllers\HomeController->__construct()
 2 SYSTEMPATH\CodeIgniter.php(493): CodeIgniter\CodeIgniter->createController()
 3 SYSTEMPATH\CodeIgniter.php(361): CodeIgniter\CodeIgniter->handleRequest(null, Object(Config\Cache), false)
 4 FCPATH\index.php(79): CodeIgniter\CodeIgniter->run()
WARNING - 2025-01-17 13:22:12 --> [DEPRECATED] Creation of dynamic property App\Controllers\HomeController::$uttarakhandModel is deprecated in APPPATH\Controllers\HomeController.php on line 20.
 1 SYSTEMPATH\CodeIgniter.php(913): App\Controllers\HomeController->__construct()
 2 SYSTEMPATH\CodeIgniter.php(493): CodeIgniter\CodeIgniter->createController()
 3 SYSTEMPATH\CodeIgniter.php(361): CodeIgniter\CodeIgniter->handleRequest(null, Object(Config\Cache), false)
 4 FCPATH\index.php(79): CodeIgniter\CodeIgniter->run()
WARNING - 2025-01-17 13:22:12 --> [DEPRECATED] Creation of dynamic property App\Controllers\HomeController::$imageModel is deprecated in APPPATH\Controllers\HomeController.php on line 21.
 1 SYSTEMPATH\CodeIgniter.php(913): App\Controllers\HomeController->__construct()
 2 SYSTEMPATH\CodeIgniter.php(493): CodeIgniter\CodeIgniter->createController()
 3 SYSTEMPATH\CodeIgniter.php(361): CodeIgniter\CodeIgniter->handleRequest(null, Object(Config\Cache), false)
 4 FCPATH\index.php(79): CodeIgniter\CodeIgniter->run()
WARNING - 2025-01-17 13:22:12 --> [DEPRECATED] Creation of dynamic property App\Controllers\HomeController::$areaModel is deprecated in APPPATH\Controllers\HomeController.php on line 22.
 1 SYSTEMPATH\CodeIgniter.php(913): App\Controllers\HomeController->__construct()
 2 SYSTEMPATH\CodeIgniter.php(493): CodeIgniter\CodeIgniter->createController()
 3 SYSTEMPATH\CodeIgniter.php(361): CodeIgniter\CodeIgniter->handleRequest(null, Object(Config\Cache), false)
 4 FCPATH\index.php(79): CodeIgniter\CodeIgniter->run()
WARNING - 2025-01-17 13:22:12 --> [DEPRECATED] Creation of dynamic property App\Controllers\HomeController::$foodModel is deprecated in APPPATH\Controllers\HomeController.php on line 23.
 1 SYSTEMPATH\CodeIgniter.php(913): App\Controllers\HomeController->__construct()
 2 SYSTEMPATH\CodeIgniter.php(493): CodeIgniter\CodeIgniter->createController()
 3 SYSTEMPATH\CodeIgniter.php(361): CodeIgniter\CodeIgniter->handleRequest(null, Object(Config\Cache), false)
 4 FCPATH\index.php(79): CodeIgniter\CodeIgniter->run()
WARNING - 2025-01-17 13:22:12 --> [DEPRECATED] Creation of dynamic property App\Controllers\HomeController::$blogModel is deprecated in APPPATH\Controllers\HomeController.php on line 24.
 1 SYSTEMPATH\CodeIgniter.php(913): App\Controllers\HomeController->__construct()
 2 SYSTEMPATH\CodeIgniter.php(493): CodeIgniter\CodeIgniter->createController()
 3 SYSTEMPATH\CodeIgniter.php(361): CodeIgniter\CodeIgniter->handleRequest(null, Object(Config\Cache), false)
 4 FCPATH\index.php(79): CodeIgniter\CodeIgniter->run()
INFO - 2025-01-17 13:22:12 --> Session: Class initialized using 'CodeIgniter\Session\Handlers\FileHandler' driver.
WARNING - 2025-01-17 13:22:13 --> [DEPRECATED] Creation of dynamic property App\Controllers\HomeController::$citiesModel is deprecated in APPPATH\Controllers\HomeController.php on line 19.
 1 SYSTEMPATH\CodeIgniter.php(913): App\Controllers\HomeController->__construct()
 2 SYSTEMPATH\CodeIgniter.php(493): CodeIgniter\CodeIgniter->createController()
 3 SYSTEMPATH\CodeIgniter.php(361): CodeIgniter\CodeIgniter->handleRequest(null, Object(Config\Cache), false)
 4 FCPATH\index.php(79): CodeIgniter\CodeIgniter->run()
WARNING - 2025-01-17 13:22:13 --> [DEPRECATED] Creation of dynamic property App\Controllers\HomeController::$uttarakhandModel is deprecated in APPPATH\Controllers\HomeController.php on line 20.
 1 SYSTEMPATH\CodeIgniter.php(913): App\Controllers\HomeController->__construct()
 2 SYSTEMPATH\CodeIgniter.php(493): CodeIgniter\CodeIgniter->createController()
 3 SYSTEMPATH\CodeIgniter.php(361): CodeIgniter\CodeIgniter->handleRequest(null, Object(Config\Cache), false)
 4 FCPATH\index.php(79): CodeIgniter\CodeIgniter->run()
WARNING - 2025-01-17 13:22:13 --> [DEPRECATED] Creation of dynamic property App\Controllers\HomeController::$imageModel is deprecated in APPPATH\Controllers\HomeController.php on line 21.
 1 SYSTEMPATH\CodeIgniter.php(913): App\Controllers\HomeController->__construct()
 2 SYSTEMPATH\CodeIgniter.php(493): CodeIgniter\CodeIgniter->createController()
 3 SYSTEMPATH\CodeIgniter.php(361): CodeIgniter\CodeIgniter->handleRequest(null, Object(Config\Cache), false)
 4 FCPATH\index.php(79): CodeIgniter\CodeIgniter->run()
WARNING - 2025-01-17 13:22:13 --> [DEPRECATED] Creation of dynamic property App\Controllers\HomeController::$areaModel is deprecated in APPPATH\Controllers\HomeController.php on line 22.
 1 SYSTEMPATH\CodeIgniter.php(913): App\Controllers\HomeController->__construct()
 2 SYSTEMPATH\CodeIgniter.php(493): CodeIgniter\CodeIgniter->createController()
 3 SYSTEMPATH\CodeIgniter.php(361): CodeIgniter\CodeIgniter->handleRequest(null, Object(Config\Cache), false)
 4 FCPATH\index.php(79): CodeIgniter\CodeIgniter->run()
WARNING - 2025-01-17 13:22:13 --> [DEPRECATED] Creation of dynamic property App\Controllers\HomeController::$foodModel is deprecated in APPPATH\Controllers\HomeController.php on line 23.
 1 SYSTEMPATH\CodeIgniter.php(913): App\Controllers\HomeController->__construct()
 2 SYSTEMPATH\CodeIgniter.php(493): CodeIgniter\CodeIgniter->createController()
 3 SYSTEMPATH\CodeIgniter.php(361): CodeIgniter\CodeIgniter->handleRequest(null, Object(Config\Cache), false)
 4 FCPATH\index.php(79): CodeIgniter\CodeIgniter->run()
WARNING - 2025-01-17 13:22:13 --> [DEPRECATED] Creation of dynamic property App\Controllers\HomeController::$blogModel is deprecated in APPPATH\Controllers\HomeController.php on line 24.
 1 SYSTEMPATH\CodeIgniter.php(913): App\Controllers\HomeController->__construct()
 2 SYSTEMPATH\CodeIgniter.php(493): CodeIgniter\CodeIgniter->createController()
 3 SYSTEMPATH\CodeIgniter.php(361): CodeIgniter\CodeIgniter->handleRequest(null, Object(Config\Cache), false)
 4 FCPATH\index.php(79): CodeIgniter\CodeIgniter->run()
INFO - 2025-01-17 13:22:13 --> Session: Class initialized using 'CodeIgniter\Session\Handlers\FileHandler' driver.
CRITICAL - 2025-01-17 13:22:13 --> ErrorException: Trying to access array offset on value of type null
in APPPATH\Controllers\HomeController.php on line 80.
 1 APPPATH\Controllers\HomeController.php(80): CodeIgniter\Debug\Exceptions->errorHandler(2, 'Trying to access array offset on value of type null', 'C:\\xampp\\htdocs\\uttrakhand\\app\\Controllers\\HomeController.php', 80)
 2 SYSTEMPATH\CodeIgniter.php(941): App\Controllers\HomeController->page('uploads', 'no_image.jpg')
 3 SYSTEMPATH\CodeIgniter.php(502): CodeIgniter\CodeIgniter->runController(Object(App\Controllers\HomeController))
 4 SYSTEMPATH\CodeIgniter.php(361): CodeIgniter\CodeIgniter->handleRequest(null, Object(Config\Cache), false)
 5 FCPATH\index.php(79): CodeIgniter\CodeIgniter->run()
WARNING - 2025-01-17 13:22:14 --> [DEPRECATED] Creation of dynamic property App\Controllers\DestinationController::$citiesModel is deprecated in APPPATH\Controllers\DestinationController.php on line 16.
 1 SYSTEMPATH\CodeIgniter.php(913): App\Controllers\DestinationController->__construct()
 2 SYSTEMPATH\CodeIgniter.php(493): CodeIgniter\CodeIgniter->createController()
 3 SYSTEMPATH\CodeIgniter.php(361): CodeIgniter\CodeIgniter->handleRequest(null, Object(Config\Cache), false)
 4 FCPATH\index.php(79): CodeIgniter\CodeIgniter->run()
WARNING - 2025-01-17 13:22:14 --> [DEPRECATED] Creation of dynamic property App\Controllers\DestinationController::$uttarakhandModel is deprecated in APPPATH\Controllers\DestinationController.php on line 17.
 1 SYSTEMPATH\CodeIgniter.php(913): App\Controllers\DestinationController->__construct()
 2 SYSTEMPATH\CodeIgniter.php(493): CodeIgniter\CodeIgniter->createController()
 3 SYSTEMPATH\CodeIgniter.php(361): CodeIgniter\CodeIgniter->handleRequest(null, Object(Config\Cache), false)
 4 FCPATH\index.php(79): CodeIgniter\CodeIgniter->run()
WARNING - 2025-01-17 13:22:14 --> [DEPRECATED] Creation of dynamic property App\Controllers\DestinationController::$imageModel is deprecated in APPPATH\Controllers\DestinationController.php on line 18.
 1 SYSTEMPATH\CodeIgniter.php(913): App\Controllers\DestinationController->__construct()
 2 SYSTEMPATH\CodeIgniter.php(493): CodeIgniter\CodeIgniter->createController()
 3 SYSTEMPATH\CodeIgniter.php(361): CodeIgniter\CodeIgniter->handleRequest(null, Object(Config\Cache), false)
 4 FCPATH\index.php(79): CodeIgniter\CodeIgniter->run()
WARNING - 2025-01-17 13:22:14 --> [DEPRECATED] Creation of dynamic property App\Controllers\DestinationController::$areaModel is deprecated in APPPATH\Controllers\DestinationController.php on line 19.
 1 SYSTEMPATH\CodeIgniter.php(913): App\Controllers\DestinationController->__construct()
 2 SYSTEMPATH\CodeIgniter.php(493): CodeIgniter\CodeIgniter->createController()
 3 SYSTEMPATH\CodeIgniter.php(361): CodeIgniter\CodeIgniter->handleRequest(null, Object(Config\Cache), false)
 4 FCPATH\index.php(79): CodeIgniter\CodeIgniter->run()
WARNING - 2025-01-17 13:22:14 --> [DEPRECATED] Creation of dynamic property App\Controllers\DestinationController::$foodModel is deprecated in APPPATH\Controllers\DestinationController.php on line 20.
 1 SYSTEMPATH\CodeIgniter.php(913): App\Controllers\DestinationController->__construct()
 2 SYSTEMPATH\CodeIgniter.php(493): CodeIgniter\CodeIgniter->createController()
 3 SYSTEMPATH\CodeIgniter.php(361): CodeIgniter\CodeIgniter->handleRequest(null, Object(Config\Cache), false)
 4 FCPATH\index.php(79): CodeIgniter\CodeIgniter->run()
WARNING - 2025-01-17 13:22:14 --> [DEPRECATED] Creation of dynamic property App\Controllers\DestinationController::$blogModel is deprecated in APPPATH\Controllers\DestinationController.php on line 21.
 1 SYSTEMPATH\CodeIgniter.php(913): App\Controllers\DestinationController->__construct()
 2 SYSTEMPATH\CodeIgniter.php(493): CodeIgniter\CodeIgniter->createController()
 3 SYSTEMPATH\CodeIgniter.php(361): CodeIgniter\CodeIgniter->handleRequest(null, Object(Config\Cache), false)
 4 FCPATH\index.php(79): CodeIgniter\CodeIgniter->run()
INFO - 2025-01-17 13:22:14 --> Session: Class initialized using 'CodeIgniter\Session\Handlers\FileHandler' driver.
WARNING - 2025-01-17 13:23:08 --> [DEPRECATED] Creation of dynamic property App\Controllers\DestinationController::$citiesModel is deprecated in APPPATH\Controllers\DestinationController.php on line 16.
 1 SYSTEMPATH\CodeIgniter.php(913): App\Controllers\DestinationController->__construct()
 2 SYSTEMPATH\CodeIgniter.php(493): CodeIgniter\CodeIgniter->createController()
 3 SYSTEMPATH\CodeIgniter.php(361): CodeIgniter\CodeIgniter->handleRequest(null, Object(Config\Cache), false)
 4 FCPATH\index.php(79): CodeIgniter\CodeIgniter->run()
WARNING - 2025-01-17 13:23:08 --> [DEPRECATED] Creation of dynamic property App\Controllers\DestinationController::$uttarakhandModel is deprecated in APPPATH\Controllers\DestinationController.php on line 17.
 1 SYSTEMPATH\CodeIgniter.php(913): App\Controllers\DestinationController->__construct()
 2 SYSTEMPATH\CodeIgniter.php(493): CodeIgniter\CodeIgniter->createController()
 3 SYSTEMPATH\CodeIgniter.php(361): CodeIgniter\CodeIgniter->handleRequest(null, Object(Config\Cache), false)
 4 FCPATH\index.php(79): CodeIgniter\CodeIgniter->run()
WARNING - 2025-01-17 13:23:08 --> [DEPRECATED] Creation of dynamic property App\Controllers\DestinationController::$imageModel is deprecated in APPPATH\Controllers\DestinationController.php on line 18.
 1 SYSTEMPATH\CodeIgniter.php(913): App\Controllers\DestinationController->__construct()
 2 SYSTEMPATH\CodeIgniter.php(493): CodeIgniter\CodeIgniter->createController()
 3 SYSTEMPATH\CodeIgniter.php(361): CodeIgniter\CodeIgniter->handleRequest(null, Object(Config\Cache), false)
 4 FCPATH\index.php(79): CodeIgniter\CodeIgniter->run()
WARNING - 2025-01-17 13:23:08 --> [DEPRECATED] Creation of dynamic property App\Controllers\DestinationController::$areaModel is deprecated in APPPATH\Controllers\DestinationController.php on line 19.
 1 SYSTEMPATH\CodeIgniter.php(913): App\Controllers\DestinationController->__construct()
 2 SYSTEMPATH\CodeIgniter.php(493): CodeIgniter\CodeIgniter->createController()
 3 SYSTEMPATH\CodeIgniter.php(361): CodeIgniter\CodeIgniter->handleRequest(null, Object(Config\Cache), false)
 4 FCPATH\index.php(79): CodeIgniter\CodeIgniter->run()
WARNING - 2025-01-17 13:23:08 --> [DEPRECATED] Creation of dynamic property App\Controllers\DestinationController::$foodModel is deprecated in APPPATH\Controllers\DestinationController.php on line 20.
 1 SYSTEMPATH\CodeIgniter.php(913): App\Controllers\DestinationController->__construct()
 2 SYSTEMPATH\CodeIgniter.php(493): CodeIgniter\CodeIgniter->createController()
 3 SYSTEMPATH\CodeIgniter.php(361): CodeIgniter\CodeIgniter->handleRequest(null, Object(Config\Cache), false)
 4 FCPATH\index.php(79): CodeIgniter\CodeIgniter->run()
WARNING - 2025-01-17 13:23:08 --> [DEPRECATED] Creation of dynamic property App\Controllers\DestinationController::$blogModel is deprecated in APPPATH\Controllers\DestinationController.php on line 21.
 1 SYSTEMPATH\CodeIgniter.php(913): App\Controllers\DestinationController->__construct()
 2 SYSTEMPATH\CodeIgniter.php(493): CodeIgniter\CodeIgniter->createController()
 3 SYSTEMPATH\CodeIgniter.php(361): CodeIgniter\CodeIgniter->handleRequest(null, Object(Config\Cache), false)
 4 FCPATH\index.php(79): CodeIgniter\CodeIgniter->run()
INFO - 2025-01-17 13:23:08 --> Session: Class initialized using 'CodeIgniter\Session\Handlers\FileHandler' driver.
WARNING - 2025-01-17 13:23:08 --> [DEPRECATED] Creation of dynamic property App\Controllers\HomeController::$citiesModel is deprecated in APPPATH\Controllers\HomeController.php on line 19.
 1 SYSTEMPATH\CodeIgniter.php(913): App\Controllers\HomeController->__construct()
 2 SYSTEMPATH\CodeIgniter.php(493): CodeIgniter\CodeIgniter->createController()
 3 SYSTEMPATH\CodeIgniter.php(361): CodeIgniter\CodeIgniter->handleRequest(null, Object(Config\Cache), false)
 4 FCPATH\index.php(79): CodeIgniter\CodeIgniter->run()
WARNING - 2025-01-17 13:23:08 --> [DEPRECATED] Creation of dynamic property App\Controllers\HomeController::$uttarakhandModel is deprecated in APPPATH\Controllers\HomeController.php on line 20.
 1 SYSTEMPATH\CodeIgniter.php(913): App\Controllers\HomeController->__construct()
 2 SYSTEMPATH\CodeIgniter.php(493): CodeIgniter\CodeIgniter->createController()
 3 SYSTEMPATH\CodeIgniter.php(361): CodeIgniter\CodeIgniter->handleRequest(null, Object(Config\Cache), false)
 4 FCPATH\index.php(79): CodeIgniter\CodeIgniter->run()
WARNING - 2025-01-17 13:23:08 --> [DEPRECATED] Creation of dynamic property App\Controllers\HomeController::$imageModel is deprecated in APPPATH\Controllers\HomeController.php on line 21.
 1 SYSTEMPATH\CodeIgniter.php(913): App\Controllers\HomeController->__construct()
 2 SYSTEMPATH\CodeIgniter.php(493): CodeIgniter\CodeIgniter->createController()
 3 SYSTEMPATH\CodeIgniter.php(361): CodeIgniter\CodeIgniter->handleRequest(null, Object(Config\Cache), false)
 4 FCPATH\index.php(79): CodeIgniter\CodeIgniter->run()
WARNING - 2025-01-17 13:23:08 --> [DEPRECATED] Creation of dynamic property App\Controllers\HomeController::$areaModel is deprecated in APPPATH\Controllers\HomeController.php on line 22.
 1 SYSTEMPATH\CodeIgniter.php(913): App\Controllers\HomeController->__construct()
 2 SYSTEMPATH\CodeIgniter.php(493): CodeIgniter\CodeIgniter->createController()
 3 SYSTEMPATH\CodeIgniter.php(361): CodeIgniter\CodeIgniter->handleRequest(null, Object(Config\Cache), false)
 4 FCPATH\index.php(79): CodeIgniter\CodeIgniter->run()
WARNING - 2025-01-17 13:23:08 --> [DEPRECATED] Creation of dynamic property App\Controllers\HomeController::$foodModel is deprecated in APPPATH\Controllers\HomeController.php on line 23.
 1 SYSTEMPATH\CodeIgniter.php(913): App\Controllers\HomeController->__construct()
 2 SYSTEMPATH\CodeIgniter.php(493): CodeIgniter\CodeIgniter->createController()
 3 SYSTEMPATH\CodeIgniter.php(361): CodeIgniter\CodeIgniter->handleRequest(null, Object(Config\Cache), false)
 4 FCPATH\index.php(79): CodeIgniter\CodeIgniter->run()
WARNING - 2025-01-17 13:23:08 --> [DEPRECATED] Creation of dynamic property App\Controllers\HomeController::$blogModel is deprecated in APPPATH\Controllers\HomeController.php on line 24.
 1 SYSTEMPATH\CodeIgniter.php(913): App\Controllers\HomeController->__construct()
 2 SYSTEMPATH\CodeIgniter.php(493): CodeIgniter\CodeIgniter->createController()
 3 SYSTEMPATH\CodeIgniter.php(361): CodeIgniter\CodeIgniter->handleRequest(null, Object(Config\Cache), false)
 4 FCPATH\index.php(79): CodeIgniter\CodeIgniter->run()
INFO - 2025-01-17 13:23:08 --> Session: Class initialized using 'CodeIgniter\Session\Handlers\FileHandler' driver.
CRITICAL - 2025-01-17 13:23:08 --> ErrorException: Trying to access array offset on value of type null
in APPPATH\Controllers\HomeController.php on line 80.
 1 APPPATH\Controllers\HomeController.php(80): CodeIgniter\Debug\Exceptions->errorHandler(2, 'Trying to access array offset on value of type null', 'C:\\xampp\\htdocs\\uttrakhand\\app\\Controllers\\HomeController.php', 80)
 2 SYSTEMPATH\CodeIgniter.php(941): App\Controllers\HomeController->page('uploads', 'no_image.jpg')
 3 SYSTEMPATH\CodeIgniter.php(502): CodeIgniter\CodeIgniter->runController(Object(App\Controllers\HomeController))
 4 SYSTEMPATH\CodeIgniter.php(361): CodeIgniter\CodeIgniter->handleRequest(null, Object(Config\Cache), false)
 5 FCPATH\index.php(79): CodeIgniter\CodeIgniter->run()
WARNING - 2025-01-17 13:24:31 --> [DEPRECATED] Creation of dynamic property App\Controllers\DestinationController::$citiesModel is deprecated in APPPATH\Controllers\DestinationController.php on line 16.
 1 SYSTEMPATH\CodeIgniter.php(913): App\Controllers\DestinationController->__construct()
 2 SYSTEMPATH\CodeIgniter.php(493): CodeIgniter\CodeIgniter->createController()
 3 SYSTEMPATH\CodeIgniter.php(361): CodeIgniter\CodeIgniter->handleRequest(null, Object(Config\Cache), false)
 4 FCPATH\index.php(79): CodeIgniter\CodeIgniter->run()
WARNING - 2025-01-17 13:24:31 --> [DEPRECATED] Creation of dynamic property App\Controllers\DestinationController::$uttarakhandModel is deprecated in APPPATH\Controllers\DestinationController.php on line 17.
 1 SYSTEMPATH\CodeIgniter.php(913): App\Controllers\DestinationController->__construct()
 2 SYSTEMPATH\CodeIgniter.php(493): CodeIgniter\CodeIgniter->createController()
 3 SYSTEMPATH\CodeIgniter.php(361): CodeIgniter\CodeIgniter->handleRequest(null, Object(Config\Cache), false)
 4 FCPATH\index.php(79): CodeIgniter\CodeIgniter->run()
WARNING - 2025-01-17 13:24:31 --> [DEPRECATED] Creation of dynamic property App\Controllers\DestinationController::$imageModel is deprecated in APPPATH\Controllers\DestinationController.php on line 18.
 1 SYSTEMPATH\CodeIgniter.php(913): App\Controllers\DestinationController->__construct()
 2 SYSTEMPATH\CodeIgniter.php(493): CodeIgniter\CodeIgniter->createController()
 3 SYSTEMPATH\CodeIgniter.php(361): CodeIgniter\CodeIgniter->handleRequest(null, Object(Config\Cache), false)
 4 FCPATH\index.php(79): CodeIgniter\CodeIgniter->run()
WARNING - 2025-01-17 13:24:31 --> [DEPRECATED] Creation of dynamic property App\Controllers\DestinationController::$areaModel is deprecated in APPPATH\Controllers\DestinationController.php on line 19.
 1 SYSTEMPATH\CodeIgniter.php(913): App\Controllers\DestinationController->__construct()
 2 SYSTEMPATH\CodeIgniter.php(493): CodeIgniter\CodeIgniter->createController()
 3 SYSTEMPATH\CodeIgniter.php(361): CodeIgniter\CodeIgniter->handleRequest(null, Object(Config\Cache), false)
 4 FCPATH\index.php(79): CodeIgniter\CodeIgniter->run()
WARNING - 2025-01-17 13:24:31 --> [DEPRECATED] Creation of dynamic property App\Controllers\DestinationController::$foodModel is deprecated in APPPATH\Controllers\DestinationController.php on line 20.
 1 SYSTEMPATH\CodeIgniter.php(913): App\Controllers\DestinationController->__construct()
 2 SYSTEMPATH\CodeIgniter.php(493): CodeIgniter\CodeIgniter->createController()
 3 SYSTEMPATH\CodeIgniter.php(361): CodeIgniter\CodeIgniter->handleRequest(null, Object(Config\Cache), false)
 4 FCPATH\index.php(79): CodeIgniter\CodeIgniter->run()
WARNING - 2025-01-17 13:24:31 --> [DEPRECATED] Creation of dynamic property App\Controllers\DestinationController::$blogModel is deprecated in APPPATH\Controllers\DestinationController.php on line 21.
 1 SYSTEMPATH\CodeIgniter.php(913): App\Controllers\DestinationController->__construct()
 2 SYSTEMPATH\CodeIgniter.php(493): CodeIgniter\CodeIgniter->createController()
 3 SYSTEMPATH\CodeIgniter.php(361): CodeIgniter\CodeIgniter->handleRequest(null, Object(Config\Cache), false)
 4 FCPATH\index.php(79): CodeIgniter\CodeIgniter->run()
INFO - 2025-01-17 13:24:32 --> Session: Class initialized using 'CodeIgniter\Session\Handlers\FileHandler' driver.
CRITICAL - 2025-01-17 13:24:32 --> ErrorException: Undefined array key "city_image"
in APPPATH\Views\frontend\destination.php on line 104.
 1 APPPATH\Views\frontend\destination.php(104): CodeIgniter\Debug\Exceptions->errorHandler(2, 'Undefined array key "city_image"', 'C:\\xampp\\htdocs\\uttrakhand\\app\\Views\\frontend\\destination.php', 104)
 2 SYSTEMPATH\View\View.php(228): include('C:\\xampp\\htdocs\\uttrakhand\\app\\Views\\frontend\\destination.php')
 3 SYSTEMPATH\View\View.php(231): CodeIgniter\View\View->CodeIgniter\View\{closure}()
 4 SYSTEMPATH\Common.php(1178): CodeIgniter\View\View->render('frontend/destination', [], true)
 5 APPPATH\Controllers\DestinationController.php(43): view('frontend/destination', [...])
 6 SYSTEMPATH\CodeIgniter.php(941): App\Controllers\DestinationController->Destination()
 7 SYSTEMPATH\CodeIgniter.php(502): CodeIgniter\CodeIgniter->runController(Object(App\Controllers\DestinationController))
 8 SYSTEMPATH\CodeIgniter.php(361): CodeIgniter\CodeIgniter->handleRequest(null, Object(Config\Cache), false)
 9 FCPATH\index.php(79): CodeIgniter\CodeIgniter->run()
WARNING - 2025-01-17 13:24:51 --> [DEPRECATED] Creation of dynamic property App\Controllers\DestinationController::$citiesModel is deprecated in APPPATH\Controllers\DestinationController.php on line 16.
 1 SYSTEMPATH\CodeIgniter.php(913): App\Controllers\DestinationController->__construct()
 2 SYSTEMPATH\CodeIgniter.php(493): CodeIgniter\CodeIgniter->createController()
 3 SYSTEMPATH\CodeIgniter.php(361): CodeIgniter\CodeIgniter->handleRequest(null, Object(Config\Cache), false)
 4 FCPATH\index.php(79): CodeIgniter\CodeIgniter->run()
WARNING - 2025-01-17 13:24:51 --> [DEPRECATED] Creation of dynamic property App\Controllers\DestinationController::$uttarakhandModel is deprecated in APPPATH\Controllers\DestinationController.php on line 17.
 1 SYSTEMPATH\CodeIgniter.php(913): App\Controllers\DestinationController->__construct()
 2 SYSTEMPATH\CodeIgniter.php(493): CodeIgniter\CodeIgniter->createController()
 3 SYSTEMPATH\CodeIgniter.php(361): CodeIgniter\CodeIgniter->handleRequest(null, Object(Config\Cache), false)
 4 FCPATH\index.php(79): CodeIgniter\CodeIgniter->run()
WARNING - 2025-01-17 13:24:51 --> [DEPRECATED] Creation of dynamic property App\Controllers\DestinationController::$imageModel is deprecated in APPPATH\Controllers\DestinationController.php on line 18.
 1 SYSTEMPATH\CodeIgniter.php(913): App\Controllers\DestinationController->__construct()
 2 SYSTEMPATH\CodeIgniter.php(493): CodeIgniter\CodeIgniter->createController()
 3 SYSTEMPATH\CodeIgniter.php(361): CodeIgniter\CodeIgniter->handleRequest(null, Object(Config\Cache), false)
 4 FCPATH\index.php(79): CodeIgniter\CodeIgniter->run()
WARNING - 2025-01-17 13:24:51 --> [DEPRECATED] Creation of dynamic property App\Controllers\DestinationController::$areaModel is deprecated in APPPATH\Controllers\DestinationController.php on line 19.
 1 SYSTEMPATH\CodeIgniter.php(913): App\Controllers\DestinationController->__construct()
 2 SYSTEMPATH\CodeIgniter.php(493): CodeIgniter\CodeIgniter->createController()
 3 SYSTEMPATH\CodeIgniter.php(361): CodeIgniter\CodeIgniter->handleRequest(null, Object(Config\Cache), false)
 4 FCPATH\index.php(79): CodeIgniter\CodeIgniter->run()
WARNING - 2025-01-17 13:24:51 --> [DEPRECATED] Creation of dynamic property App\Controllers\DestinationController::$foodModel is deprecated in APPPATH\Controllers\DestinationController.php on line 20.
 1 SYSTEMPATH\CodeIgniter.php(913): App\Controllers\DestinationController->__construct()
 2 SYSTEMPATH\CodeIgniter.php(493): CodeIgniter\CodeIgniter->createController()
 3 SYSTEMPATH\CodeIgniter.php(361): CodeIgniter\CodeIgniter->handleRequest(null, Object(Config\Cache), false)
 4 FCPATH\index.php(79): CodeIgniter\CodeIgniter->run()
WARNING - 2025-01-17 13:24:51 --> [DEPRECATED] Creation of dynamic property App\Controllers\DestinationController::$blogModel is deprecated in APPPATH\Controllers\DestinationController.php on line 21.
 1 SYSTEMPATH\CodeIgniter.php(913): App\Controllers\DestinationController->__construct()
 2 SYSTEMPATH\CodeIgniter.php(493): CodeIgniter\CodeIgniter->createController()
 3 SYSTEMPATH\CodeIgniter.php(361): CodeIgniter\CodeIgniter->handleRequest(null, Object(Config\Cache), false)
 4 FCPATH\index.php(79): CodeIgniter\CodeIgniter->run()
INFO - 2025-01-17 13:24:51 --> Session: Class initialized using 'CodeIgniter\Session\Handlers\FileHandler' driver.
WARNING - 2025-01-17 13:25:47 --> [DEPRECATED] Creation of dynamic property App\Controllers\DestinationController::$citiesModel is deprecated in APPPATH\Controllers\DestinationController.php on line 16.
 1 SYSTEMPATH\CodeIgniter.php(913): App\Controllers\DestinationController->__construct()
 2 SYSTEMPATH\CodeIgniter.php(493): CodeIgniter\CodeIgniter->createController()
 3 SYSTEMPATH\CodeIgniter.php(361): CodeIgniter\CodeIgniter->handleRequest(null, Object(Config\Cache), false)
 4 FCPATH\index.php(79): CodeIgniter\CodeIgniter->run()
WARNING - 2025-01-17 13:25:47 --> [DEPRECATED] Creation of dynamic property App\Controllers\DestinationController::$uttarakhandModel is deprecated in APPPATH\Controllers\DestinationController.php on line 17.
 1 SYSTEMPATH\CodeIgniter.php(913): App\Controllers\DestinationController->__construct()
 2 SYSTEMPATH\CodeIgniter.php(493): CodeIgniter\CodeIgniter->createController()
 3 SYSTEMPATH\CodeIgniter.php(361): CodeIgniter\CodeIgniter->handleRequest(null, Object(Config\Cache), false)
 4 FCPATH\index.php(79): CodeIgniter\CodeIgniter->run()
WARNING - 2025-01-17 13:25:47 --> [DEPRECATED] Creation of dynamic property App\Controllers\DestinationController::$imageModel is deprecated in APPPATH\Controllers\DestinationController.php on line 18.
 1 SYSTEMPATH\CodeIgniter.php(913): App\Controllers\DestinationController->__construct()
 2 SYSTEMPATH\CodeIgniter.php(493): CodeIgniter\CodeIgniter->createController()
 3 SYSTEMPATH\CodeIgniter.php(361): CodeIgniter\CodeIgniter->handleRequest(null, Object(Config\Cache), false)
 4 FCPATH\index.php(79): CodeIgniter\CodeIgniter->run()
WARNING - 2025-01-17 13:25:47 --> [DEPRECATED] Creation of dynamic property App\Controllers\DestinationController::$areaModel is deprecated in APPPATH\Controllers\DestinationController.php on line 19.
 1 SYSTEMPATH\CodeIgniter.php(913): App\Controllers\DestinationController->__construct()
 2 SYSTEMPATH\CodeIgniter.php(493): CodeIgniter\CodeIgniter->createController()
 3 SYSTEMPATH\CodeIgniter.php(361): CodeIgniter\CodeIgniter->handleRequest(null, Object(Config\Cache), false)
 4 FCPATH\index.php(79): CodeIgniter\CodeIgniter->run()
WARNING - 2025-01-17 13:25:48 --> [DEPRECATED] Creation of dynamic property App\Controllers\DestinationController::$foodModel is deprecated in APPPATH\Controllers\DestinationController.php on line 20.
 1 SYSTEMPATH\CodeIgniter.php(913): App\Controllers\DestinationController->__construct()
 2 SYSTEMPATH\CodeIgniter.php(493): CodeIgniter\CodeIgniter->createController()
 3 SYSTEMPATH\CodeIgniter.php(361): CodeIgniter\CodeIgniter->handleRequest(null, Object(Config\Cache), false)
 4 FCPATH\index.php(79): CodeIgniter\CodeIgniter->run()
WARNING - 2025-01-17 13:25:48 --> [DEPRECATED] Creation of dynamic property App\Controllers\DestinationController::$blogModel is deprecated in APPPATH\Controllers\DestinationController.php on line 21.
 1 SYSTEMPATH\CodeIgniter.php(913): App\Controllers\DestinationController->__construct()
 2 SYSTEMPATH\CodeIgniter.php(493): CodeIgniter\CodeIgniter->createController()
 3 SYSTEMPATH\CodeIgniter.php(361): CodeIgniter\CodeIgniter->handleRequest(null, Object(Config\Cache), false)
 4 FCPATH\index.php(79): CodeIgniter\CodeIgniter->run()
INFO - 2025-01-17 13:25:48 --> Session: Class initialized using 'CodeIgniter\Session\Handlers\FileHandler' driver.
WARNING - 2025-01-17 13:25:48 --> [DEPRECATED] Creation of dynamic property App\Controllers\DestinationController::$citiesModel is deprecated in APPPATH\Controllers\DestinationController.php on line 16.
 1 SYSTEMPATH\CodeIgniter.php(913): App\Controllers\DestinationController->__construct()
 2 SYSTEMPATH\CodeIgniter.php(493): CodeIgniter\CodeIgniter->createController()
 3 SYSTEMPATH\CodeIgniter.php(361): CodeIgniter\CodeIgniter->handleRequest(null, Object(Config\Cache), false)
 4 FCPATH\index.php(79): CodeIgniter\CodeIgniter->run()
WARNING - 2025-01-17 13:25:48 --> [DEPRECATED] Creation of dynamic property App\Controllers\DestinationController::$uttarakhandModel is deprecated in APPPATH\Controllers\DestinationController.php on line 17.
 1 SYSTEMPATH\CodeIgniter.php(913): App\Controllers\DestinationController->__construct()
 2 SYSTEMPATH\CodeIgniter.php(493): CodeIgniter\CodeIgniter->createController()
 3 SYSTEMPATH\CodeIgniter.php(361): CodeIgniter\CodeIgniter->handleRequest(null, Object(Config\Cache), false)
 4 FCPATH\index.php(79): CodeIgniter\CodeIgniter->run()
WARNING - 2025-01-17 13:25:48 --> [DEPRECATED] Creation of dynamic property App\Controllers\DestinationController::$imageModel is deprecated in APPPATH\Controllers\DestinationController.php on line 18.
 1 SYSTEMPATH\CodeIgniter.php(913): App\Controllers\DestinationController->__construct()
 2 SYSTEMPATH\CodeIgniter.php(493): CodeIgniter\CodeIgniter->createController()
 3 SYSTEMPATH\CodeIgniter.php(361): CodeIgniter\CodeIgniter->handleRequest(null, Object(Config\Cache), false)
 4 FCPATH\index.php(79): CodeIgniter\CodeIgniter->run()
WARNING - 2025-01-17 13:25:48 --> [DEPRECATED] Creation of dynamic property App\Controllers\DestinationController::$areaModel is deprecated in APPPATH\Controllers\DestinationController.php on line 19.
 1 SYSTEMPATH\CodeIgniter.php(913): App\Controllers\DestinationController->__construct()
 2 SYSTEMPATH\CodeIgniter.php(493): CodeIgniter\CodeIgniter->createController()
 3 SYSTEMPATH\CodeIgniter.php(361): CodeIgniter\CodeIgniter->handleRequest(null, Object(Config\Cache), false)
 4 FCPATH\index.php(79): CodeIgniter\CodeIgniter->run()
WARNING - 2025-01-17 13:25:48 --> [DEPRECATED] Creation of dynamic property App\Controllers\DestinationController::$foodModel is deprecated in APPPATH\Controllers\DestinationController.php on line 20.
 1 SYSTEMPATH\CodeIgniter.php(913): App\Controllers\DestinationController->__construct()
 2 SYSTEMPATH\CodeIgniter.php(493): CodeIgniter\CodeIgniter->createController()
 3 SYSTEMPATH\CodeIgniter.php(361): CodeIgniter\CodeIgniter->handleRequest(null, Object(Config\Cache), false)
 4 FCPATH\index.php(79): CodeIgniter\CodeIgniter->run()
WARNING - 2025-01-17 13:25:48 --> [DEPRECATED] Creation of dynamic property App\Controllers\DestinationController::$blogModel is deprecated in APPPATH\Controllers\DestinationController.php on line 21.
 1 SYSTEMPATH\CodeIgniter.php(913): App\Controllers\DestinationController->__construct()
 2 SYSTEMPATH\CodeIgniter.php(493): CodeIgniter\CodeIgniter->createController()
 3 SYSTEMPATH\CodeIgniter.php(361): CodeIgniter\CodeIgniter->handleRequest(null, Object(Config\Cache), false)
 4 FCPATH\index.php(79): CodeIgniter\CodeIgniter->run()
INFO - 2025-01-17 13:25:48 --> Session: Class initialized using 'CodeIgniter\Session\Handlers\FileHandler' driver.
WARNING - 2025-01-17 13:26:56 --> [DEPRECATED] Creation of dynamic property App\Controllers\DestinationController::$citiesModel is deprecated in APPPATH\Controllers\DestinationController.php on line 16.
 1 SYSTEMPATH\CodeIgniter.php(913): App\Controllers\DestinationController->__construct()
 2 SYSTEMPATH\CodeIgniter.php(493): CodeIgniter\CodeIgniter->createController()
 3 SYSTEMPATH\CodeIgniter.php(361): CodeIgniter\CodeIgniter->handleRequest(null, Object(Config\Cache), false)
 4 FCPATH\index.php(79): CodeIgniter\CodeIgniter->run()
WARNING - 2025-01-17 13:26:56 --> [DEPRECATED] Creation of dynamic property App\Controllers\DestinationController::$uttarakhandModel is deprecated in APPPATH\Controllers\DestinationController.php on line 17.
 1 SYSTEMPATH\CodeIgniter.php(913): App\Controllers\DestinationController->__construct()
 2 SYSTEMPATH\CodeIgniter.php(493): CodeIgniter\CodeIgniter->createController()
 3 SYSTEMPATH\CodeIgniter.php(361): CodeIgniter\CodeIgniter->handleRequest(null, Object(Config\Cache), false)
 4 FCPATH\index.php(79): CodeIgniter\CodeIgniter->run()
WARNING - 2025-01-17 13:26:56 --> [DEPRECATED] Creation of dynamic property App\Controllers\DestinationController::$imageModel is deprecated in APPPATH\Controllers\DestinationController.php on line 18.
 1 SYSTEMPATH\CodeIgniter.php(913): App\Controllers\DestinationController->__construct()
 2 SYSTEMPATH\CodeIgniter.php(493): CodeIgniter\CodeIgniter->createController()
 3 SYSTEMPATH\CodeIgniter.php(361): CodeIgniter\CodeIgniter->handleRequest(null, Object(Config\Cache), false)
 4 FCPATH\index.php(79): CodeIgniter\CodeIgniter->run()
WARNING - 2025-01-17 13:26:56 --> [DEPRECATED] Creation of dynamic property App\Controllers\DestinationController::$areaModel is deprecated in APPPATH\Controllers\DestinationController.php on line 19.
 1 SYSTEMPATH\CodeIgniter.php(913): App\Controllers\DestinationController->__construct()
 2 SYSTEMPATH\CodeIgniter.php(493): CodeIgniter\CodeIgniter->createController()
 3 SYSTEMPATH\CodeIgniter.php(361): CodeIgniter\CodeIgniter->handleRequest(null, Object(Config\Cache), false)
 4 FCPATH\index.php(79): CodeIgniter\CodeIgniter->run()
WARNING - 2025-01-17 13:26:56 --> [DEPRECATED] Creation of dynamic property App\Controllers\DestinationController::$foodModel is deprecated in APPPATH\Controllers\DestinationController.php on line 20.
 1 SYSTEMPATH\CodeIgniter.php(913): App\Controllers\DestinationController->__construct()
 2 SYSTEMPATH\CodeIgniter.php(493): CodeIgniter\CodeIgniter->createController()
 3 SYSTEMPATH\CodeIgniter.php(361): CodeIgniter\CodeIgniter->handleRequest(null, Object(Config\Cache), false)
 4 FCPATH\index.php(79): CodeIgniter\CodeIgniter->run()
WARNING - 2025-01-17 13:26:56 --> [DEPRECATED] Creation of dynamic property App\Controllers\DestinationController::$blogModel is deprecated in APPPATH\Controllers\DestinationController.php on line 21.
 1 SYSTEMPATH\CodeIgniter.php(913): App\Controllers\DestinationController->__construct()
 2 SYSTEMPATH\CodeIgniter.php(493): CodeIgniter\CodeIgniter->createController()
 3 SYSTEMPATH\CodeIgniter.php(361): CodeIgniter\CodeIgniter->handleRequest(null, Object(Config\Cache), false)
 4 FCPATH\index.php(79): CodeIgniter\CodeIgniter->run()
INFO - 2025-01-17 13:26:56 --> Session: Class initialized using 'CodeIgniter\Session\Handlers\FileHandler' driver.
WARNING - 2025-01-17 13:27:00 --> [DEPRECATED] Creation of dynamic property App\Controllers\HomeController::$citiesModel is deprecated in APPPATH\Controllers\HomeController.php on line 19.
 1 SYSTEMPATH\CodeIgniter.php(913): App\Controllers\HomeController->__construct()
 2 SYSTEMPATH\CodeIgniter.php(493): CodeIgniter\CodeIgniter->createController()
 3 SYSTEMPATH\CodeIgniter.php(361): CodeIgniter\CodeIgniter->handleRequest(null, Object(Config\Cache), false)
 4 FCPATH\index.php(79): CodeIgniter\CodeIgniter->run()
WARNING - 2025-01-17 13:27:00 --> [DEPRECATED] Creation of dynamic property App\Controllers\HomeController::$uttarakhandModel is deprecated in APPPATH\Controllers\HomeController.php on line 20.
 1 SYSTEMPATH\CodeIgniter.php(913): App\Controllers\HomeController->__construct()
 2 SYSTEMPATH\CodeIgniter.php(493): CodeIgniter\CodeIgniter->createController()
 3 SYSTEMPATH\CodeIgniter.php(361): CodeIgniter\CodeIgniter->handleRequest(null, Object(Config\Cache), false)
 4 FCPATH\index.php(79): CodeIgniter\CodeIgniter->run()
WARNING - 2025-01-17 13:27:00 --> [DEPRECATED] Creation of dynamic property App\Controllers\HomeController::$imageModel is deprecated in APPPATH\Controllers\HomeController.php on line 21.
 1 SYSTEMPATH\CodeIgniter.php(913): App\Controllers\HomeController->__construct()
 2 SYSTEMPATH\CodeIgniter.php(493): CodeIgniter\CodeIgniter->createController()
 3 SYSTEMPATH\CodeIgniter.php(361): CodeIgniter\CodeIgniter->handleRequest(null, Object(Config\Cache), false)
 4 FCPATH\index.php(79): CodeIgniter\CodeIgniter->run()
WARNING - 2025-01-17 13:27:00 --> [DEPRECATED] Creation of dynamic property App\Controllers\HomeController::$areaModel is deprecated in APPPATH\Controllers\HomeController.php on line 22.
 1 SYSTEMPATH\CodeIgniter.php(913): App\Controllers\HomeController->__construct()
 2 SYSTEMPATH\CodeIgniter.php(493): CodeIgniter\CodeIgniter->createController()
 3 SYSTEMPATH\CodeIgniter.php(361): CodeIgniter\CodeIgniter->handleRequest(null, Object(Config\Cache), false)
 4 FCPATH\index.php(79): CodeIgniter\CodeIgniter->run()
WARNING - 2025-01-17 13:27:00 --> [DEPRECATED] Creation of dynamic property App\Controllers\HomeController::$foodModel is deprecated in APPPATH\Controllers\HomeController.php on line 23.
 1 SYSTEMPATH\CodeIgniter.php(913): App\Controllers\HomeController->__construct()
 2 SYSTEMPATH\CodeIgniter.php(493): CodeIgniter\CodeIgniter->createController()
 3 SYSTEMPATH\CodeIgniter.php(361): CodeIgniter\CodeIgniter->handleRequest(null, Object(Config\Cache), false)
 4 FCPATH\index.php(79): CodeIgniter\CodeIgniter->run()
WARNING - 2025-01-17 13:27:00 --> [DEPRECATED] Creation of dynamic property App\Controllers\HomeController::$blogModel is deprecated in APPPATH\Controllers\HomeController.php on line 24.
 1 SYSTEMPATH\CodeIgniter.php(913): App\Controllers\HomeController->__construct()
 2 SYSTEMPATH\CodeIgniter.php(493): CodeIgniter\CodeIgniter->createController()
 3 SYSTEMPATH\CodeIgniter.php(361): CodeIgniter\CodeIgniter->handleRequest(null, Object(Config\Cache), false)
 4 FCPATH\index.php(79): CodeIgniter\CodeIgniter->run()
INFO - 2025-01-17 13:27:00 --> Session: Class initialized using 'CodeIgniter\Session\Handlers\FileHandler' driver.
CRITICAL - 2025-01-17 13:27:00 --> ErrorException: Trying to access array offset on value of type null
in APPPATH\Controllers\HomeController.php on line 61.
 1 APPPATH\Controllers\HomeController.php(61): CodeIgniter\Debug\Exceptions->errorHandler(2, 'Trying to access array offset on value of type null', 'C:\\xampp\\htdocs\\uttrakhand\\app\\Controllers\\HomeController.php', 61)
 2 SYSTEMPATH\CodeIgniter.php(941): App\Controllers\HomeController->Mainpage('Bagnath Temple')
 3 SYSTEMPATH\CodeIgniter.php(502): CodeIgniter\CodeIgniter->runController(Object(App\Controllers\HomeController))
 4 SYSTEMPATH\CodeIgniter.php(361): CodeIgniter\CodeIgniter->handleRequest(null, Object(Config\Cache), false)
 5 FCPATH\index.php(79): CodeIgniter\CodeIgniter->run()
WARNING - 2025-01-17 13:27:20 --> [DEPRECATED] Creation of dynamic property App\Controllers\DestinationController::$citiesModel is deprecated in APPPATH\Controllers\DestinationController.php on line 16.
 1 SYSTEMPATH\CodeIgniter.php(913): App\Controllers\DestinationController->__construct()
 2 SYSTEMPATH\CodeIgniter.php(493): CodeIgniter\CodeIgniter->createController()
 3 SYSTEMPATH\CodeIgniter.php(361): CodeIgniter\CodeIgniter->handleRequest(null, Object(Config\Cache), false)
 4 FCPATH\index.php(79): CodeIgniter\CodeIgniter->run()
WARNING - 2025-01-17 13:27:20 --> [DEPRECATED] Creation of dynamic property App\Controllers\DestinationController::$uttarakhandModel is deprecated in APPPATH\Controllers\DestinationController.php on line 17.
 1 SYSTEMPATH\CodeIgniter.php(913): App\Controllers\DestinationController->__construct()
 2 SYSTEMPATH\CodeIgniter.php(493): CodeIgniter\CodeIgniter->createController()
 3 SYSTEMPATH\CodeIgniter.php(361): CodeIgniter\CodeIgniter->handleRequest(null, Object(Config\Cache), false)
 4 FCPATH\index.php(79): CodeIgniter\CodeIgniter->run()
WARNING - 2025-01-17 13:27:20 --> [DEPRECATED] Creation of dynamic property App\Controllers\DestinationController::$imageModel is deprecated in APPPATH\Controllers\DestinationController.php on line 18.
 1 SYSTEMPATH\CodeIgniter.php(913): App\Controllers\DestinationController->__construct()
 2 SYSTEMPATH\CodeIgniter.php(493): CodeIgniter\CodeIgniter->createController()
 3 SYSTEMPATH\CodeIgniter.php(361): CodeIgniter\CodeIgniter->handleRequest(null, Object(Config\Cache), false)
 4 FCPATH\index.php(79): CodeIgniter\CodeIgniter->run()
WARNING - 2025-01-17 13:27:20 --> [DEPRECATED] Creation of dynamic property App\Controllers\DestinationController::$areaModel is deprecated in APPPATH\Controllers\DestinationController.php on line 19.
 1 SYSTEMPATH\CodeIgniter.php(913): App\Controllers\DestinationController->__construct()
 2 SYSTEMPATH\CodeIgniter.php(493): CodeIgniter\CodeIgniter->createController()
 3 SYSTEMPATH\CodeIgniter.php(361): CodeIgniter\CodeIgniter->handleRequest(null, Object(Config\Cache), false)
 4 FCPATH\index.php(79): CodeIgniter\CodeIgniter->run()
WARNING - 2025-01-17 13:27:20 --> [DEPRECATED] Creation of dynamic property App\Controllers\DestinationController::$foodModel is deprecated in APPPATH\Controllers\DestinationController.php on line 20.
 1 SYSTEMPATH\CodeIgniter.php(913): App\Controllers\DestinationController->__construct()
 2 SYSTEMPATH\CodeIgniter.php(493): CodeIgniter\CodeIgniter->createController()
 3 SYSTEMPATH\CodeIgniter.php(361): CodeIgniter\CodeIgniter->handleRequest(null, Object(Config\Cache), false)
 4 FCPATH\index.php(79): CodeIgniter\CodeIgniter->run()
WARNING - 2025-01-17 13:27:20 --> [DEPRECATED] Creation of dynamic property App\Controllers\DestinationController::$blogModel is deprecated in APPPATH\Controllers\DestinationController.php on line 21.
 1 SYSTEMPATH\CodeIgniter.php(913): App\Controllers\DestinationController->__construct()
 2 SYSTEMPATH\CodeIgniter.php(493): CodeIgniter\CodeIgniter->createController()
 3 SYSTEMPATH\CodeIgniter.php(361): CodeIgniter\CodeIgniter->handleRequest(null, Object(Config\Cache), false)
 4 FCPATH\index.php(79): CodeIgniter\CodeIgniter->run()
INFO - 2025-01-17 13:27:20 --> Session: Class initialized using 'CodeIgniter\Session\Handlers\FileHandler' driver.
WARNING - 2025-01-17 13:27:38 --> [DEPRECATED] Creation of dynamic property App\Controllers\DestinationController::$citiesModel is deprecated in APPPATH\Controllers\DestinationController.php on line 16.
 1 SYSTEMPATH\CodeIgniter.php(913): App\Controllers\DestinationController->__construct()
 2 SYSTEMPATH\CodeIgniter.php(493): CodeIgniter\CodeIgniter->createController()
 3 SYSTEMPATH\CodeIgniter.php(361): CodeIgniter\CodeIgniter->handleRequest(null, Object(Config\Cache), false)
 4 FCPATH\index.php(79): CodeIgniter\CodeIgniter->run()
WARNING - 2025-01-17 13:27:38 --> [DEPRECATED] Creation of dynamic property App\Controllers\DestinationController::$uttarakhandModel is deprecated in APPPATH\Controllers\DestinationController.php on line 17.
 1 SYSTEMPATH\CodeIgniter.php(913): App\Controllers\DestinationController->__construct()
 2 SYSTEMPATH\CodeIgniter.php(493): CodeIgniter\CodeIgniter->createController()
 3 SYSTEMPATH\CodeIgniter.php(361): CodeIgniter\CodeIgniter->handleRequest(null, Object(Config\Cache), false)
 4 FCPATH\index.php(79): CodeIgniter\CodeIgniter->run()
WARNING - 2025-01-17 13:27:38 --> [DEPRECATED] Creation of dynamic property App\Controllers\DestinationController::$imageModel is deprecated in APPPATH\Controllers\DestinationController.php on line 18.
 1 SYSTEMPATH\CodeIgniter.php(913): App\Controllers\DestinationController->__construct()
 2 SYSTEMPATH\CodeIgniter.php(493): CodeIgniter\CodeIgniter->createController()
 3 SYSTEMPATH\CodeIgniter.php(361): CodeIgniter\CodeIgniter->handleRequest(null, Object(Config\Cache), false)
 4 FCPATH\index.php(79): CodeIgniter\CodeIgniter->run()
WARNING - 2025-01-17 13:27:38 --> [DEPRECATED] Creation of dynamic property App\Controllers\DestinationController::$areaModel is deprecated in APPPATH\Controllers\DestinationController.php on line 19.
 1 SYSTEMPATH\CodeIgniter.php(913): App\Controllers\DestinationController->__construct()
 2 SYSTEMPATH\CodeIgniter.php(493): CodeIgniter\CodeIgniter->createController()
 3 SYSTEMPATH\CodeIgniter.php(361): CodeIgniter\CodeIgniter->handleRequest(null, Object(Config\Cache), false)
 4 FCPATH\index.php(79): CodeIgniter\CodeIgniter->run()
WARNING - 2025-01-17 13:27:38 --> [DEPRECATED] Creation of dynamic property App\Controllers\DestinationController::$foodModel is deprecated in APPPATH\Controllers\DestinationController.php on line 20.
 1 SYSTEMPATH\CodeIgniter.php(913): App\Controllers\DestinationController->__construct()
 2 SYSTEMPATH\CodeIgniter.php(493): CodeIgniter\CodeIgniter->createController()
 3 SYSTEMPATH\CodeIgniter.php(361): CodeIgniter\CodeIgniter->handleRequest(null, Object(Config\Cache), false)
 4 FCPATH\index.php(79): CodeIgniter\CodeIgniter->run()
WARNING - 2025-01-17 13:27:38 --> [DEPRECATED] Creation of dynamic property App\Controllers\DestinationController::$blogModel is deprecated in APPPATH\Controllers\DestinationController.php on line 21.
 1 SYSTEMPATH\CodeIgniter.php(913): App\Controllers\DestinationController->__construct()
 2 SYSTEMPATH\CodeIgniter.php(493): CodeIgniter\CodeIgniter->createController()
 3 SYSTEMPATH\CodeIgniter.php(361): CodeIgniter\CodeIgniter->handleRequest(null, Object(Config\Cache), false)
 4 FCPATH\index.php(79): CodeIgniter\CodeIgniter->run()
INFO - 2025-01-17 13:27:38 --> Session: Class initialized using 'CodeIgniter\Session\Handlers\FileHandler' driver.
WARNING - 2025-01-17 13:27:45 --> [DEPRECATED] Creation of dynamic property App\Controllers\DestinationController::$citiesModel is deprecated in APPPATH\Controllers\DestinationController.php on line 16.
 1 SYSTEMPATH\CodeIgniter.php(913): App\Controllers\DestinationController->__construct()
 2 SYSTEMPATH\CodeIgniter.php(493): CodeIgniter\CodeIgniter->createController()
 3 SYSTEMPATH\CodeIgniter.php(361): CodeIgniter\CodeIgniter->handleRequest(null, Object(Config\Cache), false)
 4 FCPATH\index.php(79): CodeIgniter\CodeIgniter->run()
WARNING - 2025-01-17 13:27:45 --> [DEPRECATED] Creation of dynamic property App\Controllers\DestinationController::$uttarakhandModel is deprecated in APPPATH\Controllers\DestinationController.php on line 17.
 1 SYSTEMPATH\CodeIgniter.php(913): App\Controllers\DestinationController->__construct()
 2 SYSTEMPATH\CodeIgniter.php(493): CodeIgniter\CodeIgniter->createController()
 3 SYSTEMPATH\CodeIgniter.php(361): CodeIgniter\CodeIgniter->handleRequest(null, Object(Config\Cache), false)
 4 FCPATH\index.php(79): CodeIgniter\CodeIgniter->run()
WARNING - 2025-01-17 13:27:45 --> [DEPRECATED] Creation of dynamic property App\Controllers\DestinationController::$imageModel is deprecated in APPPATH\Controllers\DestinationController.php on line 18.
 1 SYSTEMPATH\CodeIgniter.php(913): App\Controllers\DestinationController->__construct()
 2 SYSTEMPATH\CodeIgniter.php(493): CodeIgniter\CodeIgniter->createController()
 3 SYSTEMPATH\CodeIgniter.php(361): CodeIgniter\CodeIgniter->handleRequest(null, Object(Config\Cache), false)
 4 FCPATH\index.php(79): CodeIgniter\CodeIgniter->run()
WARNING - 2025-01-17 13:27:45 --> [DEPRECATED] Creation of dynamic property App\Controllers\DestinationController::$areaModel is deprecated in APPPATH\Controllers\DestinationController.php on line 19.
 1 SYSTEMPATH\CodeIgniter.php(913): App\Controllers\DestinationController->__construct()
 2 SYSTEMPATH\CodeIgniter.php(493): CodeIgniter\CodeIgniter->createController()
 3 SYSTEMPATH\CodeIgniter.php(361): CodeIgniter\CodeIgniter->handleRequest(null, Object(Config\Cache), false)
 4 FCPATH\index.php(79): CodeIgniter\CodeIgniter->run()
WARNING - 2025-01-17 13:27:45 --> [DEPRECATED] Creation of dynamic property App\Controllers\DestinationController::$foodModel is deprecated in APPPATH\Controllers\DestinationController.php on line 20.
 1 SYSTEMPATH\CodeIgniter.php(913): App\Controllers\DestinationController->__construct()
 2 SYSTEMPATH\CodeIgniter.php(493): CodeIgniter\CodeIgniter->createController()
 3 SYSTEMPATH\CodeIgniter.php(361): CodeIgniter\CodeIgniter->handleRequest(null, Object(Config\Cache), false)
 4 FCPATH\index.php(79): CodeIgniter\CodeIgniter->run()
WARNING - 2025-01-17 13:27:45 --> [DEPRECATED] Creation of dynamic property App\Controllers\DestinationController::$blogModel is deprecated in APPPATH\Controllers\DestinationController.php on line 21.
 1 SYSTEMPATH\CodeIgniter.php(913): App\Controllers\DestinationController->__construct()
 2 SYSTEMPATH\CodeIgniter.php(493): CodeIgniter\CodeIgniter->createController()
 3 SYSTEMPATH\CodeIgniter.php(361): CodeIgniter\CodeIgniter->handleRequest(null, Object(Config\Cache), false)
 4 FCPATH\index.php(79): CodeIgniter\CodeIgniter->run()
INFO - 2025-01-17 13:27:45 --> Session: Class initialized using 'CodeIgniter\Session\Handlers\FileHandler' driver.
WARNING - 2025-01-17 13:27:48 --> [DEPRECATED] Creation of dynamic property App\Controllers\HomeController::$citiesModel is deprecated in APPPATH\Controllers\HomeController.php on line 19.
 1 SYSTEMPATH\CodeIgniter.php(913): App\Controllers\HomeController->__construct()
 2 SYSTEMPATH\CodeIgniter.php(493): CodeIgniter\CodeIgniter->createController()
 3 SYSTEMPATH\CodeIgniter.php(361): CodeIgniter\CodeIgniter->handleRequest(null, Object(Config\Cache), false)
 4 FCPATH\index.php(79): CodeIgniter\CodeIgniter->run()
WARNING - 2025-01-17 13:27:48 --> [DEPRECATED] Creation of dynamic property App\Controllers\HomeController::$uttarakhandModel is deprecated in APPPATH\Controllers\HomeController.php on line 20.
 1 SYSTEMPATH\CodeIgniter.php(913): App\Controllers\HomeController->__construct()
 2 SYSTEMPATH\CodeIgniter.php(493): CodeIgniter\CodeIgniter->createController()
 3 SYSTEMPATH\CodeIgniter.php(361): CodeIgniter\CodeIgniter->handleRequest(null, Object(Config\Cache), false)
 4 FCPATH\index.php(79): CodeIgniter\CodeIgniter->run()
WARNING - 2025-01-17 13:27:48 --> [DEPRECATED] Creation of dynamic property App\Controllers\HomeController::$imageModel is deprecated in APPPATH\Controllers\HomeController.php on line 21.
 1 SYSTEMPATH\CodeIgniter.php(913): App\Controllers\HomeController->__construct()
 2 SYSTEMPATH\CodeIgniter.php(493): CodeIgniter\CodeIgniter->createController()
 3 SYSTEMPATH\CodeIgniter.php(361): CodeIgniter\CodeIgniter->handleRequest(null, Object(Config\Cache), false)
 4 FCPATH\index.php(79): CodeIgniter\CodeIgniter->run()
WARNING - 2025-01-17 13:27:48 --> [DEPRECATED] Creation of dynamic property App\Controllers\HomeController::$areaModel is deprecated in APPPATH\Controllers\HomeController.php on line 22.
 1 SYSTEMPATH\CodeIgniter.php(913): App\Controllers\HomeController->__construct()
 2 SYSTEMPATH\CodeIgniter.php(493): CodeIgniter\CodeIgniter->createController()
 3 SYSTEMPATH\CodeIgniter.php(361): CodeIgniter\CodeIgniter->handleRequest(null, Object(Config\Cache), false)
 4 FCPATH\index.php(79): CodeIgniter\CodeIgniter->run()
WARNING - 2025-01-17 13:27:48 --> [DEPRECATED] Creation of dynamic property App\Controllers\HomeController::$foodModel is deprecated in APPPATH\Controllers\HomeController.php on line 23.
 1 SYSTEMPATH\CodeIgniter.php(913): App\Controllers\HomeController->__construct()
 2 SYSTEMPATH\CodeIgniter.php(493): CodeIgniter\CodeIgniter->createController()
 3 SYSTEMPATH\CodeIgniter.php(361): CodeIgniter\CodeIgniter->handleRequest(null, Object(Config\Cache), false)
 4 FCPATH\index.php(79): CodeIgniter\CodeIgniter->run()
WARNING - 2025-01-17 13:27:48 --> [DEPRECATED] Creation of dynamic property App\Controllers\HomeController::$blogModel is deprecated in APPPATH\Controllers\HomeController.php on line 24.
 1 SYSTEMPATH\CodeIgniter.php(913): App\Controllers\HomeController->__construct()
 2 SYSTEMPATH\CodeIgniter.php(493): CodeIgniter\CodeIgniter->createController()
 3 SYSTEMPATH\CodeIgniter.php(361): CodeIgniter\CodeIgniter->handleRequest(null, Object(Config\Cache), false)
 4 FCPATH\index.php(79): CodeIgniter\CodeIgniter->run()
INFO - 2025-01-17 13:27:48 --> Session: Class initialized using 'CodeIgniter\Session\Handlers\FileHandler' driver.
CRITICAL - 2025-01-17 13:27:48 --> ErrorException: Trying to access array offset on value of type null
in APPPATH\Controllers\HomeController.php on line 61.
 1 APPPATH\Controllers\HomeController.php(61): CodeIgniter\Debug\Exceptions->errorHandler(2, 'Trying to access array offset on value of type null', 'C:\\xampp\\htdocs\\uttrakhand\\app\\Controllers\\HomeController.php', 61)
 2 SYSTEMPATH\CodeIgniter.php(941): App\Controllers\HomeController->Mainpage('Esse architecto mol')
 3 SYSTEMPATH\CodeIgniter.php(502): CodeIgniter\CodeIgniter->runController(Object(App\Controllers\HomeController))
 4 SYSTEMPATH\CodeIgniter.php(361): CodeIgniter\CodeIgniter->handleRequest(null, Object(Config\Cache), false)
 5 FCPATH\index.php(79): CodeIgniter\CodeIgniter->run()
WARNING - 2025-01-17 13:28:08 --> [DEPRECATED] Creation of dynamic property App\Controllers\HomeController::$citiesModel is deprecated in APPPATH\Controllers\HomeController.php on line 19.
 1 SYSTEMPATH\CodeIgniter.php(913): App\Controllers\HomeController->__construct()
 2 SYSTEMPATH\CodeIgniter.php(493): CodeIgniter\CodeIgniter->createController()
 3 SYSTEMPATH\CodeIgniter.php(361): CodeIgniter\CodeIgniter->handleRequest(null, Object(Config\Cache), false)
 4 FCPATH\index.php(79): CodeIgniter\CodeIgniter->run()
WARNING - 2025-01-17 13:28:08 --> [DEPRECATED] Creation of dynamic property App\Controllers\HomeController::$uttarakhandModel is deprecated in APPPATH\Controllers\HomeController.php on line 20.
 1 SYSTEMPATH\CodeIgniter.php(913): App\Controllers\HomeController->__construct()
 2 SYSTEMPATH\CodeIgniter.php(493): CodeIgniter\CodeIgniter->createController()
 3 SYSTEMPATH\CodeIgniter.php(361): CodeIgniter\CodeIgniter->handleRequest(null, Object(Config\Cache), false)
 4 FCPATH\index.php(79): CodeIgniter\CodeIgniter->run()
WARNING - 2025-01-17 13:28:08 --> [DEPRECATED] Creation of dynamic property App\Controllers\HomeController::$imageModel is deprecated in APPPATH\Controllers\HomeController.php on line 21.
 1 SYSTEMPATH\CodeIgniter.php(913): App\Controllers\HomeController->__construct()
 2 SYSTEMPATH\CodeIgniter.php(493): CodeIgniter\CodeIgniter->createController()
 3 SYSTEMPATH\CodeIgniter.php(361): CodeIgniter\CodeIgniter->handleRequest(null, Object(Config\Cache), false)
 4 FCPATH\index.php(79): CodeIgniter\CodeIgniter->run()
WARNING - 2025-01-17 13:28:08 --> [DEPRECATED] Creation of dynamic property App\Controllers\HomeController::$areaModel is deprecated in APPPATH\Controllers\HomeController.php on line 22.
 1 SYSTEMPATH\CodeIgniter.php(913): App\Controllers\HomeController->__construct()
 2 SYSTEMPATH\CodeIgniter.php(493): CodeIgniter\CodeIgniter->createController()
 3 SYSTEMPATH\CodeIgniter.php(361): CodeIgniter\CodeIgniter->handleRequest(null, Object(Config\Cache), false)
 4 FCPATH\index.php(79): CodeIgniter\CodeIgniter->run()
WARNING - 2025-01-17 13:28:08 --> [DEPRECATED] Creation of dynamic property App\Controllers\HomeController::$foodModel is deprecated in APPPATH\Controllers\HomeController.php on line 23.
 1 SYSTEMPATH\CodeIgniter.php(913): App\Controllers\HomeController->__construct()
 2 SYSTEMPATH\CodeIgniter.php(493): CodeIgniter\CodeIgniter->createController()
 3 SYSTEMPATH\CodeIgniter.php(361): CodeIgniter\CodeIgniter->handleRequest(null, Object(Config\Cache), false)
 4 FCPATH\index.php(79): CodeIgniter\CodeIgniter->run()
WARNING - 2025-01-17 13:28:08 --> [DEPRECATED] Creation of dynamic property App\Controllers\HomeController::$blogModel is deprecated in APPPATH\Controllers\HomeController.php on line 24.
 1 SYSTEMPATH\CodeIgniter.php(913): App\Controllers\HomeController->__construct()
 2 SYSTEMPATH\CodeIgniter.php(493): CodeIgniter\CodeIgniter->createController()
 3 SYSTEMPATH\CodeIgniter.php(361): CodeIgniter\CodeIgniter->handleRequest(null, Object(Config\Cache), false)
 4 FCPATH\index.php(79): CodeIgniter\CodeIgniter->run()
INFO - 2025-01-17 13:28:08 --> Session: Class initialized using 'CodeIgniter\Session\Handlers\FileHandler' driver.
WARNING - 2025-01-17 13:28:08 --> [DEPRECATED] Creation of dynamic property App\Controllers\HomeController::$citiesModel is deprecated in APPPATH\Controllers\HomeController.php on line 19.
 1 SYSTEMPATH\CodeIgniter.php(913): App\Controllers\HomeController->__construct()
 2 SYSTEMPATH\CodeIgniter.php(493): CodeIgniter\CodeIgniter->createController()
 3 SYSTEMPATH\CodeIgniter.php(361): CodeIgniter\CodeIgniter->handleRequest(null, Object(Config\Cache), false)
 4 FCPATH\index.php(79): CodeIgniter\CodeIgniter->run()
WARNING - 2025-01-17 13:28:08 --> [DEPRECATED] Creation of dynamic property App\Controllers\HomeController::$uttarakhandModel is deprecated in APPPATH\Controllers\HomeController.php on line 20.
 1 SYSTEMPATH\CodeIgniter.php(913): App\Controllers\HomeController->__construct()
 2 SYSTEMPATH\CodeIgniter.php(493): CodeIgniter\CodeIgniter->createController()
 3 SYSTEMPATH\CodeIgniter.php(361): CodeIgniter\CodeIgniter->handleRequest(null, Object(Config\Cache), false)
 4 FCPATH\index.php(79): CodeIgniter\CodeIgniter->run()
WARNING - 2025-01-17 13:28:08 --> [DEPRECATED] Creation of dynamic property App\Controllers\HomeController::$imageModel is deprecated in APPPATH\Controllers\HomeController.php on line 21.
 1 SYSTEMPATH\CodeIgniter.php(913): App\Controllers\HomeController->__construct()
 2 SYSTEMPATH\CodeIgniter.php(493): CodeIgniter\CodeIgniter->createController()
 3 SYSTEMPATH\CodeIgniter.php(361): CodeIgniter\CodeIgniter->handleRequest(null, Object(Config\Cache), false)
 4 FCPATH\index.php(79): CodeIgniter\CodeIgniter->run()
WARNING - 2025-01-17 13:28:08 --> [DEPRECATED] Creation of dynamic property App\Controllers\HomeController::$areaModel is deprecated in APPPATH\Controllers\HomeController.php on line 22.
 1 SYSTEMPATH\CodeIgniter.php(913): App\Controllers\HomeController->__construct()
 2 SYSTEMPATH\CodeIgniter.php(493): CodeIgniter\CodeIgniter->createController()
 3 SYSTEMPATH\CodeIgniter.php(361): CodeIgniter\CodeIgniter->handleRequest(null, Object(Config\Cache), false)
 4 FCPATH\index.php(79): CodeIgniter\CodeIgniter->run()
WARNING - 2025-01-17 13:28:08 --> [DEPRECATED] Creation of dynamic property App\Controllers\HomeController::$foodModel is deprecated in APPPATH\Controllers\HomeController.php on line 23.
 1 SYSTEMPATH\CodeIgniter.php(913): App\Controllers\HomeController->__construct()
 2 SYSTEMPATH\CodeIgniter.php(493): CodeIgniter\CodeIgniter->createController()
 3 SYSTEMPATH\CodeIgniter.php(361): CodeIgniter\CodeIgniter->handleRequest(null, Object(Config\Cache), false)
 4 FCPATH\index.php(79): CodeIgniter\CodeIgniter->run()
WARNING - 2025-01-17 13:28:08 --> [DEPRECATED] Creation of dynamic property App\Controllers\HomeController::$blogModel is deprecated in APPPATH\Controllers\HomeController.php on line 24.
 1 SYSTEMPATH\CodeIgniter.php(913): App\Controllers\HomeController->__construct()
 2 SYSTEMPATH\CodeIgniter.php(493): CodeIgniter\CodeIgniter->createController()
 3 SYSTEMPATH\CodeIgniter.php(361): CodeIgniter\CodeIgniter->handleRequest(null, Object(Config\Cache), false)
 4 FCPATH\index.php(79): CodeIgniter\CodeIgniter->run()
INFO - 2025-01-17 13:28:08 --> Session: Class initialized using 'CodeIgniter\Session\Handlers\FileHandler' driver.
WARNING - 2025-01-17 13:28:08 --> [DEPRECATED] Creation of dynamic property App\Controllers\HomeController::$citiesModel is deprecated in APPPATH\Controllers\HomeController.php on line 19.
 1 SYSTEMPATH\CodeIgniter.php(913): App\Controllers\HomeController->__construct()
 2 SYSTEMPATH\CodeIgniter.php(493): CodeIgniter\CodeIgniter->createController()
 3 SYSTEMPATH\CodeIgniter.php(361): CodeIgniter\CodeIgniter->handleRequest(null, Object(Config\Cache), false)
 4 FCPATH\index.php(79): CodeIgniter\CodeIgniter->run()
WARNING - 2025-01-17 13:28:08 --> [DEPRECATED] Creation of dynamic property App\Controllers\HomeController::$uttarakhandModel is deprecated in APPPATH\Controllers\HomeController.php on line 20.
 1 SYSTEMPATH\CodeIgniter.php(913): App\Controllers\HomeController->__construct()
 2 SYSTEMPATH\CodeIgniter.php(493): CodeIgniter\CodeIgniter->createController()
 3 SYSTEMPATH\CodeIgniter.php(361): CodeIgniter\CodeIgniter->handleRequest(null, Object(Config\Cache), false)
 4 FCPATH\index.php(79): CodeIgniter\CodeIgniter->run()
WARNING - 2025-01-17 13:28:08 --> [DEPRECATED] Creation of dynamic property App\Controllers\HomeController::$imageModel is deprecated in APPPATH\Controllers\HomeController.php on line 21.
 1 SYSTEMPATH\CodeIgniter.php(913): App\Controllers\HomeController->__construct()
 2 SYSTEMPATH\CodeIgniter.php(493): CodeIgniter\CodeIgniter->createController()
 3 SYSTEMPATH\CodeIgniter.php(361): CodeIgniter\CodeIgniter->handleRequest(null, Object(Config\Cache), false)
 4 FCPATH\index.php(79): CodeIgniter\CodeIgniter->run()
WARNING - 2025-01-17 13:28:08 --> [DEPRECATED] Creation of dynamic property App\Controllers\HomeController::$areaModel is deprecated in APPPATH\Controllers\HomeController.php on line 22.
 1 SYSTEMPATH\CodeIgniter.php(913): App\Controllers\HomeController->__construct()
 2 SYSTEMPATH\CodeIgniter.php(493): CodeIgniter\CodeIgniter->createController()
 3 SYSTEMPATH\CodeIgniter.php(361): CodeIgniter\CodeIgniter->handleRequest(null, Object(Config\Cache), false)
 4 FCPATH\index.php(79): CodeIgniter\CodeIgniter->run()
WARNING - 2025-01-17 13:28:08 --> [DEPRECATED] Creation of dynamic property App\Controllers\HomeController::$foodModel is deprecated in APPPATH\Controllers\HomeController.php on line 23.
 1 SYSTEMPATH\CodeIgniter.php(913): App\Controllers\HomeController->__construct()
 2 SYSTEMPATH\CodeIgniter.php(493): CodeIgniter\CodeIgniter->createController()
 3 SYSTEMPATH\CodeIgniter.php(361): CodeIgniter\CodeIgniter->handleRequest(null, Object(Config\Cache), false)
 4 FCPATH\index.php(79): CodeIgniter\CodeIgniter->run()
WARNING - 2025-01-17 13:28:08 --> [DEPRECATED] Creation of dynamic property App\Controllers\HomeController::$blogModel is deprecated in APPPATH\Controllers\HomeController.php on line 24.
 1 SYSTEMPATH\CodeIgniter.php(913): App\Controllers\HomeController->__construct()
 2 SYSTEMPATH\CodeIgniter.php(493): CodeIgniter\CodeIgniter->createController()
 3 SYSTEMPATH\CodeIgniter.php(361): CodeIgniter\CodeIgniter->handleRequest(null, Object(Config\Cache), false)
 4 FCPATH\index.php(79): CodeIgniter\CodeIgniter->run()
INFO - 2025-01-17 13:28:08 --> Session: Class initialized using 'CodeIgniter\Session\Handlers\FileHandler' driver.
WARNING - 2025-01-17 13:28:08 --> [DEPRECATED] Creation of dynamic property App\Controllers\HomeController::$citiesModel is deprecated in APPPATH\Controllers\HomeController.php on line 19.
 1 SYSTEMPATH\CodeIgniter.php(913): App\Controllers\HomeController->__construct()
 2 SYSTEMPATH\CodeIgniter.php(493): CodeIgniter\CodeIgniter->createController()
 3 SYSTEMPATH\CodeIgniter.php(361): CodeIgniter\CodeIgniter->handleRequest(null, Object(Config\Cache), false)
 4 FCPATH\index.php(79): CodeIgniter\CodeIgniter->run()
WARNING - 2025-01-17 13:28:08 --> [DEPRECATED] Creation of dynamic property App\Controllers\HomeController::$uttarakhandModel is deprecated in APPPATH\Controllers\HomeController.php on line 20.
 1 SYSTEMPATH\CodeIgniter.php(913): App\Controllers\HomeController->__construct()
 2 SYSTEMPATH\CodeIgniter.php(493): CodeIgniter\CodeIgniter->createController()
 3 SYSTEMPATH\CodeIgniter.php(361): CodeIgniter\CodeIgniter->handleRequest(null, Object(Config\Cache), false)
 4 FCPATH\index.php(79): CodeIgniter\CodeIgniter->run()
WARNING - 2025-01-17 13:28:08 --> [DEPRECATED] Creation of dynamic property App\Controllers\HomeController::$imageModel is deprecated in APPPATH\Controllers\HomeController.php on line 21.
 1 SYSTEMPATH\CodeIgniter.php(913): App\Controllers\HomeController->__construct()
 2 SYSTEMPATH\CodeIgniter.php(493): CodeIgniter\CodeIgniter->createController()
 3 SYSTEMPATH\CodeIgniter.php(361): CodeIgniter\CodeIgniter->handleRequest(null, Object(Config\Cache), false)
 4 FCPATH\index.php(79): CodeIgniter\CodeIgniter->run()
WARNING - 2025-01-17 13:28:08 --> [DEPRECATED] Creation of dynamic property App\Controllers\HomeController::$areaModel is deprecated in APPPATH\Controllers\HomeController.php on line 22.
 1 SYSTEMPATH\CodeIgniter.php(913): App\Controllers\HomeController->__construct()
 2 SYSTEMPATH\CodeIgniter.php(493): CodeIgniter\CodeIgniter->createController()
 3 SYSTEMPATH\CodeIgniter.php(361): CodeIgniter\CodeIgniter->handleRequest(null, Object(Config\Cache), false)
 4 FCPATH\index.php(79): CodeIgniter\CodeIgniter->run()
WARNING - 2025-01-17 13:28:08 --> [DEPRECATED] Creation of dynamic property App\Controllers\HomeController::$foodModel is deprecated in APPPATH\Controllers\HomeController.php on line 23.
 1 SYSTEMPATH\CodeIgniter.php(913): App\Controllers\HomeController->__construct()
 2 SYSTEMPATH\CodeIgniter.php(493): CodeIgniter\CodeIgniter->createController()
 3 SYSTEMPATH\CodeIgniter.php(361): CodeIgniter\CodeIgniter->handleRequest(null, Object(Config\Cache), false)
 4 FCPATH\index.php(79): CodeIgniter\CodeIgniter->run()
WARNING - 2025-01-17 13:28:08 --> [DEPRECATED] Creation of dynamic property App\Controllers\HomeController::$blogModel is deprecated in APPPATH\Controllers\HomeController.php on line 24.
 1 SYSTEMPATH\CodeIgniter.php(913): App\Controllers\HomeController->__construct()
 2 SYSTEMPATH\CodeIgniter.php(493): CodeIgniter\CodeIgniter->createController()
 3 SYSTEMPATH\CodeIgniter.php(361): CodeIgniter\CodeIgniter->handleRequest(null, Object(Config\Cache), false)
 4 FCPATH\index.php(79): CodeIgniter\CodeIgniter->run()
INFO - 2025-01-17 13:28:08 --> Session: Class initialized using 'CodeIgniter\Session\Handlers\FileHandler' driver.
WARNING - 2025-01-17 13:28:08 --> [DEPRECATED] Creation of dynamic property App\Controllers\HomeController::$citiesModel is deprecated in APPPATH\Controllers\HomeController.php on line 19.
 1 SYSTEMPATH\CodeIgniter.php(913): App\Controllers\HomeController->__construct()
 2 SYSTEMPATH\CodeIgniter.php(493): CodeIgniter\CodeIgniter->createController()
 3 SYSTEMPATH\CodeIgniter.php(361): CodeIgniter\CodeIgniter->handleRequest(null, Object(Config\Cache), false)
 4 FCPATH\index.php(79): CodeIgniter\CodeIgniter->run()
WARNING - 2025-01-17 13:28:08 --> [DEPRECATED] Creation of dynamic property App\Controllers\HomeController::$uttarakhandModel is deprecated in APPPATH\Controllers\HomeController.php on line 20.
 1 SYSTEMPATH\CodeIgniter.php(913): App\Controllers\HomeController->__construct()
 2 SYSTEMPATH\CodeIgniter.php(493): CodeIgniter\CodeIgniter->createController()
 3 SYSTEMPATH\CodeIgniter.php(361): CodeIgniter\CodeIgniter->handleRequest(null, Object(Config\Cache), false)
 4 FCPATH\index.php(79): CodeIgniter\CodeIgniter->run()
WARNING - 2025-01-17 13:28:08 --> [DEPRECATED] Creation of dynamic property App\Controllers\HomeController::$imageModel is deprecated in APPPATH\Controllers\HomeController.php on line 21.
 1 SYSTEMPATH\CodeIgniter.php(913): App\Controllers\HomeController->__construct()
 2 SYSTEMPATH\CodeIgniter.php(493): CodeIgniter\CodeIgniter->createController()
 3 SYSTEMPATH\CodeIgniter.php(361): CodeIgniter\CodeIgniter->handleRequest(null, Object(Config\Cache), false)
 4 FCPATH\index.php(79): CodeIgniter\CodeIgniter->run()
WARNING - 2025-01-17 13:28:08 --> [DEPRECATED] Creation of dynamic property App\Controllers\HomeController::$areaModel is deprecated in APPPATH\Controllers\HomeController.php on line 22.
 1 SYSTEMPATH\CodeIgniter.php(913): App\Controllers\HomeController->__construct()
 2 SYSTEMPATH\CodeIgniter.php(493): CodeIgniter\CodeIgniter->createController()
 3 SYSTEMPATH\CodeIgniter.php(361): CodeIgniter\CodeIgniter->handleRequest(null, Object(Config\Cache), false)
 4 FCPATH\index.php(79): CodeIgniter\CodeIgniter->run()
WARNING - 2025-01-17 13:28:08 --> [DEPRECATED] Creation of dynamic property App\Controllers\HomeController::$foodModel is deprecated in APPPATH\Controllers\HomeController.php on line 23.
 1 SYSTEMPATH\CodeIgniter.php(913): App\Controllers\HomeController->__construct()
 2 SYSTEMPATH\CodeIgniter.php(493): CodeIgniter\CodeIgniter->createController()
 3 SYSTEMPATH\CodeIgniter.php(361): CodeIgniter\CodeIgniter->handleRequest(null, Object(Config\Cache), false)
 4 FCPATH\index.php(79): CodeIgniter\CodeIgniter->run()
WARNING - 2025-01-17 13:28:08 --> [DEPRECATED] Creation of dynamic property App\Controllers\HomeController::$blogModel is deprecated in APPPATH\Controllers\HomeController.php on line 24.
 1 SYSTEMPATH\CodeIgniter.php(913): App\Controllers\HomeController->__construct()
 2 SYSTEMPATH\CodeIgniter.php(493): CodeIgniter\CodeIgniter->createController()
 3 SYSTEMPATH\CodeIgniter.php(361): CodeIgniter\CodeIgniter->handleRequest(null, Object(Config\Cache), false)
 4 FCPATH\index.php(79): CodeIgniter\CodeIgniter->run()
WARNING - 2025-01-17 13:28:08 --> [DEPRECATED] Creation of dynamic property App\Controllers\HomeController::$citiesModel is deprecated in APPPATH\Controllers\HomeController.php on line 19.
 1 SYSTEMPATH\CodeIgniter.php(913): App\Controllers\HomeController->__construct()
 2 SYSTEMPATH\CodeIgniter.php(493): CodeIgniter\CodeIgniter->createController()
 3 SYSTEMPATH\CodeIgniter.php(361): CodeIgniter\CodeIgniter->handleRequest(null, Object(Config\Cache), false)
 4 FCPATH\index.php(79): CodeIgniter\CodeIgniter->run()
WARNING - 2025-01-17 13:28:08 --> [DEPRECATED] Creation of dynamic property App\Controllers\HomeController::$uttarakhandModel is deprecated in APPPATH\Controllers\HomeController.php on line 20.
 1 SYSTEMPATH\CodeIgniter.php(913): App\Controllers\HomeController->__construct()
 2 SYSTEMPATH\CodeIgniter.php(493): CodeIgniter\CodeIgniter->createController()
 3 SYSTEMPATH\CodeIgniter.php(361): CodeIgniter\CodeIgniter->handleRequest(null, Object(Config\Cache), false)
 4 FCPATH\index.php(79): CodeIgniter\CodeIgniter->run()
WARNING - 2025-01-17 13:28:08 --> [DEPRECATED] Creation of dynamic property App\Controllers\HomeController::$imageModel is deprecated in APPPATH\Controllers\HomeController.php on line 21.
 1 SYSTEMPATH\CodeIgniter.php(913): App\Controllers\HomeController->__construct()
 2 SYSTEMPATH\CodeIgniter.php(493): CodeIgniter\CodeIgniter->createController()
 3 SYSTEMPATH\CodeIgniter.php(361): CodeIgniter\CodeIgniter->handleRequest(null, Object(Config\Cache), false)
 4 FCPATH\index.php(79): CodeIgniter\CodeIgniter->run()
WARNING - 2025-01-17 13:28:08 --> [DEPRECATED] Creation of dynamic property App\Controllers\HomeController::$areaModel is deprecated in APPPATH\Controllers\HomeController.php on line 22.
 1 SYSTEMPATH\CodeIgniter.php(913): App\Controllers\HomeController->__construct()
 2 SYSTEMPATH\CodeIgniter.php(493): CodeIgniter\CodeIgniter->createController()
 3 SYSTEMPATH\CodeIgniter.php(361): CodeIgniter\CodeIgniter->handleRequest(null, Object(Config\Cache), false)
 4 FCPATH\index.php(79): CodeIgniter\CodeIgniter->run()
WARNING - 2025-01-17 13:28:08 --> [DEPRECATED] Creation of dynamic property App\Controllers\HomeController::$foodModel is deprecated in APPPATH\Controllers\HomeController.php on line 23.
 1 SYSTEMPATH\CodeIgniter.php(913): App\Controllers\HomeController->__construct()
 2 SYSTEMPATH\CodeIgniter.php(493): CodeIgniter\CodeIgniter->createController()
 3 SYSTEMPATH\CodeIgniter.php(361): CodeIgniter\CodeIgniter->handleRequest(null, Object(Config\Cache), false)
 4 FCPATH\index.php(79): CodeIgniter\CodeIgniter->run()
INFO - 2025-01-17 13:28:08 --> Session: Class initialized using 'CodeIgniter\Session\Handlers\FileHandler' driver.
WARNING - 2025-01-17 13:28:08 --> [DEPRECATED] Creation of dynamic property App\Controllers\HomeController::$blogModel is deprecated in APPPATH\Controllers\HomeController.php on line 24.
 1 SYSTEMPATH\CodeIgniter.php(913): App\Controllers\HomeController->__construct()
 2 SYSTEMPATH\CodeIgniter.php(493): CodeIgniter\CodeIgniter->createController()
 3 SYSTEMPATH\CodeIgniter.php(361): CodeIgniter\CodeIgniter->handleRequest(null, Object(Config\Cache), false)
 4 FCPATH\index.php(79): CodeIgniter\CodeIgniter->run()
INFO - 2025-01-17 13:28:08 --> Session: Class initialized using 'CodeIgniter\Session\Handlers\FileHandler' driver.
WARNING - 2025-01-17 13:28:08 --> [DEPRECATED] Creation of dynamic property App\Controllers\HomeController::$citiesModel is deprecated in APPPATH\Controllers\HomeController.php on line 19.
 1 SYSTEMPATH\CodeIgniter.php(913): App\Controllers\HomeController->__construct()
 2 SYSTEMPATH\CodeIgniter.php(493): CodeIgniter\CodeIgniter->createController()
 3 SYSTEMPATH\CodeIgniter.php(361): CodeIgniter\CodeIgniter->handleRequest(null, Object(Config\Cache), false)
 4 FCPATH\index.php(79): CodeIgniter\CodeIgniter->run()
WARNING - 2025-01-17 13:28:08 --> [DEPRECATED] Creation of dynamic property App\Controllers\HomeController::$uttarakhandModel is deprecated in APPPATH\Controllers\HomeController.php on line 20.
 1 SYSTEMPATH\CodeIgniter.php(913): App\Controllers\HomeController->__construct()
 2 SYSTEMPATH\CodeIgniter.php(493): CodeIgniter\CodeIgniter->createController()
 3 SYSTEMPATH\CodeIgniter.php(361): CodeIgniter\CodeIgniter->handleRequest(null, Object(Config\Cache), false)
 4 FCPATH\index.php(79): CodeIgniter\CodeIgniter->run()
WARNING - 2025-01-17 13:28:08 --> [DEPRECATED] Creation of dynamic property App\Controllers\HomeController::$imageModel is deprecated in APPPATH\Controllers\HomeController.php on line 21.
 1 SYSTEMPATH\CodeIgniter.php(913): App\Controllers\HomeController->__construct()
 2 SYSTEMPATH\CodeIgniter.php(493): CodeIgniter\CodeIgniter->createController()
 3 SYSTEMPATH\CodeIgniter.php(361): CodeIgniter\CodeIgniter->handleRequest(null, Object(Config\Cache), false)
 4 FCPATH\index.php(79): CodeIgniter\CodeIgniter->run()
WARNING - 2025-01-17 13:28:08 --> [DEPRECATED] Creation of dynamic property App\Controllers\HomeController::$areaModel is deprecated in APPPATH\Controllers\HomeController.php on line 22.
 1 SYSTEMPATH\CodeIgniter.php(913): App\Controllers\HomeController->__construct()
 2 SYSTEMPATH\CodeIgniter.php(493): CodeIgniter\CodeIgniter->createController()
 3 SYSTEMPATH\CodeIgniter.php(361): CodeIgniter\CodeIgniter->handleRequest(null, Object(Config\Cache), false)
 4 FCPATH\index.php(79): CodeIgniter\CodeIgniter->run()
WARNING - 2025-01-17 13:28:08 --> [DEPRECATED] Creation of dynamic property App\Controllers\HomeController::$foodModel is deprecated in APPPATH\Controllers\HomeController.php on line 23.
 1 SYSTEMPATH\CodeIgniter.php(913): App\Controllers\HomeController->__construct()
 2 SYSTEMPATH\CodeIgniter.php(493): CodeIgniter\CodeIgniter->createController()
 3 SYSTEMPATH\CodeIgniter.php(361): CodeIgniter\CodeIgniter->handleRequest(null, Object(Config\Cache), false)
 4 FCPATH\index.php(79): CodeIgniter\CodeIgniter->run()
WARNING - 2025-01-17 13:28:08 --> [DEPRECATED] Creation of dynamic property App\Controllers\HomeController::$blogModel is deprecated in APPPATH\Controllers\HomeController.php on line 24.
 1 SYSTEMPATH\CodeIgniter.php(913): App\Controllers\HomeController->__construct()
 2 SYSTEMPATH\CodeIgniter.php(493): CodeIgniter\CodeIgniter->createController()
 3 SYSTEMPATH\CodeIgniter.php(361): CodeIgniter\CodeIgniter->handleRequest(null, Object(Config\Cache), false)
 4 FCPATH\index.php(79): CodeIgniter\CodeIgniter->run()
INFO - 2025-01-17 13:28:08 --> Session: Class initialized using 'CodeIgniter\Session\Handlers\FileHandler' driver.
WARNING - 2025-01-17 13:28:09 --> [DEPRECATED] Creation of dynamic property App\Controllers\HomeController::$citiesModel is deprecated in APPPATH\Controllers\HomeController.php on line 19.
 1 SYSTEMPATH\CodeIgniter.php(913): App\Controllers\HomeController->__construct()
 2 SYSTEMPATH\CodeIgniter.php(493): CodeIgniter\CodeIgniter->createController()
 3 SYSTEMPATH\CodeIgniter.php(361): CodeIgniter\CodeIgniter->handleRequest(null, Object(Config\Cache), false)
 4 FCPATH\index.php(79): CodeIgniter\CodeIgniter->run()
WARNING - 2025-01-17 13:28:09 --> [DEPRECATED] Creation of dynamic property App\Controllers\HomeController::$uttarakhandModel is deprecated in APPPATH\Controllers\HomeController.php on line 20.
 1 SYSTEMPATH\CodeIgniter.php(913): App\Controllers\HomeController->__construct()
 2 SYSTEMPATH\CodeIgniter.php(493): CodeIgniter\CodeIgniter->createController()
 3 SYSTEMPATH\CodeIgniter.php(361): CodeIgniter\CodeIgniter->handleRequest(null, Object(Config\Cache), false)
 4 FCPATH\index.php(79): CodeIgniter\CodeIgniter->run()
WARNING - 2025-01-17 13:28:09 --> [DEPRECATED] Creation of dynamic property App\Controllers\HomeController::$imageModel is deprecated in APPPATH\Controllers\HomeController.php on line 21.
 1 SYSTEMPATH\CodeIgniter.php(913): App\Controllers\HomeController->__construct()
 2 SYSTEMPATH\CodeIgniter.php(493): CodeIgniter\CodeIgniter->createController()
 3 SYSTEMPATH\CodeIgniter.php(361): CodeIgniter\CodeIgniter->handleRequest(null, Object(Config\Cache), false)
 4 FCPATH\index.php(79): CodeIgniter\CodeIgniter->run()
WARNING - 2025-01-17 13:28:09 --> [DEPRECATED] Creation of dynamic property App\Controllers\HomeController::$areaModel is deprecated in APPPATH\Controllers\HomeController.php on line 22.
 1 SYSTEMPATH\CodeIgniter.php(913): App\Controllers\HomeController->__construct()
 2 SYSTEMPATH\CodeIgniter.php(493): CodeIgniter\CodeIgniter->createController()
 3 SYSTEMPATH\CodeIgniter.php(361): CodeIgniter\CodeIgniter->handleRequest(null, Object(Config\Cache), false)
 4 FCPATH\index.php(79): CodeIgniter\CodeIgniter->run()
WARNING - 2025-01-17 13:28:09 --> [DEPRECATED] Creation of dynamic property App\Controllers\HomeController::$foodModel is deprecated in APPPATH\Controllers\HomeController.php on line 23.
 1 SYSTEMPATH\CodeIgniter.php(913): App\Controllers\HomeController->__construct()
 2 SYSTEMPATH\CodeIgniter.php(493): CodeIgniter\CodeIgniter->createController()
 3 SYSTEMPATH\CodeIgniter.php(361): CodeIgniter\CodeIgniter->handleRequest(null, Object(Config\Cache), false)
 4 FCPATH\index.php(79): CodeIgniter\CodeIgniter->run()
WARNING - 2025-01-17 13:28:09 --> [DEPRECATED] Creation of dynamic property App\Controllers\HomeController::$blogModel is deprecated in APPPATH\Controllers\HomeController.php on line 24.
 1 SYSTEMPATH\CodeIgniter.php(913): App\Controllers\HomeController->__construct()
 2 SYSTEMPATH\CodeIgniter.php(493): CodeIgniter\CodeIgniter->createController()
 3 SYSTEMPATH\CodeIgniter.php(361): CodeIgniter\CodeIgniter->handleRequest(null, Object(Config\Cache), false)
 4 FCPATH\index.php(79): CodeIgniter\CodeIgniter->run()
INFO - 2025-01-17 13:28:09 --> Session: Class initialized using 'CodeIgniter\Session\Handlers\FileHandler' driver.
WARNING - 2025-01-17 13:28:10 --> [DEPRECATED] Creation of dynamic property App\Controllers\HomeController::$citiesModel is deprecated in APPPATH\Controllers\HomeController.php on line 19.
 1 SYSTEMPATH\CodeIgniter.php(913): App\Controllers\HomeController->__construct()
 2 SYSTEMPATH\CodeIgniter.php(493): CodeIgniter\CodeIgniter->createController()
 3 SYSTEMPATH\CodeIgniter.php(361): CodeIgniter\CodeIgniter->handleRequest(null, Object(Config\Cache), false)
 4 FCPATH\index.php(79): CodeIgniter\CodeIgniter->run()
WARNING - 2025-01-17 13:28:10 --> [DEPRECATED] Creation of dynamic property App\Controllers\HomeController::$uttarakhandModel is deprecated in APPPATH\Controllers\HomeController.php on line 20.
 1 SYSTEMPATH\CodeIgniter.php(913): App\Controllers\HomeController->__construct()
 2 SYSTEMPATH\CodeIgniter.php(493): CodeIgniter\CodeIgniter->createController()
 3 SYSTEMPATH\CodeIgniter.php(361): CodeIgniter\CodeIgniter->handleRequest(null, Object(Config\Cache), false)
 4 FCPATH\index.php(79): CodeIgniter\CodeIgniter->run()
WARNING - 2025-01-17 13:28:10 --> [DEPRECATED] Creation of dynamic property App\Controllers\HomeController::$imageModel is deprecated in APPPATH\Controllers\HomeController.php on line 21.
 1 SYSTEMPATH\CodeIgniter.php(913): App\Controllers\HomeController->__construct()
 2 SYSTEMPATH\CodeIgniter.php(493): CodeIgniter\CodeIgniter->createController()
 3 SYSTEMPATH\CodeIgniter.php(361): CodeIgniter\CodeIgniter->handleRequest(null, Object(Config\Cache), false)
 4 FCPATH\index.php(79): CodeIgniter\CodeIgniter->run()
WARNING - 2025-01-17 13:28:10 --> [DEPRECATED] Creation of dynamic property App\Controllers\HomeController::$areaModel is deprecated in APPPATH\Controllers\HomeController.php on line 22.
 1 SYSTEMPATH\CodeIgniter.php(913): App\Controllers\HomeController->__construct()
 2 SYSTEMPATH\CodeIgniter.php(493): CodeIgniter\CodeIgniter->createController()
 3 SYSTEMPATH\CodeIgniter.php(361): CodeIgniter\CodeIgniter->handleRequest(null, Object(Config\Cache), false)
 4 FCPATH\index.php(79): CodeIgniter\CodeIgniter->run()
WARNING - 2025-01-17 13:28:10 --> [DEPRECATED] Creation of dynamic property App\Controllers\HomeController::$foodModel is deprecated in APPPATH\Controllers\HomeController.php on line 23.
 1 SYSTEMPATH\CodeIgniter.php(913): App\Controllers\HomeController->__construct()
 2 SYSTEMPATH\CodeIgniter.php(493): CodeIgniter\CodeIgniter->createController()
 3 SYSTEMPATH\CodeIgniter.php(361): CodeIgniter\CodeIgniter->handleRequest(null, Object(Config\Cache), false)
 4 FCPATH\index.php(79): CodeIgniter\CodeIgniter->run()
WARNING - 2025-01-17 13:28:10 --> [DEPRECATED] Creation of dynamic property App\Controllers\HomeController::$blogModel is deprecated in APPPATH\Controllers\HomeController.php on line 24.
 1 SYSTEMPATH\CodeIgniter.php(913): App\Controllers\HomeController->__construct()
 2 SYSTEMPATH\CodeIgniter.php(493): CodeIgniter\CodeIgniter->createController()
 3 SYSTEMPATH\CodeIgniter.php(361): CodeIgniter\CodeIgniter->handleRequest(null, Object(Config\Cache), false)
 4 FCPATH\index.php(79): CodeIgniter\CodeIgniter->run()
INFO - 2025-01-17 13:28:10 --> Session: Class initialized using 'CodeIgniter\Session\Handlers\FileHandler' driver.
WARNING - 2025-01-17 13:28:59 --> [DEPRECATED] Creation of dynamic property App\Controllers\PlacesController::$citiesModel is deprecated in APPPATH\Controllers\PlacesController.php on line 19.
 1 SYSTEMPATH\CodeIgniter.php(913): App\Controllers\PlacesController->__construct()
 2 SYSTEMPATH\CodeIgniter.php(493): CodeIgniter\CodeIgniter->createController()
 3 SYSTEMPATH\CodeIgniter.php(361): CodeIgniter\CodeIgniter->handleRequest(null, Object(Config\Cache), false)
 4 FCPATH\index.php(79): CodeIgniter\CodeIgniter->run()
WARNING - 2025-01-17 13:28:59 --> [DEPRECATED] Creation of dynamic property App\Controllers\PlacesController::$uttarakhandModel is deprecated in APPPATH\Controllers\PlacesController.php on line 20.
 1 SYSTEMPATH\CodeIgniter.php(913): App\Controllers\PlacesController->__construct()
 2 SYSTEMPATH\CodeIgniter.php(493): CodeIgniter\CodeIgniter->createController()
 3 SYSTEMPATH\CodeIgniter.php(361): CodeIgniter\CodeIgniter->handleRequest(null, Object(Config\Cache), false)
 4 FCPATH\index.php(79): CodeIgniter\CodeIgniter->run()
WARNING - 2025-01-17 13:28:59 --> [DEPRECATED] Creation of dynamic property App\Controllers\PlacesController::$imageModel is deprecated in APPPATH\Controllers\PlacesController.php on line 21.
 1 SYSTEMPATH\CodeIgniter.php(913): App\Controllers\PlacesController->__construct()
 2 SYSTEMPATH\CodeIgniter.php(493): CodeIgniter\CodeIgniter->createController()
 3 SYSTEMPATH\CodeIgniter.php(361): CodeIgniter\CodeIgniter->handleRequest(null, Object(Config\Cache), false)
 4 FCPATH\index.php(79): CodeIgniter\CodeIgniter->run()
WARNING - 2025-01-17 13:28:59 --> [DEPRECATED] Creation of dynamic property App\Controllers\PlacesController::$areaModel is deprecated in APPPATH\Controllers\PlacesController.php on line 22.
 1 SYSTEMPATH\CodeIgniter.php(913): App\Controllers\PlacesController->__construct()
 2 SYSTEMPATH\CodeIgniter.php(493): CodeIgniter\CodeIgniter->createController()
 3 SYSTEMPATH\CodeIgniter.php(361): CodeIgniter\CodeIgniter->handleRequest(null, Object(Config\Cache), false)
 4 FCPATH\index.php(79): CodeIgniter\CodeIgniter->run()
WARNING - 2025-01-17 13:28:59 --> [DEPRECATED] Creation of dynamic property App\Controllers\PlacesController::$foodModel is deprecated in APPPATH\Controllers\PlacesController.php on line 23.
 1 SYSTEMPATH\CodeIgniter.php(913): App\Controllers\PlacesController->__construct()
 2 SYSTEMPATH\CodeIgniter.php(493): CodeIgniter\CodeIgniter->createController()
 3 SYSTEMPATH\CodeIgniter.php(361): CodeIgniter\CodeIgniter->handleRequest(null, Object(Config\Cache), false)
 4 FCPATH\index.php(79): CodeIgniter\CodeIgniter->run()
WARNING - 2025-01-17 13:28:59 --> [DEPRECATED] Creation of dynamic property App\Controllers\PlacesController::$blogModel is deprecated in APPPATH\Controllers\PlacesController.php on line 24.
 1 SYSTEMPATH\CodeIgniter.php(913): App\Controllers\PlacesController->__construct()
 2 SYSTEMPATH\CodeIgniter.php(493): CodeIgniter\CodeIgniter->createController()
 3 SYSTEMPATH\CodeIgniter.php(361): CodeIgniter\CodeIgniter->handleRequest(null, Object(Config\Cache), false)
 4 FCPATH\index.php(79): CodeIgniter\CodeIgniter->run()
INFO - 2025-01-17 13:28:59 --> Session: Class initialized using 'CodeIgniter\Session\Handlers\FileHandler' driver.
WARNING - 2025-01-17 13:29:00 --> [DEPRECATED] Creation of dynamic property App\Controllers\HomeController::$citiesModel is deprecated in APPPATH\Controllers\HomeController.php on line 19.
 1 SYSTEMPATH\CodeIgniter.php(913): App\Controllers\HomeController->__construct()
 2 SYSTEMPATH\CodeIgniter.php(493): CodeIgniter\CodeIgniter->createController()
 3 SYSTEMPATH\CodeIgniter.php(361): CodeIgniter\CodeIgniter->handleRequest(null, Object(Config\Cache), false)
 4 FCPATH\index.php(79): CodeIgniter\CodeIgniter->run()
WARNING - 2025-01-17 13:29:00 --> [DEPRECATED] Creation of dynamic property App\Controllers\HomeController::$uttarakhandModel is deprecated in APPPATH\Controllers\HomeController.php on line 20.
 1 SYSTEMPATH\CodeIgniter.php(913): App\Controllers\HomeController->__construct()
 2 SYSTEMPATH\CodeIgniter.php(493): CodeIgniter\CodeIgniter->createController()
 3 SYSTEMPATH\CodeIgniter.php(361): CodeIgniter\CodeIgniter->handleRequest(null, Object(Config\Cache), false)
 4 FCPATH\index.php(79): CodeIgniter\CodeIgniter->run()
WARNING - 2025-01-17 13:29:00 --> [DEPRECATED] Creation of dynamic property App\Controllers\HomeController::$imageModel is deprecated in APPPATH\Controllers\HomeController.php on line 21.
 1 SYSTEMPATH\CodeIgniter.php(913): App\Controllers\HomeController->__construct()
 2 SYSTEMPATH\CodeIgniter.php(493): CodeIgniter\CodeIgniter->createController()
 3 SYSTEMPATH\CodeIgniter.php(361): CodeIgniter\CodeIgniter->handleRequest(null, Object(Config\Cache), false)
 4 FCPATH\index.php(79): CodeIgniter\CodeIgniter->run()
WARNING - 2025-01-17 13:29:00 --> [DEPRECATED] Creation of dynamic property App\Controllers\HomeController::$areaModel is deprecated in APPPATH\Controllers\HomeController.php on line 22.
 1 SYSTEMPATH\CodeIgniter.php(913): App\Controllers\HomeController->__construct()
 2 SYSTEMPATH\CodeIgniter.php(493): CodeIgniter\CodeIgniter->createController()
 3 SYSTEMPATH\CodeIgniter.php(361): CodeIgniter\CodeIgniter->handleRequest(null, Object(Config\Cache), false)
 4 FCPATH\index.php(79): CodeIgniter\CodeIgniter->run()
WARNING - 2025-01-17 13:29:00 --> [DEPRECATED] Creation of dynamic property App\Controllers\HomeController::$foodModel is deprecated in APPPATH\Controllers\HomeController.php on line 23.
 1 SYSTEMPATH\CodeIgniter.php(913): App\Controllers\HomeController->__construct()
 2 SYSTEMPATH\CodeIgniter.php(493): CodeIgniter\CodeIgniter->createController()
 3 SYSTEMPATH\CodeIgniter.php(361): CodeIgniter\CodeIgniter->handleRequest(null, Object(Config\Cache), false)
 4 FCPATH\index.php(79): CodeIgniter\CodeIgniter->run()
WARNING - 2025-01-17 13:29:00 --> [DEPRECATED] Creation of dynamic property App\Controllers\HomeController::$blogModel is deprecated in APPPATH\Controllers\HomeController.php on line 24.
 1 SYSTEMPATH\CodeIgniter.php(913): App\Controllers\HomeController->__construct()
 2 SYSTEMPATH\CodeIgniter.php(493): CodeIgniter\CodeIgniter->createController()
 3 SYSTEMPATH\CodeIgniter.php(361): CodeIgniter\CodeIgniter->handleRequest(null, Object(Config\Cache), false)
 4 FCPATH\index.php(79): CodeIgniter\CodeIgniter->run()
INFO - 2025-01-17 13:29:00 --> Session: Class initialized using 'CodeIgniter\Session\Handlers\FileHandler' driver.
CRITICAL - 2025-01-17 13:29:00 --> ErrorException: Trying to access array offset on value of type null
in APPPATH\Controllers\HomeController.php on line 80.
 1 APPPATH\Controllers\HomeController.php(80): CodeIgniter\Debug\Exceptions->errorHandler(2, 'Trying to access array offset on value of type null', 'C:\\xampp\\htdocs\\uttrakhand\\app\\Controllers\\HomeController.php', 80)
 2 SYSTEMPATH\CodeIgniter.php(941): App\Controllers\HomeController->page('uploads', 'no_image.jpg')
 3 SYSTEMPATH\CodeIgniter.php(502): CodeIgniter\CodeIgniter->runController(Object(App\Controllers\HomeController))
 4 SYSTEMPATH\CodeIgniter.php(361): CodeIgniter\CodeIgniter->handleRequest(null, Object(Config\Cache), false)
 5 FCPATH\index.php(79): CodeIgniter\CodeIgniter->run()
WARNING - 2025-01-17 13:29:00 --> [DEPRECATED] Creation of dynamic property App\Controllers\DestinationController::$citiesModel is deprecated in APPPATH\Controllers\DestinationController.php on line 16.
 1 SYSTEMPATH\CodeIgniter.php(913): App\Controllers\DestinationController->__construct()
 2 SYSTEMPATH\CodeIgniter.php(493): CodeIgniter\CodeIgniter->createController()
 3 SYSTEMPATH\CodeIgniter.php(361): CodeIgniter\CodeIgniter->handleRequest(null, Object(Config\Cache), false)
 4 FCPATH\index.php(79): CodeIgniter\CodeIgniter->run()
WARNING - 2025-01-17 13:29:00 --> [DEPRECATED] Creation of dynamic property App\Controllers\DestinationController::$uttarakhandModel is deprecated in APPPATH\Controllers\DestinationController.php on line 17.
 1 SYSTEMPATH\CodeIgniter.php(913): App\Controllers\DestinationController->__construct()
 2 SYSTEMPATH\CodeIgniter.php(493): CodeIgniter\CodeIgniter->createController()
 3 SYSTEMPATH\CodeIgniter.php(361): CodeIgniter\CodeIgniter->handleRequest(null, Object(Config\Cache), false)
 4 FCPATH\index.php(79): CodeIgniter\CodeIgniter->run()
WARNING - 2025-01-17 13:29:00 --> [DEPRECATED] Creation of dynamic property App\Controllers\DestinationController::$imageModel is deprecated in APPPATH\Controllers\DestinationController.php on line 18.
 1 SYSTEMPATH\CodeIgniter.php(913): App\Controllers\DestinationController->__construct()
 2 SYSTEMPATH\CodeIgniter.php(493): CodeIgniter\CodeIgniter->createController()
 3 SYSTEMPATH\CodeIgniter.php(361): CodeIgniter\CodeIgniter->handleRequest(null, Object(Config\Cache), false)
 4 FCPATH\index.php(79): CodeIgniter\CodeIgniter->run()
WARNING - 2025-01-17 13:29:00 --> [DEPRECATED] Creation of dynamic property App\Controllers\DestinationController::$areaModel is deprecated in APPPATH\Controllers\DestinationController.php on line 19.
 1 SYSTEMPATH\CodeIgniter.php(913): App\Controllers\DestinationController->__construct()
 2 SYSTEMPATH\CodeIgniter.php(493): CodeIgniter\CodeIgniter->createController()
 3 SYSTEMPATH\CodeIgniter.php(361): CodeIgniter\CodeIgniter->handleRequest(null, Object(Config\Cache), false)
 4 FCPATH\index.php(79): CodeIgniter\CodeIgniter->run()
WARNING - 2025-01-17 13:29:00 --> [DEPRECATED] Creation of dynamic property App\Controllers\DestinationController::$foodModel is deprecated in APPPATH\Controllers\DestinationController.php on line 20.
 1 SYSTEMPATH\CodeIgniter.php(913): App\Controllers\DestinationController->__construct()
 2 SYSTEMPATH\CodeIgniter.php(493): CodeIgniter\CodeIgniter->createController()
 3 SYSTEMPATH\CodeIgniter.php(361): CodeIgniter\CodeIgniter->handleRequest(null, Object(Config\Cache), false)
 4 FCPATH\index.php(79): CodeIgniter\CodeIgniter->run()
WARNING - 2025-01-17 13:29:00 --> [DEPRECATED] Creation of dynamic property App\Controllers\DestinationController::$blogModel is deprecated in APPPATH\Controllers\DestinationController.php on line 21.
 1 SYSTEMPATH\CodeIgniter.php(913): App\Controllers\DestinationController->__construct()
 2 SYSTEMPATH\CodeIgniter.php(493): CodeIgniter\CodeIgniter->createController()
 3 SYSTEMPATH\CodeIgniter.php(361): CodeIgniter\CodeIgniter->handleRequest(null, Object(Config\Cache), false)
 4 FCPATH\index.php(79): CodeIgniter\CodeIgniter->run()
INFO - 2025-01-17 13:29:00 --> Session: Class initialized using 'CodeIgniter\Session\Handlers\FileHandler' driver.
WARNING - 2025-01-17 13:30:50 --> [DEPRECATED] Creation of dynamic property App\Controllers\DestinationController::$citiesModel is deprecated in APPPATH\Controllers\DestinationController.php on line 16.
 1 SYSTEMPATH\CodeIgniter.php(913): App\Controllers\DestinationController->__construct()
 2 SYSTEMPATH\CodeIgniter.php(493): CodeIgniter\CodeIgniter->createController()
 3 SYSTEMPATH\CodeIgniter.php(361): CodeIgniter\CodeIgniter->handleRequest(null, Object(Config\Cache), false)
 4 FCPATH\index.php(79): CodeIgniter\CodeIgniter->run()
WARNING - 2025-01-17 13:30:50 --> [DEPRECATED] Creation of dynamic property App\Controllers\DestinationController::$uttarakhandModel is deprecated in APPPATH\Controllers\DestinationController.php on line 17.
 1 SYSTEMPATH\CodeIgniter.php(913): App\Controllers\DestinationController->__construct()
 2 SYSTEMPATH\CodeIgniter.php(493): CodeIgniter\CodeIgniter->createController()
 3 SYSTEMPATH\CodeIgniter.php(361): CodeIgniter\CodeIgniter->handleRequest(null, Object(Config\Cache), false)
 4 FCPATH\index.php(79): CodeIgniter\CodeIgniter->run()
WARNING - 2025-01-17 13:30:50 --> [DEPRECATED] Creation of dynamic property App\Controllers\DestinationController::$imageModel is deprecated in APPPATH\Controllers\DestinationController.php on line 18.
 1 SYSTEMPATH\CodeIgniter.php(913): App\Controllers\DestinationController->__construct()
 2 SYSTEMPATH\CodeIgniter.php(493): CodeIgniter\CodeIgniter->createController()
 3 SYSTEMPATH\CodeIgniter.php(361): CodeIgniter\CodeIgniter->handleRequest(null, Object(Config\Cache), false)
 4 FCPATH\index.php(79): CodeIgniter\CodeIgniter->run()
WARNING - 2025-01-17 13:30:50 --> [DEPRECATED] Creation of dynamic property App\Controllers\DestinationController::$areaModel is deprecated in APPPATH\Controllers\DestinationController.php on line 19.
 1 SYSTEMPATH\CodeIgniter.php(913): App\Controllers\DestinationController->__construct()
 2 SYSTEMPATH\CodeIgniter.php(493): CodeIgniter\CodeIgniter->createController()
 3 SYSTEMPATH\CodeIgniter.php(361): CodeIgniter\CodeIgniter->handleRequest(null, Object(Config\Cache), false)
 4 FCPATH\index.php(79): CodeIgniter\CodeIgniter->run()
WARNING - 2025-01-17 13:30:50 --> [DEPRECATED] Creation of dynamic property App\Controllers\DestinationController::$foodModel is deprecated in APPPATH\Controllers\DestinationController.php on line 20.
 1 SYSTEMPATH\CodeIgniter.php(913): App\Controllers\DestinationController->__construct()
 2 SYSTEMPATH\CodeIgniter.php(493): CodeIgniter\CodeIgniter->createController()
 3 SYSTEMPATH\CodeIgniter.php(361): CodeIgniter\CodeIgniter->handleRequest(null, Object(Config\Cache), false)
 4 FCPATH\index.php(79): CodeIgniter\CodeIgniter->run()
WARNING - 2025-01-17 13:30:50 --> [DEPRECATED] Creation of dynamic property App\Controllers\DestinationController::$blogModel is deprecated in APPPATH\Controllers\DestinationController.php on line 21.
 1 SYSTEMPATH\CodeIgniter.php(913): App\Controllers\DestinationController->__construct()
 2 SYSTEMPATH\CodeIgniter.php(493): CodeIgniter\CodeIgniter->createController()
 3 SYSTEMPATH\CodeIgniter.php(361): CodeIgniter\CodeIgniter->handleRequest(null, Object(Config\Cache), false)
 4 FCPATH\index.php(79): CodeIgniter\CodeIgniter->run()
INFO - 2025-01-17 13:30:50 --> Session: Class initialized using 'CodeIgniter\Session\Handlers\FileHandler' driver.
WARNING - 2025-01-17 13:41:51 --> [DEPRECATED] Creation of dynamic property App\Controllers\DestinationController::$citiesModel is deprecated in APPPATH\Controllers\DestinationController.php on line 16.
 1 SYSTEMPATH\CodeIgniter.php(913): App\Controllers\DestinationController->__construct()
 2 SYSTEMPATH\CodeIgniter.php(493): CodeIgniter\CodeIgniter->createController()
 3 SYSTEMPATH\CodeIgniter.php(361): CodeIgniter\CodeIgniter->handleRequest(null, Object(Config\Cache), false)
 4 FCPATH\index.php(79): CodeIgniter\CodeIgniter->run()
WARNING - 2025-01-17 13:41:51 --> [DEPRECATED] Creation of dynamic property App\Controllers\DestinationController::$uttarakhandModel is deprecated in APPPATH\Controllers\DestinationController.php on line 17.
 1 SYSTEMPATH\CodeIgniter.php(913): App\Controllers\DestinationController->__construct()
 2 SYSTEMPATH\CodeIgniter.php(493): CodeIgniter\CodeIgniter->createController()
 3 SYSTEMPATH\CodeIgniter.php(361): CodeIgniter\CodeIgniter->handleRequest(null, Object(Config\Cache), false)
 4 FCPATH\index.php(79): CodeIgniter\CodeIgniter->run()
WARNING - 2025-01-17 13:41:51 --> [DEPRECATED] Creation of dynamic property App\Controllers\DestinationController::$imageModel is deprecated in APPPATH\Controllers\DestinationController.php on line 18.
 1 SYSTEMPATH\CodeIgniter.php(913): App\Controllers\DestinationController->__construct()
 2 SYSTEMPATH\CodeIgniter.php(493): CodeIgniter\CodeIgniter->createController()
 3 SYSTEMPATH\CodeIgniter.php(361): CodeIgniter\CodeIgniter->handleRequest(null, Object(Config\Cache), false)
 4 FCPATH\index.php(79): CodeIgniter\CodeIgniter->run()
WARNING - 2025-01-17 13:41:51 --> [DEPRECATED] Creation of dynamic property App\Controllers\DestinationController::$areaModel is deprecated in APPPATH\Controllers\DestinationController.php on line 19.
 1 SYSTEMPATH\CodeIgniter.php(913): App\Controllers\DestinationController->__construct()
 2 SYSTEMPATH\CodeIgniter.php(493): CodeIgniter\CodeIgniter->createController()
 3 SYSTEMPATH\CodeIgniter.php(361): CodeIgniter\CodeIgniter->handleRequest(null, Object(Config\Cache), false)
 4 FCPATH\index.php(79): CodeIgniter\CodeIgniter->run()
WARNING - 2025-01-17 13:41:51 --> [DEPRECATED] Creation of dynamic property App\Controllers\DestinationController::$foodModel is deprecated in APPPATH\Controllers\DestinationController.php on line 20.
 1 SYSTEMPATH\CodeIgniter.php(913): App\Controllers\DestinationController->__construct()
 2 SYSTEMPATH\CodeIgniter.php(493): CodeIgniter\CodeIgniter->createController()
 3 SYSTEMPATH\CodeIgniter.php(361): CodeIgniter\CodeIgniter->handleRequest(null, Object(Config\Cache), false)
 4 FCPATH\index.php(79): CodeIgniter\CodeIgniter->run()
WARNING - 2025-01-17 13:41:51 --> [DEPRECATED] Creation of dynamic property App\Controllers\DestinationController::$blogModel is deprecated in APPPATH\Controllers\DestinationController.php on line 21.
 1 SYSTEMPATH\CodeIgniter.php(913): App\Controllers\DestinationController->__construct()
 2 SYSTEMPATH\CodeIgniter.php(493): CodeIgniter\CodeIgniter->createController()
 3 SYSTEMPATH\CodeIgniter.php(361): CodeIgniter\CodeIgniter->handleRequest(null, Object(Config\Cache), false)
 4 FCPATH\index.php(79): CodeIgniter\CodeIgniter->run()
INFO - 2025-01-17 13:41:51 --> Session: Class initialized using 'CodeIgniter\Session\Handlers\FileHandler' driver.
WARNING - 2025-01-17 13:43:52 --> [DEPRECATED] Creation of dynamic property App\Controllers\DestinationController::$citiesModel is deprecated in APPPATH\Controllers\DestinationController.php on line 16.
 1 SYSTEMPATH\CodeIgniter.php(913): App\Controllers\DestinationController->__construct()
 2 SYSTEMPATH\CodeIgniter.php(493): CodeIgniter\CodeIgniter->createController()
 3 SYSTEMPATH\CodeIgniter.php(361): CodeIgniter\CodeIgniter->handleRequest(null, Object(Config\Cache), false)
 4 FCPATH\index.php(79): CodeIgniter\CodeIgniter->run()
WARNING - 2025-01-17 13:43:52 --> [DEPRECATED] Creation of dynamic property App\Controllers\DestinationController::$uttarakhandModel is deprecated in APPPATH\Controllers\DestinationController.php on line 17.
 1 SYSTEMPATH\CodeIgniter.php(913): App\Controllers\DestinationController->__construct()
 2 SYSTEMPATH\CodeIgniter.php(493): CodeIgniter\CodeIgniter->createController()
 3 SYSTEMPATH\CodeIgniter.php(361): CodeIgniter\CodeIgniter->handleRequest(null, Object(Config\Cache), false)
 4 FCPATH\index.php(79): CodeIgniter\CodeIgniter->run()
WARNING - 2025-01-17 13:43:52 --> [DEPRECATED] Creation of dynamic property App\Controllers\DestinationController::$imageModel is deprecated in APPPATH\Controllers\DestinationController.php on line 18.
 1 SYSTEMPATH\CodeIgniter.php(913): App\Controllers\DestinationController->__construct()
 2 SYSTEMPATH\CodeIgniter.php(493): CodeIgniter\CodeIgniter->createController()
 3 SYSTEMPATH\CodeIgniter.php(361): CodeIgniter\CodeIgniter->handleRequest(null, Object(Config\Cache), false)
 4 FCPATH\index.php(79): CodeIgniter\CodeIgniter->run()
WARNING - 2025-01-17 13:43:52 --> [DEPRECATED] Creation of dynamic property App\Controllers\DestinationController::$areaModel is deprecated in APPPATH\Controllers\DestinationController.php on line 19.
 1 SYSTEMPATH\CodeIgniter.php(913): App\Controllers\DestinationController->__construct()
 2 SYSTEMPATH\CodeIgniter.php(493): CodeIgniter\CodeIgniter->createController()
 3 SYSTEMPATH\CodeIgniter.php(361): CodeIgniter\CodeIgniter->handleRequest(null, Object(Config\Cache), false)
 4 FCPATH\index.php(79): CodeIgniter\CodeIgniter->run()
WARNING - 2025-01-17 13:43:52 --> [DEPRECATED] Creation of dynamic property App\Controllers\DestinationController::$foodModel is deprecated in APPPATH\Controllers\DestinationController.php on line 20.
 1 SYSTEMPATH\CodeIgniter.php(913): App\Controllers\DestinationController->__construct()
 2 SYSTEMPATH\CodeIgniter.php(493): CodeIgniter\CodeIgniter->createController()
 3 SYSTEMPATH\CodeIgniter.php(361): CodeIgniter\CodeIgniter->handleRequest(null, Object(Config\Cache), false)
 4 FCPATH\index.php(79): CodeIgniter\CodeIgniter->run()
WARNING - 2025-01-17 13:43:52 --> [DEPRECATED] Creation of dynamic property App\Controllers\DestinationController::$blogModel is deprecated in APPPATH\Controllers\DestinationController.php on line 21.
 1 SYSTEMPATH\CodeIgniter.php(913): App\Controllers\DestinationController->__construct()
 2 SYSTEMPATH\CodeIgniter.php(493): CodeIgniter\CodeIgniter->createController()
 3 SYSTEMPATH\CodeIgniter.php(361): CodeIgniter\CodeIgniter->handleRequest(null, Object(Config\Cache), false)
 4 FCPATH\index.php(79): CodeIgniter\CodeIgniter->run()
INFO - 2025-01-17 13:43:52 --> Session: Class initialized using 'CodeIgniter\Session\Handlers\FileHandler' driver.
WARNING - 2025-01-17 13:44:00 --> [DEPRECATED] Creation of dynamic property App\Controllers\HomeController::$citiesModel is deprecated in APPPATH\Controllers\HomeController.php on line 19.
 1 SYSTEMPATH\CodeIgniter.php(913): App\Controllers\HomeController->__construct()
 2 SYSTEMPATH\CodeIgniter.php(493): CodeIgniter\CodeIgniter->createController()
 3 SYSTEMPATH\CodeIgniter.php(361): CodeIgniter\CodeIgniter->handleRequest(null, Object(Config\Cache), false)
 4 FCPATH\index.php(79): CodeIgniter\CodeIgniter->run()
WARNING - 2025-01-17 13:44:00 --> [DEPRECATED] Creation of dynamic property App\Controllers\HomeController::$uttarakhandModel is deprecated in APPPATH\Controllers\HomeController.php on line 20.
 1 SYSTEMPATH\CodeIgniter.php(913): App\Controllers\HomeController->__construct()
 2 SYSTEMPATH\CodeIgniter.php(493): CodeIgniter\CodeIgniter->createController()
 3 SYSTEMPATH\CodeIgniter.php(361): CodeIgniter\CodeIgniter->handleRequest(null, Object(Config\Cache), false)
 4 FCPATH\index.php(79): CodeIgniter\CodeIgniter->run()
WARNING - 2025-01-17 13:44:00 --> [DEPRECATED] Creation of dynamic property App\Controllers\HomeController::$imageModel is deprecated in APPPATH\Controllers\HomeController.php on line 21.
 1 SYSTEMPATH\CodeIgniter.php(913): App\Controllers\HomeController->__construct()
 2 SYSTEMPATH\CodeIgniter.php(493): CodeIgniter\CodeIgniter->createController()
 3 SYSTEMPATH\CodeIgniter.php(361): CodeIgniter\CodeIgniter->handleRequest(null, Object(Config\Cache), false)
 4 FCPATH\index.php(79): CodeIgniter\CodeIgniter->run()
WARNING - 2025-01-17 13:44:00 --> [DEPRECATED] Creation of dynamic property App\Controllers\HomeController::$areaModel is deprecated in APPPATH\Controllers\HomeController.php on line 22.
 1 SYSTEMPATH\CodeIgniter.php(913): App\Controllers\HomeController->__construct()
 2 SYSTEMPATH\CodeIgniter.php(493): CodeIgniter\CodeIgniter->createController()
 3 SYSTEMPATH\CodeIgniter.php(361): CodeIgniter\CodeIgniter->handleRequest(null, Object(Config\Cache), false)
 4 FCPATH\index.php(79): CodeIgniter\CodeIgniter->run()
WARNING - 2025-01-17 13:44:00 --> [DEPRECATED] Creation of dynamic property App\Controllers\HomeController::$foodModel is deprecated in APPPATH\Controllers\HomeController.php on line 23.
 1 SYSTEMPATH\CodeIgniter.php(913): App\Controllers\HomeController->__construct()
 2 SYSTEMPATH\CodeIgniter.php(493): CodeIgniter\CodeIgniter->createController()
 3 SYSTEMPATH\CodeIgniter.php(361): CodeIgniter\CodeIgniter->handleRequest(null, Object(Config\Cache), false)
 4 FCPATH\index.php(79): CodeIgniter\CodeIgniter->run()
WARNING - 2025-01-17 13:44:00 --> [DEPRECATED] Creation of dynamic property App\Controllers\HomeController::$blogModel is deprecated in APPPATH\Controllers\HomeController.php on line 24.
 1 SYSTEMPATH\CodeIgniter.php(913): App\Controllers\HomeController->__construct()
 2 SYSTEMPATH\CodeIgniter.php(493): CodeIgniter\CodeIgniter->createController()
 3 SYSTEMPATH\CodeIgniter.php(361): CodeIgniter\CodeIgniter->handleRequest(null, Object(Config\Cache), false)
 4 FCPATH\index.php(79): CodeIgniter\CodeIgniter->run()
INFO - 2025-01-17 13:44:00 --> Session: Class initialized using 'CodeIgniter\Session\Handlers\FileHandler' driver.
CRITICAL - 2025-01-17 13:44:00 --> ErrorException: Trying to access array offset on value of type null
in APPPATH\Controllers\HomeController.php on line 61.
 1 APPPATH\Controllers\HomeController.php(61): CodeIgniter\Debug\Exceptions->errorHandler(2, 'Trying to access array offset on value of type null', 'C:\\xampp\\htdocs\\uttrakhand\\app\\Controllers\\HomeController.php', 61)
 2 SYSTEMPATH\CodeIgniter.php(941): App\Controllers\HomeController->Mainpage('Nostrum doloribus la')
 3 SYSTEMPATH\CodeIgniter.php(502): CodeIgniter\CodeIgniter->runController(Object(App\Controllers\HomeController))
 4 SYSTEMPATH\CodeIgniter.php(361): CodeIgniter\CodeIgniter->handleRequest(null, Object(Config\Cache), false)
 5 FCPATH\index.php(79): CodeIgniter\CodeIgniter->run()
WARNING - 2025-01-17 13:44:38 --> [DEPRECATED] Creation of dynamic property App\Controllers\HomeController::$citiesModel is deprecated in APPPATH\Controllers\HomeController.php on line 19.
 1 SYSTEMPATH\CodeIgniter.php(913): App\Controllers\HomeController->__construct()
 2 SYSTEMPATH\CodeIgniter.php(493): CodeIgniter\CodeIgniter->createController()
 3 SYSTEMPATH\CodeIgniter.php(361): CodeIgniter\CodeIgniter->handleRequest(null, Object(Config\Cache), false)
 4 FCPATH\index.php(79): CodeIgniter\CodeIgniter->run()
WARNING - 2025-01-17 13:44:38 --> [DEPRECATED] Creation of dynamic property App\Controllers\HomeController::$uttarakhandModel is deprecated in APPPATH\Controllers\HomeController.php on line 20.
 1 SYSTEMPATH\CodeIgniter.php(913): App\Controllers\HomeController->__construct()
 2 SYSTEMPATH\CodeIgniter.php(493): CodeIgniter\CodeIgniter->createController()
 3 SYSTEMPATH\CodeIgniter.php(361): CodeIgniter\CodeIgniter->handleRequest(null, Object(Config\Cache), false)
 4 FCPATH\index.php(79): CodeIgniter\CodeIgniter->run()
WARNING - 2025-01-17 13:44:38 --> [DEPRECATED] Creation of dynamic property App\Controllers\HomeController::$imageModel is deprecated in APPPATH\Controllers\HomeController.php on line 21.
 1 SYSTEMPATH\CodeIgniter.php(913): App\Controllers\HomeController->__construct()
 2 SYSTEMPATH\CodeIgniter.php(493): CodeIgniter\CodeIgniter->createController()
 3 SYSTEMPATH\CodeIgniter.php(361): CodeIgniter\CodeIgniter->handleRequest(null, Object(Config\Cache), false)
 4 FCPATH\index.php(79): CodeIgniter\CodeIgniter->run()
WARNING - 2025-01-17 13:44:38 --> [DEPRECATED] Creation of dynamic property App\Controllers\HomeController::$areaModel is deprecated in APPPATH\Controllers\HomeController.php on line 22.
 1 SYSTEMPATH\CodeIgniter.php(913): App\Controllers\HomeController->__construct()
 2 SYSTEMPATH\CodeIgniter.php(493): CodeIgniter\CodeIgniter->createController()
 3 SYSTEMPATH\CodeIgniter.php(361): CodeIgniter\CodeIgniter->handleRequest(null, Object(Config\Cache), false)
 4 FCPATH\index.php(79): CodeIgniter\CodeIgniter->run()
WARNING - 2025-01-17 13:44:38 --> [DEPRECATED] Creation of dynamic property App\Controllers\HomeController::$foodModel is deprecated in APPPATH\Controllers\HomeController.php on line 23.
 1 SYSTEMPATH\CodeIgniter.php(913): App\Controllers\HomeController->__construct()
 2 SYSTEMPATH\CodeIgniter.php(493): CodeIgniter\CodeIgniter->createController()
 3 SYSTEMPATH\CodeIgniter.php(361): CodeIgniter\CodeIgniter->handleRequest(null, Object(Config\Cache), false)
 4 FCPATH\index.php(79): CodeIgniter\CodeIgniter->run()
WARNING - 2025-01-17 13:44:38 --> [DEPRECATED] Creation of dynamic property App\Controllers\HomeController::$blogModel is deprecated in APPPATH\Controllers\HomeController.php on line 24.
 1 SYSTEMPATH\CodeIgniter.php(913): App\Controllers\HomeController->__construct()
 2 SYSTEMPATH\CodeIgniter.php(493): CodeIgniter\CodeIgniter->createController()
 3 SYSTEMPATH\CodeIgniter.php(361): CodeIgniter\CodeIgniter->handleRequest(null, Object(Config\Cache), false)
 4 FCPATH\index.php(79): CodeIgniter\CodeIgniter->run()
INFO - 2025-01-17 13:44:38 --> Session: Class initialized using 'CodeIgniter\Session\Handlers\FileHandler' driver.
CRITICAL - 2025-01-17 13:44:38 --> ErrorException: Trying to access array offset on value of type null
in APPPATH\Controllers\HomeController.php on line 61.
 1 APPPATH\Controllers\HomeController.php(61): CodeIgniter\Debug\Exceptions->errorHandler(2, 'Trying to access array offset on value of type null', 'C:\\xampp\\htdocs\\uttrakhand\\app\\Controllers\\HomeController.php', 61)
 2 SYSTEMPATH\CodeIgniter.php(941): App\Controllers\HomeController->Mainpage('Nostrum doloribus la')
 3 SYSTEMPATH\CodeIgniter.php(502): CodeIgniter\CodeIgniter->runController(Object(App\Controllers\HomeController))
 4 SYSTEMPATH\CodeIgniter.php(361): CodeIgniter\CodeIgniter->handleRequest(null, Object(Config\Cache), false)
 5 FCPATH\index.php(79): CodeIgniter\CodeIgniter->run()
WARNING - 2025-01-17 13:44:49 --> [DEPRECATED] Creation of dynamic property App\Controllers\HomeController::$citiesModel is deprecated in APPPATH\Controllers\HomeController.php on line 19.
 1 SYSTEMPATH\CodeIgniter.php(913): App\Controllers\HomeController->__construct()
 2 SYSTEMPATH\CodeIgniter.php(493): CodeIgniter\CodeIgniter->createController()
 3 SYSTEMPATH\CodeIgniter.php(361): CodeIgniter\CodeIgniter->handleRequest(null, Object(Config\Cache), false)
 4 FCPATH\index.php(79): CodeIgniter\CodeIgniter->run()
WARNING - 2025-01-17 13:44:49 --> [DEPRECATED] Creation of dynamic property App\Controllers\HomeController::$uttarakhandModel is deprecated in APPPATH\Controllers\HomeController.php on line 20.
 1 SYSTEMPATH\CodeIgniter.php(913): App\Controllers\HomeController->__construct()
 2 SYSTEMPATH\CodeIgniter.php(493): CodeIgniter\CodeIgniter->createController()
 3 SYSTEMPATH\CodeIgniter.php(361): CodeIgniter\CodeIgniter->handleRequest(null, Object(Config\Cache), false)
 4 FCPATH\index.php(79): CodeIgniter\CodeIgniter->run()
WARNING - 2025-01-17 13:44:49 --> [DEPRECATED] Creation of dynamic property App\Controllers\HomeController::$imageModel is deprecated in APPPATH\Controllers\HomeController.php on line 21.
 1 SYSTEMPATH\CodeIgniter.php(913): App\Controllers\HomeController->__construct()
 2 SYSTEMPATH\CodeIgniter.php(493): CodeIgniter\CodeIgniter->createController()
 3 SYSTEMPATH\CodeIgniter.php(361): CodeIgniter\CodeIgniter->handleRequest(null, Object(Config\Cache), false)
 4 FCPATH\index.php(79): CodeIgniter\CodeIgniter->run()
WARNING - 2025-01-17 13:44:49 --> [DEPRECATED] Creation of dynamic property App\Controllers\HomeController::$areaModel is deprecated in APPPATH\Controllers\HomeController.php on line 22.
 1 SYSTEMPATH\CodeIgniter.php(913): App\Controllers\HomeController->__construct()
 2 SYSTEMPATH\CodeIgniter.php(493): CodeIgniter\CodeIgniter->createController()
 3 SYSTEMPATH\CodeIgniter.php(361): CodeIgniter\CodeIgniter->handleRequest(null, Object(Config\Cache), false)
 4 FCPATH\index.php(79): CodeIgniter\CodeIgniter->run()
WARNING - 2025-01-17 13:44:49 --> [DEPRECATED] Creation of dynamic property App\Controllers\HomeController::$foodModel is deprecated in APPPATH\Controllers\HomeController.php on line 23.
 1 SYSTEMPATH\CodeIgniter.php(913): App\Controllers\HomeController->__construct()
 2 SYSTEMPATH\CodeIgniter.php(493): CodeIgniter\CodeIgniter->createController()
 3 SYSTEMPATH\CodeIgniter.php(361): CodeIgniter\CodeIgniter->handleRequest(null, Object(Config\Cache), false)
 4 FCPATH\index.php(79): CodeIgniter\CodeIgniter->run()
WARNING - 2025-01-17 13:44:49 --> [DEPRECATED] Creation of dynamic property App\Controllers\HomeController::$blogModel is deprecated in APPPATH\Controllers\HomeController.php on line 24.
 1 SYSTEMPATH\CodeIgniter.php(913): App\Controllers\HomeController->__construct()
 2 SYSTEMPATH\CodeIgniter.php(493): CodeIgniter\CodeIgniter->createController()
 3 SYSTEMPATH\CodeIgniter.php(361): CodeIgniter\CodeIgniter->handleRequest(null, Object(Config\Cache), false)
 4 FCPATH\index.php(79): CodeIgniter\CodeIgniter->run()
INFO - 2025-01-17 13:44:49 --> Session: Class initialized using 'CodeIgniter\Session\Handlers\FileHandler' driver.
CRITICAL - 2025-01-17 13:44:49 --> ErrorException: Trying to access array offset on value of type null
in APPPATH\Controllers\HomeController.php on line 80.
 1 APPPATH\Controllers\HomeController.php(80): CodeIgniter\Debug\Exceptions->errorHandler(2, 'Trying to access array offset on value of type null', 'C:\\xampp\\htdocs\\uttrakhand\\app\\Controllers\\HomeController.php', 80)
 2 SYSTEMPATH\CodeIgniter.php(941): App\Controllers\HomeController->page('almora', 'Nostrum doloribus la')
 3 SYSTEMPATH\CodeIgniter.php(502): CodeIgniter\CodeIgniter->runController(Object(App\Controllers\HomeController))
 4 SYSTEMPATH\CodeIgniter.php(361): CodeIgniter\CodeIgniter->handleRequest(null, Object(Config\Cache), false)
 5 FCPATH\index.php(79): CodeIgniter\CodeIgniter->run()
WARNING - 2025-01-17 13:44:58 --> [DEPRECATED] Creation of dynamic property App\Controllers\HomeController::$citiesModel is deprecated in APPPATH\Controllers\HomeController.php on line 19.
 1 SYSTEMPATH\CodeIgniter.php(913): App\Controllers\HomeController->__construct()
 2 SYSTEMPATH\CodeIgniter.php(493): CodeIgniter\CodeIgniter->createController()
 3 SYSTEMPATH\CodeIgniter.php(361): CodeIgniter\CodeIgniter->handleRequest(null, Object(Config\Cache), false)
 4 FCPATH\index.php(79): CodeIgniter\CodeIgniter->run()
WARNING - 2025-01-17 13:44:58 --> [DEPRECATED] Creation of dynamic property App\Controllers\HomeController::$uttarakhandModel is deprecated in APPPATH\Controllers\HomeController.php on line 20.
 1 SYSTEMPATH\CodeIgniter.php(913): App\Controllers\HomeController->__construct()
 2 SYSTEMPATH\CodeIgniter.php(493): CodeIgniter\CodeIgniter->createController()
 3 SYSTEMPATH\CodeIgniter.php(361): CodeIgniter\CodeIgniter->handleRequest(null, Object(Config\Cache), false)
 4 FCPATH\index.php(79): CodeIgniter\CodeIgniter->run()
WARNING - 2025-01-17 13:44:58 --> [DEPRECATED] Creation of dynamic property App\Controllers\HomeController::$imageModel is deprecated in APPPATH\Controllers\HomeController.php on line 21.
 1 SYSTEMPATH\CodeIgniter.php(913): App\Controllers\HomeController->__construct()
 2 SYSTEMPATH\CodeIgniter.php(493): CodeIgniter\CodeIgniter->createController()
 3 SYSTEMPATH\CodeIgniter.php(361): CodeIgniter\CodeIgniter->handleRequest(null, Object(Config\Cache), false)
 4 FCPATH\index.php(79): CodeIgniter\CodeIgniter->run()
WARNING - 2025-01-17 13:44:58 --> [DEPRECATED] Creation of dynamic property App\Controllers\HomeController::$areaModel is deprecated in APPPATH\Controllers\HomeController.php on line 22.
 1 SYSTEMPATH\CodeIgniter.php(913): App\Controllers\HomeController->__construct()
 2 SYSTEMPATH\CodeIgniter.php(493): CodeIgniter\CodeIgniter->createController()
 3 SYSTEMPATH\CodeIgniter.php(361): CodeIgniter\CodeIgniter->handleRequest(null, Object(Config\Cache), false)
 4 FCPATH\index.php(79): CodeIgniter\CodeIgniter->run()
WARNING - 2025-01-17 13:44:58 --> [DEPRECATED] Creation of dynamic property App\Controllers\HomeController::$foodModel is deprecated in APPPATH\Controllers\HomeController.php on line 23.
 1 SYSTEMPATH\CodeIgniter.php(913): App\Controllers\HomeController->__construct()
 2 SYSTEMPATH\CodeIgniter.php(493): CodeIgniter\CodeIgniter->createController()
 3 SYSTEMPATH\CodeIgniter.php(361): CodeIgniter\CodeIgniter->handleRequest(null, Object(Config\Cache), false)
 4 FCPATH\index.php(79): CodeIgniter\CodeIgniter->run()
WARNING - 2025-01-17 13:44:58 --> [DEPRECATED] Creation of dynamic property App\Controllers\HomeController::$blogModel is deprecated in APPPATH\Controllers\HomeController.php on line 24.
 1 SYSTEMPATH\CodeIgniter.php(913): App\Controllers\HomeController->__construct()
 2 SYSTEMPATH\CodeIgniter.php(493): CodeIgniter\CodeIgniter->createController()
 3 SYSTEMPATH\CodeIgniter.php(361): CodeIgniter\CodeIgniter->handleRequest(null, Object(Config\Cache), false)
 4 FCPATH\index.php(79): CodeIgniter\CodeIgniter->run()
INFO - 2025-01-17 13:44:58 --> Session: Class initialized using 'CodeIgniter\Session\Handlers\FileHandler' driver.
CRITICAL - 2025-01-17 13:44:58 --> ErrorException: Trying to access array offset on value of type null
in APPPATH\Controllers\HomeController.php on line 80.
 1 APPPATH\Controllers\HomeController.php(80): CodeIgniter\Debug\Exceptions->errorHandler(2, 'Trying to access array offset on value of type null', 'C:\\xampp\\htdocs\\uttrakhand\\app\\Controllers\\HomeController.php', 80)
 2 SYSTEMPATH\CodeIgniter.php(941): App\Controllers\HomeController->page('almora', 'Nostrum doloribus la')
 3 SYSTEMPATH\CodeIgniter.php(502): CodeIgniter\CodeIgniter->runController(Object(App\Controllers\HomeController))
 4 SYSTEMPATH\CodeIgniter.php(361): CodeIgniter\CodeIgniter->handleRequest(null, Object(Config\Cache), false)
 5 FCPATH\index.php(79): CodeIgniter\CodeIgniter->run()
WARNING - 2025-01-17 13:45:00 --> [DEPRECATED] Creation of dynamic property App\Controllers\HomeController::$citiesModel is deprecated in APPPATH\Controllers\HomeController.php on line 19.
 1 SYSTEMPATH\CodeIgniter.php(913): App\Controllers\HomeController->__construct()
 2 SYSTEMPATH\CodeIgniter.php(493): CodeIgniter\CodeIgniter->createController()
 3 SYSTEMPATH\CodeIgniter.php(361): CodeIgniter\CodeIgniter->handleRequest(null, Object(Config\Cache), false)
 4 FCPATH\index.php(79): CodeIgniter\CodeIgniter->run()
WARNING - 2025-01-17 13:45:00 --> [DEPRECATED] Creation of dynamic property App\Controllers\HomeController::$uttarakhandModel is deprecated in APPPATH\Controllers\HomeController.php on line 20.
 1 SYSTEMPATH\CodeIgniter.php(913): App\Controllers\HomeController->__construct()
 2 SYSTEMPATH\CodeIgniter.php(493): CodeIgniter\CodeIgniter->createController()
 3 SYSTEMPATH\CodeIgniter.php(361): CodeIgniter\CodeIgniter->handleRequest(null, Object(Config\Cache), false)
 4 FCPATH\index.php(79): CodeIgniter\CodeIgniter->run()
WARNING - 2025-01-17 13:45:00 --> [DEPRECATED] Creation of dynamic property App\Controllers\HomeController::$imageModel is deprecated in APPPATH\Controllers\HomeController.php on line 21.
 1 SYSTEMPATH\CodeIgniter.php(913): App\Controllers\HomeController->__construct()
 2 SYSTEMPATH\CodeIgniter.php(493): CodeIgniter\CodeIgniter->createController()
 3 SYSTEMPATH\CodeIgniter.php(361): CodeIgniter\CodeIgniter->handleRequest(null, Object(Config\Cache), false)
 4 FCPATH\index.php(79): CodeIgniter\CodeIgniter->run()
WARNING - 2025-01-17 13:45:00 --> [DEPRECATED] Creation of dynamic property App\Controllers\HomeController::$areaModel is deprecated in APPPATH\Controllers\HomeController.php on line 22.
 1 SYSTEMPATH\CodeIgniter.php(913): App\Controllers\HomeController->__construct()
 2 SYSTEMPATH\CodeIgniter.php(493): CodeIgniter\CodeIgniter->createController()
 3 SYSTEMPATH\CodeIgniter.php(361): CodeIgniter\CodeIgniter->handleRequest(null, Object(Config\Cache), false)
 4 FCPATH\index.php(79): CodeIgniter\CodeIgniter->run()
WARNING - 2025-01-17 13:45:00 --> [DEPRECATED] Creation of dynamic property App\Controllers\HomeController::$foodModel is deprecated in APPPATH\Controllers\HomeController.php on line 23.
 1 SYSTEMPATH\CodeIgniter.php(913): App\Controllers\HomeController->__construct()
 2 SYSTEMPATH\CodeIgniter.php(493): CodeIgniter\CodeIgniter->createController()
 3 SYSTEMPATH\CodeIgniter.php(361): CodeIgniter\CodeIgniter->handleRequest(null, Object(Config\Cache), false)
 4 FCPATH\index.php(79): CodeIgniter\CodeIgniter->run()
WARNING - 2025-01-17 13:45:00 --> [DEPRECATED] Creation of dynamic property App\Controllers\HomeController::$blogModel is deprecated in APPPATH\Controllers\HomeController.php on line 24.
 1 SYSTEMPATH\CodeIgniter.php(913): App\Controllers\HomeController->__construct()
 2 SYSTEMPATH\CodeIgniter.php(493): CodeIgniter\CodeIgniter->createController()
 3 SYSTEMPATH\CodeIgniter.php(361): CodeIgniter\CodeIgniter->handleRequest(null, Object(Config\Cache), false)
 4 FCPATH\index.php(79): CodeIgniter\CodeIgniter->run()
INFO - 2025-01-17 13:45:00 --> Session: Class initialized using 'CodeIgniter\Session\Handlers\FileHandler' driver.
CRITICAL - 2025-01-17 13:45:00 --> ErrorException: Trying to access array offset on value of type null
in APPPATH\Controllers\HomeController.php on line 80.
 1 APPPATH\Controllers\HomeController.php(80): CodeIgniter\Debug\Exceptions->errorHandler(2, 'Trying to access array offset on value of type null', 'C:\\xampp\\htdocs\\uttrakhand\\app\\Controllers\\HomeController.php', 80)
 2 SYSTEMPATH\CodeIgniter.php(941): App\Controllers\HomeController->page('almora', 'Nostrum doloribus la')
 3 SYSTEMPATH\CodeIgniter.php(502): CodeIgniter\CodeIgniter->runController(Object(App\Controllers\HomeController))
 4 SYSTEMPATH\CodeIgniter.php(361): CodeIgniter\CodeIgniter->handleRequest(null, Object(Config\Cache), false)
 5 FCPATH\index.php(79): CodeIgniter\CodeIgniter->run()
WARNING - 2025-01-17 13:45:01 --> [DEPRECATED] Creation of dynamic property App\Controllers\HomeController::$citiesModel is deprecated in APPPATH\Controllers\HomeController.php on line 19.
 1 SYSTEMPATH\CodeIgniter.php(913): App\Controllers\HomeController->__construct()
 2 SYSTEMPATH\CodeIgniter.php(493): CodeIgniter\CodeIgniter->createController()
 3 SYSTEMPATH\CodeIgniter.php(361): CodeIgniter\CodeIgniter->handleRequest(null, Object(Config\Cache), false)
 4 FCPATH\index.php(79): CodeIgniter\CodeIgniter->run()
WARNING - 2025-01-17 13:45:01 --> [DEPRECATED] Creation of dynamic property App\Controllers\HomeController::$uttarakhandModel is deprecated in APPPATH\Controllers\HomeController.php on line 20.
 1 SYSTEMPATH\CodeIgniter.php(913): App\Controllers\HomeController->__construct()
 2 SYSTEMPATH\CodeIgniter.php(493): CodeIgniter\CodeIgniter->createController()
 3 SYSTEMPATH\CodeIgniter.php(361): CodeIgniter\CodeIgniter->handleRequest(null, Object(Config\Cache), false)
 4 FCPATH\index.php(79): CodeIgniter\CodeIgniter->run()
WARNING - 2025-01-17 13:45:01 --> [DEPRECATED] Creation of dynamic property App\Controllers\HomeController::$imageModel is deprecated in APPPATH\Controllers\HomeController.php on line 21.
 1 SYSTEMPATH\CodeIgniter.php(913): App\Controllers\HomeController->__construct()
 2 SYSTEMPATH\CodeIgniter.php(493): CodeIgniter\CodeIgniter->createController()
 3 SYSTEMPATH\CodeIgniter.php(361): CodeIgniter\CodeIgniter->handleRequest(null, Object(Config\Cache), false)
 4 FCPATH\index.php(79): CodeIgniter\CodeIgniter->run()
WARNING - 2025-01-17 13:45:01 --> [DEPRECATED] Creation of dynamic property App\Controllers\HomeController::$areaModel is deprecated in APPPATH\Controllers\HomeController.php on line 22.
 1 SYSTEMPATH\CodeIgniter.php(913): App\Controllers\HomeController->__construct()
 2 SYSTEMPATH\CodeIgniter.php(493): CodeIgniter\CodeIgniter->createController()
 3 SYSTEMPATH\CodeIgniter.php(361): CodeIgniter\CodeIgniter->handleRequest(null, Object(Config\Cache), false)
 4 FCPATH\index.php(79): CodeIgniter\CodeIgniter->run()
WARNING - 2025-01-17 13:45:01 --> [DEPRECATED] Creation of dynamic property App\Controllers\HomeController::$foodModel is deprecated in APPPATH\Controllers\HomeController.php on line 23.
 1 SYSTEMPATH\CodeIgniter.php(913): App\Controllers\HomeController->__construct()
 2 SYSTEMPATH\CodeIgniter.php(493): CodeIgniter\CodeIgniter->createController()
 3 SYSTEMPATH\CodeIgniter.php(361): CodeIgniter\CodeIgniter->handleRequest(null, Object(Config\Cache), false)
 4 FCPATH\index.php(79): CodeIgniter\CodeIgniter->run()
WARNING - 2025-01-17 13:45:01 --> [DEPRECATED] Creation of dynamic property App\Controllers\HomeController::$blogModel is deprecated in APPPATH\Controllers\HomeController.php on line 24.
 1 SYSTEMPATH\CodeIgniter.php(913): App\Controllers\HomeController->__construct()
 2 SYSTEMPATH\CodeIgniter.php(493): CodeIgniter\CodeIgniter->createController()
 3 SYSTEMPATH\CodeIgniter.php(361): CodeIgniter\CodeIgniter->handleRequest(null, Object(Config\Cache), false)
 4 FCPATH\index.php(79): CodeIgniter\CodeIgniter->run()
INFO - 2025-01-17 13:45:01 --> Session: Class initialized using 'CodeIgniter\Session\Handlers\FileHandler' driver.
CRITICAL - 2025-01-17 13:45:01 --> ErrorException: Trying to access array offset on value of type null
in APPPATH\Controllers\HomeController.php on line 61.
 1 APPPATH\Controllers\HomeController.php(61): CodeIgniter\Debug\Exceptions->errorHandler(2, 'Trying to access array offset on value of type null', 'C:\\xampp\\htdocs\\uttrakhand\\app\\Controllers\\HomeController.php', 61)
 2 SYSTEMPATH\CodeIgniter.php(941): App\Controllers\HomeController->Mainpage('Nostrum doloribus la')
 3 SYSTEMPATH\CodeIgniter.php(502): CodeIgniter\CodeIgniter->runController(Object(App\Controllers\HomeController))
 4 SYSTEMPATH\CodeIgniter.php(361): CodeIgniter\CodeIgniter->handleRequest(null, Object(Config\Cache), false)
 5 FCPATH\index.php(79): CodeIgniter\CodeIgniter->run()
WARNING - 2025-01-17 13:45:04 --> [DEPRECATED] Creation of dynamic property App\Controllers\DestinationController::$citiesModel is deprecated in APPPATH\Controllers\DestinationController.php on line 16.
 1 SYSTEMPATH\CodeIgniter.php(913): App\Controllers\DestinationController->__construct()
 2 SYSTEMPATH\CodeIgniter.php(493): CodeIgniter\CodeIgniter->createController()
 3 SYSTEMPATH\CodeIgniter.php(361): CodeIgniter\CodeIgniter->handleRequest(null, Object(Config\Cache), false)
 4 FCPATH\index.php(79): CodeIgniter\CodeIgniter->run()
WARNING - 2025-01-17 13:45:04 --> [DEPRECATED] Creation of dynamic property App\Controllers\DestinationController::$uttarakhandModel is deprecated in APPPATH\Controllers\DestinationController.php on line 17.
 1 SYSTEMPATH\CodeIgniter.php(913): App\Controllers\DestinationController->__construct()
 2 SYSTEMPATH\CodeIgniter.php(493): CodeIgniter\CodeIgniter->createController()
 3 SYSTEMPATH\CodeIgniter.php(361): CodeIgniter\CodeIgniter->handleRequest(null, Object(Config\Cache), false)
 4 FCPATH\index.php(79): CodeIgniter\CodeIgniter->run()
WARNING - 2025-01-17 13:45:04 --> [DEPRECATED] Creation of dynamic property App\Controllers\DestinationController::$imageModel is deprecated in APPPATH\Controllers\DestinationController.php on line 18.
 1 SYSTEMPATH\CodeIgniter.php(913): App\Controllers\DestinationController->__construct()
 2 SYSTEMPATH\CodeIgniter.php(493): CodeIgniter\CodeIgniter->createController()
 3 SYSTEMPATH\CodeIgniter.php(361): CodeIgniter\CodeIgniter->handleRequest(null, Object(Config\Cache), false)
 4 FCPATH\index.php(79): CodeIgniter\CodeIgniter->run()
WARNING - 2025-01-17 13:45:04 --> [DEPRECATED] Creation of dynamic property App\Controllers\DestinationController::$areaModel is deprecated in APPPATH\Controllers\DestinationController.php on line 19.
 1 SYSTEMPATH\CodeIgniter.php(913): App\Controllers\DestinationController->__construct()
 2 SYSTEMPATH\CodeIgniter.php(493): CodeIgniter\CodeIgniter->createController()
 3 SYSTEMPATH\CodeIgniter.php(361): CodeIgniter\CodeIgniter->handleRequest(null, Object(Config\Cache), false)
 4 FCPATH\index.php(79): CodeIgniter\CodeIgniter->run()
WARNING - 2025-01-17 13:45:04 --> [DEPRECATED] Creation of dynamic property App\Controllers\DestinationController::$foodModel is deprecated in APPPATH\Controllers\DestinationController.php on line 20.
 1 SYSTEMPATH\CodeIgniter.php(913): App\Controllers\DestinationController->__construct()
 2 SYSTEMPATH\CodeIgniter.php(493): CodeIgniter\CodeIgniter->createController()
 3 SYSTEMPATH\CodeIgniter.php(361): CodeIgniter\CodeIgniter->handleRequest(null, Object(Config\Cache), false)
 4 FCPATH\index.php(79): CodeIgniter\CodeIgniter->run()
WARNING - 2025-01-17 13:45:04 --> [DEPRECATED] Creation of dynamic property App\Controllers\DestinationController::$blogModel is deprecated in APPPATH\Controllers\DestinationController.php on line 21.
 1 SYSTEMPATH\CodeIgniter.php(913): App\Controllers\DestinationController->__construct()
 2 SYSTEMPATH\CodeIgniter.php(493): CodeIgniter\CodeIgniter->createController()
 3 SYSTEMPATH\CodeIgniter.php(361): CodeIgniter\CodeIgniter->handleRequest(null, Object(Config\Cache), false)
 4 FCPATH\index.php(79): CodeIgniter\CodeIgniter->run()
INFO - 2025-01-17 13:45:04 --> Session: Class initialized using 'CodeIgniter\Session\Handlers\FileHandler' driver.
WARNING - 2025-01-17 13:46:28 --> [DEPRECATED] Creation of dynamic property App\Controllers\DestinationController::$citiesModel is deprecated in APPPATH\Controllers\DestinationController.php on line 16.
 1 SYSTEMPATH\CodeIgniter.php(913): App\Controllers\DestinationController->__construct()
 2 SYSTEMPATH\CodeIgniter.php(493): CodeIgniter\CodeIgniter->createController()
 3 SYSTEMPATH\CodeIgniter.php(361): CodeIgniter\CodeIgniter->handleRequest(null, Object(Config\Cache), false)
 4 FCPATH\index.php(79): CodeIgniter\CodeIgniter->run()
CRITICAL - 2025-01-17 13:46:28 --> ParseError: syntax error, unexpected identifier "orderBy", expecting ";"
in APPPATH\Models\UttarakhandModel.php on line 84.
 1 SYSTEMPATH\Autoloader\Autoloader.php(290): CodeIgniter\Autoloader\Autoloader->includeFile('C:\\xampp\\htdocs\\uttrakhand\\app\\Models\\UttarakhandModel.php')
 2 SYSTEMPATH\Autoloader\Autoloader.php(266): CodeIgniter\Autoloader\Autoloader->loadInNamespace('App\\Models\\UttarakhandModel')
 3 APPPATH\Controllers\DestinationController.php(17): CodeIgniter\Autoloader\Autoloader->loadClass('App\\Models\\UttarakhandModel')
 4 SYSTEMPATH\CodeIgniter.php(913): App\Controllers\DestinationController->__construct()
 5 SYSTEMPATH\CodeIgniter.php(493): CodeIgniter\CodeIgniter->createController()
 6 SYSTEMPATH\CodeIgniter.php(361): CodeIgniter\CodeIgniter->handleRequest(null, Object(Config\Cache), false)
 7 FCPATH\index.php(79): CodeIgniter\CodeIgniter->run()
WARNING - 2025-01-17 13:46:36 --> [DEPRECATED] Creation of dynamic property App\Controllers\DestinationController::$citiesModel is deprecated in APPPATH\Controllers\DestinationController.php on line 16.
 1 SYSTEMPATH\CodeIgniter.php(913): App\Controllers\DestinationController->__construct()
 2 SYSTEMPATH\CodeIgniter.php(493): CodeIgniter\CodeIgniter->createController()
 3 SYSTEMPATH\CodeIgniter.php(361): CodeIgniter\CodeIgniter->handleRequest(null, Object(Config\Cache), false)
 4 FCPATH\index.php(79): CodeIgniter\CodeIgniter->run()
WARNING - 2025-01-17 13:46:36 --> [DEPRECATED] Creation of dynamic property App\Controllers\DestinationController::$uttarakhandModel is deprecated in APPPATH\Controllers\DestinationController.php on line 17.
 1 SYSTEMPATH\CodeIgniter.php(913): App\Controllers\DestinationController->__construct()
 2 SYSTEMPATH\CodeIgniter.php(493): CodeIgniter\CodeIgniter->createController()
 3 SYSTEMPATH\CodeIgniter.php(361): CodeIgniter\CodeIgniter->handleRequest(null, Object(Config\Cache), false)
 4 FCPATH\index.php(79): CodeIgniter\CodeIgniter->run()
WARNING - 2025-01-17 13:46:36 --> [DEPRECATED] Creation of dynamic property App\Controllers\DestinationController::$imageModel is deprecated in APPPATH\Controllers\DestinationController.php on line 18.
 1 SYSTEMPATH\CodeIgniter.php(913): App\Controllers\DestinationController->__construct()
 2 SYSTEMPATH\CodeIgniter.php(493): CodeIgniter\CodeIgniter->createController()
 3 SYSTEMPATH\CodeIgniter.php(361): CodeIgniter\CodeIgniter->handleRequest(null, Object(Config\Cache), false)
 4 FCPATH\index.php(79): CodeIgniter\CodeIgniter->run()
WARNING - 2025-01-17 13:46:36 --> [DEPRECATED] Creation of dynamic property App\Controllers\DestinationController::$areaModel is deprecated in APPPATH\Controllers\DestinationController.php on line 19.
 1 SYSTEMPATH\CodeIgniter.php(913): App\Controllers\DestinationController->__construct()
 2 SYSTEMPATH\CodeIgniter.php(493): CodeIgniter\CodeIgniter->createController()
 3 SYSTEMPATH\CodeIgniter.php(361): CodeIgniter\CodeIgniter->handleRequest(null, Object(Config\Cache), false)
 4 FCPATH\index.php(79): CodeIgniter\CodeIgniter->run()
WARNING - 2025-01-17 13:46:36 --> [DEPRECATED] Creation of dynamic property App\Controllers\DestinationController::$foodModel is deprecated in APPPATH\Controllers\DestinationController.php on line 20.
 1 SYSTEMPATH\CodeIgniter.php(913): App\Controllers\DestinationController->__construct()
 2 SYSTEMPATH\CodeIgniter.php(493): CodeIgniter\CodeIgniter->createController()
 3 SYSTEMPATH\CodeIgniter.php(361): CodeIgniter\CodeIgniter->handleRequest(null, Object(Config\Cache), false)
 4 FCPATH\index.php(79): CodeIgniter\CodeIgniter->run()
WARNING - 2025-01-17 13:46:36 --> [DEPRECATED] Creation of dynamic property App\Controllers\DestinationController::$blogModel is deprecated in APPPATH\Controllers\DestinationController.php on line 21.
 1 SYSTEMPATH\CodeIgniter.php(913): App\Controllers\DestinationController->__construct()
 2 SYSTEMPATH\CodeIgniter.php(493): CodeIgniter\CodeIgniter->createController()
 3 SYSTEMPATH\CodeIgniter.php(361): CodeIgniter\CodeIgniter->handleRequest(null, Object(Config\Cache), false)
 4 FCPATH\index.php(79): CodeIgniter\CodeIgniter->run()
INFO - 2025-01-17 13:46:36 --> Session: Class initialized using 'CodeIgniter\Session\Handlers\FileHandler' driver.
WARNING - 2025-01-17 13:46:49 --> [DEPRECATED] Creation of dynamic property App\Controllers\DestinationController::$citiesModel is deprecated in APPPATH\Controllers\DestinationController.php on line 16.
 1 SYSTEMPATH\CodeIgniter.php(913): App\Controllers\DestinationController->__construct()
 2 SYSTEMPATH\CodeIgniter.php(493): CodeIgniter\CodeIgniter->createController()
 3 SYSTEMPATH\CodeIgniter.php(361): CodeIgniter\CodeIgniter->handleRequest(null, Object(Config\Cache), false)
 4 FCPATH\index.php(79): CodeIgniter\CodeIgniter->run()
WARNING - 2025-01-17 13:46:49 --> [DEPRECATED] Creation of dynamic property App\Controllers\DestinationController::$uttarakhandModel is deprecated in APPPATH\Controllers\DestinationController.php on line 17.
 1 SYSTEMPATH\CodeIgniter.php(913): App\Controllers\DestinationController->__construct()
 2 SYSTEMPATH\CodeIgniter.php(493): CodeIgniter\CodeIgniter->createController()
 3 SYSTEMPATH\CodeIgniter.php(361): CodeIgniter\CodeIgniter->handleRequest(null, Object(Config\Cache), false)
 4 FCPATH\index.php(79): CodeIgniter\CodeIgniter->run()
WARNING - 2025-01-17 13:46:49 --> [DEPRECATED] Creation of dynamic property App\Controllers\DestinationController::$imageModel is deprecated in APPPATH\Controllers\DestinationController.php on line 18.
 1 SYSTEMPATH\CodeIgniter.php(913): App\Controllers\DestinationController->__construct()
 2 SYSTEMPATH\CodeIgniter.php(493): CodeIgniter\CodeIgniter->createController()
 3 SYSTEMPATH\CodeIgniter.php(361): CodeIgniter\CodeIgniter->handleRequest(null, Object(Config\Cache), false)
 4 FCPATH\index.php(79): CodeIgniter\CodeIgniter->run()
WARNING - 2025-01-17 13:46:49 --> [DEPRECATED] Creation of dynamic property App\Controllers\DestinationController::$areaModel is deprecated in APPPATH\Controllers\DestinationController.php on line 19.
 1 SYSTEMPATH\CodeIgniter.php(913): App\Controllers\DestinationController->__construct()
 2 SYSTEMPATH\CodeIgniter.php(493): CodeIgniter\CodeIgniter->createController()
 3 SYSTEMPATH\CodeIgniter.php(361): CodeIgniter\CodeIgniter->handleRequest(null, Object(Config\Cache), false)
 4 FCPATH\index.php(79): CodeIgniter\CodeIgniter->run()
WARNING - 2025-01-17 13:46:49 --> [DEPRECATED] Creation of dynamic property App\Controllers\DestinationController::$foodModel is deprecated in APPPATH\Controllers\DestinationController.php on line 20.
 1 SYSTEMPATH\CodeIgniter.php(913): App\Controllers\DestinationController->__construct()
 2 SYSTEMPATH\CodeIgniter.php(493): CodeIgniter\CodeIgniter->createController()
 3 SYSTEMPATH\CodeIgniter.php(361): CodeIgniter\CodeIgniter->handleRequest(null, Object(Config\Cache), false)
 4 FCPATH\index.php(79): CodeIgniter\CodeIgniter->run()
WARNING - 2025-01-17 13:46:49 --> [DEPRECATED] Creation of dynamic property App\Controllers\DestinationController::$blogModel is deprecated in APPPATH\Controllers\DestinationController.php on line 21.
 1 SYSTEMPATH\CodeIgniter.php(913): App\Controllers\DestinationController->__construct()
 2 SYSTEMPATH\CodeIgniter.php(493): CodeIgniter\CodeIgniter->createController()
 3 SYSTEMPATH\CodeIgniter.php(361): CodeIgniter\CodeIgniter->handleRequest(null, Object(Config\Cache), false)
 4 FCPATH\index.php(79): CodeIgniter\CodeIgniter->run()
INFO - 2025-01-17 13:46:49 --> Session: Class initialized using 'CodeIgniter\Session\Handlers\FileHandler' driver.
WARNING - 2025-01-17 13:49:45 --> [DEPRECATED] Creation of dynamic property App\Controllers\DestinationController::$citiesModel is deprecated in APPPATH\Controllers\DestinationController.php on line 16.
 1 SYSTEMPATH\CodeIgniter.php(913): App\Controllers\DestinationController->__construct()
 2 SYSTEMPATH\CodeIgniter.php(493): CodeIgniter\CodeIgniter->createController()
 3 SYSTEMPATH\CodeIgniter.php(361): CodeIgniter\CodeIgniter->handleRequest(null, Object(Config\Cache), false)
 4 FCPATH\index.php(79): CodeIgniter\CodeIgniter->run()
WARNING - 2025-01-17 13:49:45 --> [DEPRECATED] Creation of dynamic property App\Controllers\DestinationController::$uttarakhandModel is deprecated in APPPATH\Controllers\DestinationController.php on line 17.
 1 SYSTEMPATH\CodeIgniter.php(913): App\Controllers\DestinationController->__construct()
 2 SYSTEMPATH\CodeIgniter.php(493): CodeIgniter\CodeIgniter->createController()
 3 SYSTEMPATH\CodeIgniter.php(361): CodeIgniter\CodeIgniter->handleRequest(null, Object(Config\Cache), false)
 4 FCPATH\index.php(79): CodeIgniter\CodeIgniter->run()
WARNING - 2025-01-17 13:49:45 --> [DEPRECATED] Creation of dynamic property App\Controllers\DestinationController::$imageModel is deprecated in APPPATH\Controllers\DestinationController.php on line 18.
 1 SYSTEMPATH\CodeIgniter.php(913): App\Controllers\DestinationController->__construct()
 2 SYSTEMPATH\CodeIgniter.php(493): CodeIgniter\CodeIgniter->createController()
 3 SYSTEMPATH\CodeIgniter.php(361): CodeIgniter\CodeIgniter->handleRequest(null, Object(Config\Cache), false)
 4 FCPATH\index.php(79): CodeIgniter\CodeIgniter->run()
WARNING - 2025-01-17 13:49:45 --> [DEPRECATED] Creation of dynamic property App\Controllers\DestinationController::$areaModel is deprecated in APPPATH\Controllers\DestinationController.php on line 19.
 1 SYSTEMPATH\CodeIgniter.php(913): App\Controllers\DestinationController->__construct()
 2 SYSTEMPATH\CodeIgniter.php(493): CodeIgniter\CodeIgniter->createController()
 3 SYSTEMPATH\CodeIgniter.php(361): CodeIgniter\CodeIgniter->handleRequest(null, Object(Config\Cache), false)
 4 FCPATH\index.php(79): CodeIgniter\CodeIgniter->run()
WARNING - 2025-01-17 13:49:45 --> [DEPRECATED] Creation of dynamic property App\Controllers\DestinationController::$foodModel is deprecated in APPPATH\Controllers\DestinationController.php on line 20.
 1 SYSTEMPATH\CodeIgniter.php(913): App\Controllers\DestinationController->__construct()
 2 SYSTEMPATH\CodeIgniter.php(493): CodeIgniter\CodeIgniter->createController()
 3 SYSTEMPATH\CodeIgniter.php(361): CodeIgniter\CodeIgniter->handleRequest(null, Object(Config\Cache), false)
 4 FCPATH\index.php(79): CodeIgniter\CodeIgniter->run()
WARNING - 2025-01-17 13:49:45 --> [DEPRECATED] Creation of dynamic property App\Controllers\DestinationController::$blogModel is deprecated in APPPATH\Controllers\DestinationController.php on line 21.
 1 SYSTEMPATH\CodeIgniter.php(913): App\Controllers\DestinationController->__construct()
 2 SYSTEMPATH\CodeIgniter.php(493): CodeIgniter\CodeIgniter->createController()
 3 SYSTEMPATH\CodeIgniter.php(361): CodeIgniter\CodeIgniter->handleRequest(null, Object(Config\Cache), false)
 4 FCPATH\index.php(79): CodeIgniter\CodeIgniter->run()
INFO - 2025-01-17 13:49:45 --> Session: Class initialized using 'CodeIgniter\Session\Handlers\FileHandler' driver.
WARNING - 2025-01-17 13:50:31 --> [DEPRECATED] Creation of dynamic property App\Controllers\DestinationController::$citiesModel is deprecated in APPPATH\Controllers\DestinationController.php on line 16.
 1 SYSTEMPATH\CodeIgniter.php(913): App\Controllers\DestinationController->__construct()
 2 SYSTEMPATH\CodeIgniter.php(493): CodeIgniter\CodeIgniter->createController()
 3 SYSTEMPATH\CodeIgniter.php(361): CodeIgniter\CodeIgniter->handleRequest(null, Object(Config\Cache), false)
 4 FCPATH\index.php(79): CodeIgniter\CodeIgniter->run()
WARNING - 2025-01-17 13:50:31 --> [DEPRECATED] Creation of dynamic property App\Controllers\DestinationController::$uttarakhandModel is deprecated in APPPATH\Controllers\DestinationController.php on line 17.
 1 SYSTEMPATH\CodeIgniter.php(913): App\Controllers\DestinationController->__construct()
 2 SYSTEMPATH\CodeIgniter.php(493): CodeIgniter\CodeIgniter->createController()
 3 SYSTEMPATH\CodeIgniter.php(361): CodeIgniter\CodeIgniter->handleRequest(null, Object(Config\Cache), false)
 4 FCPATH\index.php(79): CodeIgniter\CodeIgniter->run()
WARNING - 2025-01-17 13:50:31 --> [DEPRECATED] Creation of dynamic property App\Controllers\DestinationController::$imageModel is deprecated in APPPATH\Controllers\DestinationController.php on line 18.
 1 SYSTEMPATH\CodeIgniter.php(913): App\Controllers\DestinationController->__construct()
 2 SYSTEMPATH\CodeIgniter.php(493): CodeIgniter\CodeIgniter->createController()
 3 SYSTEMPATH\CodeIgniter.php(361): CodeIgniter\CodeIgniter->handleRequest(null, Object(Config\Cache), false)
 4 FCPATH\index.php(79): CodeIgniter\CodeIgniter->run()
WARNING - 2025-01-17 13:50:31 --> [DEPRECATED] Creation of dynamic property App\Controllers\DestinationController::$areaModel is deprecated in APPPATH\Controllers\DestinationController.php on line 19.
 1 SYSTEMPATH\CodeIgniter.php(913): App\Controllers\DestinationController->__construct()
 2 SYSTEMPATH\CodeIgniter.php(493): CodeIgniter\CodeIgniter->createController()
 3 SYSTEMPATH\CodeIgniter.php(361): CodeIgniter\CodeIgniter->handleRequest(null, Object(Config\Cache), false)
 4 FCPATH\index.php(79): CodeIgniter\CodeIgniter->run()
WARNING - 2025-01-17 13:50:31 --> [DEPRECATED] Creation of dynamic property App\Controllers\DestinationController::$foodModel is deprecated in APPPATH\Controllers\DestinationController.php on line 20.
 1 SYSTEMPATH\CodeIgniter.php(913): App\Controllers\DestinationController->__construct()
 2 SYSTEMPATH\CodeIgniter.php(493): CodeIgniter\CodeIgniter->createController()
 3 SYSTEMPATH\CodeIgniter.php(361): CodeIgniter\CodeIgniter->handleRequest(null, Object(Config\Cache), false)
 4 FCPATH\index.php(79): CodeIgniter\CodeIgniter->run()
WARNING - 2025-01-17 13:50:31 --> [DEPRECATED] Creation of dynamic property App\Controllers\DestinationController::$blogModel is deprecated in APPPATH\Controllers\DestinationController.php on line 21.
 1 SYSTEMPATH\CodeIgniter.php(913): App\Controllers\DestinationController->__construct()
 2 SYSTEMPATH\CodeIgniter.php(493): CodeIgniter\CodeIgniter->createController()
 3 SYSTEMPATH\CodeIgniter.php(361): CodeIgniter\CodeIgniter->handleRequest(null, Object(Config\Cache), false)
 4 FCPATH\index.php(79): CodeIgniter\CodeIgniter->run()
INFO - 2025-01-17 13:50:31 --> Session: Class initialized using 'CodeIgniter\Session\Handlers\FileHandler' driver.
CRITICAL - 2025-01-17 13:50:31 --> Error: Call to undefined function App\Models\select()
in APPPATH\Models\UttarakhandModel.php on line 82.
 1 APPPATH\Controllers\DestinationController.php(31): App\Models\UttarakhandModel->get_all_places()
 2 SYSTEMPATH\CodeIgniter.php(941): App\Controllers\DestinationController->Destination()
 3 SYSTEMPATH\CodeIgniter.php(502): CodeIgniter\CodeIgniter->runController(Object(App\Controllers\DestinationController))
 4 SYSTEMPATH\CodeIgniter.php(361): CodeIgniter\CodeIgniter->handleRequest(null, Object(Config\Cache), false)
 5 FCPATH\index.php(79): CodeIgniter\CodeIgniter->run()
WARNING - 2025-01-17 13:50:41 --> [DEPRECATED] Creation of dynamic property App\Controllers\DestinationController::$citiesModel is deprecated in APPPATH\Controllers\DestinationController.php on line 16.
 1 SYSTEMPATH\CodeIgniter.php(913): App\Controllers\DestinationController->__construct()
 2 SYSTEMPATH\CodeIgniter.php(493): CodeIgniter\CodeIgniter->createController()
 3 SYSTEMPATH\CodeIgniter.php(361): CodeIgniter\CodeIgniter->handleRequest(null, Object(Config\Cache), false)
 4 FCPATH\index.php(79): CodeIgniter\CodeIgniter->run()
WARNING - 2025-01-17 13:50:41 --> [DEPRECATED] Creation of dynamic property App\Controllers\DestinationController::$uttarakhandModel is deprecated in APPPATH\Controllers\DestinationController.php on line 17.
 1 SYSTEMPATH\CodeIgniter.php(913): App\Controllers\DestinationController->__construct()
 2 SYSTEMPATH\CodeIgniter.php(493): CodeIgniter\CodeIgniter->createController()
 3 SYSTEMPATH\CodeIgniter.php(361): CodeIgniter\CodeIgniter->handleRequest(null, Object(Config\Cache), false)
 4 FCPATH\index.php(79): CodeIgniter\CodeIgniter->run()
WARNING - 2025-01-17 13:50:41 --> [DEPRECATED] Creation of dynamic property App\Controllers\DestinationController::$imageModel is deprecated in APPPATH\Controllers\DestinationController.php on line 18.
 1 SYSTEMPATH\CodeIgniter.php(913): App\Controllers\DestinationController->__construct()
 2 SYSTEMPATH\CodeIgniter.php(493): CodeIgniter\CodeIgniter->createController()
 3 SYSTEMPATH\CodeIgniter.php(361): CodeIgniter\CodeIgniter->handleRequest(null, Object(Config\Cache), false)
 4 FCPATH\index.php(79): CodeIgniter\CodeIgniter->run()
WARNING - 2025-01-17 13:50:41 --> [DEPRECATED] Creation of dynamic property App\Controllers\DestinationController::$areaModel is deprecated in APPPATH\Controllers\DestinationController.php on line 19.
 1 SYSTEMPATH\CodeIgniter.php(913): App\Controllers\DestinationController->__construct()
 2 SYSTEMPATH\CodeIgniter.php(493): CodeIgniter\CodeIgniter->createController()
 3 SYSTEMPATH\CodeIgniter.php(361): CodeIgniter\CodeIgniter->handleRequest(null, Object(Config\Cache), false)
 4 FCPATH\index.php(79): CodeIgniter\CodeIgniter->run()
WARNING - 2025-01-17 13:50:41 --> [DEPRECATED] Creation of dynamic property App\Controllers\DestinationController::$foodModel is deprecated in APPPATH\Controllers\DestinationController.php on line 20.
 1 SYSTEMPATH\CodeIgniter.php(913): App\Controllers\DestinationController->__construct()
 2 SYSTEMPATH\CodeIgniter.php(493): CodeIgniter\CodeIgniter->createController()
 3 SYSTEMPATH\CodeIgniter.php(361): CodeIgniter\CodeIgniter->handleRequest(null, Object(Config\Cache), false)
 4 FCPATH\index.php(79): CodeIgniter\CodeIgniter->run()
WARNING - 2025-01-17 13:50:41 --> [DEPRECATED] Creation of dynamic property App\Controllers\DestinationController::$blogModel is deprecated in APPPATH\Controllers\DestinationController.php on line 21.
 1 SYSTEMPATH\CodeIgniter.php(913): App\Controllers\DestinationController->__construct()
 2 SYSTEMPATH\CodeIgniter.php(493): CodeIgniter\CodeIgniter->createController()
 3 SYSTEMPATH\CodeIgniter.php(361): CodeIgniter\CodeIgniter->handleRequest(null, Object(Config\Cache), false)
 4 FCPATH\index.php(79): CodeIgniter\CodeIgniter->run()
INFO - 2025-01-17 13:50:41 --> Session: Class initialized using 'CodeIgniter\Session\Handlers\FileHandler' driver.
WARNING - 2025-01-17 13:51:30 --> [DEPRECATED] Creation of dynamic property App\Controllers\DestinationController::$citiesModel is deprecated in APPPATH\Controllers\DestinationController.php on line 16.
 1 SYSTEMPATH\CodeIgniter.php(913): App\Controllers\DestinationController->__construct()
 2 SYSTEMPATH\CodeIgniter.php(493): CodeIgniter\CodeIgniter->createController()
 3 SYSTEMPATH\CodeIgniter.php(361): CodeIgniter\CodeIgniter->handleRequest(null, Object(Config\Cache), false)
 4 FCPATH\index.php(79): CodeIgniter\CodeIgniter->run()
WARNING - 2025-01-17 13:51:30 --> [DEPRECATED] Creation of dynamic property App\Controllers\DestinationController::$uttarakhandModel is deprecated in APPPATH\Controllers\DestinationController.php on line 17.
 1 SYSTEMPATH\CodeIgniter.php(913): App\Controllers\DestinationController->__construct()
 2 SYSTEMPATH\CodeIgniter.php(493): CodeIgniter\CodeIgniter->createController()
 3 SYSTEMPATH\CodeIgniter.php(361): CodeIgniter\CodeIgniter->handleRequest(null, Object(Config\Cache), false)
 4 FCPATH\index.php(79): CodeIgniter\CodeIgniter->run()
WARNING - 2025-01-17 13:51:30 --> [DEPRECATED] Creation of dynamic property App\Controllers\DestinationController::$imageModel is deprecated in APPPATH\Controllers\DestinationController.php on line 18.
 1 SYSTEMPATH\CodeIgniter.php(913): App\Controllers\DestinationController->__construct()
 2 SYSTEMPATH\CodeIgniter.php(493): CodeIgniter\CodeIgniter->createController()
 3 SYSTEMPATH\CodeIgniter.php(361): CodeIgniter\CodeIgniter->handleRequest(null, Object(Config\Cache), false)
 4 FCPATH\index.php(79): CodeIgniter\CodeIgniter->run()
WARNING - 2025-01-17 13:51:30 --> [DEPRECATED] Creation of dynamic property App\Controllers\DestinationController::$areaModel is deprecated in APPPATH\Controllers\DestinationController.php on line 19.
 1 SYSTEMPATH\CodeIgniter.php(913): App\Controllers\DestinationController->__construct()
 2 SYSTEMPATH\CodeIgniter.php(493): CodeIgniter\CodeIgniter->createController()
 3 SYSTEMPATH\CodeIgniter.php(361): CodeIgniter\CodeIgniter->handleRequest(null, Object(Config\Cache), false)
 4 FCPATH\index.php(79): CodeIgniter\CodeIgniter->run()
WARNING - 2025-01-17 13:51:30 --> [DEPRECATED] Creation of dynamic property App\Controllers\DestinationController::$foodModel is deprecated in APPPATH\Controllers\DestinationController.php on line 20.
 1 SYSTEMPATH\CodeIgniter.php(913): App\Controllers\DestinationController->__construct()
 2 SYSTEMPATH\CodeIgniter.php(493): CodeIgniter\CodeIgniter->createController()
 3 SYSTEMPATH\CodeIgniter.php(361): CodeIgniter\CodeIgniter->handleRequest(null, Object(Config\Cache), false)
 4 FCPATH\index.php(79): CodeIgniter\CodeIgniter->run()
WARNING - 2025-01-17 13:51:30 --> [DEPRECATED] Creation of dynamic property App\Controllers\DestinationController::$blogModel is deprecated in APPPATH\Controllers\DestinationController.php on line 21.
 1 SYSTEMPATH\CodeIgniter.php(913): App\Controllers\DestinationController->__construct()
 2 SYSTEMPATH\CodeIgniter.php(493): CodeIgniter\CodeIgniter->createController()
 3 SYSTEMPATH\CodeIgniter.php(361): CodeIgniter\CodeIgniter->handleRequest(null, Object(Config\Cache), false)
 4 FCPATH\index.php(79): CodeIgniter\CodeIgniter->run()
INFO - 2025-01-17 13:51:30 --> Session: Class initialized using 'CodeIgniter\Session\Handlers\FileHandler' driver.
CRITICAL - 2025-01-17 13:51:30 --> ErrorException: Undefined array key "city_name/slug"
in APPPATH\Views\frontend\destination.php on line 108.
 1 APPPATH\Views\frontend\destination.php(108): CodeIgniter\Debug\Exceptions->errorHandler(2, 'Undefined array key "city_name/slug"', 'C:\\xampp\\htdocs\\uttrakhand\\app\\Views\\frontend\\destination.php', 108)
 2 SYSTEMPATH\View\View.php(228): include('C:\\xampp\\htdocs\\uttrakhand\\app\\Views\\frontend\\destination.php')
 3 SYSTEMPATH\View\View.php(231): CodeIgniter\View\View->CodeIgniter\View\{closure}()
 4 SYSTEMPATH\Common.php(1178): CodeIgniter\View\View->render('frontend/destination', [], true)
 5 APPPATH\Controllers\DestinationController.php(43): view('frontend/destination', [...])
 6 SYSTEMPATH\CodeIgniter.php(941): App\Controllers\DestinationController->Destination()
 7 SYSTEMPATH\CodeIgniter.php(502): CodeIgniter\CodeIgniter->runController(Object(App\Controllers\DestinationController))
 8 SYSTEMPATH\CodeIgniter.php(361): CodeIgniter\CodeIgniter->handleRequest(null, Object(Config\Cache), false)
 9 FCPATH\index.php(79): CodeIgniter\CodeIgniter->run()
WARNING - 2025-01-17 13:52:18 --> [DEPRECATED] Creation of dynamic property App\Controllers\DestinationController::$citiesModel is deprecated in APPPATH\Controllers\DestinationController.php on line 16.
 1 SYSTEMPATH\CodeIgniter.php(913): App\Controllers\DestinationController->__construct()
 2 SYSTEMPATH\CodeIgniter.php(493): CodeIgniter\CodeIgniter->createController()
 3 SYSTEMPATH\CodeIgniter.php(361): CodeIgniter\CodeIgniter->handleRequest(null, Object(Config\Cache), false)
 4 FCPATH\index.php(79): CodeIgniter\CodeIgniter->run()
WARNING - 2025-01-17 13:52:18 --> [DEPRECATED] Creation of dynamic property App\Controllers\DestinationController::$uttarakhandModel is deprecated in APPPATH\Controllers\DestinationController.php on line 17.
 1 SYSTEMPATH\CodeIgniter.php(913): App\Controllers\DestinationController->__construct()
 2 SYSTEMPATH\CodeIgniter.php(493): CodeIgniter\CodeIgniter->createController()
 3 SYSTEMPATH\CodeIgniter.php(361): CodeIgniter\CodeIgniter->handleRequest(null, Object(Config\Cache), false)
 4 FCPATH\index.php(79): CodeIgniter\CodeIgniter->run()
WARNING - 2025-01-17 13:52:18 --> [DEPRECATED] Creation of dynamic property App\Controllers\DestinationController::$imageModel is deprecated in APPPATH\Controllers\DestinationController.php on line 18.
 1 SYSTEMPATH\CodeIgniter.php(913): App\Controllers\DestinationController->__construct()
 2 SYSTEMPATH\CodeIgniter.php(493): CodeIgniter\CodeIgniter->createController()
 3 SYSTEMPATH\CodeIgniter.php(361): CodeIgniter\CodeIgniter->handleRequest(null, Object(Config\Cache), false)
 4 FCPATH\index.php(79): CodeIgniter\CodeIgniter->run()
WARNING - 2025-01-17 13:52:18 --> [DEPRECATED] Creation of dynamic property App\Controllers\DestinationController::$areaModel is deprecated in APPPATH\Controllers\DestinationController.php on line 19.
 1 SYSTEMPATH\CodeIgniter.php(913): App\Controllers\DestinationController->__construct()
 2 SYSTEMPATH\CodeIgniter.php(493): CodeIgniter\CodeIgniter->createController()
 3 SYSTEMPATH\CodeIgniter.php(361): CodeIgniter\CodeIgniter->handleRequest(null, Object(Config\Cache), false)
 4 FCPATH\index.php(79): CodeIgniter\CodeIgniter->run()
WARNING - 2025-01-17 13:52:18 --> [DEPRECATED] Creation of dynamic property App\Controllers\DestinationController::$foodModel is deprecated in APPPATH\Controllers\DestinationController.php on line 20.
 1 SYSTEMPATH\CodeIgniter.php(913): App\Controllers\DestinationController->__construct()
 2 SYSTEMPATH\CodeIgniter.php(493): CodeIgniter\CodeIgniter->createController()
 3 SYSTEMPATH\CodeIgniter.php(361): CodeIgniter\CodeIgniter->handleRequest(null, Object(Config\Cache), false)
 4 FCPATH\index.php(79): CodeIgniter\CodeIgniter->run()
WARNING - 2025-01-17 13:52:18 --> [DEPRECATED] Creation of dynamic property App\Controllers\DestinationController::$blogModel is deprecated in APPPATH\Controllers\DestinationController.php on line 21.
 1 SYSTEMPATH\CodeIgniter.php(913): App\Controllers\DestinationController->__construct()
 2 SYSTEMPATH\CodeIgniter.php(493): CodeIgniter\CodeIgniter->createController()
 3 SYSTEMPATH\CodeIgniter.php(361): CodeIgniter\CodeIgniter->handleRequest(null, Object(Config\Cache), false)
 4 FCPATH\index.php(79): CodeIgniter\CodeIgniter->run()
INFO - 2025-01-17 13:52:18 --> Session: Class initialized using 'CodeIgniter\Session\Handlers\FileHandler' driver.
WARNING - 2025-01-17 13:52:22 --> [DEPRECATED] Creation of dynamic property App\Controllers\HomeController::$citiesModel is deprecated in APPPATH\Controllers\HomeController.php on line 19.
 1 SYSTEMPATH\CodeIgniter.php(913): App\Controllers\HomeController->__construct()
 2 SYSTEMPATH\CodeIgniter.php(493): CodeIgniter\CodeIgniter->createController()
 3 SYSTEMPATH\CodeIgniter.php(361): CodeIgniter\CodeIgniter->handleRequest(null, Object(Config\Cache), false)
 4 FCPATH\index.php(79): CodeIgniter\CodeIgniter->run()
WARNING - 2025-01-17 13:52:22 --> [DEPRECATED] Creation of dynamic property App\Controllers\HomeController::$uttarakhandModel is deprecated in APPPATH\Controllers\HomeController.php on line 20.
 1 SYSTEMPATH\CodeIgniter.php(913): App\Controllers\HomeController->__construct()
 2 SYSTEMPATH\CodeIgniter.php(493): CodeIgniter\CodeIgniter->createController()
 3 SYSTEMPATH\CodeIgniter.php(361): CodeIgniter\CodeIgniter->handleRequest(null, Object(Config\Cache), false)
 4 FCPATH\index.php(79): CodeIgniter\CodeIgniter->run()
WARNING - 2025-01-17 13:52:22 --> [DEPRECATED] Creation of dynamic property App\Controllers\HomeController::$imageModel is deprecated in APPPATH\Controllers\HomeController.php on line 21.
 1 SYSTEMPATH\CodeIgniter.php(913): App\Controllers\HomeController->__construct()
 2 SYSTEMPATH\CodeIgniter.php(493): CodeIgniter\CodeIgniter->createController()
 3 SYSTEMPATH\CodeIgniter.php(361): CodeIgniter\CodeIgniter->handleRequest(null, Object(Config\Cache), false)
 4 FCPATH\index.php(79): CodeIgniter\CodeIgniter->run()
WARNING - 2025-01-17 13:52:22 --> [DEPRECATED] Creation of dynamic property App\Controllers\HomeController::$areaModel is deprecated in APPPATH\Controllers\HomeController.php on line 22.
 1 SYSTEMPATH\CodeIgniter.php(913): App\Controllers\HomeController->__construct()
 2 SYSTEMPATH\CodeIgniter.php(493): CodeIgniter\CodeIgniter->createController()
 3 SYSTEMPATH\CodeIgniter.php(361): CodeIgniter\CodeIgniter->handleRequest(null, Object(Config\Cache), false)
 4 FCPATH\index.php(79): CodeIgniter\CodeIgniter->run()
WARNING - 2025-01-17 13:52:22 --> [DEPRECATED] Creation of dynamic property App\Controllers\HomeController::$foodModel is deprecated in APPPATH\Controllers\HomeController.php on line 23.
 1 SYSTEMPATH\CodeIgniter.php(913): App\Controllers\HomeController->__construct()
 2 SYSTEMPATH\CodeIgniter.php(493): CodeIgniter\CodeIgniter->createController()
 3 SYSTEMPATH\CodeIgniter.php(361): CodeIgniter\CodeIgniter->handleRequest(null, Object(Config\Cache), false)
 4 FCPATH\index.php(79): CodeIgniter\CodeIgniter->run()
WARNING - 2025-01-17 13:52:22 --> [DEPRECATED] Creation of dynamic property App\Controllers\HomeController::$blogModel is deprecated in APPPATH\Controllers\HomeController.php on line 24.
 1 SYSTEMPATH\CodeIgniter.php(913): App\Controllers\HomeController->__construct()
 2 SYSTEMPATH\CodeIgniter.php(493): CodeIgniter\CodeIgniter->createController()
 3 SYSTEMPATH\CodeIgniter.php(361): CodeIgniter\CodeIgniter->handleRequest(null, Object(Config\Cache), false)
 4 FCPATH\index.php(79): CodeIgniter\CodeIgniter->run()
INFO - 2025-01-17 13:52:22 --> Session: Class initialized using 'CodeIgniter\Session\Handlers\FileHandler' driver.
CRITICAL - 2025-01-17 13:52:22 --> ErrorException: Trying to access array offset on value of type null
in APPPATH\Controllers\HomeController.php on line 80.
 1 APPPATH\Controllers\HomeController.php(80): CodeIgniter\Debug\Exceptions->errorHandler(2, 'Trying to access array offset on value of type null', 'C:\\xampp\\htdocs\\uttrakhand\\app\\Controllers\\HomeController.php', 80)
 2 SYSTEMPATH\CodeIgniter.php(941): App\Controllers\HomeController->page('Almora', 'slug')
 3 SYSTEMPATH\CodeIgniter.php(502): CodeIgniter\CodeIgniter->runController(Object(App\Controllers\HomeController))
 4 SYSTEMPATH\CodeIgniter.php(361): CodeIgniter\CodeIgniter->handleRequest(null, Object(Config\Cache), false)
 5 FCPATH\index.php(79): CodeIgniter\CodeIgniter->run()
WARNING - 2025-01-17 13:53:04 --> [DEPRECATED] Creation of dynamic property App\Controllers\HomeController::$citiesModel is deprecated in APPPATH\Controllers\HomeController.php on line 19.
 1 SYSTEMPATH\CodeIgniter.php(913): App\Controllers\HomeController->__construct()
 2 SYSTEMPATH\CodeIgniter.php(493): CodeIgniter\CodeIgniter->createController()
 3 SYSTEMPATH\CodeIgniter.php(361): CodeIgniter\CodeIgniter->handleRequest(null, Object(Config\Cache), false)
 4 FCPATH\index.php(79): CodeIgniter\CodeIgniter->run()
WARNING - 2025-01-17 13:53:04 --> [DEPRECATED] Creation of dynamic property App\Controllers\HomeController::$uttarakhandModel is deprecated in APPPATH\Controllers\HomeController.php on line 20.
 1 SYSTEMPATH\CodeIgniter.php(913): App\Controllers\HomeController->__construct()
 2 SYSTEMPATH\CodeIgniter.php(493): CodeIgniter\CodeIgniter->createController()
 3 SYSTEMPATH\CodeIgniter.php(361): CodeIgniter\CodeIgniter->handleRequest(null, Object(Config\Cache), false)
 4 FCPATH\index.php(79): CodeIgniter\CodeIgniter->run()
WARNING - 2025-01-17 13:53:04 --> [DEPRECATED] Creation of dynamic property App\Controllers\HomeController::$imageModel is deprecated in APPPATH\Controllers\HomeController.php on line 21.
 1 SYSTEMPATH\CodeIgniter.php(913): App\Controllers\HomeController->__construct()
 2 SYSTEMPATH\CodeIgniter.php(493): CodeIgniter\CodeIgniter->createController()
 3 SYSTEMPATH\CodeIgniter.php(361): CodeIgniter\CodeIgniter->handleRequest(null, Object(Config\Cache), false)
 4 FCPATH\index.php(79): CodeIgniter\CodeIgniter->run()
WARNING - 2025-01-17 13:53:04 --> [DEPRECATED] Creation of dynamic property App\Controllers\HomeController::$areaModel is deprecated in APPPATH\Controllers\HomeController.php on line 22.
 1 SYSTEMPATH\CodeIgniter.php(913): App\Controllers\HomeController->__construct()
 2 SYSTEMPATH\CodeIgniter.php(493): CodeIgniter\CodeIgniter->createController()
 3 SYSTEMPATH\CodeIgniter.php(361): CodeIgniter\CodeIgniter->handleRequest(null, Object(Config\Cache), false)
 4 FCPATH\index.php(79): CodeIgniter\CodeIgniter->run()
WARNING - 2025-01-17 13:53:04 --> [DEPRECATED] Creation of dynamic property App\Controllers\HomeController::$foodModel is deprecated in APPPATH\Controllers\HomeController.php on line 23.
 1 SYSTEMPATH\CodeIgniter.php(913): App\Controllers\HomeController->__construct()
 2 SYSTEMPATH\CodeIgniter.php(493): CodeIgniter\CodeIgniter->createController()
 3 SYSTEMPATH\CodeIgniter.php(361): CodeIgniter\CodeIgniter->handleRequest(null, Object(Config\Cache), false)
 4 FCPATH\index.php(79): CodeIgniter\CodeIgniter->run()
WARNING - 2025-01-17 13:53:04 --> [DEPRECATED] Creation of dynamic property App\Controllers\HomeController::$blogModel is deprecated in APPPATH\Controllers\HomeController.php on line 24.
 1 SYSTEMPATH\CodeIgniter.php(913): App\Controllers\HomeController->__construct()
 2 SYSTEMPATH\CodeIgniter.php(493): CodeIgniter\CodeIgniter->createController()
 3 SYSTEMPATH\CodeIgniter.php(361): CodeIgniter\CodeIgniter->handleRequest(null, Object(Config\Cache), false)
 4 FCPATH\index.php(79): CodeIgniter\CodeIgniter->run()
INFO - 2025-01-17 13:53:04 --> Session: Class initialized using 'CodeIgniter\Session\Handlers\FileHandler' driver.
CRITICAL - 2025-01-17 13:53:04 --> ErrorException: Trying to access array offset on value of type null
in APPPATH\Controllers\HomeController.php on line 80.
 1 APPPATH\Controllers\HomeController.php(80): CodeIgniter\Debug\Exceptions->errorHandler(2, 'Trying to access array offset on value of type null', 'C:\\xampp\\htdocs\\uttrakhand\\app\\Controllers\\HomeController.php', 80)
 2 SYSTEMPATH\CodeIgniter.php(941): App\Controllers\HomeController->page('Almora', 'slug')
 3 SYSTEMPATH\CodeIgniter.php(502): CodeIgniter\CodeIgniter->runController(Object(App\Controllers\HomeController))
 4 SYSTEMPATH\CodeIgniter.php(361): CodeIgniter\CodeIgniter->handleRequest(null, Object(Config\Cache), false)
 5 FCPATH\index.php(79): CodeIgniter\CodeIgniter->run()
WARNING - 2025-01-17 13:53:07 --> [DEPRECATED] Creation of dynamic property App\Controllers\HomeController::$citiesModel is deprecated in APPPATH\Controllers\HomeController.php on line 19.
 1 SYSTEMPATH\CodeIgniter.php(913): App\Controllers\HomeController->__construct()
 2 SYSTEMPATH\CodeIgniter.php(493): CodeIgniter\CodeIgniter->createController()
 3 SYSTEMPATH\CodeIgniter.php(361): CodeIgniter\CodeIgniter->handleRequest(null, Object(Config\Cache), false)
 4 FCPATH\index.php(79): CodeIgniter\CodeIgniter->run()
WARNING - 2025-01-17 13:53:07 --> [DEPRECATED] Creation of dynamic property App\Controllers\HomeController::$uttarakhandModel is deprecated in APPPATH\Controllers\HomeController.php on line 20.
 1 SYSTEMPATH\CodeIgniter.php(913): App\Controllers\HomeController->__construct()
 2 SYSTEMPATH\CodeIgniter.php(493): CodeIgniter\CodeIgniter->createController()
 3 SYSTEMPATH\CodeIgniter.php(361): CodeIgniter\CodeIgniter->handleRequest(null, Object(Config\Cache), false)
 4 FCPATH\index.php(79): CodeIgniter\CodeIgniter->run()
WARNING - 2025-01-17 13:53:07 --> [DEPRECATED] Creation of dynamic property App\Controllers\HomeController::$imageModel is deprecated in APPPATH\Controllers\HomeController.php on line 21.
 1 SYSTEMPATH\CodeIgniter.php(913): App\Controllers\HomeController->__construct()
 2 SYSTEMPATH\CodeIgniter.php(493): CodeIgniter\CodeIgniter->createController()
 3 SYSTEMPATH\CodeIgniter.php(361): CodeIgniter\CodeIgniter->handleRequest(null, Object(Config\Cache), false)
 4 FCPATH\index.php(79): CodeIgniter\CodeIgniter->run()
WARNING - 2025-01-17 13:53:07 --> [DEPRECATED] Creation of dynamic property App\Controllers\HomeController::$areaModel is deprecated in APPPATH\Controllers\HomeController.php on line 22.
 1 SYSTEMPATH\CodeIgniter.php(913): App\Controllers\HomeController->__construct()
 2 SYSTEMPATH\CodeIgniter.php(493): CodeIgniter\CodeIgniter->createController()
 3 SYSTEMPATH\CodeIgniter.php(361): CodeIgniter\CodeIgniter->handleRequest(null, Object(Config\Cache), false)
 4 FCPATH\index.php(79): CodeIgniter\CodeIgniter->run()
WARNING - 2025-01-17 13:53:07 --> [DEPRECATED] Creation of dynamic property App\Controllers\HomeController::$foodModel is deprecated in APPPATH\Controllers\HomeController.php on line 23.
 1 SYSTEMPATH\CodeIgniter.php(913): App\Controllers\HomeController->__construct()
 2 SYSTEMPATH\CodeIgniter.php(493): CodeIgniter\CodeIgniter->createController()
 3 SYSTEMPATH\CodeIgniter.php(361): CodeIgniter\CodeIgniter->handleRequest(null, Object(Config\Cache), false)
 4 FCPATH\index.php(79): CodeIgniter\CodeIgniter->run()
WARNING - 2025-01-17 13:53:07 --> [DEPRECATED] Creation of dynamic property App\Controllers\HomeController::$blogModel is deprecated in APPPATH\Controllers\HomeController.php on line 24.
 1 SYSTEMPATH\CodeIgniter.php(913): App\Controllers\HomeController->__construct()
 2 SYSTEMPATH\CodeIgniter.php(493): CodeIgniter\CodeIgniter->createController()
 3 SYSTEMPATH\CodeIgniter.php(361): CodeIgniter\CodeIgniter->handleRequest(null, Object(Config\Cache), false)
 4 FCPATH\index.php(79): CodeIgniter\CodeIgniter->run()
INFO - 2025-01-17 13:53:07 --> Session: Class initialized using 'CodeIgniter\Session\Handlers\FileHandler' driver.
CRITICAL - 2025-01-17 13:53:07 --> ErrorException: Trying to access array offset on value of type null
in APPPATH\Controllers\HomeController.php on line 80.
 1 APPPATH\Controllers\HomeController.php(80): CodeIgniter\Debug\Exceptions->errorHandler(2, 'Trying to access array offset on value of type null', 'C:\\xampp\\htdocs\\uttrakhand\\app\\Controllers\\HomeController.php', 80)
 2 SYSTEMPATH\CodeIgniter.php(941): App\Controllers\HomeController->page('Almora', 'slug')
 3 SYSTEMPATH\CodeIgniter.php(502): CodeIgniter\CodeIgniter->runController(Object(App\Controllers\HomeController))
 4 SYSTEMPATH\CodeIgniter.php(361): CodeIgniter\CodeIgniter->handleRequest(null, Object(Config\Cache), false)
 5 FCPATH\index.php(79): CodeIgniter\CodeIgniter->run()
WARNING - 2025-01-17 13:53:08 --> [DEPRECATED] Creation of dynamic property App\Controllers\HomeController::$citiesModel is deprecated in APPPATH\Controllers\HomeController.php on line 19.
 1 SYSTEMPATH\CodeIgniter.php(913): App\Controllers\HomeController->__construct()
 2 SYSTEMPATH\CodeIgniter.php(493): CodeIgniter\CodeIgniter->createController()
 3 SYSTEMPATH\CodeIgniter.php(361): CodeIgniter\CodeIgniter->handleRequest(null, Object(Config\Cache), false)
 4 FCPATH\index.php(79): CodeIgniter\CodeIgniter->run()
WARNING - 2025-01-17 13:53:08 --> [DEPRECATED] Creation of dynamic property App\Controllers\HomeController::$uttarakhandModel is deprecated in APPPATH\Controllers\HomeController.php on line 20.
 1 SYSTEMPATH\CodeIgniter.php(913): App\Controllers\HomeController->__construct()
 2 SYSTEMPATH\CodeIgniter.php(493): CodeIgniter\CodeIgniter->createController()
 3 SYSTEMPATH\CodeIgniter.php(361): CodeIgniter\CodeIgniter->handleRequest(null, Object(Config\Cache), false)
 4 FCPATH\index.php(79): CodeIgniter\CodeIgniter->run()
WARNING - 2025-01-17 13:53:08 --> [DEPRECATED] Creation of dynamic property App\Controllers\HomeController::$imageModel is deprecated in APPPATH\Controllers\HomeController.php on line 21.
 1 SYSTEMPATH\CodeIgniter.php(913): App\Controllers\HomeController->__construct()
 2 SYSTEMPATH\CodeIgniter.php(493): CodeIgniter\CodeIgniter->createController()
 3 SYSTEMPATH\CodeIgniter.php(361): CodeIgniter\CodeIgniter->handleRequest(null, Object(Config\Cache), false)
 4 FCPATH\index.php(79): CodeIgniter\CodeIgniter->run()
WARNING - 2025-01-17 13:53:08 --> [DEPRECATED] Creation of dynamic property App\Controllers\HomeController::$areaModel is deprecated in APPPATH\Controllers\HomeController.php on line 22.
 1 SYSTEMPATH\CodeIgniter.php(913): App\Controllers\HomeController->__construct()
 2 SYSTEMPATH\CodeIgniter.php(493): CodeIgniter\CodeIgniter->createController()
 3 SYSTEMPATH\CodeIgniter.php(361): CodeIgniter\CodeIgniter->handleRequest(null, Object(Config\Cache), false)
 4 FCPATH\index.php(79): CodeIgniter\CodeIgniter->run()
WARNING - 2025-01-17 13:53:08 --> [DEPRECATED] Creation of dynamic property App\Controllers\HomeController::$foodModel is deprecated in APPPATH\Controllers\HomeController.php on line 23.
 1 SYSTEMPATH\CodeIgniter.php(913): App\Controllers\HomeController->__construct()
 2 SYSTEMPATH\CodeIgniter.php(493): CodeIgniter\CodeIgniter->createController()
 3 SYSTEMPATH\CodeIgniter.php(361): CodeIgniter\CodeIgniter->handleRequest(null, Object(Config\Cache), false)
 4 FCPATH\index.php(79): CodeIgniter\CodeIgniter->run()
WARNING - 2025-01-17 13:53:08 --> [DEPRECATED] Creation of dynamic property App\Controllers\HomeController::$blogModel is deprecated in APPPATH\Controllers\HomeController.php on line 24.
 1 SYSTEMPATH\CodeIgniter.php(913): App\Controllers\HomeController->__construct()
 2 SYSTEMPATH\CodeIgniter.php(493): CodeIgniter\CodeIgniter->createController()
 3 SYSTEMPATH\CodeIgniter.php(361): CodeIgniter\CodeIgniter->handleRequest(null, Object(Config\Cache), false)
 4 FCPATH\index.php(79): CodeIgniter\CodeIgniter->run()
INFO - 2025-01-17 13:53:08 --> Session: Class initialized using 'CodeIgniter\Session\Handlers\FileHandler' driver.
CRITICAL - 2025-01-17 13:53:08 --> ErrorException: Trying to access array offset on value of type null
in APPPATH\Controllers\HomeController.php on line 80.
 1 APPPATH\Controllers\HomeController.php(80): CodeIgniter\Debug\Exceptions->errorHandler(2, 'Trying to access array offset on value of type null', 'C:\\xampp\\htdocs\\uttrakhand\\app\\Controllers\\HomeController.php', 80)
 2 SYSTEMPATH\CodeIgniter.php(941): App\Controllers\HomeController->page('Almora', 'slug')
 3 SYSTEMPATH\CodeIgniter.php(502): CodeIgniter\CodeIgniter->runController(Object(App\Controllers\HomeController))
 4 SYSTEMPATH\CodeIgniter.php(361): CodeIgniter\CodeIgniter->handleRequest(null, Object(Config\Cache), false)
 5 FCPATH\index.php(79): CodeIgniter\CodeIgniter->run()
WARNING - 2025-01-17 13:53:13 --> [DEPRECATED] Creation of dynamic property App\Controllers\HomeController::$citiesModel is deprecated in APPPATH\Controllers\HomeController.php on line 19.
 1 SYSTEMPATH\CodeIgniter.php(913): App\Controllers\HomeController->__construct()
 2 SYSTEMPATH\CodeIgniter.php(493): CodeIgniter\CodeIgniter->createController()
 3 SYSTEMPATH\CodeIgniter.php(361): CodeIgniter\CodeIgniter->handleRequest(null, Object(Config\Cache), false)
 4 FCPATH\index.php(79): CodeIgniter\CodeIgniter->run()
WARNING - 2025-01-17 13:53:13 --> [DEPRECATED] Creation of dynamic property App\Controllers\HomeController::$uttarakhandModel is deprecated in APPPATH\Controllers\HomeController.php on line 20.
 1 SYSTEMPATH\CodeIgniter.php(913): App\Controllers\HomeController->__construct()
 2 SYSTEMPATH\CodeIgniter.php(493): CodeIgniter\CodeIgniter->createController()
 3 SYSTEMPATH\CodeIgniter.php(361): CodeIgniter\CodeIgniter->handleRequest(null, Object(Config\Cache), false)
 4 FCPATH\index.php(79): CodeIgniter\CodeIgniter->run()
WARNING - 2025-01-17 13:53:13 --> [DEPRECATED] Creation of dynamic property App\Controllers\HomeController::$imageModel is deprecated in APPPATH\Controllers\HomeController.php on line 21.
 1 SYSTEMPATH\CodeIgniter.php(913): App\Controllers\HomeController->__construct()
 2 SYSTEMPATH\CodeIgniter.php(493): CodeIgniter\CodeIgniter->createController()
 3 SYSTEMPATH\CodeIgniter.php(361): CodeIgniter\CodeIgniter->handleRequest(null, Object(Config\Cache), false)
 4 FCPATH\index.php(79): CodeIgniter\CodeIgniter->run()
WARNING - 2025-01-17 13:53:13 --> [DEPRECATED] Creation of dynamic property App\Controllers\HomeController::$areaModel is deprecated in APPPATH\Controllers\HomeController.php on line 22.
 1 SYSTEMPATH\CodeIgniter.php(913): App\Controllers\HomeController->__construct()
 2 SYSTEMPATH\CodeIgniter.php(493): CodeIgniter\CodeIgniter->createController()
 3 SYSTEMPATH\CodeIgniter.php(361): CodeIgniter\CodeIgniter->handleRequest(null, Object(Config\Cache), false)
 4 FCPATH\index.php(79): CodeIgniter\CodeIgniter->run()
WARNING - 2025-01-17 13:53:13 --> [DEPRECATED] Creation of dynamic property App\Controllers\HomeController::$foodModel is deprecated in APPPATH\Controllers\HomeController.php on line 23.
 1 SYSTEMPATH\CodeIgniter.php(913): App\Controllers\HomeController->__construct()
 2 SYSTEMPATH\CodeIgniter.php(493): CodeIgniter\CodeIgniter->createController()
 3 SYSTEMPATH\CodeIgniter.php(361): CodeIgniter\CodeIgniter->handleRequest(null, Object(Config\Cache), false)
 4 FCPATH\index.php(79): CodeIgniter\CodeIgniter->run()
WARNING - 2025-01-17 13:53:13 --> [DEPRECATED] Creation of dynamic property App\Controllers\HomeController::$blogModel is deprecated in APPPATH\Controllers\HomeController.php on line 24.
 1 SYSTEMPATH\CodeIgniter.php(913): App\Controllers\HomeController->__construct()
 2 SYSTEMPATH\CodeIgniter.php(493): CodeIgniter\CodeIgniter->createController()
 3 SYSTEMPATH\CodeIgniter.php(361): CodeIgniter\CodeIgniter->handleRequest(null, Object(Config\Cache), false)
 4 FCPATH\index.php(79): CodeIgniter\CodeIgniter->run()
INFO - 2025-01-17 13:53:13 --> Session: Class initialized using 'CodeIgniter\Session\Handlers\FileHandler' driver.
CRITICAL - 2025-01-17 13:53:13 --> ErrorException: Trying to access array offset on value of type null
in APPPATH\Controllers\HomeController.php on line 80.
 1 APPPATH\Controllers\HomeController.php(80): CodeIgniter\Debug\Exceptions->errorHandler(2, 'Trying to access array offset on value of type null', 'C:\\xampp\\htdocs\\uttrakhand\\app\\Controllers\\HomeController.php', 80)
 2 SYSTEMPATH\CodeIgniter.php(941): App\Controllers\HomeController->page('Almora', 'slug')
 3 SYSTEMPATH\CodeIgniter.php(502): CodeIgniter\CodeIgniter->runController(Object(App\Controllers\HomeController))
 4 SYSTEMPATH\CodeIgniter.php(361): CodeIgniter\CodeIgniter->handleRequest(null, Object(Config\Cache), false)
 5 FCPATH\index.php(79): CodeIgniter\CodeIgniter->run()
WARNING - 2025-01-17 13:53:40 --> [DEPRECATED] Creation of dynamic property App\Controllers\HomeController::$citiesModel is deprecated in APPPATH\Controllers\HomeController.php on line 19.
 1 SYSTEMPATH\CodeIgniter.php(913): App\Controllers\HomeController->__construct()
 2 SYSTEMPATH\CodeIgniter.php(493): CodeIgniter\CodeIgniter->createController()
 3 SYSTEMPATH\CodeIgniter.php(361): CodeIgniter\CodeIgniter->handleRequest(null, Object(Config\Cache), false)
 4 FCPATH\index.php(79): CodeIgniter\CodeIgniter->run()
WARNING - 2025-01-17 13:53:40 --> [DEPRECATED] Creation of dynamic property App\Controllers\HomeController::$uttarakhandModel is deprecated in APPPATH\Controllers\HomeController.php on line 20.
 1 SYSTEMPATH\CodeIgniter.php(913): App\Controllers\HomeController->__construct()
 2 SYSTEMPATH\CodeIgniter.php(493): CodeIgniter\CodeIgniter->createController()
 3 SYSTEMPATH\CodeIgniter.php(361): CodeIgniter\CodeIgniter->handleRequest(null, Object(Config\Cache), false)
 4 FCPATH\index.php(79): CodeIgniter\CodeIgniter->run()
WARNING - 2025-01-17 13:53:40 --> [DEPRECATED] Creation of dynamic property App\Controllers\HomeController::$imageModel is deprecated in APPPATH\Controllers\HomeController.php on line 21.
 1 SYSTEMPATH\CodeIgniter.php(913): App\Controllers\HomeController->__construct()
 2 SYSTEMPATH\CodeIgniter.php(493): CodeIgniter\CodeIgniter->createController()
 3 SYSTEMPATH\CodeIgniter.php(361): CodeIgniter\CodeIgniter->handleRequest(null, Object(Config\Cache), false)
 4 FCPATH\index.php(79): CodeIgniter\CodeIgniter->run()
WARNING - 2025-01-17 13:53:40 --> [DEPRECATED] Creation of dynamic property App\Controllers\HomeController::$areaModel is deprecated in APPPATH\Controllers\HomeController.php on line 22.
 1 SYSTEMPATH\CodeIgniter.php(913): App\Controllers\HomeController->__construct()
 2 SYSTEMPATH\CodeIgniter.php(493): CodeIgniter\CodeIgniter->createController()
 3 SYSTEMPATH\CodeIgniter.php(361): CodeIgniter\CodeIgniter->handleRequest(null, Object(Config\Cache), false)
 4 FCPATH\index.php(79): CodeIgniter\CodeIgniter->run()
WARNING - 2025-01-17 13:53:40 --> [DEPRECATED] Creation of dynamic property App\Controllers\HomeController::$foodModel is deprecated in APPPATH\Controllers\HomeController.php on line 23.
 1 SYSTEMPATH\CodeIgniter.php(913): App\Controllers\HomeController->__construct()
 2 SYSTEMPATH\CodeIgniter.php(493): CodeIgniter\CodeIgniter->createController()
 3 SYSTEMPATH\CodeIgniter.php(361): CodeIgniter\CodeIgniter->handleRequest(null, Object(Config\Cache), false)
 4 FCPATH\index.php(79): CodeIgniter\CodeIgniter->run()
WARNING - 2025-01-17 13:53:40 --> [DEPRECATED] Creation of dynamic property App\Controllers\HomeController::$blogModel is deprecated in APPPATH\Controllers\HomeController.php on line 24.
 1 SYSTEMPATH\CodeIgniter.php(913): App\Controllers\HomeController->__construct()
 2 SYSTEMPATH\CodeIgniter.php(493): CodeIgniter\CodeIgniter->createController()
 3 SYSTEMPATH\CodeIgniter.php(361): CodeIgniter\CodeIgniter->handleRequest(null, Object(Config\Cache), false)
 4 FCPATH\index.php(79): CodeIgniter\CodeIgniter->run()
INFO - 2025-01-17 13:53:40 --> Session: Class initialized using 'CodeIgniter\Session\Handlers\FileHandler' driver.
CRITICAL - 2025-01-17 13:53:40 --> ErrorException: Trying to access array offset on value of type null
in APPPATH\Controllers\HomeController.php on line 80.
 1 APPPATH\Controllers\HomeController.php(80): CodeIgniter\Debug\Exceptions->errorHandler(2, 'Trying to access array offset on value of type null', 'C:\\xampp\\htdocs\\uttrakhand\\app\\Controllers\\HomeController.php', 80)
 2 SYSTEMPATH\CodeIgniter.php(941): App\Controllers\HomeController->page('Almora', 'slug')
 3 SYSTEMPATH\CodeIgniter.php(502): CodeIgniter\CodeIgniter->runController(Object(App\Controllers\HomeController))
 4 SYSTEMPATH\CodeIgniter.php(361): CodeIgniter\CodeIgniter->handleRequest(null, Object(Config\Cache), false)
 5 FCPATH\index.php(79): CodeIgniter\CodeIgniter->run()
WARNING - 2025-01-17 13:53:42 --> [DEPRECATED] Creation of dynamic property App\Controllers\DestinationController::$citiesModel is deprecated in APPPATH\Controllers\DestinationController.php on line 16.
 1 SYSTEMPATH\CodeIgniter.php(913): App\Controllers\DestinationController->__construct()
 2 SYSTEMPATH\CodeIgniter.php(493): CodeIgniter\CodeIgniter->createController()
 3 SYSTEMPATH\CodeIgniter.php(361): CodeIgniter\CodeIgniter->handleRequest(null, Object(Config\Cache), false)
 4 FCPATH\index.php(79): CodeIgniter\CodeIgniter->run()
WARNING - 2025-01-17 13:53:42 --> [DEPRECATED] Creation of dynamic property App\Controllers\DestinationController::$uttarakhandModel is deprecated in APPPATH\Controllers\DestinationController.php on line 17.
 1 SYSTEMPATH\CodeIgniter.php(913): App\Controllers\DestinationController->__construct()
 2 SYSTEMPATH\CodeIgniter.php(493): CodeIgniter\CodeIgniter->createController()
 3 SYSTEMPATH\CodeIgniter.php(361): CodeIgniter\CodeIgniter->handleRequest(null, Object(Config\Cache), false)
 4 FCPATH\index.php(79): CodeIgniter\CodeIgniter->run()
WARNING - 2025-01-17 13:53:42 --> [DEPRECATED] Creation of dynamic property App\Controllers\DestinationController::$imageModel is deprecated in APPPATH\Controllers\DestinationController.php on line 18.
 1 SYSTEMPATH\CodeIgniter.php(913): App\Controllers\DestinationController->__construct()
 2 SYSTEMPATH\CodeIgniter.php(493): CodeIgniter\CodeIgniter->createController()
 3 SYSTEMPATH\CodeIgniter.php(361): CodeIgniter\CodeIgniter->handleRequest(null, Object(Config\Cache), false)
 4 FCPATH\index.php(79): CodeIgniter\CodeIgniter->run()
WARNING - 2025-01-17 13:53:42 --> [DEPRECATED] Creation of dynamic property App\Controllers\DestinationController::$areaModel is deprecated in APPPATH\Controllers\DestinationController.php on line 19.
 1 SYSTEMPATH\CodeIgniter.php(913): App\Controllers\DestinationController->__construct()
 2 SYSTEMPATH\CodeIgniter.php(493): CodeIgniter\CodeIgniter->createController()
 3 SYSTEMPATH\CodeIgniter.php(361): CodeIgniter\CodeIgniter->handleRequest(null, Object(Config\Cache), false)
 4 FCPATH\index.php(79): CodeIgniter\CodeIgniter->run()
WARNING - 2025-01-17 13:53:42 --> [DEPRECATED] Creation of dynamic property App\Controllers\DestinationController::$foodModel is deprecated in APPPATH\Controllers\DestinationController.php on line 20.
 1 SYSTEMPATH\CodeIgniter.php(913): App\Controllers\DestinationController->__construct()
 2 SYSTEMPATH\CodeIgniter.php(493): CodeIgniter\CodeIgniter->createController()
 3 SYSTEMPATH\CodeIgniter.php(361): CodeIgniter\CodeIgniter->handleRequest(null, Object(Config\Cache), false)
 4 FCPATH\index.php(79): CodeIgniter\CodeIgniter->run()
WARNING - 2025-01-17 13:53:42 --> [DEPRECATED] Creation of dynamic property App\Controllers\DestinationController::$blogModel is deprecated in APPPATH\Controllers\DestinationController.php on line 21.
 1 SYSTEMPATH\CodeIgniter.php(913): App\Controllers\DestinationController->__construct()
 2 SYSTEMPATH\CodeIgniter.php(493): CodeIgniter\CodeIgniter->createController()
 3 SYSTEMPATH\CodeIgniter.php(361): CodeIgniter\CodeIgniter->handleRequest(null, Object(Config\Cache), false)
 4 FCPATH\index.php(79): CodeIgniter\CodeIgniter->run()
INFO - 2025-01-17 13:53:42 --> Session: Class initialized using 'CodeIgniter\Session\Handlers\FileHandler' driver.
WARNING - 2025-01-17 13:53:49 --> [DEPRECATED] Creation of dynamic property App\Controllers\HomeController::$citiesModel is deprecated in APPPATH\Controllers\HomeController.php on line 19.
 1 SYSTEMPATH\CodeIgniter.php(913): App\Controllers\HomeController->__construct()
 2 SYSTEMPATH\CodeIgniter.php(493): CodeIgniter\CodeIgniter->createController()
 3 SYSTEMPATH\CodeIgniter.php(361): CodeIgniter\CodeIgniter->handleRequest(null, Object(Config\Cache), false)
 4 FCPATH\index.php(79): CodeIgniter\CodeIgniter->run()
WARNING - 2025-01-17 13:53:49 --> [DEPRECATED] Creation of dynamic property App\Controllers\HomeController::$uttarakhandModel is deprecated in APPPATH\Controllers\HomeController.php on line 20.
 1 SYSTEMPATH\CodeIgniter.php(913): App\Controllers\HomeController->__construct()
 2 SYSTEMPATH\CodeIgniter.php(493): CodeIgniter\CodeIgniter->createController()
 3 SYSTEMPATH\CodeIgniter.php(361): CodeIgniter\CodeIgniter->handleRequest(null, Object(Config\Cache), false)
 4 FCPATH\index.php(79): CodeIgniter\CodeIgniter->run()
WARNING - 2025-01-17 13:53:49 --> [DEPRECATED] Creation of dynamic property App\Controllers\HomeController::$imageModel is deprecated in APPPATH\Controllers\HomeController.php on line 21.
 1 SYSTEMPATH\CodeIgniter.php(913): App\Controllers\HomeController->__construct()
 2 SYSTEMPATH\CodeIgniter.php(493): CodeIgniter\CodeIgniter->createController()
 3 SYSTEMPATH\CodeIgniter.php(361): CodeIgniter\CodeIgniter->handleRequest(null, Object(Config\Cache), false)
 4 FCPATH\index.php(79): CodeIgniter\CodeIgniter->run()
WARNING - 2025-01-17 13:53:49 --> [DEPRECATED] Creation of dynamic property App\Controllers\HomeController::$areaModel is deprecated in APPPATH\Controllers\HomeController.php on line 22.
 1 SYSTEMPATH\CodeIgniter.php(913): App\Controllers\HomeController->__construct()
 2 SYSTEMPATH\CodeIgniter.php(493): CodeIgniter\CodeIgniter->createController()
 3 SYSTEMPATH\CodeIgniter.php(361): CodeIgniter\CodeIgniter->handleRequest(null, Object(Config\Cache), false)
 4 FCPATH\index.php(79): CodeIgniter\CodeIgniter->run()
WARNING - 2025-01-17 13:53:49 --> [DEPRECATED] Creation of dynamic property App\Controllers\HomeController::$foodModel is deprecated in APPPATH\Controllers\HomeController.php on line 23.
 1 SYSTEMPATH\CodeIgniter.php(913): App\Controllers\HomeController->__construct()
 2 SYSTEMPATH\CodeIgniter.php(493): CodeIgniter\CodeIgniter->createController()
 3 SYSTEMPATH\CodeIgniter.php(361): CodeIgniter\CodeIgniter->handleRequest(null, Object(Config\Cache), false)
 4 FCPATH\index.php(79): CodeIgniter\CodeIgniter->run()
WARNING - 2025-01-17 13:53:49 --> [DEPRECATED] Creation of dynamic property App\Controllers\HomeController::$blogModel is deprecated in APPPATH\Controllers\HomeController.php on line 24.
 1 SYSTEMPATH\CodeIgniter.php(913): App\Controllers\HomeController->__construct()
 2 SYSTEMPATH\CodeIgniter.php(493): CodeIgniter\CodeIgniter->createController()
 3 SYSTEMPATH\CodeIgniter.php(361): CodeIgniter\CodeIgniter->handleRequest(null, Object(Config\Cache), false)
 4 FCPATH\index.php(79): CodeIgniter\CodeIgniter->run()
INFO - 2025-01-17 13:53:49 --> Session: Class initialized using 'CodeIgniter\Session\Handlers\FileHandler' driver.
